1. baddha-konasana-bound-angular-pose.pngresized.png,272.14124,80.44646,-256.7496,282.89566,69.11885,-227.14644,289.5795,70.44433,-227.10033,296.4179,71.65125,-227.1265,263.80762,67.315636,-228.78069,256.75977,66.81295,-228.57344,249.76573,66.49503,-228.4955,304.84274,87.22656,-96.46209,238.99493,80.27391,-99.03383,283.37427,103.911995,-211.97754,257.2214,100.8754,-212.63785,347.02484,191.78493,-111.680435,180.58691,190.88712,-102.25023,384.7293,298.64044,-138.6025,149.70302,308.738,-154.356,388.16238,396.53143,-326.47296,152.96062,409.48743,-341.83948,399.34958,431.36758,-381.14178,143.18217,448.12048,-387.44235,370.68225,430.22513,-403.37964,170.067,441.48178,-421.49408,360.23877,419.68103,-336.012,180.3361,428.30554,-356.21085,317.6676,417.11996,2.4706829,217.92513,417.2645,-1.8078221,422.04797,435.9926,-242.24277,124.60344,418.47104,-256.4899,284.4894,480.92798,-50.436203,257.3975,486.84503,-95.296814,266.73962,475.3673,-24.982784,272.1708,483.75116,-74.9854,239.0439,485.09946,-67.53486,309.50085,506.94592,-130.05536
1. how-to-do-bound-angle-pose.pngresized.png,174.7676,57.956516,-184.60594,181.57971,46.750072,-169.09503,186.07741,46.79533,-169.07089,190.66206,46.783257,-169.16878,168.83832,47.27833,-169.56613,164.22096,47.43342,-169.49014,159.6457,47.68988,-169.54076,198.11172,54.428818,-92.413666,154.36333,55.062412,-88.78089,183.99985,71.28314,-157.53374,166.87296,71.61338,-156.74316,227.74849,128.4267,-100.33556,124.497604,127.28648,-108.71584,219.96834,220.42381,-125.63066,127.02736,220.4193,-148.29823,197.37997,276.79178,-247.8815,148.34172,278.68054,-258.81085,193.55733,298.23822,-284.72287,149.27956,300.38095,-296.6133,184.49854,291.42258,-303.63815,161.33769,293.47284,-311.5429,182.23793,283.63303,-257.4318,164.9096,284.90903,-267.37033,201.81142,274.06067,-0.107544914,139.15804,273.97076,0.4683764,299.6083,231.0635,-67.92967,34.406193,237.94571,-68.89594,199.93053,290.5544,-37.827072,127.19723,292.90845,-46.163605,190.03513,287.42548,-30.647728,137.93073,288.1414,-41.32074,166.69241,292.48044,-69.35861,158.61575,299.22443,-75.37787
10. yoga_1_omandthecity_grande.pngresized.png,204.17148,68.55855,-158.05623,212.11964,54.31767,-140.35321,217.82634,54.309254,-140.23831,223.64255,54.244358,-140.36162,196.2572,54.78077,-141.13176,190.28061,54.798958,-141.03125,184.30655,54.93517,-140.99083,231.65002,62.107666,-46.236206,176.39311,62.58814,-44.03349,215.04349,84.18031,-123.74976,193.84546,84.33188,-123.171364,264.6677,141.72156,-59.71485,146.29814,143.42528,-63.856995,256.37155,249.52182,-83.87866,153.6797,252.14587,-112.43584,230.0821,345.7538,-207.95876,172.27112,335.8964,-228.48991,232.29243,381.39447,-254.25424,167.50298,366.0626,-270.17865,209.88878,376.65903,-274.6749,187.51662,362.0135,-289.88647,205.66756,365.575,-217.34743,194.54562,351.53952,-237.88588,243.6404,327.45544,-0.8770017,167.9377,323.93686,1.352881,369.9446,306.5318,-79.59367,39.282005,277.0379,-64.52878,234.21394,377.48233,-75.96371,138.194,365.17566,-52.06141,216.74643,372.78543,-69.14322,155.91925,368.89517,-47.690796,190.79007,394.30667,-136.16109,155.73958,384.5318,-107.984726
12. 10.10.2017-baddha-konasana-bound-angle-pose-1.pngresized.png,214.54555,96.43109,-209.17662,223.20442,82.77631,-193.18011,228.74992,82.90582,-193.07892,234.38718,82.95665,-193.10513,207.89835,82.98824,-193.04898,202.23232,82.913956,-192.942,196.61362,82.92965,-192.98683,243.68675,89.76959,-100.08814,190.33942,89.08477,-92.77791,225.49352,111.01632,-174.36601,205.01868,110.87751,-172.42303,276.61017,168.82785,-100.17638,154.95824,165.62025,-114.26037,265.78726,274.76862,-137.1324,154.88152,267.30804,-161.50845,240.16068,349.1686,-288.99976,185.00366,343.3809,-284.48456,238.29839,378.99045,-333.01962,184.53888,373.51483,-324.70224,223.37875,370.2245,-356.0064,202.72615,366.48956,-340.22803,218.88019,359.1816,-298.74326,207.25954,355.1222,-291.62308,249.70772,340.54163,-0.43371785,174.35243,341.25085,0.8209001,375.1615,315.5722,-52.3882,45.225067,313.6333,-85.20826,248.65369,364.98367,-10.6482315,176.21564,370.25992,-53.90633,239.21591,355.075,0.14059871,188.08817,358.51413,-45.816772,194.47282,363.69305,-38.46625,232.8514,378.67856,-90.06392
12. bound_angle_cobblers_pose_baddha-konasana_option-1.pngresized.png,133.01971,46.39912,-183.38754,139.76884,36.088005,-172.84457,143.88472,36.20813,-172.78944,148.0766,36.27434,-172.83131,128.66234,35.92058,-173.42285,124.54019,35.69147,-173.38147,120.42077,35.551525,-173.37383,154.47157,41.950623,-103.37731,115.86567,40.422283,-101.77353,140.72816,57.000973,-157.31522,125.51197,56.289505,-156.9796,179.09671,92.5966,-89.12702,91.26703,92.937836,-93.483025,186.66351,162.71881,-105.74814,88.89837,166.97258,-113.44172,185.64877,234.70787,-173.14224,85.447754,233.93047,-176.15146,194.1467,257.12488,-199.77066,76.39737,253.04816,-198.63335,179.58156,259.3706,-220.65494,89.169655,255.56271,-220.19896,173.30717,253.03065,-182.85565,97.52958,249.50743,-186.78056,159.94904,204.54315,1.2986634,108.59987,204.03432,-1.0405521,252.81775,188.54863,-86.86441,16.530167,181.65904,-97.7719,154.62459,242.51115,-88.61175,107.55816,245.60486,-85.16527,142.86089,237.43471,-85.24818,122.22316,243.13123,-80.61177,120.8223,262.16647,-145.58946,129.98009,270.53665,-132.14899
13. supta copy.pngresized.png,253.5474,145.5947,-111.081825,260.23187,151.14796,-106.97212,260.31744,154.44489,-106.90923,260.45615,157.8536,-106.943375,259.67917,142.79683,-101.858864,259.52313,139.95392,-101.84637,259.30115,137.11427,-101.76105,254.47954,165.52428,-62.16441,253.50969,137.25246,-35.621883,243.88736,153.43018,-93.386665,243.3129,142.31416,-85.91921,206.52193,189.6601,-31.43885,208.511,119.69498,-24.0476,153.91112,220.03252,-29.56207,157.55455,93.95099,-17.67804,112.529854,257.4,-68.346214,125.5082,55.646095,-72.20675,103.028076,273.0767,-69.69321,117.09211,39.17304,-79.07499,101.17379,269.2065,-96.94439,117.708755,43.838207,-99.16963,101.68194,260.96,-79.61196,117.99283,52.312256,-82.24967,92.91785,166.28596,-1.6885239,97.9292,119.64058,2.0256686,43.78409,238.8417,-77.91718,62.135784,33.190426,-46.883522,46.034573,159.61655,31.064604,60.44567,115.49225,48.23653,56.951923,148.34016,45.861286,71.079155,130.02309,60.269493,29.410755,137.82405,41.410355,40.062664,130.62355,63.479015
13. supta.pngresized.png,37.78106,157.33302,-118.474304,30.941896,151.63904,-114.851944,30.842443,148.22993,-114.803696,30.690962,144.70781,-114.85434,31.596325,160.15579,-108.87122,31.832726,163.06206,-108.86644,32.134857,165.97282,-108.806595,37.12553,136.67932,-71.01992,38.458908,165.78392,-40.872,47.807224,149.046,-101.21939,48.529205,160.64922,-92.59875,87.63209,110.857,-39.339764,85.99257,184.51768,-29.98699,142.4882,78.17604,-36.391705,139.42653,211.1747,-20.850897,184.52406,38.85517,-70.2237,173.81952,250.72311,-69.9341,194.0061,22.493198,-71.507416,182.2619,267.68683,-75.98087,195.61853,26.551958,-99.508644,181.0664,262.96783,-96.909454,195.2181,35.258926,-81.80469,180.77354,254.19421,-80.292564,204.44115,132.97635,0.44563943,200.8766,181.98225,-0.104590476,249.91849,51.082767,-73.539406,242.51247,268.1846,-51.94576,247.55988,142.96242,39.39613,239.6811,184.89052,47.518936,235.68092,155.98796,55.211754,227.99225,171.34189,60.299812,262.53467,168.07921,56.04334,256.55438,165.59737,63.562233
14. 4276901736001_4750039139001_4750038181001-vs.jpgresized.png,347.04675,187.09323,-51.42687,354.26453,194.0999,-60.458885,354.52664,196.35403,-60.41959,354.8363,198.7035,-60.370758,354.4525,191.40219,-44.4681,354.7947,191.2108,-44.526886,355.0944,190.96416,-44.504955,350.80466,210.23679,-70.4032,352.37628,200.01852,1.008088,338.36594,194.46861,-54.00692,338.5199,189.9138,-33.749035,306.9753,228.7824,-93.89577,297.04593,201.2671,54.951416,245.13525,247.37431,-118.16578,234.20404,208.66472,79.90562,187.74243,205.26817,-95.53493,188.4921,193.24455,64.75321,171.6989,198.8136,-100.73415,177.07896,188.67505,64.95789,175.57153,190.59108,-100.6771,178.0597,186.49771,54.599766,181.14113,194.70364,-92.82398,182.29669,189.90768,58.46677,183.27768,223.89542,-46.11903,184.55252,199.97429,46.298264,102.29299,184.53088,-59.209343,109.20836,138.86507,36.933224,67.00681,229.97578,13.752597,79.913895,211.19841,59.22268,71.47053,240.26804,21.607836,86.4762,225.22786,62.84362,33.799107,228.77608,19.064693,44.012573,221.94264,64.083435
15. bound-angle-pose-840x473-840x473.pngresized.png,207.9337,87.688965,-254.81628,218.3071,76.9379,-240.55847,223.45918,77.693016,-240.53839,228.70769,78.3732,-240.64017,203.79227,76.073166,-236.98738,198.89857,75.78372,-236.84157,194.04062,75.62062,-236.83249,238.27043,88.05438,-150.87263,189.42494,83.75466,-129.41914,217.60605,104.27346,-222.18523,198.52687,102.643105,-216.14876,274.90668,171.5513,-147.5198,150.86365,173.77473,-137.40967,275.83984,269.86136,-183.40543,152.77158,274.87793,-169.48009,264.92526,346.94672,-337.26617,161.03934,347.52048,-322.13492,268.34418,372.7493,-383.7608,154.50409,372.3365,-372.715,255.23315,370.97684,-412.88858,170.93257,369.5732,-394.9359,249.14944,361.64,-351.05234,178.64262,358.5362,-335.59464,253.01207,336.16425,-5.6368823,177.48817,339.9243,6.06675,396.9079,318.92996,-62.568733,28.747286,333.71017,-61.929176,244.4841,379.73492,-12.434812,171.5868,381.30554,-47.694725,228.6543,367.9715,-0.32577285,189.29576,368.33862,-40.681614,185.14651,392.71136,-42.817013,214.63837,389.83148,-80.71794
15. reclined_pose_large.pngresized.png,77.27654,229.80164,-44.901836,66.66816,224.8571,-31.87962,66.635956,220.5504,-31.737675,66.51093,216.14096,-31.802359,66.27896,237.793,-37.309437,65.79968,242.70038,-37.24025,65.41384,247.61241,-37.094795,70.49508,213.3723,48.50596,69.20573,256.50815,30.454592,89.269295,223.72154,-12.26443,88.67981,239.38434,-17.858822,130.96756,193.99718,94.39568,122.59091,289.26434,35.639748,198.93185,175.22072,132.71136,199.95529,314.24493,36.48557,250.39633,137.16565,69.52495,258.3935,349.38858,-22.922113,265.20932,121.518776,60.679264,272.3084,367.93454,-17.881372,265.06747,125.34645,28.750015,273.0946,363.75256,-50.190464,262.98022,134.47874,54.54479,272.46564,351.924,-36.06134,278.51996,215.68631,11.757614,275.67557,277.20602,-11.4485655,347.28058,132.21834,-112.9792,371.49945,352.32846,-114.15731,390.6371,217.94118,38.069084,388.1916,262.47717,97.727776,379.66794,235.13965,55.59662,372.55164,242.96991,122.56634,447.65298,239.95685,17.24131,446.7896,256.16492,119.80965
16. baddha-konasana-yoga-pose-_7.pngresized.png,153.33551,67.812355,-146.22107,159.51509,56.064037,-129.03076,164.0388,55.715225,-129.00064,168.63223,55.323715,-129.09378,146.74568,57.45837,-129.16231,142.09306,57.827526,-129.02359,137.45763,58.298824,-128.9563,176.11688,60.636356,-38.61767,132.0579,64.25579,-31.495167,162.9624,79.556725,-113.37867,146.10324,80.96202,-111.38293,208.13719,125.973526,-35.292366,106.83961,133.07503,-53.441772,209.66309,208.31244,-58.454605,117.894035,213.44904,-99.52983,201.54977,282.53568,-202.24883,135.12482,277.3261,-215.05106,205.79617,310.34167,-242.44753,132.56015,303.4874,-250.7711,192.75166,308.1746,-265.9788,147.18433,299.65298,-269.108,186.89928,298.68643,-213.123,152.07227,289.1462,-223.01285,199.11053,278.9818,-4.4993267,133.42747,283.21893,5.0720434,305.81958,273.7766,-153.23807,25.417404,272.6376,-126.639915,192.02559,318.2815,-76.32317,147.63469,315.84192,-65.84697,181.72794,308.66132,-61.669415,160.6508,306.53314,-55.190487,141.90929,324.12842,-100.389114,193.1508,322.78165,-97.13594
18. _baddha-konasana.pngresized.png,151.18507,67.0556,-135.17703,156.22986,58.749187,-120.06714,159.54747,58.658844,-120.04429,162.93488,58.535126,-120.13901,146.53096,59.63546,-120.31458,143.1159,59.910553,-120.20945,139.72961,60.259792,-120.15482,168.69975,63.535767,-50.008312,135.82071,65.51012,-44.172432,158.29015,76.88749,-110.77183,145.82495,77.69537,-109.34666,192.07036,119.507256,-52.328564,113.016304,124.74762,-57.839005,186.47385,189.35852,-81.062035,114.29567,192.51596,-95.4373,171.08456,239.08981,-222.10248,127.25467,238.54697,-211.63106,169.7013,257.5804,-258.58813,124.83777,256.53836,-243.88162,162.04832,253.6359,-276.21832,137.19395,252.5923,-257.92368,158.96765,247.31136,-231.01071,141.31946,244.92705,-218.86484,179.88498,238.39941,-2.211983,128.95901,240.89432,2.623128,268.89917,235.77512,-88.360916,53.463547,231.73814,-61.732666,180.01791,257.35614,-17.678354,139.39056,260.59793,-21.125662,173.0623,246.22775,-5.434877,145.88348,251.50388,-14.155375,142.12875,255.97234,-23.4462,177.38593,261.467,-42.37705
18. baddha_reclining.pngresized.png,451.23004,239.05074,60.82935,463.49353,246.03877,56.655396,464.35794,249.79587,56.612602,465.21912,253.59927,56.572407,462.21713,239.52257,75.815056,462.41513,237.59076,75.685265,462.4291,235.6435,75.706764,461.77545,268.57193,71.01602,459.30438,244.18764,154.67542,441.47055,252.34607,66.2042,439.83963,241.5408,91.08405,422.7075,306.708,49.34074,378.61874,242.68585,153.54071,435.7359,339.54514,-86.39161,292.8694,266.29355,183.14243,450.29846,358.76974,-245.70767,233.84041,278.40027,124.467026,450.08682,370.32632,-283.56375,216.77222,281.70676,111.93519,449.3074,366.36542,-291.63846,223.88293,281.99124,98.961,445.98083,362.39746,-255.26773,231.73598,284.15747,114.22711,233.71234,333.7903,-16.643545,205.67845,291.52933,16.966461,313.3715,330.5261,-193.27342,121.295815,276.04672,-61.72408,130.68152,357.02887,-158.48773,102.04275,329.0345,187.75172,116.35055,353.12903,-152.21301,116.63879,333.82578,220.50084,45.374023,365.48932,-191.85944,49.693024,356.959,253.6946
19. baddha-konasana.pngresized.png,184.33911,90.372246,-169.87492,191.9665,77.81211,-149.89223,197.11827,77.76457,-149.8218,202.34412,77.66505,-149.927,177.46251,78.47537,-150.0415,172.25655,78.53747,-149.90536,167.06523,78.712425,-149.855,210.86629,83.592865,-49.83238,160.82446,84.647125,-42.48159,194.73419,103.963585,-133.78136,176.08145,104.37057,-131.85231,245.44449,155.65335,-47.49556,130.55797,160.90562,-69.64347,245.19604,250.47542,-71.59779,140.71646,252.29982,-119.59578,234.51263,332.90823,-246.1495,162.57915,330.93018,-270.98044,236.99388,363.4306,-295.37,159.48007,360.03503,-315.01523,223.98819,358.6758,-322.21045,176.62193,356.39923,-336.6966,217.58696,348.76114,-259.68726,182.85548,344.84625,-281.75607,234.54953,324.45193,-1.0398525,159.89027,328.99573,1.6098677,354.06116,322.73273,-182.69061,45.13764,326.0923,-167.63812,220.273,364.95557,-101.99106,184.43793,364.63577,-96.01856,206.9672,352.12906,-85.80387,198.76988,352.0424,-83.197044,167.759,372.04547,-127.019485,237.76463,373.1658,-127.356544
19. yogap18-754x394.pngresized.png,409.31702,212.27214,-58.968945,421.60785,222.47229,-73.73025,421.9899,226.43895,-73.64997,422.4324,230.54729,-73.76848,421.12762,216.3498,-47.152702,421.36136,215.10825,-47.10197,421.49738,213.83058,-46.92114,417.38702,246.90521,-81.31225,417.56805,224.95995,41.19884,398.09,223.29765,-58.734913,397.9095,213.8228,-23.756674,353.17194,285.94348,-99.41239,349.12885,213.21379,104.32588,265.25327,302.45917,-115.87482,269.12524,200.3327,149.23996,194.25735,324.3177,-173.33377,218.6113,170.80676,91.920586,174.82982,339.125,-179.83937,203.45801,159.23013,102.96074,172.9208,331.91592,-206.54184,205.29189,156.86473,80.054054,179.00885,323.8246,-183.1277,208.80074,163.9075,80.893654,191.78062,263.09677,-58.390697,193.97696,217.99786,58.862926,101.66054,285.96487,-170.00038,111.273285,140.14575,-1.5942252,85.82316,233.2394,31.890902,83.09078,222.76807,92.84629,92.9416,229.99359,55.757957,92.21112,240.59033,105.76939,51.503624,198.70471,45.99335,36.983326,222.36395,100.93472
2. 2-bound-angle-pose.pngresized.png,318.16388,109.51935,-264.63733,329.92258,88.2721,-236.8754,339.2375,88.02296,-236.82169,348.72238,87.685074,-237.0717,305.20016,90.00763,-236.02963,295.6239,90.63347,-236.02396,286.0795,91.44671,-236.12361,361.87775,104.63098,-99.27116,275.92563,108.952545,-88.92204,337.6226,134.17207,-216.41162,301.06274,136.0685,-213.58298,406.14548,239.21555,-121.73281,232.95282,246.96008,-94.35408,382.60443,407.337,-116.41996,240.94739,416.46945,-113.49621,364.27124,546.3098,-211.3791,252.90428,553.26697,-229.85507,374.89423,592.8959,-247.6106,244.5276,600.00006,-274.85397,356.29544,593.4219,-279.41003,263.66724,596.9699,-307.1446,347.3339,577.2702,-225.26062,273.0552,577.248,-247.42886,375.01712,506.9091,-3.1718063,266.44147,516.50134,4.04604,561.2484,496.85266,-194.58275,82.78928,544.23865,-242.80002,349.46152,577.1154,-61.915565,282.6945,581.96063,-111.223145,326.0629,560.65753,-39.318962,295.7665,557.9349,-89.23011,264.43347,600.44446,-81.20718,366.86713,591.9119,-139.52646
2. image0101.pngresized.png,366.87253,197.11661,-302.6933,380.93945,170.5398,-276.13727,390.4823,169.93463,-275.962,400.2056,169.22116,-276.14728,355.0919,172.18642,-275.57092,345.455,172.23067,-275.60968,335.7997,172.47092,-275.76477,415.42847,178.95723,-107.945465,325.99564,181.99669,-94.89914,385.88858,220.66145,-238.71336,351.71783,221.9327,-235.27214,471.66064,305.576,-109.35824,278.0563,314.08978,-105.34154,453.37024,502.17786,-152.08571,305.64493,508.13055,-160.65727,416.95465,663.59467,-343.23712,326.98837,656.2428,-334.529,423.68362,720.7073,-413.59723,318.01083,708.0792,-401.51804,393.98953,714.42944,-454.1189,341.97974,701.2177,-443.75903,385.59302,695.9222,-363.24295,353.87103,682.34827,-355.74643,444.2129,628.5226,0.9148814,318.551,632.73065,0.09835027,672.9995,573.9738,-175.96782,96.55438,571.95667,-209.74405,430.6365,701.1922,-129.77882,323.79562,696.72125,-152.06854,401.47812,692.27704,-114.515205,351.09326,687.3106,-138.22238,353.60822,720.8996,-228.70596,405.97522,720.40704,-250.29262
2. screen-shot-2016-01-07-at-3.41.17-pm-e1499767193635.pngresized.png,628.97015,415.13553,-95.10631,646.797,429.51178,-114.925606,647.25305,434.5691,-114.64099,647.68677,440.04712,-114.56422,645.8264,422.5991,-71.28784,646.33466,421.88852,-71.28968,646.43945,421.18155,-71.383446,641.10455,464.8986,-143.95607,641.21436,439.43726,63.870205,612.2353,430.91043,-106.36798,611.91595,420.7383,-45.821854,571.5923,508.89935,-152.01877,554.07996,424.75137,103.92904,737.6196,503.201,-145.59552,667.9453,456.2298,288.40756,742.4527,509.8342,104.479385,714.71716,477.9871,452.14243,747.41864,504.9234,136.21222,729.1347,485.75595,467.47375,738.2209,510.0509,137.4374,723.41077,490.0008,487.06976,736.86426,512.49036,111.37926,719.0149,489.0728,458.67618,272.17267,460.14645,-79.53525,268.78867,387.55008,79.572075,87.37618,479.6624,-356.75208,75.278206,336.18494,-22.839546,126.95853,465.45502,-42.714157,166.6229,407.10446,213.03394,156.73105,463.69727,1.8787769,203.63365,420.7552,242.30258,78.89832,470.3299,52.985516,122.292404,432.36472,333.37622
20. 1920x1080_butterfly_pose_baddha_konasana.pngresized.png,202.15044,89.60111,-186.82185,209.6171,76.75126,-169.81,214.68172,76.57651,-169.6722,219.85388,76.33878,-169.65291,195.51312,77.83927,-169.39369,190.42511,78.140724,-169.48764,185.34668,78.549706,-169.77357,228.49829,83.42613,-74.822655,180.13951,85.71701,-68.07002,212.6801,103.59478,-151.71323,194.05132,104.568695,-149.84094,264.1149,156.94669,-75.34944,148.92285,161.74916,-79.207596,260.88428,251.36781,-101.53579,144.49034,254.37602,-115.52903,244.3983,327.76343,-256.99792,172.41827,326.40332,-239.48706,247.97214,357.67972,-306.02588,171.99225,354.86057,-282.62564,231.8826,354.08298,-330.88336,189.29903,348.7177,-301.28302,226.95337,343.9004,-270.81604,193.02771,338.00928,-249.33685,245.06834,322.61166,0.9546349,172.51794,326.4015,-0.4139778,364.89496,301.8299,-133.49649,49.867687,313.80823,-140.38538,238.52354,361.49374,-58.474163,172.90585,365.54678,-83.79326,223.05063,355.09204,-44.65953,186.05838,356.7649,-73.154045,197.45776,372.52985,-86.21999,219.16173,378.30023,-124.189
20. supta_baddha_konasana-1-1.pngresized.png,565.4791,231.81732,-163.93677,581.617,245.14795,-168.43643,582.1474,251.17029,-168.26625,582.88257,257.43835,-168.48933,581.55493,233.65654,-136.94456,582.3164,230.97968,-136.95271,582.9032,228.19077,-136.74454,577.8417,279.84088,-138.53581,580.0797,241.0159,9.59264,549.5138,249.33635,-153.20111,549.9508,233.01219,-110.98976,489.3077,348.09192,-137.88673,480.6274,225.21545,148.72386,396.41354,417.62228,-159.79245,393.07877,207.15677,312.69406,327.7713,513.8999,-164.52478,345.4283,175.6055,338.6965,317.62302,550.85187,-128.06728,330.69186,164.63434,379.52402,308.38113,553.0153,-183.23685,330.40775,157.97821,349.70953,306.90598,534.3684,-182.42722,330.4374,165.51085,326.00934,269.81418,329.114,-74.52102,264.49994,249.1707,75.054504,119.02611,343.85843,-241.41057,182.01068,180.07628,-41.97125,141.50021,371.03418,37.845802,132.20976,279.9909,11.091805,167.16559,365.3438,68.9031,144.38838,297.09723,15.966039,75.27373,383.88968,-5.327762,58.363293,295.29196,-73.68275
20. yoga_bound-angle-pose.pngresized.png,205.0754,77.64389,-163.45683,213.23859,69.18885,-143.6719,217.78372,69.79721,-143.62244,222.44519,70.32373,-143.77037,200.22931,68.947075,-142.09628,195.65726,68.96998,-142.03088,191.12347,69.11304,-142.07361,229.75587,81.47155,-54.430256,185.95415,79.37141,-42.22042,213.87198,94.06165,-133.24794,195.85675,93.23201,-129.86078,261.65274,169.4475,-76.50767,149.99695,170.74536,-61.325703,270.18353,266.89645,-106.75898,147.49391,265.24622,-97.58553,240.90636,335.61188,-235.3967,156.27286,328.70328,-231.25778,237.66196,361.35248,-274.70026,149.73456,353.62766,-269.64737,225.62662,360.2283,-289.63916,166.34294,351.54242,-288.50616,223.3708,349.63312,-242.6821,172.02498,340.2696,-241.42285,241.49925,330.95245,-6.459409,172.3374,336.29355,7.1194353,373.57452,303.21985,-150.79514,37.1031,324.95297,-136.71599,246.27325,353.72864,-32.1098,185.06197,360.2335,-60.030308,233.9205,342.68362,-13.217225,196.46077,345.51334,-46.975857,196.61182,359.31604,-37.632946,240.07433,360.2205,-80.868126
21. 4%20reclinding%20bound%20angle-%20truestar%20dot%20com.pngresized.png,85.86876,176.38484,4.6855297,75.40343,176.90141,21.87226,76.00288,176.2852,21.923494,76.567375,175.48509,21.790642,72.41427,181.01288,-6.857414,70.45867,183.73596,-6.830325,68.540665,186.505,-6.8257613,78.0907,186.8378,103.045525,68.52238,202.09213,-24.51176,97.92239,183.7233,36.397038,93.610756,190.04997,-0.6430655,147.49803,199.17212,166.67131,106.222,249.78708,-86.08974,225.65863,215.65366,211.08987,167.90558,288.58182,-211.02968,296.6502,223.4445,168.48613,220.48453,320.74768,-395.25604,316.209,224.36469,168.40762,236.4533,340.886,-436.40924,313.1111,228.72723,141.69493,240.74902,326.648,-432.5586,303.96057,230.43785,155.89052,238.39426,320.1286,-395.84894,299.59918,228.69664,84.00203,283.7925,266.36478,-83.293434,423.25403,155.04073,32.420242,358.99356,236.88007,-316.67673,402.76767,251.18121,182.84842,385.73407,280.36063,-116.45204,382.73737,265.02567,200.12534,371.48114,284.3805,-90.67654,455.78793,278.19836,225.54735,457.59933,304.17218,-87.78234
21. angle-pose.pngresized.png,365.74457,199.9264,-43.786346,375.58978,206.39488,-51.433773,376.31058,209.51857,-51.321762,377.0564,212.76242,-51.388554,373.9703,200.93309,-32.651676,373.68808,199.68442,-32.626457,373.25635,198.45302,-32.56792,373.6706,226.38608,-54.277637,369.72995,207.57774,31.384626,357.34253,210.98302,-44.60198,355.57422,203.27155,-19.640646,335.58975,255.2278,-37.77171,322.28928,210.546,55.31116,384.6532,274.10974,-28.289629,343.6375,218.71185,131.99332,414.94434,274.9532,24.197264,378.2461,217.61174,192.51851,423.57675,275.80292,25.313057,385.83444,218.32518,196.06448,421.69342,272.25345,25.476324,387.44247,220.97452,204.6023,416.49435,271.56836,24.020493,384.64575,222.59511,194.59789,187.16293,264.58734,-33.900005,185.95169,225.94771,33.92819,94.95963,293.17398,-128.3468,106.56572,177.45558,-76.48969,63.217934,267.54037,48.917545,72.15185,249.76083,54.26775,67.93887,267.31924,69.51788,76.812744,264.75415,67.21312,23.907532,253.61275,57.57978,31.695852,257.44788,38.071667
22. 2eb884b35873c44a18fb7ea2bdf8e311.pngresized.png,275.6255,87.79403,21.39243,275.6171,75.382706,13.4643135,273.8944,76.24559,13.547872,272.31995,77.20782,13.265727,280.25552,73.86835,9.105745,282.01022,73.312126,9.118496,283.90735,72.86958,9.252808,270.80692,92.38533,-26.228926,288.17786,85.550125,-40.881134,274.68542,108.31278,10.544338,278.0705,106.02915,5.6485863,227.45348,203.39005,-60.016113,323.2787,191.33742,-104.15854,218.55716,349.69754,-84.109116,324.82098,336.3384,-155.48459,244.52513,444.56512,-112.795586,302.47794,444.99548,-238.6525,251.25836,466.9634,-139.41125,297.06995,471.0788,-279.7472,254.74081,468.5249,-151.44879,297.8121,473.00638,-292.14432,254.63135,462.5888,-121.2905,298.6187,465.61603,-249.31046,255.5002,437.43546,19.422462,305.63446,437.21942,-18.325567,219.73058,333.53925,276.7204,319.49765,359.8338,221.9631,237.13159,425.0238,454.63388,332.0448,423.29172,396.77707,246.92,432.11197,475.2187,332.75897,422.39273,417.60437,234.58015,427.17844,532.0747,346.43472,427.19702,493.96185
22. baddha-konasana-3.pngresized.png,106.7387,224.95891,-161.8473,90.5103,233.69719,-157.99246,90.28664,232.95706,-157.92993,89.99622,231.95023,-158.07909,91.005394,239.59055,-184.23566,90.73231,244.40062,-184.35783,90.5939,249.23183,-184.39186,94.13442,249.87216,-96.13621,96.898346,274.27518,-204.43187,120.837036,231.2784,-132.10799,120.66335,241.24017,-163.60435,167.12642,240.36848,-42.51257,174.51212,342.01758,-199.81612,240.65588,249.77351,77.72065,278.50504,393.1454,-209.20132,289.67935,240.65645,174.83481,377.38123,434.49725,-156.69978,303.6974,239.3945,204.34962,401.44952,458.46088,-136.38896,307.30933,235.43973,181.85843,406.27753,449.74197,-166.14232,303.1613,240.38315,166.54076,399.74173,434.93335,-165.3755,359.2115,257.20135,46.788677,374.11426,316.67548,-46.33606,438.36362,188.51674,98.30214,501.96106,290.28772,21.983545,494.4306,255.31357,267.60303,572.4309,316.88477,220.10577,496.9929,277.9711,285.0233,580.1622,326.3766,240.65944,538.64417,237.15346,294.03494,615.7272,312.41525,228.9857
23. bound_angle_cobblers_pose_baddha-konasana_option-2.pngresized.png,146.291,210.51361,-302.78918,139.39471,226.00946,-308.47028,135.11589,226.48792,-308.45743,130.75563,227.01897,-308.4723,151.1338,226.69746,-308.59366,155.49031,227.88927,-308.5275,159.79048,228.98775,-308.4296,123.90897,233.1161,-244.47379,164.74547,236.02019,-242.99272,138.8548,207.02243,-270.90643,153.04915,208.09576,-270.73022,93.86137,209.27454,-164.39372,193.83505,213.16559,-165.93488,71.76532,160.05887,-92.701454,211.38533,162.30016,-77.68696,47.723236,127.428474,-123.382545,242.59882,124.895615,-59.404186,36.9824,120.738495,-126.04485,258.86182,118.01837,-54.541374,38.049133,122.190636,-152.64284,256.12595,117.192406,-84.39087,46.396374,122.901566,-132.86342,246.22144,118.19425,-71.00551,121.12734,103.41496,2.4670992,177.87358,104.41289,-2.1964054,60.693905,49.86152,-34.23662,225.62404,44.95814,-18.56572,136.98257,71.89749,114.8848,177.34212,74.1205,162.97357,146.0812,86.60228,135.83318,169.28844,89.02957,185.32881,165.07327,52.894547,163.08154,158.36893,54.808403,224.3255
23. copy-of-copy-of-exercise4.pngresized.png,117.95016,59.195602,-181.61507,123.185074,50.650574,-172.09196,126.56893,50.710403,-172.07327,129.98787,50.73558,-172.10667,113.954544,50.702454,-171.60555,110.55993,50.58818,-171.55098,107.18348,50.528595,-171.56938,135.14842,54.466385,-114.094124,103.24153,54.02533,-108.925186,124.30337,67.612175,-160.23763,111.88033,67.377365,-158.70848,155.68018,97.055336,-113.01053,82.82149,99.59782,-112.46591,149.29247,161.60677,-136.20134,85.7993,163.52437,-138.73557,134.58693,209.14212,-213.18045,100.72261,208.6504,-208.06688,134.30699,226.8491,-241.71175,99.185844,224.92415,-235.61179,125.2079,222.46706,-254.84676,110.03158,221.38405,-244.82831,122.98826,216.70302,-219.3162,113.3474,214.74536,-213.83884,142.74376,191.78271,-1.4335976,99.022995,193.36273,1.6519009,222.63226,173.68158,-33.7443,18.954124,170.97559,-27.092234,140.76472,219.74779,-28.102238,92.5978,218.48878,-28.855097,130.68004,216.56104,-23.840683,103.39832,216.5072,-26.406286,113.00402,231.5565,-62.925045,113.05223,230.72455,-65.015854
23. picture1-1.pngresized.png,509.34888,277.40143,-109.177475,521.0623,288.2197,-116.16705,521.264,292.77664,-115.97897,521.48535,297.48468,-116.10622,520.514,280.3137,-90.06144,520.74756,278.44022,-89.98052,520.7229,276.6063,-89.81125,515.3522,316.47543,-99.942825,515.9046,289.82574,17.618195,497.0977,292.10687,-102.49193,496.8923,281.07806,-68.18343,463.60327,351.42728,-67.43131,457.28986,288.21307,32.794598,557.7563,363.18658,-105.39897,521.4701,314.56427,84.335335,584.1198,322.98712,-33.398743,569.1714,302.04965,124.89349,593.40393,311.08246,-35.465652,582.579,299.80127,111.13854,584.5208,312.6324,-17.956661,581.4787,302.27362,129.04694,579.6028,315.8897,-27.107788,577.2545,306.04785,127.84015,262.5684,345.42303,-30.333403,263.31778,291.1687,30.726463,131.84116,404.553,-166.61194,117.17761,229.89818,-70.940895,79.96141,357.83853,102.715385,99.16966,326.94675,159.93011,83.751854,346.41254,134.47197,111.29667,346.57193,185.3047,25.630695,361.46902,117.33228,42.630234,335.92007,178.682
26. shiko11.pngresized.png,127.23032,268.76505,-77.66222,114.49911,274.78433,-66.23078,114.40242,273.1968,-66.096,114.3075,271.39575,-66.16817,114.68813,282.383,-91.278534,114.4996,287.2983,-91.21935,114.5244,292.1299,-91.35754,119.07816,284.55362,15.289668,120.432175,311.1233,-98.9959,139.08157,271.35178,-45.3293,139.46272,282.09476,-78.51939,177.35005,286.7567,50.69586,171.16011,339.71445,-109.31279,111.10682,265.961,59.413815,81.10299,331.97992,-107.85952,61.13977,316.67947,41.26593,72.46265,338.34482,117.16631,47.284115,335.0651,30.246336,62.596355,344.2396,137.9021,48.842133,334.22275,47.997456,76.09012,347.80032,153.69968,55.465466,329.98862,43.895576,81.150795,345.17822,125.53924,380.71967,284.3962,55.272583,385.99893,325.95798,-55.084164,436.42752,221.72072,-57.66113,477.81656,311.55032,-125.459526,494.75934,300.5646,37.91843,477.039,322.0237,176.60707,487.98645,317.2179,52.452286,465.88647,329.03897,210.63219,557.7278,306.08392,49.26156,526.6608,305.06036,239.10106
29. .jpgresized.png,531.66364,197.05936,-66.71595,548.6138,205.65302,-88.03348,549.96985,208.95837,-87.83398,551.40326,212.49701,-88.09109,546.8773,202.54701,-59.79383,547.12036,202.95927,-59.789677,547.1999,203.31992,-59.570564,548.9376,235.18039,-104.42265,544.94275,222.32132,30.977034,518.3657,213.64902,-70.76086,516.3447,207.5204,-32.77669,471.06534,308.2252,-129.49968,438.33957,233.72375,88.362976,434.4561,400.5796,-290.18137,361.34402,261.1529,121.580635,420.47534,463.48938,-494.03888,325.71133,271.70248,65.56079,418.476,494.15903,-518.9018,310.7933,272.30887,51.339977,417.8699,474.41214,-547.999,318.53775,272.2367,53.72887,415.35272,465.0138,-509.45786,324.21872,270.5646,59.064487,216.79898,343.27563,-59.841133,214.86996,286.32748,60.42842,86.217636,397.3451,-178.48822,146.27351,214.70967,79.63245,88.32754,376.9545,58.471508,98.359924,335.43326,3.0771286,102.24522,370.97675,87.972916,105.772545,358.35672,-4.1883254,57.594822,366.17648,104.67836,51.379917,352.3118,-27.82931
3. eau_de_parfum_1.pngresized.png,249.9225,100.40709,-193.34714,258.95032,86.885544,-167.40952,265.1118,87.16426,-167.30376,271.42062,87.35505,-167.46011,241.28432,87.72419,-169.34361,234.74515,88.12439,-169.25624,228.25848,88.65413,-169.27994,280.15775,99.999466,-52.2028,219.51991,101.118904,-50.167614,261.96603,120.83654,-153.0943,238.08641,121.36709,-152.79071,322.97287,206.0397,-69.3584,176.9993,212.68593,-83.0105,331.45633,335.13794,-104.9603,176.2013,336.59094,-138.35596,294.4823,434.13837,-300.22375,214.25655,420.93976,-291.3853,289.51123,472.6362,-356.72153,214.01553,455.36765,-337.61612,270.09702,465.6582,-383.1564,237.23009,447.97424,-359.85675,266.18408,452.99612,-312.7802,241.81073,435.4478,-301.65536,299.3635,422.90112,-1.790864,206.21576,427.26932,2.420023,463.47156,399.60297,-100.61062,46.18959,402.6062,-100.66616,294.72287,459.16425,-40.912876,212.75102,470.42624,-86.63286,279.0524,444.052,-25.298143,228.79161,455.91132,-78.85358,229.22417,464.14532,-61.793552,279.37512,480.9082,-132.56058
31. baddha-konasana-namaskar.pngresized.png,217.41379,112.91242,-173.21124,226.99408,100.92021,-155.72894,233.12419,101.461006,-155.73642,239.29254,101.92708,-155.73323,211.01128,100.26822,-154.41829,204.94911,100.028755,-154.2897,198.9361,99.87925,-154.44655,248.7713,110.796974,-67.48214,192.01,107.755424,-62.445007,229.17656,129.2494,-142.32343,206.36815,128.24243,-140.48549,287.71616,185.35939,-78.761566,150.4393,187.91524,-74.53144,339.9791,288.41852,-152.87851,93.141495,287.84918,-133.83669,258.46524,290.24316,-222.95268,177.65758,290.92517,-156.94579,230.45079,299.1056,-222.30733,204.99174,300.14398,-151.11621,229.32655,276.08078,-199.1627,209.28459,280.04303,-130.83632,234.53787,275.8604,-207.55247,203.6777,278.27023,-142.9719,263.8818,335.45398,-2.5736663,179.47414,340.695,2.7554765,392.4323,310.91443,-162.80367,38.38683,341.12344,-119.23124,218.4844,377.90936,-110.95507,212.84845,383.3831,-104.52221,200.63354,364.8116,-94.51235,228.05788,367.13788,-93.29221,144.25047,393.6132,-111.812614,282.4205,391.00452,-120.07968
33. baddha_konasana-1024x691.pngresized.png,292.84494,108.50135,-309.06613,303.0461,86.688614,-275.73868,310.84482,86.416466,-275.60413,318.78088,86.06462,-275.75153,280.25122,87.61066,-281.49042,271.7801,87.51215,-281.4171,263.35736,87.56349,-281.49512,328.12506,92.11137,-98.39198,250.60445,93.372444,-112.95994,306.71674,128.14891,-242.09271,278.10022,128.80646,-246.80565,378.91418,203.2573,-71.04044,190.38521,210.0875,-143.73216,389.16724,366.1196,-96.67232,185.1938,379.56342,-218.03319,362.82355,486.34467,-380.9549,272.98108,491.0605,-423.13345,365.39798,527.2498,-464.153,284.13702,531.9929,-491.2527,347.96066,519.3048,-499.01743,311.33463,520.92566,-512.32465,339.65094,505.44,-402.84308,311.6805,504.77158,-432.90872,354.65427,479.7906,0.89336455,229.78574,482.22073,-0.026372507,572.8929,493.77905,-278.81223,24.411644,483.29608,-274.83276,333.94547,534.4031,-134.57767,252.8179,534.7984,-167.87712,313.76828,507.38748,-105.799065,273.40054,508.63797,-146.41463,239.56468,534.1932,-157.84654,352.53564,545.57367,-215.90909
37. admin-panel-image-1ca96a15-c4d5-41da-88ff-0a0fc654960f-1533032351546.pngresized.png,290.89755,187.52097,-247.968,299.14227,177.43834,-229.2262,303.91626,178.01416,-229.23044,308.74304,178.54137,-229.3187,285.5855,176.9699,-229.14677,280.73233,176.79811,-229.01053,275.91348,176.7235,-229.00407,315.48312,186.27957,-139.54248,269.815,183.6138,-132.51982,299.3492,202.70975,-216.7762,281.60892,201.64572,-214.68135,347.4777,263.83655,-153.9237,232.78891,265.6117,-158.91821,342.11517,364.5553,-194.64749,242.02716,360.00217,-197.55641,317.6942,428.62085,-333.95316,261.98322,424.85123,-321.16556,313.55634,454.22412,-376.21558,258.14856,449.66925,-364.1133,303.42163,447.31558,-397.49683,273.85867,445.2828,-380.61478,300.74905,437.88684,-343.844,279.03156,434.33237,-331.05612,323.7366,412.90012,-3.982826,253.21312,416.06244,4.4723415,446.43143,395.14957,-62.38523,125.304596,407.65082,-53.592415,314.87173,444.76367,-15.609845,247.52495,451.22058,-50.292557,301.06058,436.04538,-3.770889,261.1369,441.99805,-44.84111,261.7449,452.7737,-32.999157,291.1908,457.2383,-84.471985
4. baddha-konasana-bound-angular-pose.pngresized.png,376.17993,115.23506,-372.72485,390.9011,99.07786,-335.68762,399.62558,100.67973,-335.55203,408.56857,102.12496,-335.61432,365.19885,97.160736,-337.94846,355.95273,96.64469,-337.64438,346.77762,96.3671,-337.6295,420.481,121.43092,-149.4489,332.21057,113.346756,-151.14197,390.9694,146.70534,-307.29083,356.86478,143.10847,-307.6182,483.27966,268.38174,-151.4416,247.83607,267.43884,-166.32358,525.26825,415.09125,-200.58371,200.85641,421.3554,-229.75899,534.1701,555.89404,-546.28595,204.50922,566.47345,-519.4619,553.0328,610.69275,-643.283,188.67418,625.3552,-602.2884,513.1368,609.8567,-691.7021,232.91135,616.06934,-659.719,496.68436,591.61176,-569.2683,247.30142,594.40076,-545.92865,444.00586,575.0404,-3.4827242,299.60538,580.18524,4.6423197,685.3501,546.553,-233.0021,83.09249,539.63983,-247.31934,430.6847,659.30493,-75.90764,330.62216,663.4987,-147.42593,400.12766,644.8774,-47.411945,359.1046,655.807,-129.93228,337.4012,673.665,-127.02844,411.55084,675.7133,-246.89737
4. baddha-konasana.pngresized.png,189.42802,87.38831,-234.92287,196.8132,74.9526,-215.05707,201.89131,74.90243,-215.04634,207.02374,74.80955,-215.12175,182.31697,75.68164,-215.52327,177.1083,75.74785,-215.38821,171.9205,75.92543,-215.32422,214.89122,79.93827,-106.957146,165.0092,81.287346,-100.64049,199.33498,100.36848,-195.6966,180.59119,100.9131,-193.79451,249.7293,150.9078,-99.60975,131.40933,158.01276,-130.18686,249.7787,246.58365,-138.10843,142.067,250.08528,-186.2994,239.39609,329.09265,-325.40643,165.54967,327.12875,-322.70792,241.3421,359.50385,-378.69443,162.93031,357.0806,-370.25897,229.41685,354.45197,-406.84036,180.662,352.1368,-389.8544,223.24384,344.63846,-340.02554,185.60977,339.96777,-332.90033,235.83145,320.03207,-4.6778245,160.25676,325.6118,5.2985096,358.04147,309.08572,-168.1695,36.748653,313.2949,-138.35753,221.37396,360.91937,-73.467415,184.9239,362.03107,-78.66242,208.57497,348.91217,-55.868664,199.83966,349.4883,-66.12017,161.75258,370.472,-93.52723,241.99478,372.57343,-113.128395
41. baddha-konasana-bound-angle-pose.pngresized.png,290.14786,118.05628,-150.98714,305.33426,97.25336,-129.70624,313.90622,97.39867,-129.53441,322.64325,97.44386,-129.71402,282.92902,97.095825,-128.95813,274.87207,96.57998,-128.90793,266.7873,96.250496,-129.01007,339.6678,108.067955,11.506929,261.78534,105.09188,19.454323,308.22263,139.66684,-96.71518,278.2826,138.51724,-94.852325,383.24518,214.43176,17.820385,228.2601,216.94345,19.05513,384.49988,363.68207,-2.0323758,237.14668,371.39697,-53.362,368.6396,506.6463,-134.39806,237.30898,510.7424,-197.56688,380.21313,551.47845,-179.96213,224.20914,552.21124,-238.91258,351.1536,553.0917,-214.67944,242.18694,553.60657,-280.19662,341.65854,540.0759,-148.91449,255.127,541.36304,-217.30377,361.21146,498.85678,10.478357,261.41925,493.8375,-9.867864,563.455,465.19403,-130.22325,67.69695,417.76663,-194.31839,340.7152,554.62305,-155.75447,253.08727,566.9545,-158.97609,314.91055,545.29126,-148.57999,284.17346,569.7967,-150.1973,267.3968,563.70013,-244.76682,296.88245,601.63477,-235.3899
43. teaser-copy-6.pngresized.png,313.90915,298.6771,-512.7553,322.86548,275.8645,-502.99945,328.8164,276.4057,-503.0974,334.80527,276.83273,-503.00858,303.92947,271.5514,-518.288,296.168,268.568,-518.24634,288.4677,265.67004,-518.3734,334.84882,269.64276,-356.13162,268.72977,254.66833,-422.01242,316.1693,310.12714,-449.92535,293.60138,305.0049,-468.86902,372.27032,329.14923,-271.78943,190.53162,315.71927,-374.96005,362.4518,462.43787,-284.72687,182.44458,464.53656,-423.524,338.6897,569.1751,-473.0077,244.32214,561.8065,-561.94666,344.18198,606.7173,-548.0703,247.09683,592.34515,-633.0848,322.2425,594.2489,-583.7156,272.26215,581.50244,-643.49695,313.09503,579.73474,-493.9195,276.2691,568.4236,-569.82007,332.19733,523.2321,14.673901,221.32578,527.4796,-14.071129,522.6213,497.73798,-15.109297,19.941193,526.40356,-147.28136,330.80786,598.3706,-60.80551,222.98352,594.85095,-140.11972,303.38672,596.9142,-57.5737,249.78387,584.79297,-129.3443,267.1363,623.42816,-148.177,292.03122,618.5348,-193.85408
44. supta-baddha-konasana.pngresized.png,138.88809,236.3124,-145.29387,114.68525,234.35951,-131.42122,116.6405,230.79384,-131.13,118.48426,226.98033,-131.42729,107.22747,247.57529,-165.98373,103.039024,255.1746,-166.16534,99.05717,262.80667,-166.24254,120.41591,249.13202,-12.724281,96.562775,299.3783,-160.7759,160.52135,248.86633,-93.56814,150.62093,268.64526,-137.26471,240.16568,261.59518,22.429096,179.95184,436.0706,-171.62201,377.1045,297.10068,157.38095,319.74237,531.16547,-113.29601,471.73663,314.17603,247.8823,472.42883,613.6418,-23.81421,504.7965,316.777,290.4617,503.93823,650.85077,24.05799,504.36362,314.72818,257.484,514.38806,635.71924,-26.653236,494.12894,323.99347,237.23071,511.36508,613.9134,-34.4874,536.09235,354.88132,51.116276,522.3307,474.9761,-51.21859,663.6972,214.09543,-63.169662,766.77594,588.5917,-164.49414,763.68384,394.3696,49.674873,651.53766,481.3409,350.71478,752.50494,430.5601,68.93086,614.46234,469.36548,412.1616,860.4784,440.5819,61.86012,697.05115,448.49707,515.2733
49. chqeifmstwc52i4rkdhp.jpgresized.png,303.58688,131.9342,-270.35263,312.35565,118.33256,-246.51448,317.7934,118.824394,-246.45328,323.33527,119.247856,-246.45595,295.58676,117.8455,-250.94902,289.4402,117.596565,-250.86462,283.34366,117.45941,-250.92587,329.3088,127.557556,-117.469925,272.25668,124.695984,-128.77596,311.6819,149.78024,-223.09966,290.27917,148.6799,-226.60965,362.57663,222.1337,-109.76183,216.5757,219.49634,-151.54565,366.71912,338.61972,-148.2254,194.95914,337.58298,-214.46606,338.38666,424.0965,-399.30902,233.66353,423.1514,-371.4398,334.37625,458.36325,-465.73776,235.29956,456.928,-419.60156,318.2791,449.6626,-496.27435,256.7657,447.93356,-439.20068,313.66785,436.08215,-414.9874,260.474,433.57996,-379.6505,331.53574,420.02655,1.3013813,238.36093,419.6612,-0.55927485,499.4715,417.16232,-146.61127,71.411385,414.55075,-124.20794,314.22803,455.6261,-42.97847,244.16359,450.30228,-67.78842,297.51428,435.9008,-23.284428,257.1949,430.59497,-54.748795,237.77876,455.38333,-47.631237,321.0798,448.95938,-86.47584
5. 4%20reclinding%20bound%20angle-%20truestar%20dot%20com.pngresized.png,83.53093,170.52615,11.96891,73.19467,170.27957,30.93078,73.81211,169.62878,30.982048,74.385475,168.78607,30.833143,70.03642,174.35483,2.5002155,67.96866,176.95694,2.542965,65.94363,179.61612,2.569626,75.6486,179.17928,113.86594,65.473045,194.26439,-11.740771,95.38674,177.6072,44.245144,90.805504,183.95305,7.7522783,145.78055,191.39935,184.2784,102.144196,242.51878,-83.85046,226.44885,210.2632,236.66484,165.12675,281.24567,-183.28215,293.5687,217.01991,193.48282,218.1359,313.53723,-342.0783,311.69492,217.56097,199.1144,233.6022,332.15363,-379.78506,309.16046,219.49617,168.14342,238.24013,319.67914,-376.48532,301.21164,221.83975,179.59233,236.77481,313.3791,-342.20242,296.4977,220.9093,85.23556,279.57748,259.9133,-84.4534,415.9936,143.63057,19.785744,348.56708,231.63951,-335.9184,397.49356,241.01831,165.40271,378.82816,269.40167,-118.075745,377.92728,254.69269,182.86295,365.28687,274.68793,-89.22415,448.82617,271.3424,214.05391,449.38016,285.26086,-74.169075
5. bound_angle@2x.pngresized.png,170.59631,98.577156,-261.19675,175.58382,92.487656,-277.32834,177.07712,93.06024,-277.34573,178.59213,93.614174,-277.44345,174.33617,90.39668,-264.55994,174.38594,89.54989,-264.49933,174.3126,88.76138,-264.44446,188.28577,96.48194,-283.09186,182.51141,90.05427,-228.08629,175.52426,106.741066,-256.93152,173.63133,105.19885,-241.01175,208.7544,159.19482,-270.29474,204.73845,101.74653,-142.31647,200.7958,243.0841,-240.70093,221.50536,129.55171,-20.0262,127.88235,279.5292,-191.02258,192.33267,134.02965,57.38847,117.51731,294.56192,-208.97346,187.56938,133.99823,57.661224,108.027596,286.41077,-214.8075,185.60793,134.6796,42.879787,113.229744,277.83615,-194.08171,187.36769,136.2761,52.382626,209.46211,249.09958,-55.00688,203.55856,214.3898,54.88858,135.12277,322.33392,-17.419712,141.8591,262.42215,182.73253,200.33354,311.43234,167.60889,182.30879,287.90878,324.0383,212.19366,301.44385,191.95642,192.57129,288.95163,342.08704,204.24318,327.87497,253.66707,171.32008,308.21243,386.25732
50. reclined-bound-angle.pngresized.png,256.24426,90.67703,39.00522,263.46588,92.88294,38.5426,264.61273,94.83308,38.603916,265.8414,96.81575,38.527576,261.00333,89.19002,49.34707,260.51147,88.07729,49.305088,259.94666,86.97452,49.343662,264.872,105.37584,44.18051,257.9281,91.544365,94.156876,251.58221,99.401245,40.762196,248.41397,93.477356,55.00053,243.91441,135.27977,16.023262,211.74039,109.51517,101.883156,246.02597,176.1082,-28.10447,163.72511,134.38187,118.20081,235.03519,207.21982,-82.70882,126.77373,139.23235,99.15418,231.95776,220.00124,-99.78423,116.18739,138.90012,95.82369,229.22649,214.21715,-107.86079,119.79734,140.94386,90.251656,227.45087,210.11743,-88.20619,124.41321,142.80339,94.285934,140.33815,166.69858,-24.675299,122.80309,145.39838,24.968155,133.00148,153.65175,-98.86415,66.36159,92.399536,-19.366302,59.495464,180.5408,-76.32626,59.357677,168.48111,12.283731,57.134377,186.85002,-72.44282,69.76964,179.63068,16.783905,15.291581,174.49068,-97.444214,32.23087,187.9863,4.3144374
55. baddha-konasana-pose_22.pngresized.png,501.78098,299.54623,-21.795683,514.7951,312.9097,-7.7278914,515.271,318.26007,-7.391365,515.9584,323.78525,-7.5694456,515.4562,292.5305,-10.763122,516.88776,287.08115,-10.6338215,518.1193,281.50116,-10.231857,514.48895,332.8206,84.004425,518.74023,270.43906,90.428276,483.76352,304.86096,12.76408,485.67172,288.54086,14.766766,422.51532,359.06158,140.58379,422.88266,213.68404,100.87712,322.0384,374.98273,104.93158,313.30716,200.38821,65.30542,245.19395,421.00314,-24.550951,240.65768,174.91414,-7.813626,244.3851,444.1766,-59.38835,238.70108,153.1314,-1.6019156,243.03146,418.73917,-79.09168,241.29488,173.97728,-15.309685,235.80096,412.11353,-41.20021,232.12059,181.93652,-12.608309,244.4344,332.08887,-11.010251,235.91461,248.33757,9.021552,157.01065,410.87985,-221.01054,128.3926,136.53291,-147.99326,116.45122,320.33102,56.443962,112.6675,260.9987,144.99306,141.34383,298.7619,94.26735,146.33694,289.2287,180.25507,56.441357,296.49933,-19.05528,48.3021,299.03543,91.76182
6. bound-angle-pose-yoga_1.pngresized.png,212.51796,80.57079,-215.27267,221.2224,65.77824,-196.90813,227.69167,65.697426,-196.93916,234.25012,65.556305,-197.09671,204.2984,66.38548,-196.21637,197.76653,66.51223,-196.12877,191.22604,66.76396,-196.17555,243.4071,76.38587,-94.01248,184.5902,77.4476,-84.1791,225.86804,97.284706,-177.78653,200.9549,97.57873,-175.1385,271.41663,166.2137,-85.29315,154.35748,168.97954,-71.50488,265.10132,278.20306,-74.53471,165.42734,286.5432,-83.783875,259.07068,380.25302,-144.56198,168.50813,384.36847,-162.60832,266.66342,414.09003,-168.53221,160.52005,416.97345,-188.72499,254.74133,414.82712,-195.6063,171.27547,414.33633,-216.59639,247.02516,403.05087,-155.44975,178.54338,400.5291,-176.27509,247.94655,349.1536,0.3434989,174.17924,353.10626,0.41217414,395.9096,332.3168,-100.27037,53.320328,354.84137,-188.79276,245.7382,405.5133,-90.88816,187.8549,405.09103,-110.291336,227.28079,396.81516,-85.466896,198.68362,395.2296,-97.6144,188.58824,421.6391,-150.95706,240.93349,411.15915,-156.72815
63. reclining%20bound%20angle%20pose%20(supta%20baddha%20konasana).pngresized.png,298.2673,399.41547,-434.9449,291.66614,424.74084,-436.58817,284.98154,426.32153,-436.4902,278.10178,428.03406,-436.40048,311.201,423.22452,-439.58014,319.09125,423.87833,-439.47324,326.87842,424.44113,-439.4113,271.60123,435.70303,-326.2309,339.97864,431.13412,-338.4191,287.28165,391.43033,-385.66147,311.38916,389.7388,-389.10242,219.04443,386.20868,-234.02045,395.06976,382.95648,-253.8688,151.73398,303.583,-213.65228,450.7797,297.94406,-225.87361,70.72592,263.5914,-332.06305,532.8176,252.0644,-306.58997,39.69314,258.27197,-348.28986,567.58606,240.14314,-322.47873,42.346706,261.87976,-396.04205,559.8784,247.16951,-366.88754,60.42089,261.54837,-353.56894,540.9817,249.91751,-326.75528,250.83308,188.71606,-2.5958517,354.03912,186.56326,3.2037852,107.4863,89.114,-82.7741,482.1256,95.2354,0.08383544,249.93709,144.35593,126.409065,365.0052,140.00813,156.53564,270.36264,172.62071,159.46841,346.07404,167.77893,180.56868,289.6329,122.23117,220.92514,318.34952,108.305504,243.45914
65. 15.pngresized.png,441.14047,292.24963,-403.77585,454.5767,269.35666,-390.2738,462.7555,270.45807,-390.26978,471.08585,271.46307,-390.2082,432.06543,265.59647,-396.54572,423.0915,263.39658,-396.46106,414.15814,261.34583,-396.5521,478.02423,277.88382,-258.14825,398.2526,262.69766,-279.80197,452.01993,311.90945,-349.82425,420.28445,306.04187,-355.59662,511.2275,367.44916,-199.14189,321.0423,342.46548,-269.6896,529.99304,497.24637,-231.72824,238.23195,479.50052,-340.23285,476.28003,579.09607,-357.62338,347.51074,575.1745,-385.31778,469.42163,618.4482,-384.47903,374.07904,620.6941,-408.92493,447.49637,605.4356,-401.9027,396.74664,597.0166,-405.13342,443.5868,591.5946,-363.69937,389.76093,581.88885,-378.55783,430.25436,575.45337,7.4264913,318.74405,570.5304,-7.273793,622.31915,561.4631,-118.80146,134.91971,536.5211,-181.8631,432.96338,644.05597,-28.958672,334.27228,624.0038,-66.530624,416.08463,638.1193,-13.511488,359.3207,604.15814,-45.191727,369.0201,658.41736,-77.380844,412.8752,665.5436,-83.53535
67. 1.pngresized.png,407.84393,344.99954,-784.1944,418.9437,315.06964,-792.27783,427.5695,314.02603,-792.3034,436.1664,312.8166,-792.085,395.96994,314.73056,-790.4169,387.37497,312.95367,-790.4143,378.74197,311.2899,-790.63983,451.20386,301.79416,-667.66565,369.4831,299.3917,-659.97174,423.279,353.82428,-722.96,395.70636,353.61465,-719.3414,520.46606,348.03146,-524.9794,317.20276,345.79288,-523.8448,567.22577,501.08685,-563.4225,263.7653,504.7062,-561.3956,455.3758,583.56506,-662.516,365.8068,578.10144,-704.54297,433.07364,621.81964,-713.1702,392.60065,613.3249,-764.12354,410.06354,595.1228,-729.4203,408.0973,584.0881,-775.0628,414.15866,581.77167,-665.8308,404.74445,572.04944,-709.0855,471.2318,531.41455,-0.07305611,363.60864,527.7476,-0.009175296,639.6096,466.53925,-62.55234,172.09708,476.13467,-84.31504,463.575,586.00995,27.307554,346.8453,590.1443,-7.758661,434.9813,595.9271,40.834858,377.90833,595.7705,6.5605874,427.9126,621.72546,-44.960773,387.96072,636.4832,-63.892776
68. baddha-kona-variation.pngresized.png,152.111,57.33675,-39.649918,158.09404,49.446938,-19.150204,162.96814,49.372574,-19.117638,167.92023,49.202206,-19.319508,143.99893,51.56177,-21.419964,138.92516,52.64502,-21.365948,133.8904,53.82672,-21.40296,175.33887,60.522495,74.56263,127.718124,66.62032,67.34346,162.85645,73.08566,-7.5359054,144.40344,75.459015,-9.811392,212.0186,126.149216,70.69701,104.70967,138.8553,68.337296,254.05434,182.51033,-0.9869554,87.456696,199.6587,-6.553954,294.79898,218.0244,-156.04034,53.57532,224.3609,-180.8958,315.61404,230.11708,-181.54565,36.317123,239.10684,-205.79234,305.13632,230.15282,-204.76833,44.815777,230.58377,-233.14967,294.38126,229.587,-168.36874,54.788807,228.68198,-196.07472,204.79784,268.825,1.6043595,134.82523,272.39075,-0.9268919,311.83188,243.76523,-145.4956,20.25929,246.04236,-120.690056,189.0496,292.0932,-107.1052,150.47008,296.5088,-106.98419,174.08801,284.50192,-97.241905,168.38269,290.46686,-100.82463,139.74924,303.30518,-143.42506,191.29578,307.95078,-150.56871
7. c09eee74194bb1a58bcf2e2684fb83b4.pngresized.png,346.00894,149.81392,-80.27164,355.3956,158.38963,-75.00246,355.5158,163.11234,-74.920975,355.7359,167.9616,-75.04819,354.52594,147.78339,-63.799026,354.29294,144.32901,-63.806156,353.94458,140.87941,-63.726612,347.67853,181.58061,-29.679205,346.1681,144.9103,25.013182,333.0915,162.4558,-63.144802,332.30682,147.51308,-47.50972,285.40378,218.31552,-1.398715,280.18912,129.3962,28.060204,217.63072,254.81235,-11.61848,205.26897,120.75382,26.50098,162.54079,307.29837,-45.213676,162.01332,90.809944,-58.264076,148.87367,330.48654,-32.63611,146.05846,75.73145,-63.022354,143.85715,327.0199,-66.84665,149.638,79.071465,-86.53455,143.9418,314.6258,-57.25076,151.75133,88.09135,-70.34993,132.76865,201.36076,2.2331183,134.17947,143.65822,-1.6728826,66.68702,305.07883,-105.51174,107.42779,52.324413,-144.93071,76.59586,197.77335,37.54296,72.13735,150.67542,-17.984804,93.37673,184.17003,57.886147,82.13425,168.45978,-0.8310347,53.91343,167.16544,66.925766,37.542343,169.95052,-2.8371754
7. header-9.pngresized.png,200.58124,312.66177,-152.57848,185.84187,317.23715,-137.08298,184.3854,314.04285,-136.7843,182.93338,310.69122,-136.86026,189.22577,328.4174,-152.54276,190.228,333.9701,-152.56642,191.36888,339.38028,-152.73413,186.01808,317.75635,-30.720327,197.37096,354.77866,-104.92024,209.03091,309.62692,-111.36375,213.49478,324.03473,-132.70163,225.7288,305.97635,-19.386189,249.79314,372.37454,-108.47936,156.68562,334.45953,-35.665726,161.76352,368.47354,-150.5044,92.11041,380.95502,-73.30821,111.699936,392.6363,-72.825676,76.51618,395.72626,-93.83093,92.561226,397.819,-78.17446,74.11537,395.51147,-84.35686,97.40935,401.48315,-54.10598,79.65163,392.0123,-76.91684,103.28934,397.23676,-64.42912,386.72714,259.60825,30.33711,417.25967,309.2571,-30.271408,420.60852,177.44136,-115.36392,554.0201,312.21454,-182.0967,457.01822,256.65637,62.45934,468.7183,267.6272,107.81053,446.88452,270.9202,87.373856,442.1637,273.309,144.15341,489.88037,280.4541,84.224846,470.2145,219.72067,185.97025
72. dsc_6815.pngresized.png,300.15393,130.38617,-450.25955,312.54987,108.25376,-438.77798,321.49615,107.664444,-438.81696,330.52994,106.99809,-438.81967,289.1806,109.40632,-439.28452,280.13974,109.30022,-439.26526,271.15253,109.32655,-439.3285,343.48444,116.65599,-323.88055,261.266,119.29985,-322.63824,317.8902,148.78346,-404.6649,284.3269,149.56732,-403.64276,378.32678,202.84302,-274.5095,230.76582,201.00934,-271.41098,357.92285,338.8947,-288.87256,236.99094,335.3064,-271.56732,330.74167,437.83432,-363.91357,262.38794,435.64624,-344.1506,336.56546,475.33994,-402.43427,254.3857,472.82385,-392.7906,317.03464,470.2238,-434.17783,280.50412,469.3272,-411.5905,311.14297,456.63885,-375.8573,288.14752,454.97693,-354.78156,337.8734,367.2448,3.3975654,259.12833,366.11975,-3.1789439,478.56696,316.5165,-79.68952,127.926186,305.1498,-87.52169,338.531,449.68808,-113.84769,258.76974,451.2485,-139.98477,317.46243,456.99945,-112.80344,281.31805,461.3775,-141.08746,295.83777,483.59027,-196.8909,295.5429,491.3226,-215.79527
73. baddhakonasana.pngresized.png,488.15436,359.43765,-403.62518,505.61298,336.285,-400.5739,506.7401,334.1502,-400.6701,508.15533,332.30148,-400.87222,499.9379,334.50604,-448.9034,496.90515,330.00427,-449.03192,493.84238,325.5462,-449.31717,490.47556,299.02817,-309.64014,472.24606,288.9884,-528.6076,463.41568,348.5826,-360.57587,457.8289,345.54736,-422.7353,429.39066,278.62708,-206.45886,304.9701,259.49176,-496.79718,336.64786,370.76868,-165.62975,156.3534,391.51804,-440.3237,378.71362,439.36124,-292.9536,295.84717,452.7957,-304.72488,403.06815,455.98633,-307.6862,331.80597,478.69516,-348.17145,406.08353,455.91068,-340.90808,363.78696,445.25363,-349.47018,390.9064,448.75763,-311.447,352.75833,435.2688,-305.89435,215.99248,341.34277,104.208206,124.44558,337.80225,-104.61475,363.8344,398.33548,190.104,157.65657,397.8309,-421.50116,349.59714,408.37805,203.55081,250.14598,395.09525,-69.19452,330.16757,403.81522,210.31354,257.82452,386.17886,-21.40925,397.37866,449.98108,261.81625,307.07114,429.51535,62.925182
74. screenshot-93.pngresized.png,182.4258,75.82112,-226.64198,189.38391,64.5957,-213.02484,194.1288,64.70628,-212.98187,198.96056,64.74927,-213.00467,175.76106,65.07236,-212.9937,170.72417,65.20514,-212.95888,165.72578,65.42809,-213.09187,205.59796,72.09779,-128.3225,158.97348,72.61713,-123.125916,191.34027,89.63435,-194.71742,173.25696,89.898,-193.13434,238.40956,144.16953,-125.74695,127.17201,147.30847,-123.94503,245.5289,240.32861,-149.0699,119.47145,237.19975,-154.22371,215.81265,299.32175,-309.0884,141.11447,297.49622,-290.5931,208.29036,324.3323,-354.102,141.63734,323.08755,-328.9472,198.84258,315.0623,-371.19144,155.46288,314.77896,-346.25882,197.31909,305.71542,-317.59357,159.30724,303.9587,-299.0225,223.27962,293.73965,-2.3782165,154.10556,297.97437,2.857952,347.52835,285.28494,-89.15431,25.014553,307.5494,-72.84303,212.78362,321.95093,-16.856121,151.72984,323.47638,-30.355608,198.75633,309.83463,-2.1313748,164.09909,308.68686,-20.34594,159.56448,329.60632,-23.662813,199.4926,324.85645,-44.98283
75. 1jyyrgb.jpgresized.png,237.68167,74.80113,-131.8204,247.45505,61.936012,-105.34387,253.64337,61.996628,-105.1883,259.97006,61.97821,-105.21294,229.81413,63.011436,-104.3437,223.54257,63.452404,-104.379295,217.30795,64.00765,-104.65819,270.7778,73.289986,13.114105,210.3952,75.252594,21.662258,250.62483,94.286156,-90.06336,227.05602,95.14686,-87.856476,315.13788,177.28545,-6.4667253,166.91547,181.6093,13.274678,346.94916,305.7156,-33.514046,137.28548,308.1708,-33.546635,285.3754,371.8674,-191.11281,197.75658,372.76907,-184.33017,268.545,402.124,-228.43513,212.53346,404.8761,-214.49278,258.1725,385.99976,-236.39764,227.21451,386.92075,-226.85867,260.64725,375.06046,-191.5586,225.39586,374.32312,-185.84239,290.40005,393.25504,-4.093921,194.76627,395.50348,4.910333,431.5479,404.0608,-293.32388,48.923298,421.70505,-264.6172,238.80165,433.756,-116.69423,242.92343,439.87137,-105.150826,223.11427,409.19647,-87.392654,250.16637,415.0447,-79.004036,149.21303,431.01923,-103.68996,337.7339,434.05063,-103.41994
75. reclining%20bound%20angle%20pose%20(supta%20baddha%20konasana).pngresized.png,504.86084,574.3254,-655.78546,498.3218,596.7731,-649.5656,492.31714,597.9422,-649.58765,486.17004,599.2216,-649.6131,515.7895,595.8684,-652.08203,522.4776,596.65326,-651.85974,529.0418,597.32996,-651.6935,479.86426,607.40015,-499.869,539.3745,604.68774,-506.3598,494.7917,567.37146,-591.1153,516.0496,566.6954,-593.5589,429.3497,561.26434,-369.94086,592.902,556.2,-361.10553,363.82285,485.8951,-364.60324,657.6277,484.5305,-365.29788,276.66092,451.22363,-490.61667,735.48206,433.578,-534.29785,246.24393,449.49655,-519.63007,770.2476,419.63324,-566.8495,247.22353,452.7529,-572.2891,761.28125,427.22983,-623.848,262.67093,449.37695,-513.1764,744.03284,429.8334,-562.14954,460.16327,373.03058,-0.74849206,560.7997,373.2996,1.6231031,322.23203,279.86835,-75.63037,668.3505,280.053,-28.384903,475.4557,327.84033,201.35136,599.82324,335.9951,293.9393,494.44907,356.36792,240.39801,585.5142,360.8643,336.14105,535.16125,305.41803,309.14297,576.7218,317.15298,432.58652
76. supta_baddha.pngresized.png,384.52396,139.02263,-92.1169,399.36157,149.03015,-108.36597,400.24667,153.14493,-108.25113,401.2763,157.43626,-108.2397,399.44196,143.22653,-85.53586,400.23093,142.2741,-85.61306,400.94754,141.25703,-85.51671,403.3954,178.04695,-117.4543,404.48618,156.9102,-16.206692,375.49707,154.55957,-91.97265,375.4536,146.40031,-63.51788,347.1362,244.52295,-99.3114,344.22882,158.80327,33.420216,270.563,319.85373,-99.45768,278.92355,187.8629,101.54145,210.59154,384.37286,-88.81473,227.42708,201.28511,149.50702,202.4495,409.8136,-81.102516,213.28,203.73186,160.95937,193.95592,403.66074,-103.15978,211.94833,205.9762,155.78697,192.71446,390.70538,-95.95095,216.40417,210.33665,147.33372,170.43513,254.8475,-42.03494,178.96158,193.1405,42.326744,22.55517,244.23653,-61.136925,110.552795,83.57774,54.68139,117.155106,285.9098,103.32576,135.41486,189.83205,88.86577,148.78401,287.26547,121.69505,156.8898,209.75816,93.1152,96.945496,303.10104,149.93394,94.80497,207.28879,124.55736
79. dsc_6815.pngresized.png,300.15393,130.38617,-450.25955,312.54987,108.25376,-438.77798,321.49615,107.664444,-438.81696,330.52994,106.99809,-438.81967,289.1806,109.40632,-439.28452,280.13974,109.30022,-439.26526,271.15253,109.32655,-439.3285,343.48444,116.65599,-323.88055,261.266,119.29985,-322.63824,317.8902,148.78346,-404.6649,284.3269,149.56732,-403.64276,378.32678,202.84302,-274.5095,230.76582,201.00934,-271.41098,357.92285,338.8947,-288.87256,236.99094,335.3064,-271.56732,330.74167,437.83432,-363.91357,262.38794,435.64624,-344.1506,336.56546,475.33994,-402.43427,254.3857,472.82385,-392.7906,317.03464,470.2238,-434.17783,280.50412,469.3272,-411.5905,311.14297,456.63885,-375.8573,288.14752,454.97693,-354.78156,337.8734,367.2448,3.3975654,259.12833,366.11975,-3.1789439,478.56696,316.5165,-79.68952,127.926186,305.1498,-87.52169,338.531,449.68808,-113.84769,258.76974,451.2485,-139.98477,317.46243,456.99945,-112.80344,281.31805,461.3775,-141.08746,295.83777,483.59027,-196.8909,295.5429,491.3226,-215.79527
80. malasana-garland-pose-1.pngresized.png,221.09566,204.9936,-544.11273,228.6165,187.67967,-560.197,233.83267,186.89725,-560.1406,239.10735,186.03978,-559.9309,213.25583,186.68213,-560.18225,207.72565,184.69394,-560.2684,202.18034,182.83676,-560.5986,248.65797,170.0334,-481.33066,193.18146,165.4908,-484.41428,228.36598,204.99388,-500.2969,212.72917,204.18367,-500.45712,291.3009,171.19827,-376.8045,155.31963,169.26212,-386.97205,294.06717,259.00916,-394.41904,127.267914,275.46545,-433.07224,256.26645,332.75842,-529.1694,179.17996,329.4258,-595.08997,256.964,360.34146,-570.9678,189.03687,350.26126,-640.6168,237.58751,349.73715,-592.2037,201.01878,335.64276,-647.0858,230.89659,340.3979,-537.87177,204.2553,328.62088,-597.4549,258.6987,287.07245,3.8007061,180.58855,282.6462,-3.707154,374.04623,286.9365,-69.29371,42.679096,268.51443,-63.87011,240.18896,332.31085,10.344547,191.03653,333.4927,-26.68611,219.94147,328.26465,25.71331,216.81416,327.33008,-14.303017,204.29558,355.8803,-0.90460193,235.87956,376.54123,-37.32944
81. baddha-konasana-1024x1024.pngresized.png,409.32678,173.96239,-417.5206,429.6849,149.32983,-384.26242,440.78647,150.34892,-384.19336,452.07175,151.25423,-384.45236,400.18967,147.85143,-381.06238,389.70297,147.15617,-380.9659,379.21243,146.75275,-380.9713,471.39975,171.36572,-210.84737,369.31897,164.10721,-189.9425,430.47678,205.14464,-356.5771,389.5787,202.0927,-350.9135,527.8236,323.38312,-209.98068,306.6435,316.2053,-233.98051,509.57956,524.52246,-258.13013,320.9154,523.95953,-314.8241,475.27536,697.4106,-454.60068,357.97324,683.0209,-463.20517,485.6505,758.1885,-532.8037,352.63943,735.6627,-535.12854,450.4803,756.2431,-577.778,383.6885,731.959,-576.31024,441.86023,737.4062,-477.37558,394.78824,714.4276,-485.84988,471.2673,647.00116,4.931567,341.6211,642.3052,-4.0152235,676.8437,528.36365,-176.81563,142.34723,522.35297,-202.7915,461.76575,737.88855,-130.22612,342.03094,711.1373,-105.190796,430.6652,745.67804,-120.23289,376.4402,723.50037,-91.634865,402.34265,789.5273,-280.72247,360.48004,753.1313,-208.41266
82. 15.pngresized.png,328.96805,169.24146,-385.04745,342.51578,146.34285,-371.5771,351.09085,147.62799,-371.5326,359.80573,148.81851,-371.4648,319.5012,142.35204,-377.6051,310.08203,140.0062,-377.54965,300.70267,137.81651,-377.78012,365.7353,157.33514,-242.80257,283.48788,141.0742,-264.20062,340.1136,190.47092,-332.69122,306.74228,184.00032,-338.19952,396.48233,246.01659,-179.6367,207.52379,220.11226,-246.09253,431.54865,377.6956,-211.25285,117.94152,353.4128,-306.65387,365.2316,453.5291,-311.01855,234.39516,454.67764,-344.82867,352.86447,493.154,-328.22403,261.93802,503.53516,-365.4651,332.78006,476.2452,-338.9603,285.321,478.73166,-358.4331,331.57007,463.57693,-312.4067,278.209,462.77155,-336.04617,314.55545,451.97592,10.57564,204.48653,445.06757,-10.404345,507.42874,433.08954,-168.64534,36.5329,402.2717,-221.27568,317.91098,525.46484,-75.58259,219.82614,510.5587,-92.6218,298.758,523.14594,-59.30421,244.87978,497.26233,-70.92966,261.05142,542.15405,-127.20378,292.29584,557.27875,-116.59122
82. baddha-konasana-1.pngresized.png,380.24988,213.90207,-89.88052,389.1215,210.89554,-93.792854,390.1791,211.30815,-93.73693,391.2057,211.87444,-93.90902,385.0332,208.85886,-97.854,383.50043,207.49646,-97.787834,381.8479,206.15775,-97.682945,385.74078,209.15564,-78.98565,373.73273,202.21585,-96.588196,372.96893,216.85791,-81.94753,368.54306,213.524,-86.920395,362.12534,208.8121,-17.248083,328.49997,204.48999,-126.12883,403.00586,285.0101,-1.3800346,323.2297,287.39124,-150.0319,436.9732,351.5035,-29.990673,377.3312,350.84293,-133.39471,448.93677,367.95496,-35.105038,386.4064,376.10486,-150.27216,446.22153,367.6337,-44.826153,401.8421,363.20993,-145.70569,438.89154,361.24884,-37.20868,398.59824,353.47015,-132.38759,222.16408,172.61113,38.199734,203.64244,164.50243,-38.228325,229.88457,282.7944,45.70702,195.33714,257.90082,-63.993942,169.90178,321.98557,88.53935,128.72437,327.06033,-19.13239,162.54907,320.9507,94.44923,120.322266,328.7612,-12.218905,154.65526,350.9683,82.74738,113.785225,376.67297,-36.009987
84. file.pngresized.png,107.93781,193.84897,-134.25484,111.08126,163.24275,-175.1234,114.71279,161.13875,-175.14505,118.35965,158.90701,-175.26173,109.099495,163.64786,-130.56302,110.28607,162.52261,-130.61429,111.70797,161.50253,-130.57283,153.10135,151.42885,-267.8894,144.1152,152.92668,-64.08912,136.25082,204.64969,-161.849,131.20903,206.51588,-103.61116,263.57806,267.55722,-303.53342,243.47147,237.84851,33.229496,303.1016,470.74176,-291.95648,264.58887,392.46265,114.877144,176.13971,520.84595,-192.87236,172.96913,466.48383,42.018803,143.20929,539.9607,-228.90453,149.93097,477.8968,38.496384,131.22173,502.58795,-214.59192,127.43995,470.51843,10.531526,144.25967,490.95596,-187.67656,133.90671,468.62704,24.50228,440.94418,488.78024,-99.775604,424.33975,452.48874,100.69652,204.05302,488.79337,-18.552784,229.81718,430.55508,260.87646,166.26268,464.78244,264.91125,168.66296,457.70993,394.25452,174.24567,464.12973,290.67035,169.00983,467.94943,404.65793,90.79966,429.5267,295.36536,100.54493,428.50433,397.52545
9. badyogi.com2fblog.pngresized.png,130.53653,57.24832,-94.36859,134.47906,50.461807,-83.88811,137.43942,50.58452,-83.8679,140.44548,50.674026,-83.9388,126.44233,50.55931,-86.00226,123.30219,50.5849,-85.98621,120.17504,50.677338,-85.99063,143.65839,56.433533,-33.991802,115.56684,56.281464,-40.863335,135.76604,65.795685,-76.723595,124.10901,65.7728,-78.77796,158.36362,97.65469,-40.777153,96.41885,100.28825,-55.04698,154.66766,150.73575,-45.91604,99.512436,152.11331,-70.82762,140.81943,193.13774,-93.49477,114.83784,190.68768,-103.18344,141.25006,210.61176,-109.756294,114.23261,206.95683,-120.89938,133.77335,209.19388,-119.74962,123.75242,204.35234,-128.20541,131.95341,203.31735,-98.09945,125.23347,198.0301,-106.96565,148.07854,185.29388,2.542128,110.601265,190.02806,-2.2476282,204.28564,176.24794,-67.68072,54.857735,191.42186,-91.59466,147.33447,210.02579,-18.53707,121.2457,215.6846,-41.415375,140.15869,207.78946,-10.420245,126.68636,211.10287,-33.791603,128.05473,217.90895,-28.890747,147.22101,222.04572,-59.528324
9. reclining%20bound%20angle%20pose%20(supta%20baddha%20konasana).pngresized.png,294.9514,387.4712,-426.68744,287.29138,412.7093,-428.6793,280.52405,414.2466,-428.59497,273.55737,415.9192,-428.5138,306.56525,411.17102,-430.03717,314.24313,411.8091,-429.93097,321.81244,412.35895,-429.85492,265.68076,422.8869,-321.80405,332.9779,418.642,-327.18915,283.3523,379.2306,-378.82767,307.3048,377.62112,-380.34235,214.08536,373.07724,-227.80315,385.50473,369.68912,-243.02678,146.55663,292.59933,-193.54964,442.32788,289.30026,-205.17744,64.162346,252.61995,-301.8998,524.5286,240.4492,-288.40735,32.825394,247.76006,-315.5264,559.76,226.83731,-305.9261,35.5888,250.07072,-365.25842,549.685,232.66258,-349.4573,53.590576,249.30795,-323.67905,530.5126,235.68036,-308.3574,245.18436,175.98473,-4.8059883,345.68127,173.8555,5.399764,109.06197,75.87871,-95.517555,476.15076,86.88414,-28.564388,241.24088,129.91255,114.55241,354.38022,125.05827,112.90293,258.28784,156.66335,147.57549,334.76086,152.39421,135.24716,281.90265,110.69274,201.72328,305.404,93.992874,186.32947
90. butterfly%20forward%20fold%20-%20baddha%20konasana%20variation.pngresized.png,398.15454,248.34232,-451.44592,407.59787,235.21344,-447.8924,411.95142,234.70277,-447.80716,416.29932,234.43504,-448.02414,392.9298,233.14668,-451.3357,386.7044,231.23366,-451.3112,380.35126,229.48486,-451.38486,408.0096,224.976,-382.73813,359.4461,219.92577,-402.8783,391.10995,253.63632,-423.81107,375.73013,250.22821,-429.51477,400.05032,221.35547,-283.55524,280.74158,235.498,-353.162,450.7618,348.05698,-241.6926,313.66342,390.26843,-379.2016,500.9266,450.93918,-306.87778,435.99484,473.95972,-461.26688,535.20355,473.9216,-330.6942,464.62994,501.92084,-522.11475,519.9481,474.6376,-362.564,486.73877,480.25223,-525.4855,498.35806,467.47522,-321.81168,478.16284,470.8125,-470.8733,253.38318,209.6807,40.41653,185.91333,211.66586,-40.624622,290.68585,288.5819,62.88391,169.54518,334.8951,-61.387486,279.58417,306.01996,237.22289,222.86743,330.4093,198.83138,272.31848,305.28925,257.07605,236.7221,320.00443,228.59695,293.95355,337.76163,271.71646,237.09175,356.4237,275.61166
93. angle-pose.pngresized.png,365.33774,196.15685,-71.183266,375.16187,202.98866,-72.48664,375.87045,206.55403,-72.40642,376.60553,210.22401,-72.48816,373.25616,195.73097,-55.08936,372.8226,193.66118,-55.0737,372.2347,191.61736,-55.00906,372.68594,223.02682,-55.462784,368.16034,198.93474,24.684072,356.7456,207.61359,-65.829445,354.66953,197.61789,-42.22356,334.1292,251.9637,-44.280754,317.32483,202.55788,49.009304,391.0262,270.06396,-47.733147,325.56833,210.65274,125.967575,416.69974,268.74136,7.650477,356.965,210.0283,189.85075,424.10483,268.6892,4.291138,363.07648,211.85071,194.31328,421.4659,266.107,8.162798,365.4393,212.68405,200.22757,416.7955,265.61273,8.620907,363.26718,214.06465,191.65932,183.79652,260.82697,-34.815666,183.94109,220.4335,34.91582,95.55832,285.6128,-146.9618,109.34533,170.49814,-95.46812,59.593124,261.09607,37.62127,71.46865,245.88052,42.878986,63.678066,260.83603,59.23355,75.20844,262.1028,57.000877,18.76553,246.6035,35.62055,30.499386,249.49353,21.39369
94. unnamed1.pngresized.png,223.34163,116.608505,-273.45642,229.3665,105.76471,-268.69888,233.60075,105.761055,-268.6485,237.95706,105.669586,-268.63318,217.26668,105.40791,-268.65906,212.64525,105.034966,-268.64667,208.041,104.759575,-268.75644,242.93661,110.035126,-204.9717,200.99454,108.413536,-204.4633,230.12073,127.28134,-247.24161,214.5828,126.71116,-247.01218,266.17703,155.96373,-161.38535,165.53893,153.5174,-171.20149,309.81424,214.12303,-166.4544,108.85927,206.75237,-196.15733,363.25116,271.29456,-226.95377,48.14806,268.41235,-235.04742,382.7536,286.2985,-232.92928,23.99801,283.26538,-238.72447,381.14078,284.92294,-266.64142,30.409355,285.30646,-275.89554,370.14685,282.48483,-241.06842,43.355568,282.72772,-251.19357,235.60464,265.87674,2.538934,183.51268,265.49384,-2.0866406,326.15915,270.00882,-84.70299,104.35904,262.21457,-117.52475,236.22433,305.48798,-9.251457,186.36868,302.28912,-15.240233,220.16739,302.16876,1.2886398,199.66489,301.85596,-3.0478845,221.61125,326.2853,-36.25638,200.87076,319.49377,-38.164715
