1. chair@2x.pngresized.png,310.83963,305.49454,-35.25948,310.649,292.28793,-62.68246,312.02832,291.13626,-62.56664,313.56674,289.99622,-62.70457,311.0771,292.2955,-23.012579,312.49042,291.30466,-23.008415,314.09598,290.47617,-23.029425,328.08896,284.6447,-134.46378,327.2974,286.02042,46.396355,321.08334,309.88715,-58.156414,321.4423,310.23865,-5.3771963,363.43567,308.08026,-220.3113,359.94376,313.17215,148.74075,294.0065,259.07147,-365.66736,310.74283,267.68668,212.5091,245.63924,199.325,-339.75873,271.70438,218.03328,68.94628,233.25407,179.9721,-382.28287,264.86713,202.13228,61.16816,237.0812,178.9639,-358.4246,265.373,197.24971,28.989538,240.77895,187.39874,-331.9838,268.2282,202.7773,49.487896,436.46817,465.83533,-123.87852,425.9754,461.20282,124.06641,355.90826,555.12616,-141.74843,363.21448,555.4738,144.06277,400.77646,644.32446,-20.541538,373.61703,650.7223,242.3603,418.71344,656.3922,-12.364062,388.59894,666.22815,248.11986,372.90482,667.90875,-49.324455,327.36087,678.13245,212.26147
10. 3935cb043ece7e76c0e054ed1fa6909a.pngresized.png,243.34956,135.81093,-18.573431,247.94244,125.68918,-39.70772,249.43126,125.85564,-39.552532,251.02246,125.98392,-39.628147,248.03632,124.40884,-13.936987,249.03772,123.71944,-13.981666,250.2278,123.15597,-14.049647,262.57806,129.27509,-94.47311,260.572,126.25586,22.025475,249.12021,145.67882,-35.34923,247.94975,144.13211,-1.2122502,271.70377,164.48764,-134.62389,284.58218,164.87733,91.32367,200.65184,115.20271,-200.00052,225.71767,121.09952,136.95448,157.6922,54.00119,-186.71274,180.30309,68.47824,64.09454,145.04869,36.213745,-217.9907,172.39706,49.77245,61.02193,150.72668,31.737862,-204.72237,169.84825,47.57064,40.34952,156.29123,40.54221,-183.60646,172.12003,55.5015,52.044758,355.7131,317.79633,-84.034645,357.6917,309.66016,84.24245,265.35403,387.67792,-81.45342,286.37387,375.53162,100.76506,301.01895,482.0997,-8.067276,301.98276,477.9194,168.35002,320.98343,493.2426,-2.1914384,321.9134,490.58466,171.96666,265.70023,506.32797,-15.798251,254.65651,518.2629,164.00305
12. chair%20pose%20shutterstock_133033220.pngresized.png,154.89876,108.1651,-24.187405,160.08002,103.06813,-34.186375,161.45969,103.40224,-34.138973,162.93509,103.71362,-34.211468,159.7255,102.79935,-17.405577,160.60707,102.82828,-17.436644,161.5742,102.9545,-17.392178,171.66066,106.551796,-66.74521,169.08331,106.31312,13.208769,158.98386,115.04372,-34.799477,158.65952,114.14724,-11.276949,182.74672,127.5108,-81.010475,182.51761,129.34515,41.342087,147.90436,84.43324,-120.41206,159.55647,93.22223,80.945114,127.74177,43.834396,-104.17668,140.02524,54.479977,33.858334,120.672066,31.465714,-126.97835,136.06265,42.988987,41.154297,123.941895,31.2174,-109.130325,133.63583,40.30076,20.345371,124.9413,35.596893,-98.78862,133.34767,44.144714,25.061924,248.49094,223.69386,-55.89424,243.87117,217.73889,56.119736,174.60226,265.63763,-63.632298,189.8784,254.89328,83.31817,197.58743,330.8828,-21.828613,194.56741,322.51144,128.1939,213.6768,334.16364,-18.622541,208.3218,329.12094,128.7081,172.72493,354.1928,-17.914604,162.43771,351.91055,133.75883
13. af2078559c060f0fe40809c32159dcd8.pngresized.png,560.83856,395.2678,-97.87242,576.8168,407.3811,-92.70647,578.8886,412.59183,-92.76966,581.262,418.02106,-92.89243,571.68976,395.72513,-50.864346,570.8866,393.44073,-50.66864,569.90845,391.31808,-50.64023,580.14435,446.17624,-55.79536,568.26666,408.934,142.73724,551.9755,418.86157,-87.52609,545.48267,404.46735,-30.72909,511.1685,548.8724,49.37038,486.2948,386.55652,67.92904,480.0754,653.07104,21.045563,489.9496,282.52365,20.064924,451.24872,748.07904,-116.40296,498.83636,176.62558,-15.85415,448.43216,771.1934,-134.63113,490.78894,138.15144,-35.29614,448.00494,772.72516,-188.13622,511.47147,139.71141,-49.924248,447.78925,765.1824,-145.14737,513.51715,152.30579,-37.855946,326.4244,565.7119,109.45089,293.48657,518.82996,-108.47399,445.47702,630.84265,106.71932,503.01578,599.5986,-225.58022,418.2856,760.44104,46.720703,430.57538,756.68726,-294.52332,387.15872,773.9421,37.41258,402.06845,775.92957,-304.21857,477.23456,830.27893,-10.576504,482.23935,821.596,-406.43427
13. utkatasana.pngresized.png,328.49136,162.59657,-49.33071,324.05432,153.64836,-41.547066,322.55246,153.49178,-41.4453,321.21045,153.37875,-41.555946,324.7124,154.04268,-66.50761,323.6471,153.68532,-66.46346,322.57245,153.49612,-66.50591,310.59933,157.25502,-7.3101854,311.56598,157.5871,-117.947754,321.655,171.94017,-36.292683,321.49042,171.65167,-68.042336,291.816,198.91968,40.600414,284.79535,190.71979,-169.16429,330.38025,138.81268,75.3668,320.38354,124.480194,-242.35306,342.93628,67.21307,-3.1711857,339.1165,56.365612,-223.01578,342.10284,47.51632,-17.323988,341.81955,35.717735,-250.0537,340.55392,43.6888,-23.029806,340.80734,36.83698,-237.29582,340.38547,51.27726,-11.550193,338.97937,45.55082,-219.20361,238.53575,332.3688,74.63286,227.60132,333.7511,-74.39707,279.13318,429.14545,77.00627,283.97424,434.36847,-81.92505,275.00095,513.6411,117.62113,268.8033,523.99005,-22.47519,263.60513,524.77356,119.69306,254.59775,535.3806,-19.208946,305.6698,540.1643,94.17295,293.35367,550.166,-48.78505
14. chair-pose-a.pngresized.png,245.92584,146.86713,-344.88312,251.45923,138.82109,-338.70712,254.77791,138.90614,-338.6951,258.1756,138.97043,-338.66022,241.74757,138.39992,-339.25,238.32942,137.92322,-339.1173,234.92671,137.62062,-339.11142,262.84225,140.5951,-254.70743,230.18935,138.71115,-255.21233,251.92923,153.17119,-310.2246,239.67578,152.18687,-310.35187,276.61017,158.12354,-216.00168,214.06125,164.42702,-176.69165,300.28836,123.183716,-325.3075,186.20203,138.70847,-284.88165,316.36783,64.34092,-388.4506,163.416,75.03954,-359.82324,324.61127,46.210842,-408.29196,151.59216,54.60183,-381.53787,322.23108,45.688107,-402.9915,156.22198,50.263466,-367.57336,318.77875,53.04803,-390.16495,161.33385,57.96167,-360.45844,267.56793,240.7963,-3.8709173,228.64774,244.65013,3.8164544,284.48544,301.02625,-189.17816,213.15735,313.53442,-186.56993,279.631,385.80057,-96.58582,215.80458,393.31073,-100.62394,275.3828,394.8501,-90.969925,220.68204,402.62228,-97.380714,280.6049,415.61697,-168.17293,208.15924,421.70242,-187.62451
14. yoga-chair-pose-meditation-utkatasana-512.pngresized.png,287.05948,131.1813,17.353529,285.69824,123.10153,27.691923,284.51538,123.01343,27.75032,283.49182,122.95744,27.725367,285.91522,122.28584,5.9156604,285.14053,121.2688,5.922281,284.26532,120.34625,5.701849,274.94275,124.9012,66.62623,275.6894,121.23628,-30.74005,280.93115,139.07773,32.088936,280.33435,137.41884,4.3705845,251.63495,164.21669,128.0354,250.39429,146.9471,-95.79289,309.37213,141.4049,216.81445,306.84003,113.14821,-160.31438,332.7845,105.17615,188.97745,328.27722,80.114105,-70.73362,335.002,94.467316,187.32124,333.3402,66.46065,-84.66653,332.50708,89.94255,172.94113,328.87433,67.36125,-71.92139,332.4214,94.70891,179.28902,326.4428,73.99538,-64.76011,181.06537,285.93283,76.54015,172.1528,285.3447,-76.60869,268.39526,351.56952,85.61776,277.67236,351.39172,-104.573166,260.3242,453.6112,157.31172,243.14941,465.43628,-43.09219,249.00002,466.6337,162.42258,225.03462,479.5318,-33.850372,278.6068,477.7696,136.45836,262.5376,492.49506,-37.01415
15. chair-pose.pngresized.png,149.82928,97.61281,-20.722588,149.66812,93.45746,-16.953228,149.00871,93.12268,-16.871502,148.40181,92.818474,-16.88993,150.14069,93.89188,-27.991161,149.824,93.64366,-27.98427,149.47963,93.45391,-28.036856,143.3229,92.25444,2.6429527,144.52959,93.20149,-47.17357,145.65306,99.780365,-12.718052,145.92273,99.81283,-27.043646,126.66589,101.55208,26.241158,130.56802,101.366234,-70.876595,148.78311,82.64198,37.74244,153.2409,80.95048,-113.41316,164.51053,57.144295,-3.435163,170.10678,55.605377,-107.36111,167.25275,49.089714,-8.1958,174.40294,47.237762,-120.92224,167.81047,48.555527,-15.8392515,171.87886,45.278328,-112.3267,167.414,51.90139,-9.062364,170.08191,48.415207,-104.45156,94.13008,151.08113,34.272648,93.122734,153.62392,-34.22528,123.15042,175.14343,48.49721,128.25906,179.14633,-39.15334,118.75854,211.68916,80.67326,119.93456,213.67982,3.09105,114.81277,216.9445,83.113815,115.043274,218.03552,7.828324,124.735504,221.28368,76.26925,122.97162,222.03758,3.854826
15. yoga-pose-101-utkatasana-or-chair-pose.pngresized.png,155.32912,129.41113,-18.518343,158.70117,123.03219,-25.167292,160.36235,122.275314,-25.06605,162.08629,121.4852,-25.082369,156.91742,124.43478,-10.480292,157.02908,124.62932,-10.466374,157.20155,124.93678,-10.463776,172.80179,122.5832,-39.4881,165.4446,127.55325,27.809109,163.19937,134.12689,-23.434252,160.22273,135.78833,-3.7194912,192.42209,139.0185,-61.08716,180.8928,153.95317,58.90342,167.63745,94.25489,-117.01564,154.20743,123.8764,97.625534,153.48843,50.21838,-117.337364,132.52779,92.94042,56.55306,152.10379,37.75348,-128.36266,129.63283,85.57968,55.282444,152.91547,37.89283,-126.28739,130.68336,82.44809,45.29608,153.03279,43.87562,-116.69581,131.94722,85.41508,50.81486,233.07819,229.7079,-45.19419,222.09581,234.37949,45.32388,177.75795,270.63773,-51.659557,179.20149,269.35608,59.9246,190.95874,325.60263,-23.026987,187.78923,323.319,88.413345,200.95288,333.08246,-21.428862,197.95778,330.6173,88.54937,169.58061,341.3204,-38.875225,163.20413,344.72333,77.137146
16. 12-copy.pngresized.png,121.49067,81.07634,-38.623745,124.62264,77.5764,-47.452778,125.373184,77.80702,-47.328068,126.18075,78.04121,-47.316097,124.73724,76.7954,-34.28093,125.322075,76.387215,-34.263294,125.92833,76.07302,-34.32451,132.09142,81.20805,-68.27123,131.2255,78.45832,-8.869188,124.38114,86.48128,-45.817955,123.8514,85.44238,-28.527235,140.41089,99.88315,-98.27831,133.13383,99.974724,15.0161085,129.54529,65.036835,-156.86359,127.428085,69.28159,19.036467,123.85358,26.71185,-176.45024,120.86986,37.534706,-23.778074,123.08463,16.101505,-193.30789,120.16483,29.266624,-31.636505,123.06159,16.57003,-189.00958,121.03494,28.088093,-38.39305,123.295135,20.830746,-176.83852,121.96129,30.82539,-29.68231,149.29526,172.18678,-40.58062,140.46999,172.02383,40.723995,131.92386,218.55525,-42.360825,128.12825,212.95476,36.796516,151.50731,248.17711,13.2541065,139.86679,245.0414,85.757866,159.75903,250.8858,18.192007,147.92729,250.07655,88.91503,140.9647,263.91898,0.87894714,121.078926,260.0869,77.33308
17. utkatasana_richtig_yoga_journal.pngresized.png,267.5603,160.79674,-63.00544,275.15274,152.46657,-78.62111,277.09976,152.41713,-78.393974,279.17273,152.38582,-78.343216,274.20813,152.57642,-52.306164,274.91644,152.39066,-52.309948,275.65073,152.38907,-52.4851,292.49988,157.76024,-116.77722,286.581,157.31358,4.0161676,274.24005,170.67548,-76.51394,271.84778,170.3625,-41.186848,310.44995,195.05614,-165.77402,283.05838,200.08917,42.94879,284.9323,127.0093,-270.00027,257.85342,141.23412,53.96107,275.82028,63.286404,-286.90405,238.91658,75.002304,-24.218536,274.32297,46.40447,-317.4017,235.1329,57.298813,-39.76824,273.69354,47.00613,-310.27463,240.90376,55.500847,-54.318237,273.47372,54.64375,-287.6898,244.98595,61.795418,-36.60016,305.01965,342.88702,-75.300804,284.6387,340.23825,75.71803,250.49669,424.73538,-89.98815,255.06076,417.3754,67.94221,287.95963,501.7169,8.85581,262.34738,495.17966,142.8552,304.22098,511.2603,18.174227,275.4548,508.7237,146.91113,267.14908,530.2093,-3.223246,226.79393,520.3605,122.335365
18. progetto%20senza%20titolo%20copia%208_4.pngresized.png,252.74045,136.80771,-21.793163,249.79347,127.37546,-14.821345,248.01158,126.73784,-14.673447,246.36984,126.19379,-14.678375,250.03706,128.87036,-39.311604,248.60172,128.71764,-39.284515,247.07336,128.72893,-39.356106,234.82005,129.44774,22.038467,235.2471,132.39302,-90.400635,245.13547,145.2248,-7.207128,244.97662,145.90182,-39.627357,205.00476,159.17229,65.70012,214.06017,163.53288,-128.58057,254.96947,106.06151,124.41158,268.159,112.533745,-198.60559,288.42795,50.005367,46.76345,302.39734,49.020233,-177.5482,292.7227,30.740705,45.417286,313.3244,27.716497,-207.86525,295.33072,30.417242,20.07996,308.07373,23.59159,-190.15982,295.34137,39.05547,33.183178,304.60944,31.813818,-172.65591,120.599915,280.5057,75.71934,123.083466,289.0179,-75.452385,220.251,285.9274,118.97404,243.47441,305.86627,-92.024124,184.03403,373.2243,190.8803,184.7194,376.25156,22.281256,167.76158,380.2672,195.58113,166.63634,374.41586,36.020588,193.84949,401.23575,216.75545,179.0615,406.28717,81.16102
19. 4%20chair%20pose%20shutterstock_173657711.pngresized.png,175.9601,108.18698,-43.545666,176.31897,103.0314,-56.94129,177.13399,103.26115,-56.87663,178.01042,103.5081,-56.999065,176.37595,101.09113,-40.031452,176.96973,99.9371,-40.010117,177.69644,98.861565,-40.105656,185.30598,103.13954,-96.38946,184.25136,96.90661,-19.761827,181.3384,113.00749,-56.67598,181.06557,111.02077,-33.983757,204.6906,123.298996,-137.67336,209.37694,111.278984,16.999714,151.63673,100.42934,-188.75212,165.34006,88.055336,35.96468,104.07253,58.99734,-176.99945,123.96785,56.821938,-12.274514,88.158356,47.240643,-201.71207,114.07336,42.065243,-22.166735,91.728165,41.57831,-191.25435,111.66732,43.143597,-37.158073,97.1015,46.159824,-175.7252,115.37437,48.8798,-22.930632,253.67694,219.62585,-60.078262,252.69635,209.42847,60.39663,191.42517,270.6129,-62.722412,205.47148,259.3886,78.445526,224.4285,328.3379,2.801891,215.46451,321.8497,128.82774,238.6169,333.26648,9.99348,227.35898,329.1435,131.72377,205.04846,344.69052,19.535328,186.7187,344.75742,135.75468
2. d691b767d75133d3e177618dd04dfeaa.pngresized.png,399.9,497.35742,146.73772,402.005,500.82706,136.9087,402.50345,501.48904,136.91151,402.97223,502.21902,136.8589,399.6138,499.92383,148.01561,398.76398,499.8492,148.02733,397.94028,499.7162,147.92613,401.02493,503.40396,94.571075,394.95157,500.15823,146.55206,398.39246,496.66495,130.55652,396.5184,495.2953,145.76672,392.65753,500.22922,11.677481,382.10306,489.0773,154.12933,386.38525,493.84344,-80.998535,379.26068,487.98056,177.59404,386.16574,477.49326,-142.36943,377.16193,476.81503,176.03558,383.12112,472.61368,-158.86488,374.7367,471.76028,176.47092,385.49063,472.9238,-155.17299,376.0618,471.5443,166.40236,384.83054,474.80402,-141.76003,378.05405,473.92017,172.2419,365.56024,447.79196,-54.187153,360.8497,441.4507,54.23607,403.71283,408.34726,-78.764755,391.80038,405.6536,6.324095,410.13412,343.4861,-133.76122,407.64917,342.67206,-51.597416,405.2847,334.6296,-137.45236,405.59875,331.5784,-60.03189,421.41223,319.71097,-151.815,418.61133,322.7281,-88.35121
21. chair-of-heart-for-blog.pngresized.png,253.92706,106.276,23.511593,249.08348,99.507805,32.63822,247.85516,99.33785,32.707294,246.74818,99.13903,32.599056,249.88576,99.64662,8.182526,248.76074,99.36796,8.195625,247.63725,99.20255,8.071458,238.725,100.92187,64.99116,240.1299,101.33346,-44.0556,250.16273,112.26629,37.330563,250.16756,112.27324,5.852851,225.72743,131.74585,113.6639,232.07193,125.03615,-100.366165,238.66878,90.75948,157.53117,247.37495,82.17043,-159.08702,236.64815,43.186623,77.463615,238.07289,38.753586,-101.18649,233.25331,28.448105,73.55953,233.68805,24.76561,-107.6853,232.98613,26.972332,58.025166,231.3931,25.137642,-94.21215,234.14107,32.246254,66.914246,233.49889,30.828987,-93.491875,236.93802,243.52164,71.25096,240.9923,244.3702,-71.219444,230.59584,302.93546,91.088234,269.7449,327.0092,-86.21211,181.7959,346.5835,127.15483,225.30138,356.2272,-19.866816,172.27611,350.4206,129.49123,214.08519,355.1524,-13.17376,176.64876,365.2693,109.91082,222.36761,382.40228,-24.600967
21. the-revolved-chair-pose-yoga.pngresized.png,571.2041,413.83325,-231.52946,589.4305,421.54572,-217.50499,592.13007,427.23474,-217.42722,595.0094,433.0164,-217.34111,583.4181,409.22864,-207.67923,581.95825,405.73773,-207.70853,580.3448,402.31183,-207.80667,596.26526,454.90768,-114.19021,577.99414,414.24487,-69.74227,564.65717,436.87918,-195.22075,557.0873,420.73813,-182.40697,541.0027,528.2629,-0.1377051,510.88315,421.4168,-112.74003,490.01727,629.6038,-223.44917,456.44492,395.97092,-349.87244,512.5112,537.87134,-458.38174,503.7412,468.80112,-494.66333,507.13208,513.0256,-489.9438,509.80695,496.41113,-522.2028,518.38885,501.9958,-463.0052,517.68475,492.06915,-502.011,513.5805,508.62756,-447.27704,509.53464,485.85867,-487.9938,366.40723,579.2276,96.30496,332.38715,535.6753,-96.41993,496.13528,621.0426,138.31013,465.2666,630.12256,-162.79092,439.96063,761.3561,243.17226,424.5999,788.5522,-69.98851,413.0993,775.203,250.6712,400.57166,806.1183,-63.503197,472.36517,827.4887,187.84128,471.0127,850.69556,-150.56007
22. 4%20chair%20pose%20shutterstock_173657711.pngresized.png,211.6263,121.74622,-54.168102,211.62752,114.82046,-70.50941,212.73538,114.96144,-70.42389,213.92287,115.12273,-70.58549,211.39778,112.66114,-50.13051,211.98065,111.28277,-50.116726,212.73262,110.006294,-50.243046,222.87897,113.90562,-118.0519,220.69418,107.07648,-25.64667,218.86397,127.16322,-69.47624,218.06775,125.04773,-42.166767,248.50638,137.5499,-160.79492,253.09198,124.09124,19.45768,182.61458,108.35565,-218.06679,199.6748,94.62995,40.39395,124.92373,57.821316,-208.33516,151.93369,55.61527,-27.239176,104.87257,44.134003,-238.8577,140.41531,37.000397,-40.19275,109.56715,36.36817,-227.16342,136.59938,38.80547,-58.873554,116.6679,41.82064,-207.02422,141.05266,45.74157,-40.460865,308.50504,256.82483,-71.59289,307.45563,245.17448,71.88842,230.37585,314.5401,-71.98212,248.25159,302.4696,96.16607,269.99197,385.89914,5.0902944,261.06235,379.2636,159.53705,286.86688,392.3367,12.886528,275.62518,387.79095,163.25146,245.74783,406.28265,22.937098,224.17636,409.3979,169.18694
22. chair-pose copy.pngresized.png,160.93768,102.32968,-24.123043,159.56912,95.363625,-37.455853,161.09982,94.84288,-37.365437,162.72842,94.30728,-37.476,157.59319,94.11477,-17.894257,157.3566,92.92489,-17.908411,157.28722,91.80133,-17.939117,171.7624,90.54253,-77.865295,164.42726,87.3009,10.162368,170.22609,105.20503,-37.4394,167.27289,104.32234,-11.602783,202.28633,103.30045,-114.20273,194.21999,96.378746,54.30776,145.42075,87.350624,-165.61238,148.19983,79.37438,87.659355,90.75565,48.852016,-149.01106,105.062195,49.585342,30.49279,76.11711,39.878567,-171.17006,95.78629,36.90561,24.365475,77.67722,34.694603,-163.46085,93.16168,36.968014,7.2235174,83.06376,39.22975,-147.18903,97.21243,42.200726,19.644657,276.62506,208.08226,-62.902866,268.39105,197.70842,63.07469,187.60417,244.16058,-71.897575,187.05916,224.91206,85.87946,218.14961,315.86404,2.9938996,215.93694,300.75452,142.55463,231.39084,321.9896,10.724169,232.86621,306.6106,146.4335,198.75667,344.10458,17.522491,187.2107,343.1755,155.20125
22. chair-pose.pngresized.png,225.86095,118.195465,-28.234543,223.9375,109.3284,-24.056446,222.62225,108.72168,-23.896833,221.41483,108.17834,-23.930824,224.55035,110.46976,-44.69045,223.63857,110.21018,-44.701664,222.68306,110.06088,-44.754337,211.28484,108.53286,7.163077,212.74487,110.86556,-85.82974,218.68758,123.693275,-14.5458555,219.01727,124.326866,-41.342022,184.42113,131.21135,58.460213,193.95631,134.61626,-124.8845,234.63588,100.35358,82.70284,244.68364,111.75643,-186.95737,266.73447,59.30174,5.806972,276.5274,68.28357,-166.88043,271.74173,46.146015,-1.0403531,285.1102,53.98915,-190.67674,270.44525,44.361565,-18.784204,279.9397,49.93327,-178.59248,269.35754,50.744583,-5.4262652,275.3591,56.320602,-162.39328,119.43419,228.97078,60.122147,119.44902,234.66058,-59.97392,192.68088,259.2194,76.43635,207.20552,264.7123,-73.072754,176.64871,340.75214,131.14836,170.32777,334.85065,19.580896,167.24118,351.70444,136.06464,158.4378,340.8315,31.425072,188.2793,359.84656,128.07678,173.09984,355.35794,43.70529
24. chairpose2.jpgresized.png,354.5996,195.13745,-40.219433,369.10214,189.6766,-63.158123,370.9513,191.56961,-62.93572,372.9162,193.37433,-63.020775,370.0789,188.02164,-26.271374,371.84766,188.48921,-26.283087,373.8246,189.16132,-26.240004,384.09012,207.73299,-126.66278,385.0014,202.43066,41.629337,353.35907,212.1601,-61.156296,353.76987,208.97752,-11.930641,373.1854,259.9612,-176.48839,393.30725,264.63293,120.305954,294.9021,185.67773,-251.69678,334.19434,189.37929,186.50745,243.621,88.061806,-240.44339,279.103,114.35532,118.461624,228.05273,58.056118,-281.60608,271.17072,88.955574,126.77883,235.70883,53.398594,-258.57986,268.59766,85.752556,97.01949,240.41635,66.52256,-234.18181,269.16794,96.11904,103.72475,490.64905,475.06702,-118.05894,496.94653,466.93585,118.866005,375.31808,578.8584,-112.51449,416.17825,562.2339,159.6437,442.9212,701.26587,-17.408978,437.68054,697.28186,230.75368,477.16846,713.259,-7.5576563,468.37747,714.9539,232.20404,397.79755,735.17816,-12.321355,372.58862,746.1789,226.03783
24. utkatasana-stuhl.pngresized.png,206.15567,132.67542,22.825308,212.78311,129.11758,12.166345,213.49702,129.8102,12.19178,214.25845,130.44255,12.137795,213.80872,128.47296,30.279009,214.75804,128.70207,30.233175,215.763,129.02055,30.278439,220.06761,138.66464,-14.673947,221.74908,136.72844,66.113945,205.99805,142.46802,13.600085,206.03854,141.49747,37.06592,218.22945,175.65068,-71.77585,232.15842,182.68657,115.45132,198.31728,181.97711,-149.17075,226.89926,171.6212,175.6639,180.97858,174.83138,-165.94243,213.91133,145.91653,204.46004,176.70198,169.6537,-185.39784,214.70497,137.07227,210.09534,178.95602,168.32376,-176.78722,212.02519,134.71597,200.14557,180.22244,170.61714,-163.58543,210.18135,138.59705,199.74501,275.45227,292.1835,-64.97633,278.55988,291.34058,65.27946,211.55984,342.67545,-89.22666,212.93733,339.97845,69.02836,232.80975,436.0685,-42.432877,227.22346,426.5464,93.24151,244.5944,447.2605,-38.13039,238.56508,438.29327,93.32963,209.76297,460.41666,-61.604286,203.4637,450.8087,66.126274
26. a-5 copy.pngresized.png,70.27736,72.55098,-93.881935,63.225235,67.026474,-85.48239,63.61476,64.03345,-85.525795,63.978058,61.048523,-85.58256,62.068863,75.33157,-84.419,61.486435,78.35293,-84.500984,60.956314,81.369064,-84.63033,67.54012,57.499725,-38.678318,63.54039,84.49488,-29.537514,78.79711,67.74167,-76.78508,77.00192,78.66329,-73.89154,112.418945,56.50963,-33.693096,102.88832,96.30164,6.756127,165.2633,53.410816,-18.64536,146.68912,136.55434,-66.12651,145.16481,89.072754,11.953699,142.53119,99.99736,-142.52438,140.17772,101.17821,9.512553,143.01157,91.66803,-155.10255,132.17287,97.91771,12.586824,138.57693,87.81209,-144.81833,135.62454,93.59021,14.2559185,140.48247,89.354935,-140.16736,198.26245,102.15694,-36.855255,184.95163,115.202835,36.734375,132.50336,145.73724,-36.27485,127.032974,152.41489,59.740906,149.80615,216.35663,33.546154,145.56918,210.56699,44.98768,161.02655,223.12723,41.958115,156.00865,216.91473,42.573597,126.50552,244.76564,38.36103,127.16841,237.99744,33.576134
26. a-5.pngresized.png,127.18151,94.837975,-99.54565,131.63446,89.67485,-100.10325,133.63696,89.47434,-99.990555,135.69887,89.26509,-99.98379,127.4862,90.291855,-87.99333,126.37521,90.37047,-87.987206,125.31344,90.5438,-88.03229,142.69608,91.95437,-85.85477,129.12056,93.21566,-30.229362,133.0535,99.81856,-95.057175,127.311356,100.38571,-78.7144,157.16037,112.46319,-100.26452,130.76726,116.97067,1.7462007,151.66508,71.43969,-156.75214,123.975105,83.113976,12.675026,150.0456,29.53434,-181.59476,114.632965,46.905933,-24.161331,150.53232,18.400705,-201.1148,113.224396,38.7939,-31.968304,148.46793,18.588495,-197.40695,115.228615,36.50263,-35.388313,147.66739,23.623377,-183.124,117.60007,39.19648,-28.610151,166.94629,193.19681,-38.978313,148.728,192.612,39.168507,146.53812,245.37596,-45.250816,141.27693,237.43108,29.899948,161.43074,273.9143,26.51629,150.92223,272.1164,79.27222,168.54236,276.37314,32.741024,158.3109,278.0112,82.15791,151.87108,293.069,6.189875,132.56087,288.631,57.69003
26. yoga_pose_primer.pngresized.png,324.2989,239.34833,-36.47309,331.04337,247.8077,-28.003845,330.78653,251.389,-28.090736,330.69894,255.14304,-28.126032,330.85703,238.71822,-20.133865,330.66193,235.92404,-20.099768,330.35764,233.22006,-20.096466,321.75192,265.42676,11.980745,322.23175,235.68822,48.58669,310.6048,249.26584,-23.91921,310.56995,236.90215,-13.276837,254.4779,301.1322,33.131138,265.19278,210.8234,38.472366,220.0676,367.99936,44.897804,259.6811,135.60083,26.042734,212.75049,435.07922,47.254578,272.13107,57.874756,6.259197,208.62325,454.23575,55.113647,272.57947,31.353355,7.994052,216.635,455.30402,27.48924,282.1584,35.01532,-15.672214,216.68317,448.80624,35.12672,278.96045,42.826706,-8.602372,127.147705,282.045,23.765247,126.27203,237.87616,-23.34525,199.84286,329.722,21.079094,240.4261,271.26047,-93.992676,186.10188,408.4104,45.738537,194.46423,318.96237,-65.65695,174.57361,413.5822,45.120056,178.56645,321.60413,-63.8088,203.46347,443.82294,22.855639,212.69972,351.04312,-75.165955
27. breaking-down-utkatasana_chair-pose.pngresized.png,136.28822,102.22568,-175.28229,138.81133,98.28426,-167.93977,140.45418,98.2826,-167.94832,142.14598,98.27823,-167.9511,134.24055,98.45859,-167.4687,132.52953,98.43824,-167.36127,130.84764,98.50067,-167.34515,144.26805,100.536446,-120.66735,128.82289,100.743126,-118.61129,139.22855,106.12663,-157.3208,133.01248,106.1425,-156.59462,150.68105,112.735176,-107.13011,119.54181,114.79403,-102.30517,158.2196,76.592636,-155.36218,115.57024,87.20446,-150.72061,154.69835,42.500603,-163.16075,119.953026,49.362484,-171.08673,155.51685,34.043194,-178.70938,121.43137,39.802803,-184.93135,152.51016,34.01667,-168.95583,122.794754,37.576893,-176.95464,151.79005,37.05216,-162.14436,123.068,40.798847,-170.09862,146.67761,166.08585,-2.5696008,124.72324,165.63205,2.718538,151.2563,206.37898,-118.02446,121.20648,204.93962,-134.25293,152.41493,247.6432,-58.393215,125.14685,246.9953,-80.89606,151.19003,250.82994,-55.30764,128.35928,251.31824,-78.1396,150.33533,264.7164,-114.67259,122.17258,262.76648,-136.01656
28. yoga-pose-101-utkatasana-or-chair-pose.pngresized.png,147.14153,130.6375,-20.400988,149.2873,123.439255,-31.039417,150.57141,122.571625,-30.932524,151.92361,121.6783,-30.948471,148.47095,124.69688,-14.571948,148.90826,124.72791,-14.565065,149.42241,124.86616,-14.59456,161.55173,120.56167,-55.671005,157.46745,125.361946,19.744709,154.1592,133.92828,-27.904062,152.59497,135.38817,-5.7088156,180.69873,131.517,-72.829445,172.78447,145.7371,55.542274,154.76038,87.62135,-135.88289,144.2781,115.819984,91.38044,138.99245,46.37372,-133.79298,122.672165,85.78311,35.118572,137.89946,33.459858,-149.55656,120.8061,77.32295,34.899433,139.667,34.18409,-142.21819,121.21429,74.41821,20.903381,139.94293,40.262157,-131.47525,121.81066,77.83798,28.034609,223.2143,219.65747,-47.92169,215.18439,223.23196,48.008484,170.83838,266.03647,-55.61,177.0583,265.57373,61.04115,179.41594,323.67102,-25.634123,180.9163,321.44705,94.7429,186.57793,332.09018,-24.875814,188.43672,329.42493,95.65355,159.48012,334.2067,-48.090496,157.99751,338.1264,81.97767
29. chair%20pose.pngresized.png,290.4986,155.29893,-25.470882,287.96637,146.48082,-19.831472,286.62354,146.16057,-19.688301,285.4216,145.90578,-19.793715,288.54788,147.02914,-41.762936,287.5388,146.51344,-41.712925,286.4943,146.11859,-41.79587,274.92825,147.59727,11.52293,276.57117,147.98175,-85.2799,283.40497,162.39508,-11.973457,283.40775,162.09709,-39.719788,244.86134,177.12563,59.90481,253.14075,175.11336,-126.95025,274.0585,116.37447,100.805756,280.95367,116.386765,-192.92465,284.10645,55.094124,32.737385,288.45233,46.99667,-175.1789,281.91025,36.420284,26.492357,292.51294,23.251621,-198.77536,282.6756,34.782787,12.52168,288.34186,23.883604,-181.32285,284.66638,42.231876,22.638842,286.86127,33.811226,-170.07823,186.18283,302.3076,63.106297,184.12901,305.91605,-62.962994,240.95854,368.73672,86.751114,257.65005,379.3614,-59.015015,239.13908,446.371,146.83643,248.71576,461.17566,8.969656,232.12227,457.2893,150.83821,237.8976,471.17566,16.196058,254.20044,461.4371,129.1642,265.61597,479.6169,9.128722
29. yoga-move.pngresized.png,215.87906,98.19984,-109.9451,215.44414,92.12949,-104.86323,215.69977,92.08318,-104.807556,216.06345,92.06293,-104.85409,213.05742,92.479996,-116.19897,211.61195,92.38117,-116.189575,210.20494,92.41395,-116.15979,211.80153,94.95889,-68.489136,202.76843,95.711845,-120.451805,213.80945,104.76689,-95.85549,210.45224,104.75524,-110.86221,216.8611,125.37398,-45.305576,175.64436,121.9339,-145.45825,265.81363,95.825195,-42.324356,203.95946,104.69718,-225.50177,303.36923,59.47839,-73.76489,233.63757,56.49955,-277.89655,312.90045,49.288258,-86.64314,240.88718,42.15479,-305.55344,309.9126,46.149006,-91.06113,238.87946,37.752342,-297.53372,305.97174,50.25151,-80.529144,237.73691,43.185806,-277.83563,179.97038,222.2311,36.218586,151.91454,221.56963,-35.998314,200.75494,291.19385,27.197847,156.23476,296.54037,-43.468468,193.97986,348.53683,72.48911,155.95328,354.20898,10.439745,186.04211,356.13867,75.83867,149.24983,361.77448,12.895279,210.62906,373.37582,52.53798,172.9963,377.27954,-33.069874
3. 21-chair-pose.pngresized.png,373.92404,355.7051,-104.47792,374.97162,341.66632,-138.01607,376.583,340.7159,-137.76685,378.34167,339.7698,-137.93141,376.32584,341.23804,-94.8905,378.27484,340.318,-94.88962,380.4416,339.58575,-94.9676,396.42673,336.5576,-218.5301,398.29156,336.81534,-20.974882,386.74445,362.75723,-128.56866,387.8968,362.8719,-70.81045,441.87595,365.7818,-281.20914,437.58194,371.72397,77.067635,368.8045,287.76852,-435.51035,384.53067,299.5796,138.95059,319.6918,211.08385,-448.90192,341.35083,226.614,-5.2464747,306.99777,188.00337,-508.84348,336.43753,202.65776,-22.014547,312.86542,186.87634,-491.20206,333.54053,199.29237,-56.1515,317.03583,197.32532,-447.17252,335.95587,207.50314,-27.544594,547.97644,527.3356,-133.51526,536.9549,520.92804,133.6141,453.40802,630.4656,-109.713715,478.116,618.607,224.31796,485.3854,725.95233,1.0107253,494.06616,718.87964,353.82446,504.60126,743.56775,6.067565,513.1128,735.8612,363.9892,433.3592,744.3511,-35.55911,429.13516,753.05304,357.20367
3. utkatasana-chair-pose.pngresized.png,469.41873,156.7957,-180.80542,459.10675,139.0463,-165.92206,455.8373,138.49142,-165.54445,452.7922,138.17969,-165.48029,459.04813,141.38522,-218.45583,456.11066,141.61244,-218.35336,453.03363,142.12479,-218.31374,428.54257,149.04855,-57.900597,429.76816,153.1452,-299.67426,456.90286,177.13936,-135.60425,456.95892,178.84499,-205.07355,377.82388,217.49977,124.7407,410.23132,236.77023,-385.4282,510.6889,172.86426,239.04652,554.3574,190.32817,-533.02783,610.1903,103.8222,66.18325,659.15344,107.548935,-488.13235,625.4977,70.16588,48.287647,685.7651,72.54032,-567.036,625.96173,67.60384,-3.9743166,672.23596,58.304546,-532.38086,623.42017,84.41769,35.54259,661.1018,71.67599,-477.5439,180.15471,427.1399,179.73427,191.64998,439.67355,-179.31767,336.9414,528.86035,314.03778,398.55164,524.6365,-198.98882,292.0942,710.6609,551.38525,312.59375,691.2238,39.76137,262.23248,739.1333,571.724,277.89603,710.6416,68.20101,347.65298,750.6616,561.5218,348.31436,734.6368,84.97905
30. sara-in-chair-pose-responding-to-the-instruction-to-puff-the-kidneys-and-open-the.pngresized.png,354.49054,172.44186,4.470539,348.47845,162.57121,9.660038,346.32568,162.28767,9.762053,344.3488,162.04128,9.621727,350.6646,163.32005,-17.746634,349.78458,162.93222,-17.639393,348.88312,162.73657,-17.732203,332.94693,165.8339,33.5496,338.75626,166.72673,-89.0612,348.11145,181.97905,15.198486,349.1771,181.76987,-20.043055,310.52405,206.39143,90.97364,325.58197,201.96533,-152.28696,355.5015,139.15678,149.90211,360.0189,134.54007,-232.79436,364.8035,66.0095,61.36171,366.66214,60.022198,-213.6196,360.29224,47.301598,52.09492,367.60324,36.178932,-241.21526,358.3896,42.89643,34.39626,365.32858,36.05105,-225.8494,360.51233,50.72357,50.32726,365.06143,46.75228,-208.91754,269.008,355.9403,85.683105,274.51508,360.32547,-85.387535,319.88324,436.91943,122.40593,364.2575,449.00916,-108.17025,292.29672,522.19885,192.22363,292.7773,529.94037,-42.418377,279.35452,529.12164,197.64989,271.37524,530.65356,-32.906853,303.25565,555.72174,193.85823,294.3637,574.8838,-16.041006
30. utkatasana-chair-pose1.pngresized.png,127.59223,93.23276,-93.85117,131.82228,89.038315,-99.25119,133.41809,89.11599,-99.134224,135.07597,89.18744,-99.1675,129.28839,88.87361,-84.13862,128.91304,88.72368,-84.10501,128.61897,88.65966,-84.06976,143.13914,92.750534,-104.91217,134.62206,91.96485,-35.02078,133.64099,99.59842,-96.154,129.94234,99.35132,-75.63289,160.1667,114.634,-128.535,141.34013,117.198074,-0.13900837,149.21469,70.6923,-198.96751,126.72273,79.588005,24.592398,148.81248,27.847036,-230.92186,115.40402,44.297787,-29.371386,149.66205,16.08742,-254.16731,114.45071,36.68136,-39.803524,149.5517,17.035868,-251.15195,115.79296,33.9581,-48.868008,149.31456,22.776863,-232.46002,117.282425,36.93814,-36.346294,187.81488,193.29224,-45.568264,172.37636,190.8952,45.777443,150.26788,237.46312,-37.679573,139.47652,229.47389,78.75499,155.21976,267.59128,41.48118,145.5514,260.19482,132.75186,160.7771,270.2841,50.34418,151.45355,263.3966,136.80054,143.7546,284.4253,39.065464,133.8232,277.3683,125.45264
32. chair-pose-b.pngresized.png,206.3038,125.60298,-321.85162,210.70033,118.756004,-311.28738,213.85284,118.76603,-311.2464,217.08545,118.76874,-311.24252,201.60115,119.3017,-311.41727,198.24628,119.45107,-311.26093,194.92328,119.77384,-311.25702,220.55461,123.96562,-232.0604,189.74242,125.2736,-230.89421,212.05002,133.94637,-291.16904,199.79997,134.0087,-290.64316,232.10796,149.71272,-215.45692,172.10637,159.2965,-202.32724,249.31244,108.79996,-322.87317,147.54753,125.311005,-345.21103,262.27548,52.831856,-378.8423,134.26505,54.256004,-422.91644,268.08923,36.07557,-399.44095,126.6619,32.91971,-446.28873,266.33176,36.341785,-392.8933,131.56747,28.982534,-424.8515,263.45355,43.194416,-379.49094,136.37167,36.75637,-419.2625,220.13943,243.60869,-2.918488,182.27672,246.44098,2.9455857,233.23863,295.73416,-205.99168,171.01366,313.77643,-178.35086,223.98569,365.215,-40.546066,174.1148,369.9314,3.4553044,219.9599,370.8665,-26.801096,178.46448,375.95258,16.484182,221.29807,396.7425,-102.64025,165.8473,397.39258,-60.765877
33. 289ec676a94f072a6afa5ccd3a55529b.pngresized.png,149.61186,102.57774,-24.32457,152.25688,98.97691,-33.883976,153.13298,99.28769,-33.779587,154.07747,99.59203,-33.79485,151.87788,98.08205,-18.602987,152.32178,97.66873,-18.587399,152.84875,97.33921,-18.600246,160.97241,102.7616,-61.715096,158.81071,99.91835,7.354355,153.77393,108.43508,-34.143288,152.72963,107.33396,-13.93838,175.69536,123.20699,-89.632935,171.3818,123.976875,36.872242,148.14066,80.61516,-134.99248,157.01372,82.45359,48.35142,133.9106,38.20903,-138.92313,141.99391,44.377644,-7.5950294,129.66917,26.783554,-158.71527,139.26558,33.574028,-17.721992,132.5394,26.133566,-155.6008,139.83725,31.978277,-27.749012,134.1496,30.845379,-139.6935,141.13538,35.45954,-15.743168,210.72726,211.139,-47.995907,203.38416,209.01022,48.22341,175.50569,271.23767,-54.798275,175.43413,266.59,46.08191,193.39267,324.4414,-19.96917,180.20158,323.3767,80.936386,203.04205,331.19678,-17.953695,190.44012,330.66486,82.022675,174.60037,339.6545,-39.892456,150.79948,345.9324,62.787445
35. body-weight-strength-training-workout-chair-pose-pulse.pngresized.png,219.75877,120.483154,-38.189064,217.96599,114.413925,-33.7038,217.05392,114.06452,-33.589108,216.2123,113.7432,-33.625393,218.6146,115.339645,-50.006676,217.87575,115.35263,-50.05121,217.12933,115.47508,-50.081577,209.39697,115.74115,-9.196506,210.75314,118.436745,-83.077,215.31348,125.584145,-27.8375,215.3897,126.10625,-49.02138,191.38153,136.03696,29.294859,199.20882,139.97469,-117.527,222.38708,105.093544,57.40446,230.67592,108.69032,-182.23842,244.24103,70.802895,-12.259753,248.84395,71.08597,-186.51292,246.67206,59.04362,-22.728598,252.35791,59.472763,-208.49174,247.50813,57.673164,-39.644756,248.65521,56.82193,-199.19685,246.61504,62.19831,-23.295588,247.29755,61.197437,-183.28091,157.22258,218.68988,50.216442,164.66185,224.46446,-50.109123,136.1523,237.16354,110.72472,184.44247,268.61014,-29.802088,87.41932,249.61786,170.71263,176.98192,310.25507,24.030886,76.2751,252.03809,177.4118,168.95241,314.95456,28.59439,88.518555,252.48192,174.72823,189.51976,323.9663,12.928655
36. rotated+utkatasana+fly+arms.pngresized.png,238.3869,175.86118,-86.02272,244.55717,178.83034,-79.09329,245.06332,181.1184,-79.12719,245.68112,183.51343,-79.13363,243.05232,172.62625,-76.576355,242.58403,170.45781,-76.53118,242.07611,168.33466,-76.52242,242.89946,188.63129,-33.31167,238.52296,168.40454,-21.85609,233.1682,182.86179,-70.239334,231.09505,174.30565,-66.71033,211.76816,212.16888,9.931976,206.48573,157.73257,-18.928864,195.88525,254.33385,8.820993,197.26707,109.98802,-41.40307,188.62428,304.01306,-31.202795,196.44203,58.38547,-70.740715,187.31058,320.23526,-33.75173,194.64468,40.94882,-73.6431,187.98274,321.48264,-58.272247,199.4192,41.98393,-93.5412,186.5186,315.17325,-43.738007,197.57925,48.027225,-83.13794,133.68399,218.3769,32.63865,124.7378,197.09312,-32.46392,185.34288,251.26239,33.554134,202.66171,239.67993,-66.63282,164.2943,309.97842,56.49676,161.67264,302.7237,-44.67909,152.92192,314.68692,56.45234,148.18045,307.79465,-43.00381,176.46999,341.54846,25.218702,172.88753,333.86154,-74.228806
37. 74969db980c25a7a1c2a042f23e53cc4.pngresized.png,247.79019,141.37851,-37.527435,245.62215,135.0076,-33.37832,244.41525,134.74347,-33.226467,243.30153,134.56427,-33.233543,246.00175,135.69048,-51.65106,245.09564,135.46408,-51.615948,244.12926,135.35814,-51.69034,234.34337,136.67216,-3.9415212,235.66116,137.86171,-86.94894,241.97806,147.26947,-25.184374,242.0445,147.26427,-48.808052,210.06668,154.80408,35.85246,221.47835,159.75284,-112.66978,237.25308,110.98123,75.38115,254.15038,110.05926,-168.79355,247.70149,62.247967,22.91141,264.28323,51.649147,-154.50975,246.9745,46.512417,17.360054,268.3866,33.1123,-175.63503,248.02254,45.613132,4.8440146,265.15616,32.29955,-163.09329,249.62935,52.203064,14.549647,263.99832,39.555805,-150.85873,157.65776,251.13899,51.88566,160.75302,256.9998,-51.83316,206.19095,282.57303,112.84289,227.50021,292.25558,-38.7241,190.29535,340.52325,193.91228,189.89319,339.10648,53.84522,182.04146,347.57208,200.30695,178.45241,340.4279,65.14397,195.58858,357.1561,195.74805,186.10416,361.25876,77.69302
38. 2018-05-04-chair-pose.pngresized.png,269.37952,136.19577,-74.79511,263.8809,130.03319,-70.24222,262.16364,129.91573,-70.068535,260.5983,129.8705,-70.054794,264.88678,132.07521,-93.4253,263.92792,132.82323,-93.42171,262.90625,133.74797,-93.52978,250.92278,137.29791,-34.31072,254.49272,142.27332,-140.10959,265.01505,145.62799,-60.376133,265.87518,147.15677,-90.57729,235.3473,167.93672,13.490472,245.40724,177.13187,-182.60829,270.4406,108.83049,37.198147,275.68652,111.95588,-246.23085,287.5931,49.825645,-38.52367,284.96268,45.3131,-242.82983,287.45306,31.217676,-51.90484,288.08148,24.123478,-278.07724,288.4066,30.206757,-72.14191,282.90887,21.878706,-267.1019,290.05505,37.80196,-51.23182,282.07178,29.941011,-241.28653,183.65628,297.19287,75.806244,186.15422,307.51138,-75.61537,244.05147,336.10892,134.65727,269.63614,349.14224,-66.84116,220.9119,401.2654,228.22589,223.52754,395.7051,63.446186,208.80928,408.98822,235.50133,207.65356,395.81982,79.37908,231.42516,424.3344,242.91103,220.62285,421.36325,114.33667
39. screen%2bshot%2b2017-04-05%2bat%2b11.45.50.pngresized.png,109.281494,105.83545,-5.7448487,109.88193,102.73564,-9.611304,110.39577,102.480774,-9.596013,110.93683,102.20726,-9.629393,109.43106,102.9626,-2.1146743,109.53623,102.88507,-2.1216838,109.67788,102.8466,-2.1427257,114.97471,102.758514,-18.332668,113.004425,103.66298,15.429576,112.62482,108.603294,-8.967781,111.80924,108.969955,0.88612264,126.8327,114.44779,-29.662169,122.38269,119.06148,35.225864,120.26201,100.34151,-45.785038,117.4359,109.73629,69.8748,120.5668,87.99573,-19.385473,114.93049,96.57081,80.45007,120.34957,83.509544,-20.740984,115.170364,93.62777,82.88626,121.070885,84.15701,-19.84103,114.98752,92.60831,81.51293,121.1573,86.195755,-19.238142,115.10126,94.00417,79.65811,152.12984,160.91673,-25.95536,146.66823,161.2562,25.9628,119.32317,183.60966,-33.38526,118.8124,180.96597,33.499172,142.22179,208.48184,-12.124167,138.89131,206.74261,39.655457,148.80028,208.64589,-8.992638,145.91444,208.25949,39.489307,140.1621,222.73003,-4.50142,133.13689,220.67006,38.543568
4. 4-asana-27-utkatasana-anu-1.pngresized.png,585.9133,336.0445,-204.15828,582.12787,313.88974,-191.65082,578.50543,311.59235,-191.37573,575.1057,309.50137,-191.47221,584.24725,318.82318,-251.39734,581.9951,318.72617,-251.41142,579.71075,319.00217,-251.59103,547.7055,307.88336,-104.00926,554.67285,320.2899,-378.67307,565.4147,346.769,-167.51694,567.6018,350.57797,-246.1436,482.102,356.21124,27.655909,494.14432,375.0007,-478.1523,581.7852,254.95692,112.68617,611.9782,261.70517,-662.91736,665.5699,141.70071,-80.73703,698.5441,129.24496,-670.0048,678.95013,103.688,-115.77549,718.4529,89.53368,-756.7775,680.4136,100.52224,-160.2845,710.7704,82.686485,-729.11523,677.22394,116.12121,-113.6602,702.36926,97.209366,-664.51556,354.2663,629.8425,167.60042,348.46017,650.57776,-167.06993,467.60355,753.3405,326.6533,513.6015,789.9828,-148.9199,440.73825,908.4554,557.336,456.04138,932.82227,104.43755,419.66855,929.58044,578.94415,430.46503,946.70105,132.93399,482.93903,947.9816,573.04974,480.15747,975.37177,137.6695
4. utkatasana.pngresized.png,528.7333,374.43607,-81.31129,522.6767,364.37222,-67.500626,520.30493,364.02225,-67.42829,518.11664,363.6955,-67.502464,524.59735,365.5674,-107.04627,523.2653,365.398,-107.03827,521.9354,365.3971,-107.145195,504.27652,366.55255,5.4886103,509.97598,369.01904,-175.8238,520.3809,382.37524,-52.986977,522.26215,383.0076,-104.872215,488.84885,401.91806,91.311844,477.78784,396.60962,-256.77133,520.0378,343.15286,148.66328,511.783,332.4884,-423.20914,533.03656,285.41885,35.04365,531.6432,267.75125,-500.17334,535.1073,269.76602,26.433525,531.99036,248.81207,-558.97626,530.67017,266.67136,-5.714345,530.9263,249.31401,-537.0861,529.98627,273.25073,15.380108,530.66284,257.32217,-495.62238,427.92343,535.31036,115.66287,414.4677,539.4758,-115.368515,473.9043,626.67993,123.7166,468.5881,631.6276,-127.24359,470.35562,717.56635,194.12057,461.1696,731.6803,-58.246143,458.69974,729.7691,197.87527,448.90802,745.6752,-55.249245,505.08047,744.39764,147.1307,497.544,757.0345,-125.2757
41. 52f0c101242c1179e2d62b4caa4f99d5.pngresized.png,197.07079,117.59069,-21.46547,200.94482,108.85977,-39.01144,202.17633,108.997116,-38.86801,203.49593,109.10579,-38.921825,201.09479,107.899796,-17.140358,201.91306,107.398735,-17.173742,202.88792,107.00438,-17.228518,212.83034,112.01047,-81.38899,211.4466,109.73064,17.21446,201.71886,125.92562,-34.445602,200.75725,124.74733,-5.519201,220.29207,142.42783,-116.53603,231.17007,143.7856,74.91429,160.93155,103.333084,-175.75351,182.1061,104.91604,109.17917,123.10879,50.385563,-167.72644,140.69191,58.96247,44.513844,111.577065,34.962807,-196.02902,132.6724,42.735184,40.3818,116.3191,30.95614,-185.46031,130.71713,40.877296,22.761171,121.14181,38.454754,-165.79718,133.12206,47.33795,33.782913,293.3451,273.52557,-72.698,294.47723,266.9393,72.91042,214.15018,330.95126,-82.584694,226.08081,318.6468,83.88508,249.66013,416.9989,-23.506044,243.07925,410.47235,137.38739,266.91104,426.5688,-18.61036,260.92035,421.60834,140.06656,221.49982,441.44653,-29.77141,201.66971,447.3142,135.30974
41. screen+shot+2018-06-01+at+4.30.56+am copy.pngresized.png,417.08813,210.11746,-70.872444,407.93967,197.8408,-64.245255,405.1115,197.81754,-63.948498,402.51334,197.88347,-63.96615,410.00638,198.83116,-100.52454,408.42493,198.55165,-100.481476,406.80817,198.51445,-100.62473,385.27777,204.31732,-10.2183075,390.58524,205.15202,-173.68134,407.60455,222.9633,-48.84073,408.81653,222.6546,-95.90438,359.47852,258.1444,52.25154,367.40384,251.41574,-228.28043,402.16693,172.34265,93.09393,409.3416,159.15292,-331.05783,422.2782,74.9814,-14.793561,431.94644,58.695953,-319.9186,418.48026,44.713024,-33.896008,434.74503,23.357092,-363.52136,419.54257,41.883503,-53.602768,429.8288,22.886448,-343.05518,422.02512,53.98859,-29.544996,428.2378,37.081024,-314.20462,297.62265,457.74377,97.02165,293.48993,463.20166,-96.608,403.9308,520.6233,129.166,431.7707,535.4039,-119.95462,363.79636,631.92816,227.19794,362.49854,633.2684,32.4612,344.8585,644.19104,235.63873,338.19522,637.6214,50.520786,385.5502,671.003,224.33632,373.25085,680.145,69.50722
41. screen+shot+2018-06-01+at+4.30.56+am.pngresized.png,422.29422,208.15851,-14.935717,416.6509,195.23825,-6.202227,413.80005,194.40204,-5.977345,411.18707,193.69424,-6.0191655,418.11676,196.69218,-40.347553,416.4899,196.1461,-40.23158,414.76178,195.843,-40.304413,394.92368,195.4602,38.874825,399.34763,198.13564,-117.23377,411.2716,217.88698,4.5808563,412.3797,218.47404,-40.50206,352.5933,233.51056,94.15314,375.94366,239.60834,-166.06825,405.3155,162.69145,180.90593,434.1823,164.39496,-269.42624,437.00568,84.38169,68.39903,463.9235,66.596535,-222.44229,440.1886,57.038914,67.348526,476.20438,31.6898,-258.91653,444.02362,54.499622,32.592285,469.1541,30.22131,-228.86812,444.8162,66.41895,51.060932,466.19034,44.225723,-212.37488,253.85216,415.69745,98.56256,264.61798,425.10275,-98.292274,321.88943,481.07388,175.40102,382.43918,489.50375,-115.07691,276.03363,589.0786,286.60297,294.96173,591.4978,-0.5270703,254.77399,594.2966,291.4141,266.35675,587.0718,12.562402,283.06656,629.78314,296.47134,288.73978,646.93384,54.344067
42. chair-pose.pngresized.png,332.148,160.47777,-267.0357,335.85617,149.24442,-242.4123,339.59283,148.8262,-242.29118,343.48804,148.43845,-242.39967,323.606,151.04958,-246.86526,318.64478,151.47224,-246.7372,313.71,152.18681,-246.79277,344.82712,156.31935,-112.560394,303.9375,161.29797,-136.03761,338.3089,173.17247,-220.72685,321.8298,174.94113,-226.81488,363.54,206.16757,-116.71548,276.19968,210.01305,-169.9803,401.8692,139.0187,-314.70645,242.08743,134.3852,-464.95792,414.77942,57.119293,-392.6332,226.27365,59.572945,-639.5056,423.9345,35.18242,-425.5736,215.71042,41.64793,-685.31726,418.17108,33.306046,-416.27344,224.56372,40.29394,-656.9843,413.565,43.4054,-398.1497,230.78246,49.189034,-637.2952,353.95795,370.87762,9.964239,297.61652,372.51404,-9.692752,364.60117,429.21173,-382.0941,291.4552,437.078,-293.39575,349.24283,523.895,-141.30609,306.6125,526.12244,-105.14513,341.55957,533.3416,-122.864,315.7402,539.1083,-93.4888,354.0194,564.89124,-270.72574,296.58334,565.051,-234.75467
42. screen-shot-2016-11-16-at-2.31.11-pm.pngresized.png,535.3313,324.8704,-21.646954,536.2196,309.6878,-7.8631606,534.9728,308.00247,-7.6914234,533.97064,306.54993,-7.8544397,534.79803,311.36334,-37.12536,533.31213,310.35977,-36.859547,531.6264,309.60342,-37.029633,523.14526,304.26715,49.64531,519.6292,307.87408,-78.789825,526.10126,333.55524,0.9824353,524.1078,334.29453,-35.51614,468.68256,336.2865,140.9911,486.58783,341.56497,-167.7309,576.4167,256.90982,245.06474,589.17285,274.84808,-251.2264,616.2565,165.85628,191.75906,647.95996,160.80801,-165.89581,618.6328,141.07451,200.68196,673.2409,131.3632,-200.55083,617.5361,137.6229,176.13974,663.5935,124.78421,-173.77005,619.6096,149.45355,180.03651,654.31165,137.32901,-157.63686,270.076,520.86084,125.710655,270.83722,537.15314,-125.37,463.08096,580.9906,177.3611,494.4274,636.1656,-128.0616,393.17447,757.8015,288.13712,400.59244,799.3982,58.80405,362.2212,772.7106,294.7445,361.17282,802.1707,84.85534,412.81747,800.5066,321.95407,425.92444,853.6112,166.52573
43. chair+pose.jpgresized.png,128.04913,76.65448,-173.84338,130.42827,73.38421,-163.21123,131.95995,73.44239,-163.20259,133.53484,73.511734,-163.19005,125.84569,73.58702,-162.46338,124.21132,73.60284,-162.38472,122.604866,73.716965,-162.39958,135.70662,76.68821,-109.8375,120.919846,76.96861,-107.254845,131.19218,81.22979,-155.39229,125.20193,81.28255,-154.34468,145.66652,95.27306,-113.04672,110.651375,95.80923,-97.11468,157.49838,64.45432,-167.9516,100.84898,66.41933,-135.823,162.97684,33.979237,-188.83847,93.877426,35.897533,-155.49016,165.72437,25.263721,-208.5849,91.14226,27.793552,-171.02696,163.63464,24.34665,-202.06323,94.21909,25.348646,-168.60684,162.47128,27.4525,-190.35379,95.774414,27.584349,-157.33961,140.7761,159.79941,-5.9299073,118.61405,159.16104,6.1348066,134.42583,191.41661,-94.43553,117.51015,195.99529,-64.55398,132.95691,226.92654,-0.7080645,121.14192,228.29332,15.127674,132.61165,232.04292,6.0616016,124.281555,233.56636,20.577732,132.8932,237.02979,-53.45522,115.073586,237.86842,-32.055428
44. breaking-down-utkatasana_chair-pose.pngresized.png,140.04228,101.02877,-175.09102,142.75424,97.13674,-167.72496,144.4395,97.18251,-167.73106,146.16925,97.227425,-167.7301,138.14114,97.18062,-167.31778,136.4203,97.10275,-167.21452,134.73114,97.10703,-167.1968,148.46977,99.49724,-119.62974,132.79716,99.26617,-118.47978,143.09389,104.91606,-156.78745,136.73866,104.746826,-156.36081,154.67372,111.18553,-106.325966,123.27583,113.02516,-101.23727,162.03049,75.051476,-150.50996,118.869194,85.20431,-148.28133,158.72067,40.05872,-160.25822,123.48159,48.403305,-170.87921,159.43211,31.431902,-177.10484,125.22015,39.08898,-185.89175,156.2402,31.106043,-166.9891,126.71342,37.090626,-178.60434,155.52621,34.26879,-159.29222,127.00284,40.13725,-170.19766,150.3194,165.37083,-2.3823664,128.35464,164.92113,2.538654,154.79457,206.69543,-104.99636,125.56558,205.17738,-123.20581,156.3392,247.20749,-45.373074,129.06337,246.64432,-68.22673,155.00227,250.48006,-42.382263,132.22902,250.96294,-65.57416,154.9383,264.19104,-100.78088,125.729576,262.2908,-122.58068
47. 20181127_002127_0001987296789.pngresized.png,311.88608,149.35704,16.590988,299.53378,145.03755,25.944632,297.40332,145.07755,26.079319,295.4652,145.17018,26.029455,301.1703,146.66734,-3.9261012,299.99405,147.31874,-3.7736452,298.71558,148.11247,-3.8943229,284.36594,154.35872,71.69338,289.0797,157.58813,-62.35072,309.67264,159.60918,35.13427,310.99423,161.02095,-2.8358407,266.83908,197.4268,116.77792,293.7016,191.321,-95.81347,263.19293,128.96696,201.25305,294.2983,114.44086,-137.30228,239.43063,63.60089,218.134,248.13339,53.85211,-62.13253,226.9204,41.713226,229.21104,232.88301,27.591278,-66.349365,230.09409,40.417114,215.78447,230.69199,30.658295,-59.759285,237.73146,49.731354,212.0964,234.46164,41.937744,-58.294334,209.00925,332.48926,79.36299,218.40688,330.78687,-79.31404,259.22186,398.8379,147.60988,287.1196,391.23047,-75.19154,220.60869,469.588,217.71858,230.32689,470.33206,-1.1039696,209.85164,476.39822,223.10538,214.33138,476.24774,9.428654,226.87498,484.07654,196.59927,243.79024,500.82043,-2.7349734
47. utkatasana-steps-benefits-vidhi-fayde-in-hindi.pngresized.png,217.85176,109.453514,-22.171297,212.98528,104.56047,-18.057936,211.78249,104.49933,-17.949541,210.6957,104.46892,-18.001574,213.58275,105.62066,-35.192436,212.80891,105.906525,-35.14712,212.0074,106.30258,-35.173595,203.92444,110.04427,4.5649753,205.62088,112.25865,-71.84152,215.07463,117.263176,-12.805885,215.23225,117.90285,-34.73148,194.02223,140.42268,45.127754,202.19447,140.642,-109.7582,221.28783,96.79408,72.63306,225.2568,93.07127,-151.29036,230.85548,50.04374,25.34716,231.18806,44.414234,-134.4163,228.46117,36.47108,17.713932,232.80725,27.71938,-155.16925,228.22737,34.421516,7.551977,230.02982,28.055382,-144.44969,230.12213,40.17513,18.464052,228.83704,35.16507,-131.4638,166.56114,243.02512,51.40811,166.96027,247.00346,-51.215256,214.5097,292.57263,64.92437,229.3869,300.90924,-53.412174,207.00772,353.00955,117.48141,207.3956,361.14264,6.7719655,200.1569,361.38644,121.457985,197.12337,366.90002,13.550175,219.45111,368.9102,112.751625,216.7845,381.99744,15.907307
48. 7849067.pngresized.png,154.74844,127.14362,-24.979786,145.36975,126.3591,-11.172291,145.3155,123.40808,-11.138987,145.18512,120.40352,-11.187764,145.1289,135.86624,-15.135233,144.64397,140.06737,-15.200557,144.2324,144.23619,-15.389529,147.48485,123.914825,45.954926,146.13171,155.73473,34.71707,164.39937,125.5747,-5.601236,163.77435,137.93895,-8.8427305,196.44472,111.97806,24.636326,191.58023,187.96735,55.151085,230.15639,75.243774,-43.851223,227.70546,220.81436,-34.76364,220.23882,144.4381,-81.48933,211.3144,172.72948,-122.56649,220.302,161.8805,-90.78426,209.80125,162.89449,-133.8984,211.4885,169.07437,-81.756935,205.96906,154.34488,-128.34381,216.11035,163.31543,-77.38809,210.42339,155.75055,-120.23007,314.46118,167.64973,-40.322136,305.35095,207.59149,40.234417,213.5195,196.75774,-30.40474,229.15968,244.22401,22.148752,234.13446,272.76215,-68.916336,252.16954,310.71155,-56.3088,251.00702,278.42966,-72.194664,269.23703,317.6393,-68.32761,204.44502,308.20776,-90.035706,228.94615,339.88507,-105.403076
5. utkatasana-chair-pose.pngresized.png,469.41873,156.7957,-180.80542,459.10675,139.0463,-165.92206,455.8373,138.49142,-165.54445,452.7922,138.17969,-165.48029,459.04813,141.38522,-218.45583,456.11066,141.61244,-218.35336,453.03363,142.12479,-218.31374,428.54257,149.04855,-57.900597,429.76816,153.1452,-299.67426,456.90286,177.13936,-135.60425,456.95892,178.84499,-205.07355,377.82388,217.49977,124.7407,410.23132,236.77023,-385.4282,510.6889,172.86426,239.04652,554.3574,190.32817,-533.02783,610.1903,103.8222,66.18325,659.15344,107.548935,-488.13235,625.4977,70.16588,48.287647,685.7651,72.54032,-567.036,625.96173,67.60384,-3.9743166,672.23596,58.304546,-532.38086,623.42017,84.41769,35.54259,661.1018,71.67599,-477.5439,180.15471,427.1399,179.73427,191.64998,439.67355,-179.31767,336.9414,528.86035,314.03778,398.55164,524.6365,-198.98882,292.0942,710.6609,551.38525,312.59375,691.2238,39.76137,262.23248,739.1333,571.724,277.89603,710.6416,68.20101,347.65298,750.6616,561.5218,348.31436,734.6368,84.97905
5. utkatasana.pngresized.png,672.53656,409.40567,-83.26452,689.6918,414.41995,-114.3948,689.968,417.93085,-113.96381,690.394,421.31342,-113.982285,692.7893,412.24924,-65.153305,694.2146,413.49225,-65.16811,695.761,415.04382,-65.30257,690.6648,445.3457,-200.75105,696.48047,435.84875,24.123423,658.7454,426.2913,-113.456955,660.683,422.40884,-47.88871,639.58905,498.96487,-305.81506,656.129,494.6796,115.12381,596.1218,350.67227,-467.76608,628.54456,367.31573,141.75632,600.08813,228.923,-539.5372,599.9689,255.1904,21.2197,600.2544,189.76242,-614.1993,605.2924,219.38216,3.1016586,614.67505,190.63953,-586.44855,607.97723,218.32027,-39.79926,611.56134,205.1289,-537.46405,605.8117,231.80411,-5.166241,647.6576,782.94305,-163.72192,658.3388,776.0094,164.69653,577.8518,925.3611,-132.48927,618.85645,930.229,188.60384,643.9857,1078.4209,-19.515493,645.31104,1073.0708,316.41693,677.4379,1095.1099,-8.693319,672.5478,1093.5782,324.13058,610.8639,1128.8629,-61.472836,582.7484,1122.5831,264.89102
50. image2.pngresized.png,238.07828,137.37085,-19.919302,235.48155,128.4028,-14.107549,233.51874,127.6337,-13.987426,231.66309,126.929825,-13.98607,236.93031,130.00409,-39.87147,236.00583,129.77861,-39.850437,235.01822,129.70528,-39.88418,219.55908,127.94439,21.126234,224.07672,131.52959,-97.06418,229.65608,143.38097,-5.382226,231.0507,144.24062,-39.421272,188.92082,149.21478,65.16347,203.4145,157.03267,-133.13196,232.07033,104.626945,119.16634,249.7195,113.01241,-209.36823,263.10806,57.539444,45.827488,276.59906,58.309795,-196.86115,266.54126,41.103226,44.90501,283.96692,40.399864,-225.1627,268.97797,40.912685,20.126795,278.67126,36.321815,-208.76022,268.8799,48.56908,32.97429,276.12442,43.371994,-191.46239,123.56428,265.8798,70.55027,128.23503,274.03552,-70.41058,208.61717,263.89108,116.13599,224.44135,275.53165,-78.08996,190.44118,341.03543,199.23615,185.71553,346.9398,24.167189,180.40384,351.0786,206.23499,173.73285,351.08902,35.71594,201.50844,361.61447,222.03685,183.1642,372.1343,62.721436
6. chair_twist_r@2x.pngresized.png,245.43896,406.0725,-153.25441,239.14752,400.03308,-145.59671,240.05403,397.09247,-145.6751,241.00275,394.13367,-145.91791,236.87802,407.3725,-137.09142,236.03572,410.05484,-137.01096,235.39447,412.69995,-137.16666,246.32497,393.10815,-88.576485,239.16516,416.51605,-43.273796,255.96387,404.01147,-130.27238,252.71135,414.59467,-117.26286,315.7606,390.02075,-103.62515,278.9424,455.4374,20.536873,394.33304,409.46613,-206.31017,253.24243,492.109,-42.017586,372.72552,460.40762,-281.35278,224.21396,436.332,-93.63693,366.24707,481.12378,-289.1339,217.75395,421.65787,-103.32781,353.95154,473.48904,-290.62897,220.27576,417.84958,-86.465385,355.59262,469.9664,-277.3507,223.51656,424.5834,-89.272484,427.70212,458.6822,-80.719574,403.59192,490.04425,80.66446,364.3568,515.4728,-82.23361,321.36673,537.8871,67.33146,337.0847,593.8718,-112.22259,317.55905,593.9969,-86.30817,344.05878,604.8199,-114.949776,323.55356,602.84155,-107.22648,290.022,602.1042,-148.53252,292.06494,597.8481,-149.0042
7. 4-asana-27-utkatasana-anu-1.pngresized.png,585.9133,336.0445,-204.15828,582.12787,313.88974,-191.65082,578.50543,311.59235,-191.37573,575.1057,309.50137,-191.47221,584.24725,318.82318,-251.39734,581.9951,318.72617,-251.41142,579.71075,319.00217,-251.59103,547.7055,307.88336,-104.00926,554.67285,320.2899,-378.67307,565.4147,346.769,-167.51694,567.6018,350.57797,-246.1436,482.102,356.21124,27.655909,494.14432,375.0007,-478.1523,581.7852,254.95692,112.68617,611.9782,261.70517,-662.91736,665.5699,141.70071,-80.73703,698.5441,129.24496,-670.0048,678.95013,103.688,-115.77549,718.4529,89.53368,-756.7775,680.4136,100.52224,-160.2845,710.7704,82.686485,-729.11523,677.22394,116.12121,-113.6602,702.36926,97.209366,-664.51556,354.2663,629.8425,167.60042,348.46017,650.57776,-167.06993,467.60355,753.3405,326.6533,513.6015,789.9828,-148.9199,440.73825,908.4554,557.336,456.04138,932.82227,104.43755,419.66855,929.58044,578.94415,430.46503,946.70105,132.93399,482.93903,947.9816,573.04974,480.15747,975.37177,137.6695
8. 3+big+ideas+for+improving+your+utkatasana.pngresized.png,178.0893,106.15064,-24.683357,180.397,99.64824,-38.766132,181.43208,99.73378,-38.67106,182.56123,99.82367,-38.71707,180.31396,98.312546,-19.577755,181.12447,97.37556,-19.564924,182.00243,96.55063,-19.61307,191.53633,100.907135,-76.16176,190.2312,96.59921,9.418044,183.73497,112.85174,-37.06688,183.39474,111.22247,-12.166004,209.7867,126.853195,-124.31626,206.05722,124.641464,58.56299,170.85536,96.59551,-191.94765,177.46738,94.87031,81.24421,145.3298,48.770798,-182.0408,151.63466,57.25633,10.806613,139.476,33.90243,-205.4925,145.91444,44.792377,0.91737777,141.75146,31.742977,-201.45975,146.94537,42.853905,-13.288299,143.9616,38.10601,-181.8478,149.4741,47.748672,0.19813949,244.78407,235.10081,-61.034447,237.88126,231.36763,61.2797,193.08203,283.94507,-71.6564,201.37218,276.36,62.179626,208.96054,341.2522,-11.993294,213.7575,335.24167,109.20932,220.9534,350.76572,-8.83038,226.17409,346.15137,110.42654,179.0241,352.17438,-36.15424,177.32591,349.58633,90.7677
8. f44c271bdfb18ac61b8e79fa4f518e5c.pngresized.png,196.09732,72.70901,-16.278294,193.5828,66.373856,-14.385111,192.4903,66.02953,-14.286557,191.48468,65.743416,-14.324703,194.23706,67.158844,-28.746225,193.64186,67.04834,-28.714272,193.01767,67.03682,-28.778038,184.05945,67.68307,4.775321,186.1595,69.52196,-59.71513,191.64888,78.38743,-7.324873,192.09651,78.68549,-25.88758,167.46506,93.91061,47.316185,175.60965,90.54337,-94.11138,212.6855,72.26193,80.289925,220.06343,67.637474,-146.77284,241.8095,42.823166,26.245901,255.35863,37.072803,-135.96089,244.84868,30.703466,23.570297,264.8454,25.03953,-157.4176,246.24611,29.865725,5.085518,259.42838,20.713842,-142.8171,246.40967,34.96337,16.969055,255.9866,25.62433,-131.10614,120.078,181.41638,46.07059,120.83479,182.5909,-46.011974,170.66267,214.77374,81.11171,182.71631,217.81656,-37.87775,154.66862,265.5656,144.93118,148.51253,269.9373,24.714293,147.00812,272.6638,150.55788,137.05878,272.91257,33.014675,161.41556,281.14084,155.64655,149.11887,292.96985,50.19718
9. untitled-design1 copy.pngresized.png,318.38586,177.57048,-37.53749,320.92816,158.99652,-65.37188,323.7882,156.7566,-65.10714,326.8433,154.46481,-65.16475,318.9869,161.14104,-27.045197,319.49954,160.57079,-27.100216,320.21326,160.26297,-27.280493,347.42426,147.55734,-128.123,337.25955,155.7633,46.696724,334.21484,182.85873,-57.03267,330.05405,185.61179,-5.7500477,385.28302,174.74054,-191.6627,376.0207,198.46825,129.08073,266.61008,113.6794,-307.40338,286.24442,134.89034,192.51698,196.79335,22.431046,-277.57147,210.83003,55.94917,77.09721,177.81699,-4.0015516,-317.73648,194.68277,31.31159,65.833626,181.34496,-10.165954,-302.84906,195.56172,23.749584,39.52473,186.72581,3.389889,-273.77414,203.9823,32.186443,60.034805,476.81335,415.16727,-115.42099,463.5071,417.6318,115.47675,317.6629,500.6705,-137.51776,342.0714,505.3642,141.0418,395.07028,640.6703,-13.832521,392.57986,645.0468,215.01385,427.0778,649.551,1.4625509,420.3787,655.8716,218.20332,370.68588,701.20514,11.594796,363.58334,716.4426,202.22914
9. untitled-design1.pngresized.png,296.5902,168.60016,-42.969234,301.8242,157.33983,-65.138664,303.54654,157.66476,-64.93766,305.39682,157.96762,-65.05991,302.26398,156.05371,-38.397594,303.5647,155.36798,-38.396626,305.05878,154.87845,-38.51772,320.17004,162.51904,-124.16569,318.03052,158.94426,1.1233555,304.68463,180.29315,-60.285927,304.0682,178.38853,-23.575188,338.6775,203.33734,-163.09363,351.80945,200.4764,65.13517,255.20557,138.43077,-253.16595,282.33243,144.43011,120.59874,194.92862,58.056446,-252.90105,226.22475,74.773834,33.396706,175.82335,34.65383,-290.36984,215.81786,48.35065,31.851526,183.97694,28.529715,-268.55807,210.98235,47.753944,3.7268682,191.43127,38.395172,-247.76845,213.14987,57.682896,18.795244,450.1265,385.4446,-92.24508,451.19196,375.31833,92.68895,360.33182,500.581,-53.655678,390.8116,490.55072,143.68507,370.16202,602.0404,13.862166,381.6921,595.71185,223.00311,389.7391,615.27014,19.361187,399.88873,610.88763,225.80493,322.5194,618.0355,4.3388147,321.93607,631.7522,215.36493
