0-0.pngresized.png,22.837336,140.78766,-109.22259,18.026266,141.27174,-101.47582,17.885815,139.7376,-101.5044,17.716923,138.13173,-101.5374,18.778059,147.35439,-106.98579,19.093334,149.8805,-106.94204,19.488144,152.35043,-106.91432,21.003168,140.93929,-43.11071,23.6616,160.58397,-70.24534,29.585522,140.039,-85.811226,30.447107,147.3409,-94.03797,54.542175,123.22349,-27.83597,58.141914,181.3495,-12.85125,53.22776,78.28462,-19.119553,63.323837,221.14912,-30.180079,43.795876,35.590637,-68.114365,56.522526,258.2244,-128.7813,43.60481,25.635555,-80.546524,55.43545,267.3625,-136.79448,37.852222,24.175545,-98.309555,53.24809,268.4108,-160.56165,39.271763,28.193293,-76.4743,54.30684,261.60248,-140.75047,148.25664,133.32507,-9.132536,139.48799,168.36353,9.2045555,216.98665,126.52097,-6.5502877,146.27843,226.90233,-9.238406,281.05164,121.52652,55.491825,155.87006,282.12872,48.417336,288.65085,123.95108,59.555946,160.44911,287.3965,52.03412,304.7963,118.05121,0.42377946,151.43051,303.25217,11.419705
11-0.pngresized.png,375.69476,184.29843,33.634182,381.64133,184.15033,18.074757,381.9246,182.37476,18.159302,382.23,180.68468,18.103975,379.87537,189.0272,12.907902,379.23755,190.32867,12.886804,378.51837,191.57816,12.791946,375.29022,175.5283,-23.820984,370.39615,190.59393,-41.873817,367.6505,179.37416,22.731983,366.4711,182.93318,17.139467,333.44284,136.94046,-37.857986,321.43387,202.79546,-71.963936,322.2344,77.716225,-26.795128,306.0204,266.2839,-85.75947,326.90045,25.972767,-35.05804,310.23425,323.92624,-102.7619,324.586,9.577586,-50.248,306.69363,339.84576,-120.64813,331.20654,13.378554,-51.971783,313.9866,338.3142,-117.72269,331.2683,20.532585,-36.472878,315.17035,330.76398,-101.20334,201.29865,122.05692,4.2521405,204.31754,154.87779,-4.2742863,107.85193,107.1211,41.692673,179.39917,170.68193,80.07781,29.470783,111.19342,88.1859,137.32701,189.75998,193.67915,17.804174,115.31508,92.51017,128.48444,188.14345,204.95876,12.936796,108.23018,69.39383,139.18727,200.9066,210.75786
13-0.pngresized.png,23.310791,206.00772,-33.871002,17.231483,203.61032,-34.775303,17.246075,201.98352,-34.76895,17.203514,200.30374,-34.852303,17.58126,207.10103,-32.107685,17.582508,208.04391,-32.139877,17.710785,208.88889,-32.22783,21.470707,194.5893,-16.803665,22.29918,206.76913,-8.53699,31.684353,200.83603,-25.459404,31.990322,205.79266,-23.549255,55.309856,177.61957,-33.711548,64.276474,200.61426,12.02005,70.80408,244.74231,-34.392967,83.02644,257.6904,-1.6681776,67.10928,312.35657,-46.57853,84.34057,311.1803,-26.327583,70.74347,326.69577,-69.76381,83.53141,321.54355,-30.706451,64.961426,330.9647,-67.31349,80.82273,324.71707,-46.832848,63.949448,325.2315,-48.90542,82.7477,322.08923,-35.051163,162.84369,122.67276,-15.085449,158.39853,152.75633,15.255711,242.57999,84.75011,-33.217953,159.35788,240.37744,5.503008,319.16473,41.74428,7.3283806,182.78275,318.4665,50.26609,326.97958,35.265873,9.409611,192.03452,328.88022,52.99126,345.04385,33.867863,-52.591797,166.46341,345.34045,9.187527
15-0.pngresized.png,401.7266,162.2494,-9.266234,408.8364,160.67963,-22.768469,409.10516,159.65555,-22.778048,409.34494,158.75745,-22.959202,407.91568,163.79303,-19.103716,407.7947,164.69713,-18.95083,407.53107,165.62143,-18.796711,407.25912,155.68536,-59.736107,405.03455,165.13048,-36.920593,396.871,159.16173,-19.082304,396.10284,161.74297,-12.621544,377.6465,135.14351,-116.90789,371.97482,179.62933,-15.214778,387.45663,93.43306,-199.76022,366.31546,209.50581,45.359303,397.4689,44.20696,-269.69644,382.21396,217.63284,138.7551,395.93417,29.14028,-301.48102,383.86707,223.61826,147.32014,402.09045,30.153885,-293.90967,388.28836,218.70926,132.90782,401.33594,35.91857,-269.1007,386.9843,214.10889,135.49117,248.6458,112.87114,-31.865067,253.84348,138.98572,31.941093,155.94258,110.16995,9.963261,246.14532,181.23201,174.81267,80.3184,128.323,49.034874,222.97687,221.5921,319.8689,69.05982,135.65889,52.49259,216.62674,225.18427,334.05798,59.682865,121.0163,24.314669,226.4829,231.6237,340.49652
16-0.pngresized.png,250.74861,248.27217,-342.224,257.55066,256.3907,-346.24323,256.5858,259.27536,-346.35403,255.47127,262.21146,-346.31128,261.34976,248.71556,-344.8128,263.10147,246.13763,-344.92682,264.773,243.42496,-345.01126,253.18398,266.1917,-312.62186,266.4124,240.31602,-305.26663,242.3492,250.43843,-324.01898,246.92941,241.50616,-321.8651,219.38301,277.24478,-248.37077,258.69498,201.50613,-265.3973,210.05249,324.4602,-186.21626,235.48726,132.95802,-304.63266,194.93378,363.23358,-130.40518,223.83963,60.32459,-329.4361,193.0291,380.82623,-128.91826,224.90672,41.781845,-340.45157,190.37856,378.14478,-129.50351,221.09677,43.16888,-364.34302,191.46872,369.16696,-130.76523,216.92114,53.26261,-340.85764,198.19498,206.61624,9.256124,216.89284,180.11116,-9.4290905,204.03682,203.14107,192.64244,203.54965,159.82155,191.51663,210.51463,200.62437,398.19098,196.61954,159.93417,405.19336,212.91847,199.87396,418.12106,198.14703,163.68181,426.9554,207.11995,195.79729,401.43918,184.93176,148.59798,412.2379
17-0.pngresized.png,41.795334,198.34735,-95.033966,36.76599,194.82137,-63.22682,37.613033,191.94151,-63.14094,38.442585,188.87354,-63.044823,34.802658,205.72598,-75.61365,33.982735,210.0045,-75.75026,33.202763,214.20276,-75.76315,45.586464,192.52652,67.36471,40.308815,224.87761,18.719984,54.636513,196.2263,-48.66072,51.195633,209.88084,-63.023396,102.14724,174.26787,37.194534,98.44403,264.06088,106.18034,112.38155,96.11507,-39.67365,108.642746,326.5777,97.30379,111.046906,30.167757,-180.52449,104.73338,391.01096,-30.980074,110.85173,6.711138,-209.77422,96.616486,411.3287,-51.917927,105.60023,9.057678,-229.63362,93.75126,406.93195,-83.95856,108.12862,18.342619,-199.30153,100.21309,402.04678,-50.506462,242.2695,232.75044,-96.83976,239.75513,254.63635,97.29262,214.28241,332.77423,-233.11911,352.7319,253.26335,132.27687,259.09842,445.9541,-268.9345,446.14267,219.16287,157.95392,282.92078,456.10104,-274.7889,465.43958,209.58923,157.27156,214.0451,496.29318,-382.27887,459.90106,245.46445,104.17932
19-0.pngresized.png,592.72235,300.59195,-366.10187,605.3626,304.5955,-349.08514,605.8497,308.9417,-349.11075,606.50397,313.4224,-349.22284,603.27094,291.27945,-351.24203,602.6763,286.3773,-351.27957,601.9629,281.5811,-351.32358,599.93835,319.32404,-220.12979,594.2893,276.0456,-230.75745,580.50073,311.78842,-317.53406,578.2774,293.98288,-320.7761,530.73083,362.33215,-97.41492,523.9168,248.94945,-153.14804,538.31506,446.48926,-58.435364,500.05627,163.92894,-151.62663,552.9151,535.63245,-149.46329,497.9697,74.671745,-264.02988,557.3571,561.39496,-153.78964,497.9786,46.498695,-269.06595,566.9173,566.87476,-199.8015,507.2684,42.981018,-314.88412,562.70386,559.50244,-173.81905,505.017,54.003803,-287.28455,372.96207,354.61725,43.914215,349.82666,282.3531,-43.719273,371.04166,479.58896,80.54364,221.48334,261.4656,-88.24266,341.10608,628.16785,135.81094,85.868286,251.44365,2.7185743,324.11307,650.21313,139.02469,70.21917,245.8956,7.05534,372.76904,681.7383,73.71239,45.809692,265.73886,-126.34386
20-0.pngresized.png,75.59237,315.81204,-117.103386,61.451572,309.7484,-131.88022,60.370956,307.24005,-131.75108,59.090523,304.48367,-131.78177,62.50688,311.6757,-102.93861,62.494026,311.63892,-103.1141,62.600334,311.61285,-103.11777,63.290768,285.12918,-162.7242,67.39457,294.41193,-20.604942,86.520065,300.74146,-127.72769,88.64268,307.00232,-87.36099,131.49635,223.2936,-170.8676,141.08011,285.4434,57.910053,175.24818,123.39607,-218.78293,151.09282,361.41266,112.10969,264.39734,152.12885,-184.43399,149.07257,470.39423,24.984625,288.1565,157.07812,-193.25677,147.99445,499.7888,-5.184351,277.6973,171.69652,-200.63959,139.87802,497.68555,-30.866777,267.7746,169.20631,-185.34819,141.41774,484.24335,3.7389307,321.1137,198.31645,-102.446396,335.11475,216.08891,103.4729,313.69565,350.2238,-16.804628,452.97226,202.61871,160.66437,308.62155,470.7322,65.16373,571.9196,199.84195,280.43982,323.45184,479.41653,70.67941,592.0748,187.39229,289.5465,268.23755,527.03723,10.331224,619.8485,247.75848,265.43375
23-0.pngresized.png,45.055717,221.33409,135.90689,37.4601,217.67755,114.14775,37.38665,218.07617,114.24625,37.23308,218.37653,114.28682,38.08306,213.48361,125.59696,38.147614,211.29364,125.34722,38.288834,209.17035,125.1232,43.110493,217.36879,52.58913,43.818787,205.69229,111.989334,51.960083,224.7128,117.320816,51.970123,221.12347,133.8695,77.231,253.06131,-25.030403,92.39692,179.10242,133.51949,87.61806,331.9689,-90.51939,90.38306,113.04985,140.1512,87.97902,398.87546,-121.889496,98.62789,49.078693,135.8654,88.15888,418.2762,-150.153,103.82329,33.174164,142.3453,81.61565,416.85748,-133.9386,96.70216,26.61615,134.11925,83.75022,409.89465,-116.941475,93.16049,33.827263,134.28342,200.09213,228.68176,-71.44578,224.10419,195.56252,71.09675,176.68257,312.22617,-3.8759065,319.12308,221.60051,46.44729,150.6375,379.43292,21.531727,410.08594,225.09872,65.756195,157.61736,383.562,23.394737,425.85394,218.85841,67.190674,104.65373,407.5728,-27.352234,423.65326,253.16393,24.028069
24. half-moon-pose-700x400.jpegresized.png,219.88974,344.98785,-124.12539,213.98695,350.15195,-115.528755,213.83989,349.3153,-115.508514,213.6236,348.3999,-115.507484,215.65889,354.82944,-127.929474,216.63159,357.38934,-127.88296,217.71048,359.83224,-127.928635,219.59164,354.61133,-55.564533,226.98381,371.3088,-113.65264,229.82402,345.1988,-99.9067,231.81726,351.0862,-116.94899,254.30309,320.95712,-66.280975,277.0251,393.26562,-66.579636,258.07825,253.27376,-84.42698,281.5892,460.2427,-112.91327,257.46237,189.97661,-140.81387,278.31064,514.23505,-176.97398,258.26932,173.04459,-144.26418,273.4194,527.6379,-181.45447,250.87766,172.49908,-170.77238,271.98245,530.27484,-201.59055,253.26115,180.61443,-153.24261,273.75903,523.90045,-188.49117,373.61035,289.1797,-10.493246,373.29437,329.47623,10.792635,451.52628,279.94376,40.85052,369.81876,410.8998,7.728079,545.3633,276.44116,126.590126,382.8534,508.33096,59.14303,558.87274,279.5092,132.25003,392.2782,522.6676,62.805706,563.3504,267.45984,77.99522,360.61438,538.1914,34.33311
26-0.pngresized.png,340.09082,203.23776,-228.40253,346.51404,210.046,-224.07294,345.85608,213.1816,-224.0479,345.16843,216.54747,-224.05835,348.12433,201.11967,-221.45619,348.61008,198.2728,-221.51184,348.965,195.4062,-221.49907,339.26785,222.14717,-163.1802,344.51807,194.75865,-146.08632,329.7502,209.78987,-203.37543,331.79675,198.6624,-198.7311,292.52502,230.53789,-59.236855,310.30374,164.76909,-119.85541,318.43292,291.46417,-28.709248,318.0347,111.00559,-96.84882,325.01685,344.58737,-95.47167,318.17868,50.67936,-138.86324,324.5627,361.22903,-111.097984,320.7688,35.528976,-127.5625,324.86572,363.27158,-125.10443,323.2534,35.874325,-163.66898,322.09314,357.6799,-107.30106,319.28287,40.776386,-154.73523,204.44754,171.73813,36.610332,209.83984,127.21075,-36.709286,197.39455,246.44598,30.153925,127.47965,88.510895,-59.061966,172.28694,347.1376,71.81826,52.27829,38.70655,7.294323,159.07777,359.24432,71.19179,48.507538,25.98963,10.215049,196.86441,397.06406,49.134865,16.381552,51.63269,-60.701317
27-0.pngresized.png,24.956856,216.13727,-284.41248,19.839529,208.81058,-272.8057,20.479893,205.72821,-272.8305,21.040575,202.55444,-272.81204,18.595583,216.6862,-264.3872,18.193249,219.06958,-264.3517,17.961685,221.39209,-264.26492,26.415806,194.95058,-199.08034,22.338501,220.08005,-164.3402,35.353867,209.5235,-257.66483,33.591335,219.41666,-247.75865,67.32848,157.26453,-172.0723,76.78608,236.77986,-91.179665,71.08304,93.26395,-174.83061,76.54377,297.77142,-121.190346,66.8456,29.101084,-243.38948,68.98569,357.91586,-217.2382,64.640396,11.148071,-267.9842,66.216965,368.19482,-230.5856,61.24661,7.279355,-294.0919,62.433258,372.3237,-265.0677,66.46869,15.738361,-258.26825,64.597786,367.13187,-238.3266,201.48134,147.87958,-32.522556,191.4922,196.61124,32.749393,292.74994,147.86253,18.443542,199.6449,282.87997,78.032616,371.10162,147.48105,188.00475,194.83226,382.4837,225.40651,381.27408,147.51237,202.02002,200.72353,393.02612,238.31134,400.80698,155.26186,122.42715,175.3698,424.00092,190.07616
29-0.pngresized.png,42.455654,227.25931,-203.87277,34.988014,226.2412,-186.87321,35.113853,223.69417,-186.87527,35.18778,221.02975,-186.81583,35.181545,235.93689,-198.16302,35.331676,239.9373,-198.15306,35.645958,243.86119,-198.15027,40.718346,223.95633,-84.19711,41.75969,256.12262,-139.01976,53.908173,225.90773,-165.02463,54.11653,237.67523,-181.32808,94.778175,197.4889,-54.185715,98.94307,293.89594,-67.61913,81.654686,120.09929,-40.19949,110.73334,367.94327,-91.282295,64.63119,42.725376,-115.700874,101.70724,440.2989,-181.97758,61.925266,23.611683,-134.30054,99.1506,456.2202,-185.48259,53.897057,17.87459,-170.68672,93.93617,460.4898,-228.38443,57.514965,25.38284,-134.59201,96.036934,450.8954,-202.08968,260.70428,214.06093,-3.2294455,242.8203,274.3786,3.223693,377.77664,188.98111,3.766415,241.43875,394.6839,-1.4747404,478.8661,159.81645,116.55363,251.24667,500.85724,66.662155,490.13785,161.39856,123.521416,258.3034,510.8973,69.9254,519.4613,146.61797,14.768202,240.85786,540.9189,-13.523559
31-0.pngresized.png,667.6162,272.91464,-313.15067,679.88916,279.12845,-306.53314,681.0284,284.14334,-306.48947,682.3646,289.3647,-306.54184,675.5008,265.91873,-296.8599,673.96466,261.80014,-296.84683,672.30334,257.77814,-296.71054,674.72986,306.26218,-212.9664,662.0897,263.37936,-167.57521,655.8947,291.6443,-275.96683,650.69794,273.76346,-263.10223,598.05585,374.9577,-98.69628,588.0773,248.6626,-97.76224,628.31836,471.90582,-76.63029,588.59186,151.95189,-89.34899,642.4324,569.1415,-182.10498,582.70703,53.440063,-199.9869,646.1514,596.0282,-201.02802,580.2122,24.001303,-214.82083,654.23724,603.46295,-247.64488,585.4646,21.435364,-263.22537,650.0672,595.71124,-207.82991,584.64935,33.487823,-227.13133,406.09927,366.52652,31.926392,381.57114,288.13495,-31.63325,406.97095,504.02097,37.746494,228.92928,269.16537,-100.30511,388.75507,653.16907,135.33507,67.89577,259.24582,-20.375917,375.52493,675.46277,139.0464,51.50685,255.84221,-20.589472,416.95773,703.71735,63.580177,11.77073,273.69662,-165.23302
34-0.pngresized.png,363.45532,165.73724,-195.82408,370.29514,170.82011,-187.73303,370.23163,174.01154,-187.71577,370.21692,177.33733,-187.8095,369.69614,162.604,-187.04196,369.48578,159.65973,-186.95346,369.19473,156.74437,-186.89156,363.60278,184.0748,-127.40413,363.1435,155.90034,-122.10459,354.64862,174.44962,-173.10364,354.4723,162.07913,-171.5918,316.43948,202.01498,-76.939445,327.7283,137.81409,-91.31779,327.96976,262.99286,-81.38378,347.96854,87.7667,-105.43995,330.81168,326.45975,-127.38362,343.80182,45.53189,-180.40709,333.17612,344.07523,-132.236,341.0875,32.83018,-190.71884,336.21802,347.22427,-150.3528,342.9255,37.021328,-209.55856,332.66733,341.72763,-137.93571,342.49857,41.402233,-192.28525,221.3495,167.97163,12.168511,214.13496,125.600426,-12.098744,218.84084,225.45529,27.926785,128.93083,102.06313,-40.240257,197.44472,306.5206,63.90261,43.64117,88.42407,17.603218,190.06497,319.34048,64.89738,35.980007,88.45365,18.945414,202.12796,331.0053,33.121563,7.883488,81.1085,-39.647964
35-0.pngresized.png,56.315556,280.7303,-340.09796,49.611248,275.18527,-317.78168,51.495434,271.61066,-317.8736,53.29116,267.92313,-317.8602,45.035,288.03146,-328.08597,43.617752,293.13544,-327.92056,42.400368,298.18835,-327.69263,61.680557,273.11884,-178.98648,47.647964,314.53687,-229.28496,72.48543,282.51236,-286.2495,66.729774,298.2635,-301.80658,134.44585,260.0645,-143.34236,108.69451,375.959,-100.61111,157.44469,168.54147,-115.61109,83.51556,468.0131,-127.40165,173.74648,69.170715,-242.69641,64.68837,553.4036,-283.5718,183.68445,46.08786,-275.39044,61.13631,574.5325,-296.42676,174.03268,37.73436,-324.3309,58.07582,575.39825,-350.09683,174.93176,49.446327,-266.01566,62.43431,563.4248,-310.67108,307.90494,316.0921,-29.987118,273.63873,383.6588,29.977503,449.4366,333.72098,-39.474396,258.18027,512.99066,30.468336,582.42645,347.99747,89.06507,265.73978,652.7937,142.46503,595.01013,351.71655,96.25955,278.77786,670.84717,147.14336,629.7582,375.50974,-52.491043,233.28159,702.72675,44.309074
37-0.pngresized.png,45.516937,206.64609,-234.94658,38.696503,202.74182,-225.04324,38.88204,199.90457,-225.05963,38.988556,196.9863,-225.07855,38.754528,210.95581,-224.4537,38.71307,213.93,-224.41049,38.80941,216.78835,-224.41,42.4999,193.85707,-154.466,42.410355,220.80913,-155.0921,54.31624,201.7856,-208.01917,53.91686,211.97841,-208.3605,74.523575,164.63535,-122.727516,86.31245,237.80771,-100.37616,75.977005,106.51542,-116.465096,73.81718,298.38306,-142.8423,63.612087,40.11943,-165.29132,58.619404,355.6454,-210.91315,57.65052,23.531218,-171.56998,53.646866,371.15848,-228.0794,53.214466,20.770216,-200.79886,49.30336,371.1693,-246.82695,58.96664,27.840536,-179.65825,51.798473,364.49838,-224.37825,180.02046,144.7527,-10.395428,181.45004,190.56473,10.6485405,253.62372,114.592445,43.86064,187.51941,263.5751,12.937814,320.49417,87.839615,167.47025,195.24406,363.62766,81.76917,329.0558,85.58259,177.31248,203.49913,376.96478,87.08824,344.28278,81.947556,114.469795,174.1602,399.60693,45.063194
38-0.pngresized.png,278.2222,230.90244,-280.33707,287.35938,239.61594,-276.61362,286.82196,243.71182,-276.65167,286.15485,248.00697,-276.5754,289.55276,228.53912,-278.1271,290.71558,224.61014,-278.16653,291.73392,220.6305,-278.1032,281.65073,254.98413,-215.7441,289.85956,217.81339,-214.07669,267.95273,238.61938,-255.10033,271.10297,224.27068,-254.71208,245.06459,267.61038,-143.19171,265.36203,188.46016,-191.42796,253.3486,328.74557,-144.07364,243.71266,122.629135,-232.19298,251.42972,387.64853,-157.06915,245.01889,51.861977,-264.73016,249.87216,408.6631,-160.15579,248.52419,30.389763,-265.01367,251.59744,406.67245,-168.35692,247.26836,34.254654,-294.093,250.37405,398.2918,-164.20113,243.72841,43.43328,-279.01025,181.73787,178.42441,20.389097,192.54553,138.91487,-20.461523,197.88937,252.17299,63.690666,149.57106,96.51219,97.1404,181.76202,311.3818,101.430176,126.41209,73.08915,230.3822,177.06015,312.679,100.542046,124.95918,71.338104,243.6359,183.5112,338.22446,86.18552,106.42505,55.73757,219.99615
42-0.pngresized.png,325.20535,163.98216,-130.7169,328.6974,172.95581,-134.05411,327.49265,175.34912,-133.98431,326.3041,177.96387,-133.92749,330.7796,168.1065,-120.39689,331.21466,167.07,-120.53328,331.60205,165.97044,-120.651886,317.49042,186.57278,-119.048706,324.7621,171.92555,-52.81601,313.66074,169.13516,-124.52473,316.50323,162.66206,-105.573875,265.80023,201.04749,-87.20712,286.0033,135.43082,-36.225563,272.29877,246.68913,-113.272736,285.03967,85.892296,-34.935993,269.26157,302.69916,-174.58643,301.11398,33.547943,-64.55277,270.81842,323.52188,-191.11612,307.3496,20.974207,-63.385387,269.9904,324.53003,-208.09175,312.50952,20.970125,-86.55355,266.23865,318.33258,-188.18738,308.9117,23.888357,-78.19344,179.63771,156.5147,-10.294218,176.32956,110.8436,10.435251,191.20467,229.81294,-9.590115,100.43209,71.94843,-25.716955,181.58699,311.21988,-26.68037,32.61882,40.852844,19.136984,169.68158,321.34796,-31.17455,25.189066,36.701073,20.348394,206.9785,345.43295,-36.00105,9.899791,32.467625,-18.42208
45-0.pngresized.png,494.1194,256.01044,-145.0209,500.8768,253.94713,-135.1024,500.95413,254.71782,-135.12166,501.13354,255.76224,-135.17426,499.33444,249.33148,-145.21346,498.5683,247.14214,-145.27435,497.7274,244.98877,-145.1329,492.1439,255.30022,-74.47389,487.49084,239.78287,-113.09395,482.35318,259.7863,-122.52504,480.84528,252.77022,-134.53091,421.68158,286.5689,-27.95356,429.27994,202.76741,-93.28731,421.91568,359.3261,-48.268387,416.69608,126.53511,-105.16841,432.11816,429.2912,-143.62955,419.4015,53.492012,-185.98485,435.5973,446.75427,-159.78189,422.26685,29.854774,-195.29257,440.05695,453.5538,-193.54497,431.85373,24.59583,-226.4119,436.29803,449.7246,-162.82346,430.21188,32.358494,-204.49925,294.3079,259.1266,36.018097,282.86133,200.82062,-35.87479,320.8787,355.40945,31.434275,170.40569,168.22023,-49.65902,313.66803,475.94788,62.581116,59.927147,152.85944,44.03679,300.60403,491.68613,60.98965,47.456562,151.27399,49.167473,350.63736,515.7851,3.0321348,23.80639,147.85779,-48.79018
46-0.pngresized.png,66.8027,342.03314,-37.796745,60.368732,341.08585,-72.31911,62.239544,340.97485,-72.11565,63.92158,340.72632,-71.89959,54.070522,336.78488,-60.178467,51.813843,334.6055,-60.43785,49.70426,332.3884,-60.773422,74.34662,327.7437,-152.06697,53.004932,317.01318,-90.147415,80.282234,334.4072,-60.07945,74.49545,331.93253,-42.18561,134.73451,327.49448,-185.62769,94.391685,243.68735,-54.665867,135.07826,434.22238,-248.31792,87.62847,172.54126,14.023695,125.85803,521.6221,-309.29605,71.96248,95.396034,62.36515,129.99344,541.8329,-346.35144,72.16487,70.71358,65.00944,118.89238,540.08246,-337.98154,63.850372,73.006,54.992542,115.31434,531.4401,-308.1652,62.25825,84.89909,62.09822,253.39864,215.80775,-61.363438,253.35706,160.6221,61.525955,254.82924,356.9063,-10.559402,326.2769,164.55748,145.27206,255.4367,492.97183,33.095226,397.23172,162.72202,240.78317,273.67477,505.9086,35.20149,410.6137,163.60565,250.5202,206.55385,545.8064,-6.4062033,415.09412,167.61313,235.33377
49-0.pngresized.png,47.090584,414.9521,-145.61815,37.341473,412.34244,-127.1797,36.03029,407.47577,-127.28958,34.536602,402.43408,-127.37855,43.719875,426.3676,-125.384254,46.481594,431.4317,-125.25745,49.438213,436.20883,-125.33199,44.25132,392.89655,-27.46649,65.01087,439.9986,-18.38453,61.42859,400.2908,-107.91069,69.10101,419.11197,-106.225235,101.06952,307.12335,-22.696405,152.01114,445.8192,32.722794,82.68886,180.14702,-32.468987,137.65204,561.2848,-16.607765,46.23899,71.98554,-109.62162,109.12415,665.2106,-118.15988,40.441544,45.43649,-128.03955,103.1707,687.83496,-135.26656,27.584923,51.552795,-172.5904,93.420364,689.5931,-170.22845,34.489307,61.981045,-131.5115,94.56672,677.4542,-139.72223,328.09445,244.02039,-31.301,333.49988,331.95535,31.959581,513.0784,215.9779,-41.811253,330.79532,501.3146,47.04329,687.4946,174.40973,19.567795,352.42355,675.5922,174.17203,705.3461,170.04485,21.538574,364.58163,694.9731,183.4376,749.8338,169.85614,-81.06406,324.7086,752.67285,156.35568
5-0.pngresized.png,60.93332,260.4079,-256.1051,51.935997,253.08243,-272.5736,51.705616,250.08261,-272.5273,51.310966,246.89674,-272.5771,52.11286,257.9841,-249.5714,52.12987,259.19788,-249.53635,52.25261,260.39694,-249.33746,55.132946,231.69249,-277.8616,56.450253,249.22275,-164.11102,70.9856,248.85257,-253.87984,71.47288,256.51074,-220.67126,111.343216,178.70917,-244.82558,101.26663,255.10512,-84.86665,128.36427,107.40276,-320.30893,120.4356,328.0254,-60.395325,132.64551,41.595005,-459.85986,127.784065,415.3764,-129.37242,129.81163,19.914467,-505.19885,126.45028,438.359,-140.59073,124.71733,22.935217,-524.0725,122.89257,435.96375,-170.01483,129.10806,33.620506,-474.68506,125.086105,425.59445,-148.1627,252.86067,182.19731,-85.47269,252.19804,205.9136,86.393364,244.36905,296.88675,-65.60687,339.831,202.57986,282.39792,265.03314,396.7902,-28.491468,406.8882,193.69905,448.68784,284.40067,405.44577,-29.260641,420.4161,185.91293,465.35825,236.5573,448.04083,-78.28244,438.77133,224.49606,453.363
51-0.pngresized.png,499.44586,238.27492,-233.54721,508.94592,240.01102,-219.0715,509.47562,243.67865,-218.97865,510.06775,247.58261,-218.90186,506.85736,229.62846,-231.40233,505.87384,225.6415,-231.2854,504.80927,221.76942,-231.34158,502.34387,253.06523,-107.61305,496.58652,219.3223,-157.82584,489.21548,248.3841,-190.59036,486.4852,234.52417,-204.9923,445.75687,273.5987,8.392274,453.60684,207.47868,-156.64598,433.74124,343.82538,-9.706707,432.1357,148.50723,-217.67807,437.31897,422.50433,-59.580383,432.13657,88.19584,-338.5412,444.40378,449.95282,-58.350212,432.1771,63.966682,-359.0977,443.92838,448.05164,-101.39403,433.2057,67.66667,-370.47537,440.00696,438.12564,-83.95536,429.50293,74.75331,-348.513,291.41467,239.64265,83.82589,303.8573,221.17955,-83.67504,168.23865,237.95815,64.959305,328.74698,325.84302,-65.481476,57.435757,213.77287,75.29597,309.49542,437.73093,-2.5900986,39.407578,203.03148,73.19755,294.0437,451.1855,3.2898295,33.21839,251.44759,26.964159,343.96875,473.5063,-32.526806
6-0.pngresized.png,21.877028,153.08052,-117.79862,16.95837,151.89313,-108.353355,16.77904,149.76039,-108.39069,16.519976,147.5296,-108.44593,18.455168,158.48935,-112.094315,19.181122,161.02332,-112.091896,20.006983,163.46875,-112.166214,20.889065,146.04044,-59.118706,25.812302,167.82484,-76.969376,29.707989,148.74156,-98.4847,31.37983,156.9302,-103.78087,53.46552,118.25698,-37.63111,66.359604,180.28424,-46.64655,55.735626,69.17158,-14.341575,52.884686,235.31274,-82.284065,48.747425,21.923452,-34.30011,37.111874,287.3604,-112.17391,45.146416,11.712196,-33.925194,30.836082,300.5614,-122.887726,41.403732,10.972029,-54.98172,28.872452,300.71442,-134.71428,45.770103,16.003912,-44.24488,31.449537,293.37827,-120.61437,146.32451,99.06396,-13.317558,149.07204,138.98854,13.567065,220.79057,80.338066,-7.6570477,148.85527,201.27907,10.950313,289.37537,61.99709,73.96511,148.44325,288.89023,83.06807,295.99066,61.388935,80.5476,154.73378,302.0862,89.037544,314.82343,60.1582,32.82899,123.37287,315.51486,71.06253
63-0.pngresized.png,64.135574,219.80853,-139.0255,53.349613,221.34743,-131.9096,53.08653,219.1079,-131.86023,52.75132,216.73164,-131.84595,54.084976,230.49097,-144.10709,54.07966,234.53772,-144.12134,54.206425,238.4483,-144.17474,53.302483,223.23987,-50.014286,56.206215,253.28334,-109.87261,72.95849,219.74896,-103.838264,73.41079,230.33035,-121.64899,91.120346,193.9675,-12.775847,107.079,291.55307,-45.706623,85.59208,129.88782,52.790318,122.48273,360.09937,-72.21314,69.25359,45.763767,38.94238,117.16025,422.65546,-126.31989,66.86229,25.047836,41.983948,116.05635,437.56973,-126.40449,57.427353,19.32346,8.345473,112.84114,440.78882,-153.84108,60.55528,26.580635,23.37604,112.4995,432.6636,-139.25049,249.2559,166.62175,3.096271,247.63458,234.22217,-3.068362,373.31024,109.0279,-18.09337,252.07741,344.3843,-51.00185,448.022,46.9629,110.4769,261.74847,445.65976,28.559954,454.26413,42.10563,120.00956,265.7894,459.98364,33.942886,478.2299,25.78111,31.878397,248.33798,474.1116,-20.856535
65-0.pngresized.png,275.14285,181.20401,16.031883,278.24146,180.49611,-3.2318408,277.94547,179.89789,-3.1791139,277.62225,179.36583,-3.2673793,278.39902,184.6276,4.1483593,278.52466,186.3751,4.29283,278.57358,187.99219,4.439189,273.61295,179.73547,-62.933357,275.3421,192.31418,-27.353796,269.5262,180.27498,-1.4666582,269.6482,184.13228,8.485931,249.02774,154.54665,-59.039867,251.15416,220.40982,-46.44648,232.15222,102.11347,-65.731415,238.19821,272.2794,-62.22167,228.18657,46.651848,-63.40735,237.46051,317.93393,-63.165386,224.09976,32.065395,-72.96799,238.8992,329.93726,-75.85395,230.88676,31.833422,-76.41948,242.928,332.1152,-67.85022,233.07053,36.870174,-63.113075,242.81625,326.55515,-60.82709,158.53017,148.55176,19.546162,159.648,178.57915,-19.643444,126.95881,159.69334,96.53416,157.67856,246.93007,9.591575,91.53052,181.1341,170.15588,155.48903,312.6919,15.036143,84.17609,184.02208,178.43138,147.42296,319.6544,15.296523,96.03235,195.27657,188.03247,185.84898,343.9936,0.5680837
67-0.pngresized.png,410.98282,184.55632,-144.11739,419.07895,186.78725,-126.517586,419.41403,189.87032,-126.42496,419.9329,193.12749,-126.41847,417.71844,177.80795,-133.81297,417.13165,174.09529,-133.70378,416.47946,170.45543,-133.84271,412.91248,195.2003,-18.732712,409.12018,165.41785,-54.456776,401.95935,191.18759,-105.42054,399.72693,178.16182,-115.57124,366.3592,219.12897,68.29153,359.53592,145.6799,-68.82213,360.66006,292.79218,61.934525,371.54044,80.17498,-132.68414,365.7396,371.8241,-52.87655,376.104,13.141706,-208.59262,370.48627,392.6587,-57.223553,377.9362,-11.840416,-235.54643,373.2339,393.26553,-103.93174,382.02045,-7.4178123,-238.30435,369.9015,384.8281,-77.4607,379.91058,0.29048014,-217.90099,233.09424,247.93515,82.88976,222.15277,223.25455,-82.26294,132.65633,295.8213,76.39695,231.80536,328.41943,-91.20255,30.26632,290.0559,170.65161,231.61864,430.5516,-12.396741,11.634336,277.92953,175.20694,221.64142,443.2036,-8.493507,9.415871,333.03156,103.55058,259.17938,466.1336,-95.956474
68-0.pngresized.png,23.366629,162.35756,-126.07328,18.655151,163.23636,-114.24773,18.418451,161.52032,-114.23019,18.120235,159.7119,-114.21316,20.18127,169.3538,-120.99672,20.922188,171.93083,-121.04699,21.758862,174.41875,-121.08652,22.57904,160.91486,-51.034733,28.002176,180.94673,-84.47581,31.1172,159.51335,-102.1909,33.02117,167.18492,-112.17111,53.63798,132.56537,-34.41549,70.20608,196.08965,-47.436184,45.463875,86.841965,-19.125666,71.12723,250.97925,-70.504196,26.418558,35.92017,-66.02527,67.70072,300.6389,-116.57497,23.0868,23.763342,-76.2885,67.03576,311.3179,-122.30729,15.691944,20.879988,-102.78501,64.215775,314.39316,-145.43314,19.022913,25.637323,-79.86584,64.259056,309.44012,-129.20392,160.79549,110.75759,1.1698567,158.6653,150.72136,-0.90341115,241.45644,86.97003,10.75681,173.24321,222.33688,-8.473141,288.54172,79.83751,134.75027,171.35686,301.7391,71.28929,294.32028,81.71653,145.26575,175.8589,310.05804,78.413284,307.43112,71.99281,106.01188,158.8452,337.7948,47.0762
71-0.pngresized.png,40.139004,149.75607,22.840872,33.239952,149.56622,18.04312,33.57082,149.83575,18.131704,33.83761,149.93716,18.087837,33.102036,148.53618,11.108915,33.019207,148.72989,10.950094,33.090717,148.97339,10.929869,42.85263,154.42633,15.950926,42.783264,152.20305,-15.584811,53.25506,152.94795,26.122805,51.98106,154.33818,17.092127,92.80465,192.59605,-0.9678518,104.87674,156.2058,-10.185362,84.6633,304.2054,31.24189,126.860794,233.98308,-22.420046,66.455475,406.57742,39.412304,118.53142,313.2521,-45.148056,64.72118,436.8592,1.4237466,113.93049,331.14764,-38.56692,56.89559,435.3709,9.721949,107.97516,332.33017,-65.32132,61.623035,422.07523,38.232376,111.34826,326.60037,-54.407234,290.16507,197.51376,31.82587,302.79575,171.89339,-31.287474,296.07346,297.71024,197.6762,442.14337,167.15088,-43.534904,301.90436,362.93832,347.60614,587.3829,173.98909,-60.81606,315.48187,373.87872,362.4412,608.7031,177.23122,-61.82657,268.5035,374.20215,375.53052,631.70917,181.20302,-101.62536
73-0.pngresized.png,45.103233,252.99846,-226.5985,42.370003,242.47977,-212.37048,43.794193,239.17583,-212.41032,45.158566,235.73119,-212.37477,39.596485,251.19406,-205.70091,38.846947,253.33177,-205.67429,38.263393,255.4381,-205.64168,54.547577,226.18439,-128.68147,45.19516,252.70052,-106.64525,59.886204,246.27428,-196.54965,56.22681,256.35245,-190.51651,116.56894,192.51683,-72.24837,112.180855,285.742,-50.977375,135.82495,124.41085,-23.958782,110.74023,352.25717,-77.5209,143.2445,44.194702,-85.26717,99.83262,418.74814,-181.14961,145.1789,22.851114,-102.35986,96.82496,431.69427,-200.6416,140.23814,16.777794,-137.98085,92.7973,434.34354,-238.05052,142.77466,26.791914,-103.14516,94.64498,428.019,-203.2194,265.4538,206.34996,-8.615269,247.2653,266.72842,8.807298,375.3687,185.08601,1.9040699,244.79283,373.1971,-19.396223,474.49533,182.99403,160.81589,244.62639,496.3179,60.55593,487.93268,189.13017,171.74591,250.34146,516.3719,64.976395,505.17596,165.711,65.476616,222.2124,524.2626,-29.070707
74-0.pngresized.png,272.15744,171.61572,-138.66505,275.7307,174.67636,-129.30602,275.03705,176.4877,-129.28688,274.33707,178.49274,-129.30952,277.5441,168.2575,-131.81235,278.105,165.95604,-131.88527,278.60318,163.66978,-131.87239,269.40173,178.66718,-78.71879,274.74243,159.22543,-85.55928,263.5396,173.73961,-120.115845,266.04227,165.53923,-122.54907,228.41696,180.0437,-33.76043,244.38992,128.4279,-70.59301,237.36444,222.91501,-42.22341,245.0467,84.19924,-58.097454,244.73903,268.9603,-102.68238,246.53668,38.49885,-105.16724,244.2831,283.8349,-118.21258,246.66278,25.233446,-104.3307,244.4234,284.42526,-129.5059,248.17207,28.01567,-131.88396,242.12912,279.7954,-112.35384,246.85695,32.43561,-118.16185,155.4577,136.63979,19.267794,156.02885,99.39048,-19.210258,164.88968,199.12627,0.27562705,95.417175,56.345592,-52.863384,149.6926,285.5615,9.158997,33.971653,16.948118,-14.934433,137.44228,296.00757,5.599729,25.723661,10.492041,-14.616622,176.88187,320.93417,-13.855489,20.191265,10.98645,-62.368523
75-0.pngresized.png,473.20602,169.67236,-162.06131,483.89517,184.40628,-177.13852,483.31528,188.95833,-176.91841,482.79535,193.71695,-176.64294,485.08124,179.3582,-154.75232,485.5973,179.1279,-154.59607,485.88724,178.73369,-154.61388,473.05206,217.14981,-159.67464,478.6439,197.53001,-65.94441,456.41296,184.06097,-151.32288,457.9884,175.56459,-123.234245,404.31943,259.09497,-23.814657,422.74124,168.60782,-65.32945,401.00494,337.21902,-42.084167,425.80002,92.14696,-12.512102,403.9807,442.21707,-113.91187,427.20517,83.85511,84.407524,406.52353,479.26022,-107.56871,425.2644,79.129585,84.185745,408.83804,481.877,-155.57674,429.47525,86.48278,90.40697,403.79968,468.81888,-138.554,427.84567,84.85163,85.208336,215.19957,206.92932,80.30686,220.01492,166.43445,-79.95729,120.18684,208.0139,224.16771,251.77629,306.48978,-268.9982,23.825836,166.52936,448.3221,241.87987,449.37222,-285.84277,7.0572915,147.77927,468.46616,227.58795,461.87582,-286.20676,-6.3548822,198.00568,458.0864,279.27423,516.4091,-351.70578
78-0.pngresized.png,47.5518,280.55197,-217.04237,38.68231,274.77493,-206.64217,38.737827,270.65027,-206.58722,38.723476,266.36023,-206.6501,39.743534,286.9809,-207.21194,40.2196,291.5763,-207.216,40.908672,296.07785,-207.17607,48.231823,261.0692,-115.51625,50.71128,302.74084,-119.017136,62.404877,273.13507,-181.46988,63.257095,289.279,-182.42554,117.343346,221.0213,-66.978355,121.17622,335.70905,-43.057632,110.74292,128.50105,-62.2057,130.37828,418.16495,-18.149313,100.10107,46.11216,-145.4341,113.13287,493.6887,-138.47308,98.137245,23.696524,-158.38588,109.97271,515.76556,-154.35469,89.88558,23.310144,-200.62723,102.64411,512.2298,-195.78696,92.74851,32.561214,-164.83208,104.96762,499.523,-159.24559,319.28735,247.33571,-0.20465617,301.2967,314.8821,0.34604838,448.26083,237.14252,-1.8876286,318.0277,436.42398,0.486575,573.31464,236.39955,117.25574,324.643,552.0335,109.79082,589.72736,244.3203,124.99976,333.0505,560.5626,117.604355,619.1883,223.2463,30.163187,315.95624,603.79596,55.141655
8-0.pngresized.png,343.19235,191.5508,-154.40727,346.38406,197.63109,-143.25766,345.1295,200.05125,-143.28159,343.8663,202.71877,-143.27975,349.4082,190.5279,-143.70485,350.2256,188.26653,-143.73479,350.98117,185.99945,-143.70369,336.6964,206.25528,-80.389465,346.20648,184.34923,-77.7719,332.23523,195.51382,-130.36272,336.408,185.7967,-129.90555,282.26218,209.6879,-17.345215,308.5309,147.13354,-61.79111,289.2212,264.68588,3.1182885,314.52737,92.89194,-46.54799,287.36987,325.26663,-26.733093,318.31384,38.64205,-85.13387,289.2079,342.58105,-35.70472,320.20142,26.854744,-82.95882,289.9534,347.2656,-50.438602,325.98615,25.46837,-110.86656,285.45258,345.5709,-38.61481,324.99023,27.182344,-99.76005,197.25845,156.9006,34.68345,195.72006,112.37157,-34.734905,203.01685,240.6324,15.786772,110.047195,76.43465,-74.19651,179.63148,332.56888,37.241085,24.64745,49.97932,-12.963238,168.53798,342.8849,34.41353,17.58204,44.74221,-10.741624,198.3545,371.05176,12.980646,-4.4219613,49.121128,-73.76263
80-0.pngresized.png,66.277954,75.77893,-36.589516,58.462948,76.60525,-29.48067,58.305786,76.10157,-29.533298,58.15335,75.515625,-29.550705,57.82552,80.75333,-43.888504,57.20505,83.03419,-43.92746,56.645996,85.28972,-43.87221,56.6025,84.8383,8.82357,55.62345,98.808235,-53.83778,71.056335,82.21846,-19.921837,70.285774,86.765945,-38.46602,88.15385,90.49594,-32.44276,82.729416,133.56465,-21.694746,94.865906,107.07114,-42.545395,92.29291,178.67552,-27.36481,90.02096,128.95236,-56.271866,90.21489,220.26492,-41.360367,91.11035,135.41309,-76.88046,87.45244,229.96367,-35.05281,86.07138,135.98541,-73.07928,85.17129,231.9929,-54.747944,85.327095,134.79367,-59.57087,87.86179,229.81657,-49.384403,193.53922,128.49127,-23.857199,169.37737,143.72093,24.179562,243.5933,172.78575,-43.97803,119.857285,181.82402,38.627068,296.99402,219.76479,-2.2273324,86.03217,230.1563,70.42001,302.92218,225.62508,0.048729267,85.49078,242.49101,72.34098,304.8379,235.75945,-56.58256,56.49186,238.32309,42.76043
82-0.pngresized.png,98.964615,142.7318,-74.71859,91.615456,144.06721,-58.589073,92.05549,143.0129,-58.66442,92.48464,141.85648,-58.67973,89.81379,149.98283,-76.72978,88.95444,153.10417,-76.839745,88.19626,156.13016,-76.77323,93.633514,150.66798,14.274001,89.94077,171.11043,-67.486694,107.21857,147.56615,-47.918686,105.01753,154.34601,-71.73878,133.98187,136.4504,-20.11208,125.78302,211.75523,-22.685886,132.4992,81.062996,-57.145805,134.8374,264.92456,-24.081436,117.809586,28.222008,-119.798996,129.0094,317.99295,-50.8421,116.817474,14.072007,-139.98732,122.95409,329.91855,-40.18289,105.94756,9.245588,-151.49924,117.84798,334.2764,-72.222824,105.06088,17.37843,-131.32321,121.70359,329.3988,-63.967995,251.76512,189.33545,-45.909668,222.32544,210.04985,46.311935,267.88824,278.66745,-90.30884,175.33315,290.3229,48.200512,302.26837,363.2401,-60.87266,138.63676,369.90582,65.16346,308.43707,378.28198,-60.231274,143.42422,385.26422,66.22042,291.91797,387.4761,-146.54535,95.84512,405.76938,25.536129
83-0.pngresized.png,50.97473,237.09459,-115.87718,44.78708,232.82802,-116.520676,44.33227,230.5444,-116.54325,43.810493,228.15788,-116.53835,46.295605,237.10039,-103.69799,46.773296,237.70076,-103.61651,47.381287,238.22774,-103.51421,46.11715,216.71411,-97.27905,51.159016,231.08406,-38.143177,58.19953,227.7524,-108.24772,59.902504,232.77718,-91.0403,74.70918,166.03958,-100.71643,99.12577,238.21056,-7.293647,58.620087,111.73162,-162.853,99.07655,289.14066,-8.15047,42.75275,62.281433,-241.15652,88.644165,337.38068,-60.653816,36.913662,47.947517,-262.31198,82.21497,346.32718,-60.85351,32.193264,49.251225,-273.364,79.01617,349.91498,-83.772644,36.02229,56.684036,-249.53415,81.61001,344.39114,-73.2847,193.56918,157.447,-47.014004,184.57951,200.87993,47.397465,279.83804,158.0491,-75.74284,169.55873,283.92435,41.35717,365.38837,151.28328,-20.011543,176.1163,368.42105,71.1899,373.73138,151.06284,-18.685043,184.91194,382.43213,72.37653,391.21057,157.0112,-89.02915,147.96277,400.4501,45.016037
85-0.pngresized.png,580.18823,325.8921,-235.74199,585.7134,336.60165,-225.41112,584.3686,340.50723,-225.53334,582.9794,344.8057,-225.56946,588.7296,326.27414,-221.70361,589.3897,323.06696,-221.64471,589.9046,319.839,-221.62277,570.6616,355.02444,-143.33885,580.2994,322.89813,-122.38102,563.1671,334.89447,-203.70573,567.03613,320.82373,-198.15018,480.0157,371.76575,-60.396244,523.33484,272.0153,-107.3517,492.46167,453.7096,-43.603695,531.7921,181.19362,-135.19081,501.6809,540.0034,-92.719505,555.2963,90.48596,-220.42574,506.86102,567.7912,-107.83872,559.65515,71.4431,-215.59897,511.19232,575.5282,-132.27675,570.8445,64.89027,-267.0804,504.1391,573.2143,-110.50937,565.427,69.18089,-246.56573,337.81628,287.2336,42.45461,339.97464,219.84914,-42.238743,367.25745,396.06625,54.60356,208.84926,177.40819,-104.05989,358.85266,537.5068,116.614525,77.32815,129.52664,-32.393555,340.69974,556.5453,114.16196,65.703896,119.98071,-32.241325,405.23892,596.91187,71.199684,30.479488,132.48822,-138.72826
87-0.pngresized.png,23.215145,231.17096,187.38338,16.372122,232.65123,163.50798,17.627884,233.95741,163.7016,18.769548,235.16669,163.91896,13.006127,226.62065,169.08644,11.732118,224.47061,168.62111,10.632779,222.34235,168.2413,29.405699,229.41809,75.55467,17.15719,213.06252,105.44669,35.233116,228.19801,157.58598,31.800018,223.98555,166.27275,77.61065,241.566,-5.253106,65.437485,155.61018,85.3184,53.768105,326.91357,-56.606735,70.48086,81.749855,98.84564,32.993195,391.89212,-112.38867,63.245834,8.56034,91.35956,31.2256,412.32333,-148.06332,61.450535,-8.473271,97.17685,21.734522,404.92386,-135.18967,53.826836,-7.19776,81.24881,21.305962,396.27777,-110.09546,51.637333,0.17117193,88.69057,197.85173,181.0069,-51.300774,212.14233,126.89081,51.246914,214.23177,279.32675,39.538612,306.97153,94.841606,49.097607,231.32402,359.8184,114.4381,402.46124,56.65593,60.060913,243.94017,362.84583,123.33611,419.10214,50.506695,61.834667,212.47636,400.49442,84.30782,429.23264,59.03658,6.0909443
89-0.pngresized.png,562.1779,305.71036,-252.92812,571.19257,307.6964,-242.75362,571.4722,311.37927,-242.76302,571.81165,315.43958,-242.75092,569.4597,296.2462,-248.40105,568.6675,292.22324,-248.50635,567.75256,288.24152,-248.4871,564.148,322.02472,-159.87347,559.0687,285.4994,-178.62294,549.5329,316.928,-220.87737,547.2934,302.16425,-226.55673,488.46255,359.77515,-52.72386,495.8858,252.8753,-168.36195,515.68524,438.17252,-44.261944,494.14078,168.94138,-158.71902,517.9188,522.2026,-155.19028,496.21973,80.66644,-230.1243,518.6779,544.4966,-178.9794,500.28125,56.66281,-236.91022,521.6416,551.43274,-209.96358,510.31625,54.205097,-277.5494,517.6543,546.70776,-177.79242,507.5199,60.240196,-252.49277,333.04163,309.1143,59.805107,320.0857,241.74545,-59.685654,346.29654,428.5754,38.313366,183.44731,233.92503,-91.705246,299.37744,552.54474,92.36435,53.039497,231.9752,-6.020728,280.44128,564.1362,92.03223,40.39956,226.90628,-3.0528612,319.6295,615.07306,39.631435,6.1746492,258.07547,-117.310196
9-0.pngresized.png,61.153378,223.53224,-182.75343,51.281803,227.12051,-175.68315,50.779045,225.41577,-175.71338,50.195305,223.58832,-175.72043,53.1299,235.50476,-188.83905,53.686596,239.58719,-188.84888,54.383064,243.51761,-188.95792,52.383183,232.64311,-93.57903,59.630352,261.65546,-157.44551,70.85083,226.0071,-146.86642,72.41334,235.58713,-165.67262,93.5633,207.61516,-69.32057,110.4816,306.34552,-84.81105,105.593285,131.88162,-54.194138,100.07333,398.20013,-98.13122,100.37598,54.15866,-133.0647,103.71843,466.48505,-144.49655,97.380615,35.396694,-140.44107,103.932846,486.7762,-149.50424,89.53002,30.788849,-178.25008,99.50926,485.76987,-175.56482,93.92074,39.702534,-151.00848,99.40016,477.20416,-158.1289,246.14722,190.90901,-1.5971786,248.53719,249.22408,1.8147293,363.2746,197.30109,14.521825,263.7839,350.8671,-17.149038,484.8618,200.72704,95.52304,259.19025,483.5899,90.44998,499.986,206.6348,99.80534,264.3485,504.17117,99.63485,517.2209,197.27289,13.288856,231.98758,522.78827,58.802223
90-0.pngresized.png,260.66464,132.98878,-93.89247,264.27737,134.58371,-90.30374,264.2445,135.89902,-90.29448,264.26413,137.34856,-90.31446,263.84293,130.66556,-90.28459,263.71652,129.28346,-90.303894,263.52762,127.91736,-90.25252,260.1843,140.12422,-60.950687,259.2656,127.047646,-56.9692,254.53035,136.77525,-83.18042,254.29288,131.21007,-82.16334,226.62627,156.35605,-31.071802,230.70892,107.010826,-43.32609,238.87373,194.75107,-29.855162,229.04373,69.57055,-36.314266,240.8666,232.16217,-53.538933,230.51697,29.868948,-69.3214,241.0187,243.05696,-56.401985,229.91884,17.935549,-68.939545,242.67323,245.63354,-72.07611,233.86726,18.72122,-89.61152,241.31581,242.21983,-62.029213,233.30171,23.204391,-79.236916,158.33252,137.23906,12.00405,151.11137,105.70717,-11.955935,158.05484,189.35136,0.5231944,92.811775,109.41437,-13.54495,141.15604,250.01266,15.832381,37.972782,117.51937,27.521019,133.7301,257.543,16.058544,31.97098,118.05686,30.296307,149.08386,273.799,-4.040387,17.879925,123.649475,-9.398475
91-0.pngresized.png,220.78677,131.08838,20.789202,224.1205,133.3639,22.79058,224.31732,133.38408,22.795904,224.49396,133.50412,22.675602,223.7998,132.54153,14.765776,224.01538,131.98804,14.824426,224.17764,131.4375,14.874887,224.4574,128.70262,39.971714,223.25888,127.45779,6.3374906,217.7503,127.11771,29.026537,217.88542,126.25733,19.082306,211.32053,94.75821,59.99273,204.18257,126.18518,-26.845304,195.57056,61.225647,75.70352,199.9877,173.58606,-63.205246,192.98698,28.145504,62.174522,211.05518,216.87854,-73.41762,189.04553,18.656929,59.53116,208.76332,226.83057,-88.432724,191.84488,20.033264,49.786892,214.79346,226.69022,-82.09744,192.981,23.430946,57.880997,215.46576,221.39726,-71.71703,138.74594,76.557076,36.517128,137.6795,90.08072,-36.58877,69.76994,99.42358,30.381,149.61623,155.77234,-20.073315,9.376175,109.67802,72.77095,137.878,214.27014,23.196493,0.345932,108.42272,76.89589,129.75035,216.78317,27.542273,-8.935059,117.114265,51.557827,155.22021,240.24818,11.735907
91-1.pngresized.png,252.76366,139.57552,18.692408,254.8238,140.36617,7.045869,254.56699,139.82253,7.111286,254.29633,139.39622,7.0756207,254.4365,143.32542,10.60261,254.26505,144.54407,10.631379,254.02403,145.70427,10.679604,247.9255,138.98921,-23.43747,247.36484,148.091,-7.133443,245.71654,138.08986,9.245266,245.96913,140.34961,13.9950285,222.13748,112.969955,-16.272938,214.42088,162.21436,-37.40105,220.42949,70.13318,-11.490357,214.08788,214.13904,-62.7233,232.4689,18.602226,-0.2752498,219.76643,256.73325,-89.14492,232.58786,4.0257163,-4.1378274,218.49246,267.76535,-105.155075,237.38208,5.644912,-9.338738,223.84718,268.78473,-102.14807,236.83781,11.66286,-2.1225677,224.5059,262.54294,-89.36195,144.91608,97.018745,24.915928,143.65576,121.597984,-25.146898,83.16036,102.9097,41.182728,152.82492,192.67218,6.31791,30.290909,104.34766,93.126366,142.92026,258.9248,35.52281,22.347797,103.79279,99.04339,134.2187,263.91245,38.973183,19.383398,110.337234,84.14297,165.92543,290.28247,20.205282
91-2.pngresized.png,227.94756,105.56352,30.268991,231.23238,107.03821,16.982595,231.15883,106.6223,16.983288,231.08153,106.30587,16.907345,231.33157,110.34502,23.01507,231.49832,111.81573,22.979979,231.59566,113.28093,22.918848,226.37209,108.11514,-23.137323,227.44618,118.630264,5.434991,222.07576,105.78484,17.679207,222.65755,108.5379,25.636482,201.30699,90.90205,-21.653765,200.1501,138.08061,-19.433996,197.72397,50.048122,-30.353106,194.88486,177.28452,-38.27296,208.64037,2.0663955,-22.728123,200.67575,217.97162,-60.932056,208.08847,-11.872303,-30.577963,199.51242,227.87347,-73.97411,214.27913,-10.552825,-30.85804,204.84778,228.96848,-66.998825,213.80148,-4.45762,-23.066397,205.4695,223.955,-59.21907,124.87864,95.79232,17.586283,126.47986,122.901505,-17.797682,74.1963,97.051384,49.642056,130.45857,185.34859,4.678194,34.776714,90.59953,97.37162,138.9719,246.82356,13.995212,27.843134,90.043755,102.75774,132.88414,255.12712,15.428881,29.166883,90.93065,91.204666,164.38643,266.69678,-8.418528
91-3.pngresized.png,240.83871,124.68543,51.76013,244.47229,124.94772,44.664486,244.91551,124.06461,44.683247,245.31476,123.305984,44.580956,242.82141,127.308395,39.9884,242.42567,128.03903,40.036823,241.98128,128.73723,40.04585,242.47292,118.67073,23.655596,237.27423,127.22874,5.742863,236.31339,120.90349,46.793907,235.35211,123.18475,41.34584,224.53749,85.60407,35.662704,206.53244,132.44316,-37.158237,218.58522,49.47161,56.170483,204.95795,184.63171,-77.29553,227.70406,9.884202,49.03675,216.47026,230.67961,-87.703094,227.5902,-3.192751,44.956238,215.64633,241.61752,-104.51067,230.80046,-0.2982363,33.61251,222.25725,241.15102,-96.083855,229.63785,4.757492,43.58446,222.99179,235.93181,-86.02494,139.46613,63.778454,37.741398,133.49908,88.042915,-37.831356,80.091774,76.590744,26.473402,148.31934,163.51308,-7.915637,32.213165,74.878075,60.321304,149.06685,234.50899,20.148754,25.515789,74.457466,64.035255,143.0855,239.94405,22.22191,18.07595,72.126625,31.694534,169.48181,266.35004,-13.252139
93-0.pngresized.png,30.74276,190.56308,-201.84944,23.65509,186.51506,-194.77588,23.884512,183.66956,-194.69891,24.000395,180.66397,-194.72049,23.183123,195.13339,-194.70389,22.928942,198.74188,-194.76253,22.744373,202.28105,-194.62724,30.455013,179.04308,-132.72276,29.150944,206.65709,-128.46588,41.259804,185.65637,-177.39854,40.204517,197.81133,-176.2136,74.91692,150.5195,-94.27124,79.79329,231.87456,-37.58498,82.03115,93.83679,-42.38985,90.659515,301.16794,-37.96209,93.04749,36.201107,12.169476,98.3998,370.84814,-96.95702,93.2295,19.026669,32.31956,101.45421,390.3768,-95.83616,93.531586,16.259014,8.169384,99.00032,386.6899,-116.25366,95.731415,24.714874,2.7326705,98.657936,377.1868,-108.03813,207.23962,159.4733,-49.478317,214.32697,182.99298,50.102047,193.1494,265.27505,-53.78807,289.99796,173.11728,64.77123,212.71634,364.67044,-58.815712,367.6738,152.78963,71.028564,229.28807,375.73682,-62.433113,378.65585,142.37024,66.78962,192.3362,406.94586,-121.063705,408.79285,174.15143,13.654903
98-0.pngresized.png,52.336582,289.99133,-216.81029,45.609043,281.75092,-219.02498,45.763466,279.2934,-219.06801,45.843872,276.6818,-219.02388,45.82754,285.87823,-197.85678,46.016697,286.09366,-197.82542,46.42033,286.2634,-197.80937,51.990616,261.67624,-197.85649,52.626575,275.54477,-105.83165,64.78873,280.28836,-209.36523,64.90688,285.10278,-182.85617,113.09404,202.56041,-173.40567,117.68548,296.7165,-51.353474,127.65088,122.0286,-189.50728,108.22989,367.32602,-71.85248,132.86331,45.450146,-284.51083,97.66161,435.07257,-154.80263,131.14088,24.647837,-311.36288,92.10315,449.15744,-169.67863,125.5246,21.047594,-345.12555,87.31953,449.81448,-203.17677,129.72508,31.698206,-302.08368,89.733444,441.85007,-175.9082,263.97876,214.76935,-44.14314,246.00731,272.85422,44.556118,375.07663,204.32594,-9.322663,246.0186,381.1727,67.22789,475.97363,195.32578,154.76271,247.9558,505.30017,154.11441,487.9236,197.97061,165.92786,257.80872,524.12085,160.42624,505.84756,194.65025,67.83389,211.39548,547.1381,91.65195
