0-0.pngresized.png,281.5288,257.52115,-179.84113,291.24692,255.3892,-178.79836,290.9037,254.99884,-178.60968,290.68652,254.75623,-178.62921,291.84918,253.62787,-196.71422,292.40982,251.79765,-196.78249,292.7922,250.14468,-196.90807,287.17145,242.74762,-143.64392,289.3166,236.16681,-226.37663,271.7754,250.38803,-161.63211,274.06546,247.9622,-185.56389,274.29984,224.1695,-113.58236,238.38626,210.07573,-241.93605,351.16876,264.36377,-134.29233,305.77133,276.96472,-330.46112,408.9814,261.69003,-228.32796,405.94827,277.13358,-355.41345,423.1356,260.1359,-243.4004,427.9439,282.229,-382.41782,419.54733,256.12936,-251.34221,430.12604,273.06876,-376.83423,411.8671,258.22342,-237.8203,423.2056,270.15662,-353.74167,154.08698,244.8827,46.29871,106.4762,238.55302,-46.384167,290.51126,281.2796,-99.22845,67.32253,261.234,-299.6563,365.16425,297.43698,-235.5553,153.5246,288.6187,-106.297935,359.30573,302.37354,-248.5558,164.84079,285.56366,-76.43463,441.5924,293.6255,-240.27356,185.32495,299.58878,23.011902
10-0.pngresized.png,454.11215,244.09991,-19.74911,452.4663,236.99207,-28.190243,450.40216,236.48325,-28.17246,448.42038,236.01149,-28.226362,457.377,237.9518,-36.898636,458.81113,238.05966,-36.813503,460.24478,238.16202,-36.751465,442.20526,238.03575,-58.24277,458.29355,241.19885,-95.70013,448.35516,249.28426,-30.032696,453.31912,250.13846,-41.018055,413.51694,270.3268,-64.27078,463.42465,281.36102,-111.45073,404.79468,316.83377,-69.5761,482.53882,322.6973,-108.38102,409.87796,336.10068,-83.46017,489.17676,327.03824,-99.47391,412.29962,339.76318,-94.091995,493.09973,326.29266,-115.85456,412.92456,339.11786,-99.08765,491.24292,324.37683,-116.58067,412.66464,338.03702,-86.02667,487.78952,324.55423,-100.188484,409.1788,345.1977,15.239554,436.4033,355.7021,-15.126154,414.4342,329.01416,58.168667,497.94653,345.76328,11.090069,426.10056,326.04733,58.29347,550.1225,336.96402,-22.475094,428.76907,326.28275,58.21558,556.1082,342.23456,-26.78168,430.53986,315.21286,34.9194,581.4267,313.41098,-62.51434
11-0.pngresized.png,263.0347,214.12459,-94.1428,272.96088,209.11821,-93.337425,273.09772,207.93297,-93.15568,273.30112,206.85738,-93.20454,272.67804,209.05403,-114.049774,272.93204,207.62938,-114.09524,273.00986,206.2931,-114.129654,271.66623,195.13924,-62.75616,271.03137,194.44531,-158.18259,256.52777,208.08244,-77.62169,256.78458,207.79639,-104.88391,254.73499,179.93448,-28.419048,234.31721,179.23573,-175.46886,316.4112,215.52841,4.383032,286.42126,237.65283,-248.86139,364.2924,223.11652,-22.315224,360.8078,236.60512,-257.53693,377.30667,224.42683,-28.321617,377.803,241.2616,-283.46262,373.5656,222.31532,-35.02021,378.95096,231.4799,-280.19366,366.97052,223.3302,-28.77673,372.69717,228.0272,-256.98508,141.80493,202.6495,45.828087,111.32396,201.10437,-45.79906,248.05746,249.32321,-43.20683,73.465355,214.3087,-242.15572,299.30594,245.07309,-114.62962,144.50371,248.10194,-34.145947,299.3923,246.3936,-121.245316,159.21396,247.04167,-5.530519,345.37204,235.49313,-136.1102,157.23407,264.3675,56.682114
15-0.pngresized.png,466.06058,356.86536,-118.53119,482.46762,366.23788,-99.42096,481.2116,371.50363,-99.292404,480.02585,376.8615,-99.401436,487.87698,350.38037,-111.48726,490.74054,343.9807,-111.50749,493.4402,337.72244,-111.8528,478.58942,374.5004,32.589645,496.62836,321.91962,-20.127863,450.57214,358.53223,-68.85524,457.9274,338.8966,-82.6924,427.98593,367.52448,126.79746,429.8624,260.37595,-49.858227,435.5118,389.48575,188.12474,374.86218,294.90097,-209.62111,507.77386,424.69547,201.00015,473.76953,287.8157,-292.83737,527.98145,435.83423,200.74258,501.531,295.32294,-304.30997,535.29083,433.78168,193.92134,508.1962,281.7072,-310.97354,526.8684,427.8673,195.45059,496.4595,284.11273,-297.16077,187.23195,335.64474,81.61933,177.73927,284.75372,-81.28914,376.10257,415.2947,82.40789,392.26636,366.50952,-179.17421,192.02847,398.4674,122.67197,194.18553,359.8108,-50.045673,162.28975,380.87863,124.735504,159.81078,337.99686,-30.301655,142.2762,418.04254,118.88557,148.02573,391.8841,27.805027
20-0.pngresized.png,332.83316,225.58151,-167.6035,337.56934,216.52888,-161.4169,339.68045,216.4115,-161.43796,341.86624,216.41902,-161.58362,330.48877,215.46059,-170.11726,327.32803,214.46063,-170.01532,324.14957,213.57762,-170.01076,335.23868,212.27075,-112.827644,311.83685,209.60297,-151.1189,329.04654,230.20636,-147.97917,320.0331,228.55486,-158.76859,303.9726,217.88911,-35.223396,271.24274,237.15343,-161.01682,343.341,274.55423,-6.0092297,309.20264,329.94504,-171.77376,377.64493,326.9698,-62.710567,361.9999,348.8911,-155.53432,393.24307,337.82285,-69.020294,373.44012,361.7504,-172.53035,389.61887,340.00818,-84.49972,374.10092,346.8898,-176.05374,380.65594,337.44113,-71.60547,369.93872,339.87015,-156.18642,181.35825,252.46017,38.335983,156.72824,259.1969,-38.23011,234.29922,316.1895,75.18673,178.46251,338.12598,-136.56224,247.18958,294.98074,67.62376,242.06508,305.71173,-8.799524,253.4497,290.3246,68.26841,251.61003,292.80508,7.1372643,256.88828,287.9414,70.04711,277.78207,311.395,14.75402
22-0.pngresized.png,163.026,62.18523,-43.11126,158.19579,52.07283,-33.80419,157.70493,52.119354,-33.749294,157.3316,52.114952,-33.87146,155.51274,51.555332,-56.69948,152.74524,50.82889,-56.81608,150.00395,50.173397,-56.945724,142.42981,53.68306,15.864147,131.79814,50.55293,-82.46467,154.37662,71.89774,-23.891287,150.67366,70.83802,-52.64967,129.1106,115.45861,44.75186,89.778404,102.18024,-126.947296,163.85121,180.29886,39.762592,145.49197,177.4901,-143.35847,214.29706,223.53545,12.76633,211.86653,217.29582,-135.1815,230.10161,230.17514,25.547224,225.86636,227.5968,-157.13985,231.12672,232.28061,2.6919227,231.25233,221.31146,-148.15762,223.26155,231.29494,3.4361506,226.04303,219.11002,-131.75395,74.37777,236.9897,33.240635,35.432632,238.62553,-32.877636,153.51807,245.799,93.62772,7.1951323,243.11526,-224.69789,94.76371,256.8646,88.10287,73.76443,262.2763,-58.34739,86.673325,250.77562,88.43086,72.60617,250.79425,-39.094093,85.27504,256.45648,98.03048,128.01834,260.90054,-50.857327
24-0.pngresized.png,406.4852,359.58804,-190.32375,415.9357,359.644,-210.3991,418.34024,356.4772,-210.03004,420.59637,353.4459,-210.13129,408.2202,366.19055,-220.0203,405.4996,368.28113,-220.09274,402.48383,370.41797,-220.24503,415.97443,336.61807,-234.02138,389.0834,362.14835,-281.9873,399.3427,346.02707,-190.62961,392.8761,354.0054,-204.19576,415.92545,264.42203,-203.55493,308.92087,343.926,-294.5714,500.69302,362.7878,-245.51436,382.90128,443.5268,-364.75436,577.3725,436.05728,-336.12408,533.4691,459.20886,-436.0431,601.0847,451.8895,-385.36902,559.2517,472.86105,-474.58215,587.1335,448.63638,-387.46704,563.03156,454.3513,-481.59708,571.9867,446.72418,-346.12277,557.6515,444.91376,-441.63745,236.62114,190.12979,33.859394,175.43047,234.94983,-33.26444,351.92996,255.25328,197.2214,278.60477,316.48325,81.1644,418.7421,323.9774,455.84702,377.29407,365.09402,365.0798,418.7397,337.92755,480.09286,389.75592,361.94443,388.9608,467.761,355.97427,438.90726,431.84583,405.80292,339.74835
25-0.pngresized.png,185.09824,309.41998,-27.075043,172.7439,306.24017,-54.569775,173.4944,305.47885,-54.389187,174.35439,304.57413,-54.59959,168.90858,302.16833,-25.520666,166.43295,298.6095,-25.226572,164.31454,294.8529,-25.04115,179.54121,289.0366,-140.92467,165.86298,275.27063,-3.9894621,199.17554,302.74097,-57.944714,194.26808,297.6986,-18.060555,245.13618,283.47882,-215.32657,221.98738,237.74005,31.696087,171.46544,383.42957,-236.40274,157.02722,297.0643,41.99525,51.354626,352.8152,-126.27432,55.072098,306.03232,-6.173934,15.952201,351.99384,-138.43146,24.331808,300.80286,-16.959356,25.131262,329.10992,-154.19736,21.507412,299.8369,-7.43287,37.29536,328.2801,-131.52348,33.762447,302.64236,-8.281921,481.86142,289.27646,-73.822105,454.48337,275.3952,74.44243,409.39435,372.8512,-244.65637,276.70343,356.48398,146.33759,348.60046,338.25882,-57.153236,133.3406,395.50427,36.829685,338.48383,326.57913,-32.184437,121.60496,405.4903,23.494915,305.417,340.9344,-11.099664,45.04729,404.9645,10.469612
27-0.pngresized.png,348.24426,251.58798,-168.6481,347.67337,239.70715,-160.13048,348.06946,238.24634,-159.96504,348.57333,236.95467,-160.10745,342.20822,241.86542,-178.27112,338.79974,241.70828,-178.25624,335.30112,241.72412,-178.34709,331.71362,234.43388,-112.060585,314.34613,242.05278,-196.65964,336.92398,258.45282,-150.88132,330.54382,260.11234,-175.01532,287.5868,253.43709,-87.19665,260.36685,285.82806,-222.00336,364.51996,307.32516,-115.23423,349.22543,350.10773,-266.76343,462.15988,329.7413,-167.64206,457.06754,343.80414,-307.79767,492.25357,328.93933,-182.76918,484.8369,347.94275,-353.4662,487.24036,326.86664,-192.84764,486.0225,331.4527,-348.25793,475.7786,331.42264,-176.48947,475.7534,327.8203,-310.29733,126.49296,309.46896,43.533558,101.14537,322.15543,-43.251274,266.27002,347.9362,31.13457,157.69618,343.80844,-229.84239,329.1433,353.02744,33.172493,270.9264,363.20718,-87.033936,332.23608,356.6636,32.504635,282.76434,364.6459,-72.222336,374.93753,346.21127,1.2085309,330.6448,362.74805,-104.0037
3-0.pngresized.png,193.42801,93.20198,-42.685383,188.28246,85.649956,-36.515667,187.34563,85.321884,-36.503395,186.57104,85.024155,-36.615074,186.67056,86.35091,-52.133347,184.81279,86.231125,-52.216583,182.9284,86.18554,-52.272045,175.17827,88.83074,-4.85539,170.35022,89.68186,-72.47767,187.21054,102.61619,-31.600975,185.6638,103.26065,-51.452503,156.70444,144.55553,29.204575,141.31497,130.39523,-118.299126,211.70335,188.8007,29.774786,207.44856,186.26633,-132.43933,275.80606,210.92104,17.095724,277.29926,217.84967,-135.7411,295.98734,206.85414,21.437607,295.42413,223.35774,-159.537,296.90298,208.74442,4.9105196,298.0758,214.1611,-149.16933,289.4768,211.57796,8.983006,291.02048,213.28113,-133.46951,67.23123,228.96814,39.92875,40.09309,224.76437,-40.076332,178.24536,231.05312,42.976784,61.441288,275.91785,-170.00735,214.48836,240.51402,39.176746,98.10317,242.35693,7.1192107,217.98027,247.51881,38.96773,103.14998,232.38193,28.39959,239.99011,221.23921,47.328682,112.38001,234.02037,72.590935
31-0.pngresized.png,285.95172,426.3063,-72.22892,270.71072,419.41507,-102.484795,271.6344,416.99594,-102.355606,272.6405,414.4377,-102.69037,266.43143,418.0909,-71.11264,263.6494,415.48926,-70.7899,261.34665,412.74103,-70.587875,282.12216,394.52313,-172.7606,266.5759,390.7158,-23.134048,304.8087,416.23407,-95.49491,299.26443,415.5235,-52.21854,369.21408,389.03503,-259.59668,340.65054,360.0403,56.566753,251.24083,514.1799,-336.8242,247.76344,450.8152,53.62909,96.70736,488.4009,-284.00037,117.421936,452.31488,-61.0121,55.07229,485.89746,-319.9316,83.32619,443.47018,-72.248825,68.54408,459.33023,-328.96964,79.64925,437.21283,-76.52405,83.19086,459.85815,-289.59476,94.33253,440.98605,-70.249535,697.3312,421.19,-91.31744,654.1798,410.5289,91.86921,551.80994,526.8922,-229.25877,391.54678,488.53818,149.2835,421.60736,468.7005,32.8652,206.18997,535.1349,21.865969,402.2833,448.5111,63.002052,187.76747,552.4391,6.6243773,347.58594,464.98752,80.139496,96.025795,538.94995,-37.28837
32-0.pngresized.png,394.351,172.08592,-512.3003,397.58057,154.44717,-491.19406,401.5976,154.33345,-491.17474,405.94604,154.31047,-491.11377,382.02777,151.96184,-516.70605,374.6405,149.88853,-516.91986,367.33853,147.9553,-517.1829,393.4457,148.41035,-359.7783,341.7754,139.31952,-464.23303,388.53363,180.97047,-459.5364,369.52878,177.76874,-490.08987,385.6744,188.52211,-262.10727,246.559,174.82658,-434.9072,445.8382,262.1107,-304.60748,194.39299,304.89233,-476.77155,486.90845,331.53412,-429.4965,194.09785,408.65134,-524.07,511.5136,346.79608,-461.54764,182.62119,433.04578,-580.8317,501.79556,347.87802,-501.99973,208.20686,435.4009,-588.2718,485.61157,346.90137,-451.4436,215.96494,427.0067,-528.04987,261.17584,297.24832,36.99156,176.55367,281.42072,-37.2496,348.94724,367.6719,-113.71049,34.467594,334.4818,-43.75824,308.50394,371.11328,-27.229527,135.01599,299.46628,233.19377,297.21997,368.52344,-17.262394,156.19241,290.67868,266.53854,312.11066,386.4345,-10.197018,149.69006,324.66342,352.00058
34-0.pngresized.png,101.79968,145.9699,-98.51339,99.00015,136.86023,-114.622826,100.251816,136.3265,-114.5545,101.54461,135.77892,-114.52663,96.70365,134.4935,-94.69823,95.87609,132.59209,-94.59818,95.2138,130.71828,-94.47999,110.804054,128.7782,-149.47766,102.86031,121.3746,-56.974304,112.24073,147.94716,-111.28819,108.79692,145.3723,-84.45649,156.01622,153.33229,-182.86562,133.95113,127.67212,8.9021225,117.6271,240.09491,-181.1468,103.70684,189.2748,57.89082,47.73752,208.83246,-116.00278,69.97878,200.24426,80.69536,26.201279,204.98033,-127.44122,59.004482,200.99918,92.89432,36.054245,189.3118,-134.43553,60.763676,195.95801,96.02592,43.25278,187.9498,-117.3871,65.468796,196.6013,81.39884,264.94553,189.80052,-51.07311,240.50644,174.67787,51.532166,233.0519,236.65851,-203.14836,149.84715,184.19516,89.94618,172.86945,220.67609,-12.868007,84.280975,186.22409,96.96995,167.53041,214.01228,9.921242,79.183975,192.26234,96.06488,137.38918,217.91129,25.892878,43.827515,174.6205,81.87235
35-0.pngresized.png,145.83179,176.21976,-52.94664,137.20221,177.38512,-64.94274,136.22047,176.43684,-64.81766,135.27606,175.41737,-64.8262,138.6474,177.57533,-50.92827,138.49303,176.7857,-50.74098,138.57323,175.95662,-50.668926,131.0063,164.28128,-90.1813,135.2565,165.95657,-20.929438,147.16602,167.93268,-60.291176,149.4783,167.2329,-40.12982,149.57625,138.5009,-117.8337,141.20811,145.17566,-8.2634535,88.36051,171.9885,-180.24084,104.84925,164.64052,42.598522,35.55643,180.90878,-166.44864,52.7107,174.69063,77.14722,20.450987,181.07816,-178.45451,38.579323,173.51186,80.82113,19.724667,176.91206,-177.18759,34.522137,174.8105,72.29405,25.644445,178.59514,-166.05785,41.295143,175.26021,73.47671,270.62482,168.10277,-25.871778,244.07896,176.90628,25.768087,276.16357,208.23985,-195.20146,142.38272,199.85104,-41.872276,220.14835,205.05989,-62.950867,47.695427,227.15312,-75.45608,207.76244,194.02959,-44.582817,37.055832,235.08142,-80.97754,202.78351,212.40218,-24.705582,4.307702,218.31311,-107.81433
36-0.pngresized.png,733.7231,565.17633,-319.75217,754.62555,564.00696,-329.52927,757.1319,563.1465,-329.50516,759.5921,562.6513,-329.55737,748.8822,559.972,-363.43875,748.5858,555.6482,-363.76517,748.2179,551.3835,-363.64825,766.6664,533.99805,-302.0522,753.1419,519.27716,-449.8171,725.0687,544.8073,-291.49985,722.3169,540.8761,-335.13208,765.4444,439.52145,-206.09193,638.79236,426.91934,-411.50922,695.23,451.9661,22.031317,424.60345,436.29648,-378.93103,709.5038,541.6648,194.92445,297.946,484.31006,-340.75842,732.4292,560.38916,206.75195,261.8803,486.19925,-387.9517,724.18774,570.7257,188.27632,281.4941,495.4819,-403.59164,711.0992,562.7629,188.2057,301.53622,494.20624,-351.4152,489.18542,365.59518,91.194145,425.54874,358.03278,-90.85918,302.32346,419.18765,255.56313,265.37097,430.35693,140.1424,134.11444,448.29684,522.6589,107.4186,471.57257,414.8353,109.07118,432.61188,549.0638,83.42372,458.6278,443.05762,91.641945,512.77386,500.5808,67.23873,539.4966,419.5864
37-0.pngresized.png,191.79512,124.36161,-39.10275,192.11949,122.407234,-44.40595,191.51709,120.6004,-44.324482,190.8965,118.85527,-44.416496,192.88441,126.80863,-45.58345,193.0738,128.56761,-45.499603,193.18471,130.38023,-45.473133,184.24153,115.22458,-56.688385,187.41852,132.60149,-64.579735,185.97144,121.634514,-42.18211,187.34126,126.57758,-44.394993,162.88905,96.86069,-54.229183,161.60716,152.8551,-72.51119,214.50392,115.93837,-65.067924,202.48271,164.88536,-80.84019,256.85638,148.61475,-83.29343,244.00252,174.31657,-87.42235,267.0956,153.00441,-105.24923,252.46112,182.15077,-104.26219,264.25644,158.65952,-108.85211,252.98729,176.1434,-107.284515,260.57913,158.73186,-87.177986,250.44136,170.76315,-89.53825,78.74362,115.47728,5.0331526,75.69633,145.84952,-4.7847037,138.37415,121.28256,58.572212,136.10582,167.7147,30.163914,188.47784,142.41191,108.6833,189.87029,168.77989,104.47827,192.96823,147.1836,110.787285,193.6382,166.44795,108.19428,219.59116,146.3108,63.506912,227.62196,172.1102,61.545586
38-0.pngresized.png,266.90338,208.10437,-90.59302,274.28946,207.15535,-78.691185,274.0121,207.57037,-78.47876,273.73343,208.07033,-78.55788,275.53354,203.76106,-94.01936,276.48773,201.58374,-93.92746,277.28116,199.47258,-93.9993,272.7729,199.36787,-8.986551,276.60873,189.27469,-81.076454,260.8954,204.45049,-63.28552,262.81546,199.99535,-83.913605,250.75426,179.50862,25.05161,248.56474,177.17212,-99.89314,308.12167,194.93787,19.96363,313.5592,212.81577,-153.86066,362.76816,208.97107,-16.913342,367.474,221.07817,-125.05343,376.51453,209.09619,-29.10192,380.30118,227.13692,-138.70152,376.60095,211.08904,-27.430462,380.88766,220.21571,-127.91161,372.40527,212.06279,-20.793034,377.22644,218.38554,-120.22059,120.90584,183.7992,38.36778,107.34124,174.76682,-38.18306,180.55797,243.3731,66.28224,135.33191,212.96228,-126.42895,188.41844,240.36711,109.809395,183.57697,238.34225,35.137554,190.93307,241.89189,113.45485,193.60655,236.75746,51.12023,202.95175,239.67513,83.47241,208.11438,254.21848,37.950336
39-0.pngresized.png,428.7031,263.61697,-156.06885,447.1627,278.99503,-150.49547,445.5949,285.171,-150.39545,444.34616,291.48773,-150.56529,453.1626,265.69803,-133.26859,456.0182,261.41544,-133.34026,458.6895,257.31262,-133.39206,438.92578,308.58893,-69.016464,460.60214,264.44592,-5.2397723,410.53436,277.61285,-126.59934,418.6197,259.95346,-109.51554,393.14987,349.6314,-27.87456,391.2168,243.78096,-8.353592,507.05487,438.33444,-90.73687,538.262,262.77414,-51.88649,611.20605,407.7174,-84.304504,633.40656,322.81134,-71.18554,645.6751,400.267,-93.22613,657.6368,341.15994,-124.88378,639.51263,397.1021,-74.31145,661.6555,340.2171,-99.87908,624.2177,402.8869,-82.580215,651.2306,337.43774,-72.52954,239.7969,425.35648,36.251022,171.10558,394.13165,-35.77974,473.00482,407.69647,4.6622014,76.82333,443.36307,-378.0238,581.9732,444.16583,-105.82174,210.40851,461.7072,38.877964,565.0475,449.29163,-119.02764,232.16772,449.51944,95.581825,691.3482,450.68198,-109.618416,251.45296,488.494,205.94455
41-0.pngresized.png,344.85248,312.9182,-230.87585,328.6149,305.07568,-244.38084,326.9112,300.65683,-243.92543,325.26782,296.01334,-243.79358,332.39905,313.98233,-224.48085,332.76392,315.7671,-224.26254,333.6349,317.63422,-224.09291,321.90506,274.6899,-215.39983,332.14435,305.41833,-117.55114,350.56696,297.61316,-215.56938,355.06467,306.72592,-187.03648,352.82465,235.59518,-239.59062,354.9012,318.34027,-75.0288,199.5382,292.76874,-341.03375,269.08408,363.3989,-119.00896,75.10867,342.49023,-318.1022,114.06287,394.0565,-168.79652,42.83445,347.02747,-362.30838,74.34917,391.59802,-175.43257,40.961315,350.61145,-333.9957,61.925026,398.72845,-188.78543,52.95676,351.53552,-312.24612,76.8557,397.07858,-178.33429,581.3205,357.81818,-35.833202,525.8503,396.9318,35.67966,610.95886,477.31073,-369.6239,309.0671,437.4812,-84.44357,456.5973,464.57068,-112.98237,96.39659,480.92142,-123.49604,427.08356,441.76932,-78.327515,70.07056,492.65723,-129.52284,423.46432,482.95172,-79.54967,21.94082,466.93335,-217.89595
43-0.pngresized.png,466.35376,423.30563,-220.60918,485.26135,411.3074,-219.5743,485.91638,409.29047,-219.48106,486.6163,407.48303,-219.90285,483.47723,410.07333,-255.39055,483.40222,406.8434,-255.35329,483.09656,403.96912,-255.55269,482.2188,381.16382,-151.83324,477.09927,376.8428,-318.26422,451.12787,410.55484,-188.26155,450.46573,409.58304,-235.78333,433.19528,352.26685,-117.23392,393.73364,350.93283,-374.70865,523.9913,440.32938,-157.43507,512.1067,472.0563,-472.56357,695.22974,477.67038,-232.19032,682.8775,484.0778,-476.49573,742.7181,481.20187,-242.58409,717.8316,501.60898,-525.2416,738.98456,478.2417,-246.39647,725.243,479.88873,-503.20605,721.712,480.07513,-239.93289,713.8555,469.7602,-469.09995,188.78793,425.19943,73.05992,125.19419,417.1036,-72.344406,364.60114,528.83527,44.964382,144.20781,432.72192,-491.19583,342.1535,486.1976,24.739496,326.88608,508.45142,-134.03946,343.4521,477.42166,29.556711,355.79156,496.45337,-87.222015,380.42535,459.00174,11.231248,439.3505,555.3406,-28.385233
45-0.pngresized.png,293.46304,244.96315,-324.92834,300.06,234.98903,-320.26953,303.56354,234.3553,-320.20175,307.10953,233.8218,-320.21555,289.18207,233.44633,-335.803,284.96222,231.56071,-335.79074,280.70963,229.78421,-335.80225,304.85193,221.05756,-261.83304,269.0168,214.97968,-330.93243,292.48026,243.38174,-298.0001,280.80307,240.31834,-317.26294,307.7238,199.50258,-214.16461,230.62039,218.00018,-299.67758,364.6813,240.99426,-241.69075,281.18036,289.74994,-338.6543,399.84094,260.4402,-353.75494,359.1093,287.07523,-352.56577,414.41132,261.5628,-388.33344,377.96194,290.82367,-384.5351,407.03558,258.6614,-400.6511,382.98828,277.7033,-382.44806,397.86298,261.03894,-364.25485,378.33527,275.75888,-354.88885,210.6482,227.13516,34.140564,168.99593,236.85547,-34.20371,246.27707,273.86298,-40.89802,186.39687,276.5489,-143.08981,195.60944,271.7649,60.43326,190.02592,273.30487,79.373055,190.75226,266.61313,71.993515,193.16974,265.08643,105.76185,180.56686,286.66803,68.96852,184.76657,292.18106,145.97183
56-0.pngresized.png,252.84785,231.40443,-78.250694,261.08533,229.6256,-76.60648,261.50516,228.01949,-76.409676,261.943,226.52556,-76.52167,260.33917,230.60231,-94.92573,260.66934,229.8473,-94.875656,260.83517,229.21005,-94.88924,260.51895,213.86438,-58.654636,259.20255,219.0681,-141.8396,247.1003,222.92508,-67.755325,247.0616,224.9204,-91.72828,244.90025,176.26059,-29.112925,227.94958,211.33078,-160.49716,308.1574,222.32256,-37.45606,295.06677,268.62546,-209.66277,379.86182,232.97101,-96.51069,380.25003,259.33868,-201.65466,397.63702,230.80698,-117.29668,398.64355,266.1394,-226.25287,395.9139,229.4019,-122.51955,397.6015,251.9045,-226.15118,388.91934,233.50595,-103.84949,391.88992,246.17287,-201.79512,112.38447,181.2427,37.99908,95.62711,202.56044,-37.565998,226.25676,229.86253,83.55702,201.68065,253.13158,-10.741083,313.6055,267.5555,156.3887,299.52274,283.85217,74.75074,321.3298,276.9194,162.38435,308.1968,287.64618,79.22435,357.316,269.65973,122.72712,349.9129,280.37698,24.702644
58-0.pngresized.png,283.30695,130.5058,-116.33611,278.68442,120.60021,-106.83083,278.46866,120.19778,-106.84463,278.47116,119.80785,-106.92991,275.34186,121.596375,-121.459816,272.84497,121.71788,-121.58633,270.35422,121.97269,-121.63867,266.63083,126.76982,-57.356667,255.1634,129.23901,-123.79541,278.00793,143.37927,-99.21628,272.80475,143.7053,-118.735306,246.10692,204.62575,-25.948505,217.01636,184.29298,-175.83308,309.59174,258.5029,-63.253845,309.14484,257.8982,-204.00427,384.0015,286.81836,-58.17644,411.76587,283.91864,-217.274,410.10223,290.10403,-51.4297,433.2502,296.29446,-247.87048,409.9643,298.03442,-68.14723,436.92307,285.48386,-239.77393,399.23917,298.62997,-66.95664,428.95218,281.6196,-217.12871,139.3301,316.8454,46.7409,93.03048,312.3677,-46.283787,279.1928,308.5281,24.171461,39.43912,370.7936,-239.6223,382.0249,316.0319,-4.878318,112.01921,330.22256,-43.744045,391.97736,333.61755,-12.420671,120.18249,315.59042,-21.097603,436.79572,276.45346,-3.6071537,138.6965,333.39456,8.2857275
6-0.pngresized.png,373.7773,116.15433,-30.979132,388.24066,100.908775,-47.305588,391.69888,100.97747,-47.38587,395.31973,100.879616,-47.59111,384.78723,100.22917,-13.437699,385.97202,99.47674,-13.5936165,387.23102,98.99721,-13.609208,420.38998,108.5074,-101.97227,408.0554,105.433235,52.01491,387.4455,136.84259,-49.727406,383.5597,135.28738,-6.25244,449.436,219.45842,-205.27206,438.21765,230.3352,150.68565,333.14047,341.95932,-227.6722,338.1163,338.4554,143.55208,202.94392,416.27136,-166.13393,228.95616,406.4382,54.602055,170.77722,427.92636,-205.8133,200.73373,407.75186,55.94226,165.3266,415.77356,-179.47993,200.8745,404.19186,16.034082,180.34953,414.70773,-155.3079,210.88579,406.9675,32.636967,517.7014,497.74207,-112.55307,498.31854,479.11475,112.74275,319.21063,507.61746,-99.65482,304.7847,467.38425,259.92035,252.79607,483.24026,174.51022,143.67491,503.72137,272.1395,247.67928,491.4891,200.3653,125.22586,528.05084,271.38785,200.77454,413.06125,207.3268,66.099014,440.02438,258.69452
61-0.pngresized.png,158.62561,115.80002,-45.887543,163.34985,118.007,-46.34093,163.74954,119.36705,-46.242966,164.15274,120.82472,-46.237995,162.67038,115.74701,-36.563217,162.77155,115.286606,-36.535656,162.7468,114.884605,-36.60031,164.04047,127.85441,-38.845604,162.26898,119.46824,3.9120042,155.27864,121.56168,-44.009315,154.61311,118.32617,-31.444498,148.10037,147.50766,-52.551647,143.91647,117.99887,-9.2034235,186.66632,138.97958,-90.24278,182.05133,118.52382,-10.735518,217.7934,134.69409,-69.77716,212.69272,117.763954,-24.688396,226.76123,134.93336,-73.40214,220.83154,118.1857,-28.78623,225.39493,134.96182,-65.93959,221.78983,118.27002,-24.641556,222.14786,133.64897,-66.98051,219.12036,118.72711,-24.397259,69.13605,149.97397,-4.8747663,63.791435,127.51325,4.9788938,46.586983,170.0135,-86.01449,31.94196,147.18326,-76.053474,58.5033,149.02481,24.465466,54.693565,136.11552,58.685127,62.212303,147.66054,39.51886,61.754726,133.68051,75.37613,61.43826,142.22418,69.48714,54.97438,137.80806,117.04536
64-0.pngresized.png,164.60332,239.03566,-131.279,156.7307,231.98476,-154.38045,158.3333,229.33537,-154.3463,159.96535,226.66776,-154.41772,151.5831,233.15498,-128.16304,149.21443,232.231,-128.05879,147.01741,231.23549,-127.983086,165.54549,208.02274,-214.10304,148.35594,213.99283,-90.573296,176.5368,228.08458,-150.72519,170.70398,230.92068,-114.95545,217.60645,185.55121,-260.57776,167.85507,179.81555,-48.003887,191.28606,287.05774,-275.91516,146.78642,254.8002,-66.00266,119.08874,289.97537,-214.88242,121.67803,304.0217,-161.94843,99.295715,297.00143,-239.62373,109.000374,317.59412,-161.22876,101.06904,278.35675,-238.4592,112.66981,311.9185,-177.46805,107.9528,275.7505,-213.384,121.12955,306.80338,-171.46959,356.13098,208.85658,-62.700848,315.98737,209.43681,63.208603,305.83383,260.12048,-231.50291,232.56433,268.88306,42.279697,301.01093,271.97403,-72.136856,226.2606,278.37592,39.6857,298.13913,258.57574,-50.80422,225.8374,276.2363,39.020725,292.00378,304.77988,-33.508198,215.16428,291.16412,27.683958
68-0.pngresized.png,217.81929,290.22595,-319.04007,220.19823,285.7043,-335.91434,223.86914,284.89774,-335.6416,227.59187,284.03812,-335.85617,210.82487,283.53006,-321.01016,207.28842,281.7934,-321.05365,204.04115,280.08676,-321.05783,238.79904,270.68076,-347.97134,206.44019,265.32605,-279.04446,232.12993,285.1642,-319.76593,222.59402,283.90045,-299.4301,292.90765,251.47098,-310.48862,207.33485,235.9688,-250.22025,219.11838,327.74484,-381.28268,134.92314,294.30057,-302.13974,95.165184,302.83536,-430.31305,61.584126,299.59958,-440.29797,64.06527,296.44003,-459.7622,35.92465,295.63712,-467.8421,61.691936,275.29483,-465.02795,41.810905,294.4364,-473.8548,71.44644,279.4412,-436.6534,57.194733,298.65558,-446.4393,415.7479,255.63387,-28.791681,360.5468,262.9239,28.996311,456.99384,318.6405,-274.4905,321.2924,320.69244,-118.339584,429.98123,298.89572,-91.72043,323.96213,306.5033,-15.745787,416.0553,283.90344,-63.67397,319.89734,306.98218,-2.4567559,439.3297,306.82333,-3.6424189,332.63956,296.5459,32.597466
71-0.pngresized.png,189.4054,294.70572,-91.807755,180.36995,287.5576,-110.298164,180.9604,285.603,-110.17146,181.61995,283.55185,-110.33249,178.69405,287.82227,-85.70117,177.49007,286.5303,-85.437675,176.65428,285.1151,-85.238525,189.95847,268.59222,-148.16017,183.72348,270.8917,-31.063416,202.44398,287.74832,-105.59358,199.97998,288.59683,-71.48695,254.14519,265.25833,-204.41187,235.31857,259.6105,21.222956,175.01442,358.29022,-243.55334,167.37434,318.06787,15.411165,59.74016,336.39713,-205.61014,72.45183,317.5534,-65.58523,26.42573,334.3947,-230.15549,46.780437,312.02823,-72.76863,39.847454,314.1617,-236.95421,44.183887,305.63437,-69.44979,51.451492,313.73184,-209.89886,55.49429,308.04144,-70.05119,483.60645,287.9497,-60.493225,448.11365,288.57745,60.91805,415.26297,363.6606,-133.06937,263.6344,333.7402,121.44482,348.5303,325.36368,82.18302,118.51274,372.56195,52.122795,334.4013,314.35608,108.00799,102.132286,389.41833,45.234802,317.72067,313.55847,146.13675,40.399117,365.53876,34.402225
73-0.pngresized.png,373.72235,295.51825,-349.222,380.89276,282.6574,-346.15796,385.10583,281.51236,-346.12106,389.38162,280.48016,-346.22195,367.97073,282.47794,-362.39114,362.82516,281.03302,-362.33008,357.64514,279.76212,-362.3833,387.27322,266.51614,-283.26807,344.45822,265.3372,-357.36978,373.3559,294.93765,-320.07007,359.4182,293.06537,-341.2356,392.45792,243.66269,-226.57675,301.76572,269.05756,-316.012,455.78766,304.8156,-244.20764,371.5214,358.57065,-360.23413,502.72214,358.10278,-376.84082,455.22162,356.48288,-401.9054,522.5571,368.7846,-408.14,472.12543,361.62228,-438.762,512.43097,365.75006,-434.45795,476.9496,348.3362,-442.72675,498.3124,365.6344,-391.8811,472.46454,344.28397,-405.81058,259.6729,268.86557,40.630005,205.21729,276.0376,-40.573246,332.79324,350.67023,-23.79822,215.04529,302.27646,-233.11572,236.19594,327.9076,33.323437,223.43834,330.8936,-21.693787,226.74637,319.68613,40.899567,232.54758,324.93118,4.523993,215.02997,340.34427,60.091747,225.29771,361.24594,59.22144
74-0.pngresized.png,230.06737,161.62132,-178.11679,235.44556,168.08815,-164.64894,234.0405,170.80977,-164.60753,232.76831,173.5679,-164.6637,238.80144,160.51459,-167.27745,240.06265,157.6772,-167.2605,241.24203,154.9359,-167.21014,227.005,176.04277,-90.07777,238.84323,151.66066,-108.84173,220.76749,164.66594,-151.47124,225.33122,154.5637,-156.90686,207.1085,182.23114,-74.04101,207.21693,133.27237,-106.594185,258.2919,215.72853,-134.67035,272.70383,140.66609,-152.46959,308.18088,198.87617,-164.41287,314.7066,176.41437,-158.04951,323.39545,195.31407,-174.54185,326.16205,185.85916,-179.58638,320.7963,194.58083,-163.22147,325.6445,185.01495,-160.51979,314.35175,195.63426,-165.00766,320.7789,182.2693,-153.87727,135.14313,205.4503,11.207001,106.79392,187.09023,-11.180201,221.94106,207.97519,-19.91191,59.54848,191.75122,-129.00069,270.09735,233.23576,-44.521652,123.4134,219.14673,69.08847,268.7573,241.8364,-48.11127,133.748,217.15419,93.15212,305.32217,227.58618,-56.317368,139.58047,230.59612,130.07344
75-0.pngresized.png,283.22055,401.6754,-104.80864,262.57233,401.2673,-122.437996,259.1559,398.38477,-122.39184,255.86739,395.36487,-122.43952,267.97498,401.3798,-86.27696,268.64468,399.2609,-85.9175,269.50903,397.1082,-85.62338,244.75941,369.43414,-160.26332,264.40826,371.95004,18.523293,284.62585,381.81326,-112.200836,292.63834,381.9719,-61.03075,280.13162,298.53934,-180.21921,305.96725,354.1141,113.814415,170.1984,353.16623,-265.1462,369.44812,401.33286,340.41928,65.512215,358.78644,-223.13704,393.39093,450.46246,497.26108,32.132042,354.38123,-236.13277,401.45297,458.39185,554.18555,31.39715,355.44882,-216.60338,400.42627,457.49652,518.86865,46.013584,358.5515,-217.28186,397.57648,454.8281,492.7552,535.3138,327.25522,-58.24976,495.13654,380.89224,58.078022,514.3909,378.42914,-475.7823,345.18594,425.95096,-60.792873,431.35156,418.3676,-213.9338,239.43332,449.92874,-93.01357,410.0588,407.93454,-175.46603,227.4283,454.68484,-95.74763,393.036,440.8378,-133.15555,185.41887,437.63077,-123.7829
79-0.pngresized.png,130.83186,184.6841,-49.28489,123.17795,183.20244,-69.10655,123.18206,182.3691,-69.03886,123.20896,181.48528,-69.009056,121.89749,181.26578,-46.913597,120.84868,179.48921,-46.85337,120.023926,177.66196,-46.99841,123.9868,170.24434,-121.54272,119.407,164.88829,-19.872547,136.63913,178.48914,-67.31011,135.18565,176.38913,-38.17654,153.83382,156.27744,-154.82509,140.66576,152.25511,15.725706,102.54011,217.05663,-196.23383,110.0088,196.2258,52.89174,36.611675,211.68828,-131.20757,49.952763,202.1643,52.19719,17.034843,209.29149,-148.09106,31.122456,200.2105,54.237816,18.31714,201.14854,-146.3915,29.686966,199.09976,46.298405,26.767233,202.81004,-130.56972,37.683605,201.0104,46.830948,271.32492,157.06616,-44.60192,254.06827,162.43005,44.764336,217.90012,177.96494,-134.33437,146.98607,196.96474,-67.091354,139.32037,201.50987,-82.432205,59.4246,250.53659,-174.201,125.35136,203.87325,-76.36226,48.329933,266.93832,-187.82646,105.217896,193.65051,-110.64982,15.377805,234.2684,-247.64607
84-0.pngresized.png,473.19156,416.305,-400.6472,491.02582,407.88226,-401.6071,496.4372,409.18024,-401.81714,501.88663,410.67966,-401.98364,475.98752,399.18167,-416.43976,470.7006,394.01147,-416.39835,465.39438,389.04196,-416.4312,502.29443,397.8647,-345.88028,454.2441,366.9095,-414.84427,467.70236,416.97372,-372.03683,452.24915,407.71268,-391.10587,496.893,371.1621,-256.44678,380.3447,351.8813,-354.27454,530.9036,440.7702,-128.88632,399.0341,448.42535,-305.6561,578.6231,500.06183,-171.48906,517.2577,474.7336,-296.53177,612.41974,509.7152,-188.17987,547.96716,487.81497,-337.6902,600.68555,517.81165,-205.35287,562.551,467.51685,-342.4954,579.13293,512.6361,-181.92249,554.87714,464.02325,-305.61307,340.53342,400.70157,45.03773,279.7643,387.61362,-44.50223,314.96753,427.54846,267.56705,227.1776,409.05215,165.25505,293.7744,421.183,452.72174,254.5261,405.51608,424.37952,289.30124,411.73193,475.67215,260.52975,394.22787,455.89954,290.5522,438.24802,502.22696,263.97516,450.56354,518.6395
85-0.pngresized.png,190.54921,173.44577,-327.93497,197.96019,170.8826,-352.99945,201.54623,171.17209,-352.9602,205.30283,171.43462,-352.93637,187.3741,167.50488,-354.77893,184.0421,165.05905,-354.7694,180.6854,162.88728,-354.77744,213.9372,160.13756,-341.5273,174.49377,147.31456,-351.33673,194.37836,169.48639,-307.4677,184.18413,164.9796,-309.99768,239.96968,135.18462,-298.24396,140.81093,118.51437,-301.3441,267.973,187.07239,-434.70114,117.475075,185.3548,-421.5169,237.66379,195.64816,-615.3617,162.40987,194.54013,-580.30115,234.10028,208.23593,-633.9701,174.26593,205.66557,-593.2266,224.1547,196.41298,-631.13354,178.34515,189.89325,-587.0662,222.76764,192.95074,-613.00885,177.83745,187.5746,-575.45996,194.06319,170.15979,9.2194195,142.64168,159.20415,-9.172828,252.25694,192.589,-103.26514,112.20635,150.56801,-21.124504,177.2277,213.45367,-200.47357,178.8911,190.22397,-18.126047,166.35936,208.7394,-202.435,190.86992,194.78212,-10.777938,157.07886,223.36424,-257.16055,191.33049,198.56729,-29.263123
88-0.pngresized.png,104.26006,136.16719,-44.521484,99.602875,135.04594,-52.043503,100.02918,133.86966,-51.9724,100.480354,132.63745,-52.059628,97.06428,135.8653,-40.05359,95.64415,135.55513,-39.923466,94.329666,135.14548,-39.834827,103.13801,123.52478,-79.499916,94.88338,126.930756,-24.403967,111.10735,129.26646,-55.705692,108.32711,130.75636,-39.78104,135.26936,105.929405,-118.825356,115.525566,105.55891,2.3469906,130.42958,160.47871,-149.04083,114.85734,147.49557,15.86014,84.67265,189.75742,-143.95157,97.50827,183.27824,-4.1315894,73.2005,199.56699,-158.00066,88.1873,191.96828,-5.0935063,69.140114,191.59169,-158.33067,88.6369,191.28078,-9.409753,73.2761,188.10915,-144.71782,92.99052,187.98114,-8.066476,213.17365,57.503838,-30.257204,199.20207,64.84526,30.613192,205.33249,97.526985,-153.95438,162.85553,116.14602,32.58383,189.38889,108.48853,-24.36093,149.1123,145.9354,37.607887,184.47855,107.14471,-9.277428,150.19722,150.97258,35.45291,177.07567,119.96022,-2.515422,129.90582,155.22641,20.289156
88-1.pngresized.png,168.00978,146.29428,-94.112854,173.32582,145.42421,-97.65225,173.92546,144.24257,-97.54742,174.4712,143.11636,-97.57509,170.92023,147.0925,-108.83876,170.37325,146.91072,-108.91917,169.68839,146.76773,-109.10893,172.45021,134.00017,-92.8449,165.75598,138.97084,-148.32762,163.59702,139.82974,-89.671875,162.50227,141.48132,-105.77802,171.88,110.77537,-80.701294,134.57162,120.24187,-176.85321,204.73898,156.98584,-94.77345,165.7206,177.22809,-239.45782,244.81238,197.92752,-135.4083,223.4988,204.72878,-287.05927,257.13248,206.34393,-143.34496,236.62474,214.53183,-312.55972,255.5906,203.6289,-155.59099,240.57552,205.5097,-308.23383,248.20963,201.58434,-142.78346,237.39603,201.06444,-287.53265,89.598335,71.08261,38.9526,64.46309,68.02093,-38.612385,104.58882,135.61453,94.22833,49.890186,123.60993,-64.337776,84.08279,119.289116,182.10464,67.286064,122.50437,121.308105,81.216965,115.8299,192.50113,74.89954,117.163536,141.71646,85.169556,128.55933,215.45924,70.738785,143.40308,186.4455
89-0.pngresized.png,465.43384,243.61926,-110.66408,462.04553,228.73921,-87.097755,462.2313,228.2533,-87.05257,462.5198,227.9495,-87.14578,456.0753,228.04855,-110.46928,451.91272,226.78708,-110.489845,447.6335,225.67102,-110.61489,442.77972,228.65573,-3.983603,422.82358,224.56793,-108.26586,451.307,256.28,-81.390274,443.8418,255.7607,-111.17591,371.5612,286.75714,38.41481,351.31662,283.2589,-203.75482,427.30075,365.59018,-25.6056,407.65738,413.4998,-246.06827,511.39554,369.2734,-91.15758,496.85843,410.55414,-170.927,546.87915,360.20404,-94.55219,528.08746,413.12906,-190.47972,540.6558,358.327,-93.92888,518.1418,389.81104,-186.5406,526.6394,364.1531,-97.16245,506.42117,388.5048,-166.42139,165.67775,375.74478,63.512623,133.98505,366.21777,-62.9112,235.27162,422.07614,74.85185,59.86402,415.0153,-230.69302,158.12016,388.82794,116.30211,107.64248,391.90106,66.703,150.67525,382.66898,123.29486,122.79014,379.2182,102.6945,150.98619,374.277,133.67336,119.71419,394.91776,172.7884
91-0.pngresized.png,202.38725,296.42294,-272.4302,203.57993,289.56128,-298.96573,207.16856,288.58246,-298.6604,210.82016,287.54028,-298.79013,194.07326,287.26025,-277.85388,190.37547,285.2105,-277.9011,186.95166,283.13303,-277.96182,221.71353,271.5368,-346.92606,188.56673,266.29395,-253.41055,217.10136,290.40942,-284.42963,206.88939,289.17618,-256.71237,270.97858,246.30592,-332.0431,195.99866,236.58151,-241.45831,200.49048,323.58212,-387.61273,128.15283,293.14734,-281.7187,80.5301,304.16068,-428.996,47.36528,292.55038,-405.51617,51.4763,304.26636,-462.548,21.009615,286.77106,-437.57452,49.243137,280.47458,-472.94965,24.804918,282.58835,-440.9565,57.54526,281.20486,-437.52777,38.88362,286.93335,-411.72412,404.02945,254.16617,-45.31419,361.3355,259.68475,45.8984,468.08295,334.6572,-86.43785,366.46194,332.45084,59.6688,420.0923,302.19992,178.34329,362.7264,302.3681,276.00415,403.69376,289.01163,213.99722,355.5586,296.9294,300.7635,424.56854,304.58087,308.5772,379.13306,297.68866,380.46533
95-0.pngresized.png,480.9894,306.6673,-215.68434,490.16714,296.35403,-183.97029,497.33575,296.72766,-184.10413,504.54803,297.04156,-184.11986,470.55145,297.0982,-186.33478,463.21072,297.59326,-186.25394,455.90762,298.28,-186.37521,514.0837,313.3279,-51.995346,446.75024,314.53152,-61.780964,494.9177,329.27313,-171.93292,468.7037,329.78162,-174.58423,552.957,403.20828,-67.182014,412.64087,403.3195,-62.042316,570.47266,396.27423,-246.90271,413.01736,431.35492,-213.939,570.83545,321.8713,-391.07376,445.6104,413.27313,-359.57315,573.40137,295.04028,-432.44336,453.3874,408.18652,-396.50333,576.20374,294.66626,-419.95404,451.76364,403.199,-398.13522,570.85724,305.76926,-393.62283,453.16083,405.49844,-364.34424,532.7686,610.1956,-7.5913444,442.30173,613.83075,8.157832,524.30554,705.85046,-266.55023,427.60318,718.1357,-190.04994,542.1283,830.4313,-352.14362,506.42184,782.01276,-134.76196,545.28424,853.4679,-366.6855,519.2966,788.7366,-134.7421,531.0397,868.94977,-504.28665,532.6649,819.2654,-213.35336
96-0.pngresized.png,270.932,342.68625,-295.11148,246.77707,335.50278,-285.64954,245.03757,328.0988,-285.3723,243.4491,320.40274,-285.43878,251.04387,356.58817,-287.56674,251.58951,364.2132,-287.3812,252.5959,371.78284,-287.26675,245.95964,310.35083,-177.78831,256.9961,380.826,-167.50903,285.2956,327.91357,-253.14635,290.09937,354.0936,-248.93327,313.89398,285.71573,-147.76251,325.91495,416.92896,-80.85442,154.83911,332.3106,-192.71812,245.98009,544.2251,-121.26132,55.457836,413.40326,-225.47508,78.755264,512.20917,-200.60562,29.432285,428.69888,-282.89728,39.14038,491.99765,-207.76706,23.838615,430.5349,-250.193,27.687244,484.20557,-222.84648,36.47666,425.94254,-221.13615,46.89414,489.40573,-209.03265,603.0535,410.0179,-15.432516,544.1779,468.86768,15.1624155,700.63354,477.86523,-199.14803,336.09476,461.7533,-79.77861,562.79315,486.6232,48.147682,117.177444,459.09738,-169.47763,537.7741,461.3415,79.153915,89.44193,460.25247,-183.36955,542.3852,518.81647,82.22639,63.92413,427.545,-270.5401
97-0.pngresized.png,648.2068,460.22064,-55.17775,668.5792,445.7731,-40.989388,670.1252,443.57687,-40.85861,671.64545,441.6472,-41.181355,664.0567,445.15042,-85.85685,662.79395,441.98868,-85.91426,661.28845,438.90814,-86.254036,661.5074,422.18063,27.941257,648.229,417.4631,-172.73747,630.334,455.9692,-24.892515,624.7769,453.50726,-82.19884,583.32056,390.51746,138.151,554.89636,432.5532,-269.4574,633.5957,519.33057,175.01456,627.9491,591.7105,-304.15143,782.487,479.84134,132.7673,797.6608,506.23386,-169.87132,820.9036,473.894,148.88837,837.3427,504.8716,-172.2471,818.0877,455.72012,165.98357,829.49457,472.36505,-192.47563,799.27277,461.20303,135.23994,812.77716,464.32983,-170.21794,287.95758,410.23096,126.10277,239.20819,420.99078,-125.06249,488.21384,585.33765,240.87473,289.2348,586.76746,-212.39871,410.62842,562.1559,347.22894,251.99475,527.07104,184.71338,390.9424,548.153,359.63187,252.84671,500.75403,234.39815,429.01794,589.16254,425.80228,240.06538,544.31213,372.09402
