0-1.pngresized.png,249.19357,97.970566,-100.03017,247.61172,91.40403,-95.49084,247.47258,91.465385,-95.48768,247.42319,91.57732,-95.49442,245.87506,91.53172,-112.17654,244.02618,91.18462,-112.196266,242.16013,90.852196,-112.20601,237.14194,94.65252,-60.878586,230.01683,93.49026,-134.95929,242.58864,105.079865,-86.11798,239.54477,104.2017,-107.590294,201.03268,123.66732,-37.639915,198.37633,124.02438,-144.7168,131.1746,137.35672,-32.1334,131.49396,144.18239,-157.22215,67.24071,155.29324,-33.205856,67.57051,161.97542,-129.23425,51.247528,158.82097,-38.322407,50.88871,161.31071,-140.2776,50.237488,159.56427,-44.91787,52.098106,164.61949,-144.6787,54.50707,159.529,-37.307224,58.425106,165.30083,-131.22011,126.00442,191.2143,44.366516,126.221214,190.66995,-44.061546,81.01622,192.55453,112.720345,88.74964,217.16016,-24.665924,35.651566,180.83333,160.33557,41.392647,202.12619,65.08192,24.763298,179.9778,163.41216,33.925686,199.59473,72.822105,34.123856,178.36974,151.64148,27.044205,200.10506,64.38997
1-0.pngresized.png,25.605776,293.06686,-123.88127,38.986313,283.97226,-129.38754,42.671562,284.57465,-129.42334,46.24407,284.90704,-129.57344,35.92643,285.12418,-95.11018,37.07869,286.70975,-95.1721,38.235664,288.27283,-94.91949,68.75562,298.36288,-157.62376,56.62303,304.27417,-1.1472328,37.770325,311.17508,-136.04788,33.211323,313.6147,-91.87834,129.82031,365.7199,-247.80351,113.813805,375.6267,90.713615,248.16763,404.62842,-284.90204,224.25058,406.7931,105.53862,370.89175,446.8255,-345.61954,344.14114,442.86542,112.684715,393.232,444.8568,-409.36868,363.81567,449.04773,131.43037,392.7565,454.40512,-391.75687,371.45242,444.0698,86.92018,383.61365,459.54138,-342.6499,365.00443,445.0733,95.50152,325.96967,460.19043,-114.38361,317.76068,460.66092,115.33779,493.1852,448.98114,-56.321106,486.50565,445.57843,160.33401,642.95166,392.95312,47.11666,620.7609,405.3444,335.75845,652.229,369.65298,59.05854,630.87335,383.42087,353.5239,720.5894,396.14255,-42.661507,695.8553,417.10168,262.34323
13-0.pngresized.png,13.2534,399.4755,-104.76119,17.200947,385.46396,-129.17944,19.817493,384.42523,-129.14177,22.33252,383.15228,-129.28722,16.738718,386.07358,-75.52338,18.109922,386.59464,-75.63567,19.503063,387.0833,-75.44177,46.038544,384.14023,-211.42346,40.838676,389.01242,37.293655,29.810732,409.3244,-132.52237,27.581713,412.5689,-61.747192,120.333755,440.83832,-313.07788,124.00075,424.18204,156.43086,255.05708,473.7625,-359.70532,249.53682,453.34695,213.61536,376.15308,500.53677,-356.1525,371.94528,477.67767,220.41017,394.76645,496.74936,-412.73938,393.72485,479.14847,236.2087,397.32373,496.0389,-388.6402,396.49677,477.39886,193.63982,391.21954,498.1275,-351.63828,390.14453,479.94186,199.41298,321.8727,531.45135,-154.55908,320.90442,516.418,155.36244,524.0643,485.8097,-132.74474,480.3489,503.3536,249.80818,681.83966,437.31104,-40.194607,603.576,481.3865,454.52875,695.46136,417.2964,-29.099627,613.21295,464.8706,475.12674,754.2402,450.8081,-134.73325,672.0855,495.98593,399.27597
14-0.pngresized.png,735.49097,350.32205,-70.43827,740.7219,339.19342,-55.50966,740.00885,339.49588,-55.34185,739.4869,339.9017,-55.352795,740.21423,335.03293,-90.61741,738.91833,331.53055,-90.63328,737.5968,328.02484,-90.54229,724.5596,333.8044,30.958988,720.8756,318.8417,-123.99818,717.6322,356.97278,-34.503765,716.6054,349.84888,-79.01923,632.51373,360.6574,135.74957,639.63934,351.6264,-181.81415,512.8272,369.84024,195.9671,518.83246,372.62497,-220.38278,412.76712,380.1204,176.35403,410.49536,381.37854,-235.63365,387.68872,381.738,174.6213,382.91074,374.4176,-269.25,383.82242,380.9572,153.89453,382.24072,381.86353,-266.31403,392.33807,382.04443,164.44673,390.35602,383.5797,-234.87585,448.97577,469.9024,111.30079,453.70108,459.6495,-110.798416,289.19687,460.32605,131.554,278.28903,451.9206,-139.59044,113.73944,405.86328,195.8591,93.57111,389.9001,-77.0074,87.875595,382.60025,201.65852,68.22877,365.27277,-74.30404,67.40555,431.06003,120.43628,38.481426,431.06873,-184.68576
15-2.pngresized.png,189.10347,135.12195,0.61217594,191.01472,132.22641,2.637356,191.19228,131.96768,2.655956,191.38208,131.73091,2.613516,190.43788,132.40414,-4.1150026,190.22299,132.15033,-4.1001954,190.00044,131.89435,-4.0762763,190.42708,131.03062,13.841121,188.52167,131.3075,-15.232559,187.14412,136.43806,6.3468623,186.35399,136.44092,-2.036118,176.41241,132.29901,40.070915,177.53796,141.59209,-38.684486,153.12323,138.79636,42.69429,153.26564,146.09897,-44.237843,135.27838,146.68535,34.06603,131.33434,151.02408,-35.565475,131.93198,148.22202,36.02793,127.11697,151.75,-42.58571,131.6128,149.0268,29.541105,126.34474,152.02014,-38.258106,132.76274,149.27155,31.082582,127.38507,151.24174,-33.898483,132.23788,138.04654,25.28845,132.10515,143.057,-25.180426,99.2773,134.716,22.632149,95.678024,133.64035,-19.568884,67.4451,125.45116,42.02522,65.55057,124.557724,-0.192363,64.66389,121.351776,42.777355,62.648796,121.45443,0.8246075,55.13479,129.80006,25.71504,53.732964,127.42487,-19.733099
15-4.pngresized.png,210.29428,107.64876,-12.993124,208.68108,104.28752,-6.984712,208.9211,104.33842,-7.0061097,209.1828,104.413605,-7.00036,207.03708,104.75064,-15.971496,205.88782,104.9901,-15.965481,204.74442,105.23341,-15.992351,206.93738,107.201164,15.433649,200.89897,108.28874,-22.52252,210.73364,112.00113,-4.2493577,208.27896,112.386185,-15.136925,192.45865,121.55441,43.141,196.0406,123.32792,-45.07243,168.36426,133.78227,62.693684,169.79402,129.60478,-55.456413,170.7242,147.58759,75.593346,174.68102,148.78346,-60.354923,174.35938,148.67534,81.44765,177.99437,152.94246,-69.16536,176.93893,151.23415,72.92043,180.19122,152.7342,-61.751163,175.55782,151.23471,72.12125,178.95291,151.6154,-57.36534,147.85847,140.21584,29.178894,150.76884,144.78268,-29.172907,104.40419,139.33179,35.651634,104.97974,141.43945,-31.89274,68.58735,132.59235,52.5421,64.57354,134.23149,-22.880466,64.22918,127.06094,54.1604,61.06318,128.86519,-20.870659,56.30188,138.12033,39.215267,48.332146,137.67116,-38.153553
16-0.pngresized.png,7.1714253,440.19998,-304.32578,25.673962,420.36853,-330.4524,32.356747,419.98453,-330.13943,38.810116,419.34323,-330.1637,16.908644,420.78122,-277.22275,16.375383,421.7633,-277.5703,15.988951,422.8116,-277.6119,72.05468,423.93008,-361.03577,39.625057,428.57626,-117.90922,27.479149,457.3735,-313.5289,15.48086,461.28256,-243.67418,160.47635,496.74225,-411.66788,111.8177,481.02008,37.289276,262.91095,500.2593,-608.9573,183.46896,500.1378,279.35873,211.43405,550.1852,-766.949,149.14714,521.9356,574.6027,191.66075,558.376,-838.37805,130.6022,518.63025,626.4629,172.50427,550.4806,-788.03864,129.91379,523.96686,598.5794,180.32631,547.10596,-757.7291,140.4531,530.0521,569.14734,418.3777,571.72046,-148.94809,401.7153,551.9225,148.97664,639.06665,555.66064,-75.788666,591.58356,523.52515,306.58926,842.05426,434.73596,26.728653,771.3967,450.14093,556.1902,857.1639,402.16382,41.990944,786.08887,422.80243,584.3619,936.1344,457.41754,-85.69474,858.87634,475.86493,502.10236
17-0.pngresized.png,521.8592,248.23737,-44.826027,520.45825,242.10281,-30.619537,519.68756,242.90375,-30.539204,519.0009,243.80093,-30.54162,519.6642,239.34807,-54.03292,518.0856,237.59648,-54.005276,516.52075,235.84651,-53.845947,505.3156,243.54903,33.430458,501.9599,233.83905,-69.633705,510.94968,254.70842,-19.573809,509.51578,250.2045,-49.456116,444.4678,255.93741,79.593895,457.1878,267.15347,-97.74318,362.95004,257.63577,91.476295,373.36093,274.6674,-112.76132,283.7327,258.53088,87.41423,289.1591,276.0658,-101.85598,263.81155,257.75244,89.69182,270.62732,270.4132,-119.579994,260.37305,256.05658,76.980545,268.13275,274.1633,-110.52243,266.74332,258.5662,81.24111,273.22455,275.14948,-98.81156,317.9853,305.43707,61.6091,326.04263,310.33444,-61.30349,200.30983,290.32822,75.49077,195.56429,298.68192,-80.62522,92.05534,264.01785,113.71533,77.458626,282.18448,-42.358276,79.49811,249.46297,116.24369,66.55662,273.2305,-39.89443,52.533634,271.85623,61.327755,27.258553,292.02637,-108.665405
19-0.pngresized.png,193.31462,485.12067,-57.37093,189.63217,472.55164,-78.33082,190.98909,470.86786,-78.0898,192.26736,468.89737,-78.04621,188.78188,473.00684,-39.95444,189.04422,472.2626,-39.877293,189.41109,471.46027,-39.88699,206.82196,460.28055,-131.63895,202.35591,463.83188,45.87529,209.9477,486.2865,-74.29491,207.74762,487.7918,-23.738163,296.806,466.50906,-195.92563,265.2185,490.62323,124.11811,411.62537,451.75287,-264.60193,186.35081,473.33798,92.53532,522.15454,433.28946,-304.8824,93.344734,450.96494,23.945524,548.94525,419.44705,-334.22278,60.58809,439.85876,1.5796137,553.51044,428.5792,-340.94556,64.624214,441.69186,-4.958019,543.9801,436.29144,-309.43768,78.33282,444.26352,8.864342,480.9282,505.33322,-107.6928,485.16254,520.55817,108.31797,650.6184,501.94,-114.58606,653.06757,505.7964,69.213844,802.63336,476.87527,-28.24465,800.8584,472.93985,177.06224,819.33826,459.73074,-23.798067,817.54816,458.0107,181.64447,864.1185,511.91522,-141.24313,856.6287,499.06793,83.78339
2-0.pngresized.png,580.80426,383.8077,-115.90958,571.8163,374.40936,-104.87772,570.2915,373.47925,-104.671,568.8105,372.70035,-104.43256,570.3443,378.51804,-136.57498,567.64545,379.85165,-136.62692,564.8162,381.21054,-136.8535,545.40765,374.85724,-48.05655,538.9538,389.07523,-188.5939,568.3732,393.18256,-93.91813,566.4681,395.78613,-132.86362,509.37415,380.70175,28.0862,506.94937,429.04895,-257.90598,596.7333,392.54504,54.170986,596.2494,449.36218,-377.2802,689.0846,394.24268,-36.021217,689.029,456.91794,-456.13525,711.9983,385.7226,-49.67373,711.9707,462.10275,-517.59827,711.3873,391.52432,-94.25607,713.0041,446.43576,-490.6535,702.33954,399.42825,-56.33408,706.2605,442.94067,-452.33905,341.08667,407.92804,109.98349,324.5241,444.71216,-110.02903,213.08902,355.89523,177.36368,191.10718,440.52277,-79.461,120.33183,302.4139,281.93036,77.86241,425.73145,-10.586011,114.94701,286.4185,293.6603,70.00484,410.1088,-4.479215,59.531696,288.1054,223.71976,21.876076,449.61783,-96.47662
20-0.pngresized.png,857.0893,706.5155,-22.89802,861.3547,693.74335,-3.0782096,858.3034,692.71674,-2.9762158,855.2922,691.88354,-3.0525699,864.3477,693.6041,-56.781143,863.7265,691.0838,-56.993275,863.1159,688.41656,-57.033516,832.79926,680.1267,91.92673,843.55396,674.052,-146.66537,833.3391,706.44556,18.676157,837.2524,704.2282,-50.91961,714.7851,648.94275,217.47507,733.191,681.90857,-253.00346,551.08887,643.5304,271.01404,562.3485,695.08453,-281.73788,418.51822,668.03973,271.93903,383.4289,718.19086,-221.48242,402.05084,669.5183,287.81494,351.1606,718.6515,-268.70535,398.1552,675.47076,246.68848,352.00113,731.0408,-238.4695,400.52112,675.63947,254.99367,360.58148,728.7532,-209.56584,416.7387,597.3971,152.89381,417.65903,615.60254,-152.42393,238.90703,475.97433,213.00423,191.3791,493.53384,-216.79118,110.77117,290.93387,327.3705,117.22439,254.67094,-44.195843,113.94737,248.4624,338.33066,139.38203,213.71385,-24.037178,27.009481,254.06094,242.9417,19.109713,197.08908,-107.01691
22-0.pngresized.png,33.60062,175.77716,-26.21874,33.08443,171.3299,-33.912907,33.69591,171.82562,-33.907333,34.27487,172.17511,-34.018288,33.04986,170.8852,-20.212063,33.192642,171.3649,-20.334286,33.356575,171.81909,-20.285831,39.13619,178.84494,-57.669655,37.30462,178.31929,8.342434,37.720055,184.25366,-32.58982,36.691887,184.40556,-14.071481,67.48164,210.09143,-97.22709,69.10427,205.21384,58.17304,141.19142,216.93425,-107.1074,138.30974,202.12563,86.75592,207.88641,204.10645,-88.62422,198.5248,197.5755,87.04629,216.1625,197.04053,-104.282974,211.15903,194.02747,89.99147,220.74002,191.18405,-97.67986,210.26236,191.60858,70.92385,217.85966,195.85149,-87.21946,206.328,194.06468,77.81759,174.45909,263.71783,-60.229137,176.35913,259.57846,60.609985,273.83563,248.10448,-37.26772,265.82852,240.12463,109.10388,341.1931,192.88554,37.636314,323.53662,199.96805,227.29758,345.49643,181.5352,45.63325,328.4007,190.38933,239.03786,375.91776,185.19873,-17.52305,352.48944,193.79231,186.9036
24-0.pngresized.png,581.16437,253.84137,-105.08733,576.5786,246.99992,-93.115585,575.66925,248.04839,-93.10503,574.85706,249.18954,-93.07499,575.2173,245.17584,-118.101776,572.8591,244.29027,-118.04507,570.49896,243.41891,-117.946815,559.0087,255.09776,-34.230087,552.6269,246.96658,-144.57997,570.9036,265.21265,-81.886566,568.1791,261.44424,-113.956345,499.9446,291.60852,26.799788,506.43314,298.02393,-169.24463,419.39722,330.64447,62.42016,424.40686,342.41632,-172.19962,342.99255,367.29575,76.18243,340.4664,386.5894,-148.14522,326.1494,374.47433,78.5298,319.1842,390.50867,-171.40762,320.71487,374.21463,62.714954,321.62503,396.18262,-167.46187,324.62476,373.57782,69.99539,327.68875,394.8422,-146.79597,362.3734,360.99216,73.22638,367.9378,365.44284,-72.811134,232.42009,367.96643,122.012436,234.0893,372.54727,-64.90181,120.16444,362.12802,163.12645,99.39949,371.04327,-20.041073,103.59493,349.86407,165.67743,80.54808,361.47864,-16.092323,87.453476,373.26544,118.98709,65.95771,389.4535,-73.15861
27-0.pngresized.png,18.899086,265.5378,-68.54795,18.412172,255.86783,-81.292336,19.690554,254.46425,-81.33979,20.888044,252.94614,-81.43758,17.907764,257.49274,-54.230404,18.503958,257.77457,-54.266438,19.121302,258.00494,-54.115105,34.149864,249.14758,-113.97635,30.986603,256.3921,10.274148,30.934927,267.9464,-77.97538,29.550817,271.5143,-42.454685,90.009224,278.1979,-161.02928,90.67518,268.76028,77.27871,180.22694,277.77054,-170.45627,179.2705,268.9759,95.74147,259.79715,283.59778,-154.35341,253.15234,277.95984,87.38046,277.89078,278.31943,-182.54446,270.54614,276.99265,92.35317,277.84012,283.53238,-176.73535,270.71375,276.8406,68.09318,272.44373,285.12595,-152.93872,266.13593,279.23163,75.16681,239.63646,323.1298,-74.20394,241.83112,316.08896,74.61914,368.57315,296.2217,-38.42464,360.2206,301.2716,104.15667,479.3014,270.487,9.807099,457.8494,282.84366,189.41298,492.99014,261.71365,12.176302,470.96704,274.05475,196.22908,515.72675,285.88614,-42.9838,488.60764,294.82788,160.19495
28-0.pngresized.png,9.888506,225.46747,-74.31435,16.910234,214.76591,-85.62498,19.285723,214.32341,-85.599495,21.586132,213.74434,-85.64517,14.910526,215.12318,-54.20601,15.415416,215.2237,-54.33251,15.957893,215.27164,-54.2337,38.17457,214.91876,-117.13667,29.635778,217.41609,26.143084,20.961226,233.17497,-85.055176,17.017181,234.85794,-44.151653,85.72118,255.57097,-163.19403,80.09488,250.36327,89.45182,183.1143,248.976,-167.5303,172.63756,249.03398,113.492584,253.37846,259.67255,-151.59041,250.39406,255.62895,103.19205,269.93768,255.98412,-179.24638,270.8072,254.59865,110.7878,268.71164,261.65823,-166.96756,270.88547,252.90213,84.063736,263.26187,263.45728,-147.77739,264.83932,255.60564,90.15445,214.16368,322.25806,-81.27243,212.90172,319.9675,81.89239,343.153,328.4093,-49.63553,336.70706,328.73892,98.83221,458.5039,332.4229,14.461193,444.79535,330.37515,192.15251,474.5031,325.74152,19.371128,459.85953,324.29916,199.78737,493.02118,358.15182,-49.394676,476.84576,349.3578,144.98616
29-0.pngresized.png,718.05853,601.33923,-335.2001,740.9051,584.90814,-334.7624,742.46893,582.3395,-334.6751,744.0325,580.0876,-334.72562,735.92035,584.7042,-374.18826,734.2463,580.6508,-374.14398,732.4541,576.6875,-374.14972,736.41754,544.5835,-262.5575,719.92035,539.96747,-430.59222,698.7499,584.0042,-294.6189,694.65344,580.30023,-342.5197,662.40466,473.8766,-169.78517,589.87427,485.40372,-394.81543,578.9158,437.25467,18.389664,427.52036,449.43484,-352.6617,576.21326,510.2193,146.51773,343.57135,538.12756,-308.5419,583.50146,518.39594,152.19612,310.71494,555.0158,-349.28754,582.37024,538.5677,128.3231,327.1451,568.57007,-356.519,573.96674,535.67,137.32469,341.23633,560.2025,-311.0934,360.45367,463.0747,77.21817,320.1127,470.6943,-76.43884,211.72733,412.83322,315.28226,169.95265,416.98267,159.57877,92.39327,346.9681,597.824,46.323387,344.122,441.10495,72.367714,320.65652,628.2462,27.433205,320.78076,467.28436,50.893898,383.3263,606.1591,-0.13821423,375.50626,413.81085
30-0.pngresized.png,644.5115,469.58414,-119.07384,648.92725,460.51447,-107.02224,647.98895,460.06555,-106.94002,647.0911,459.74826,-106.923706,648.7731,459.0177,-136.34235,647.8077,456.6345,-136.28412,646.8511,454.20367,-136.1362,632.5552,450.11453,-35.4083,632.3688,441.8402,-167.20638,627.9764,468.91895,-88.37393,628.132,465.2179,-127.06426,553.96497,428.67926,59.699554,553.5148,459.0383,-208.84985,441.27252,434.73734,91.747116,442.54614,478.3113,-222.22437,324.20465,456.5522,86.55825,309.97778,500.59607,-196.11218,301.49786,459.5201,86.94147,280.7094,498.84998,-232.65404,294.51797,457.87546,62.91238,279.60657,510.92715,-224.30203,298.88474,457.2546,77.1023,287.4899,508.36523,-192.34644,361.29443,421.3807,89.39551,364.92584,437.99704,-88.8079,233.67851,338.86523,148.55681,223.18144,357.9226,-101.10963,126.21637,233.95769,185.0553,102.745865,225.68507,-58.001305,116.651184,208.16415,188.75806,92.26549,196.21925,-54.928066,89.27119,226.83783,144.46634,54.46821,229.59453,-126.285774
38-0.pngresized.png,715.1796,448.06625,-72.309044,736.11755,451.72375,-97.14494,738.0687,455.1091,-97.087585,740.0811,458.78085,-97.22749,734.5472,448.64047,-61.432003,734.8066,448.45956,-61.54765,735.01117,448.35687,-61.4854,736.8264,478.72067,-153.75668,731.49585,465.10468,7.0895925,697.8561,465.28665,-88.60562,694.591,458.15488,-42.530914,611.2706,534.72797,-230.8297,626.5444,497.7833,79.39994,405.29608,557.6518,-227.76054,438.0258,539.7647,131.85542,223.89357,538.88666,-146.07967,270.36053,537.5708,111.19665,172.88838,546.1209,-172.2976,219.93477,534.75635,111.75442,168.12329,527.76196,-167.52794,223.51973,538.36676,86.98665,188.0574,525.56714,-141.505,241.5852,541.36035,97.79821,307.86722,485.66656,-128.3562,336.6652,446.25455,128.77719,101.76736,272.8048,-191.9302,117.22369,256.38654,74.69161,139.47163,419.4476,99.617226,162.74417,417.44342,425.40472,176.03113,438.9366,131.7313,190.30626,440.57196,465.0207,58.745922,446.1419,190.3801,90.31568,445.79947,566.52747
4-0.pngresized.png,602.34064,260.0819,-80.08502,599.3725,252.29355,-66.18591,598.5854,252.843,-66.18924,597.9271,253.51886,-66.17169,598.0185,251.4211,-94.23891,595.8581,250.64647,-94.22187,593.68463,249.87996,-94.15292,583.6056,257.87482,-4.087117,577.3587,253.07423,-127.735435,592.39624,269.81604,-56.456863,589.76465,267.3909,-92.28168,520.06384,296.444,46.55829,522.60724,289.11127,-161.35352,416.63266,291.22632,68.97383,423.9531,293.56113,-177.09813,317.1472,288.92883,61.996548,323.9032,292.84195,-168.09082,294.96228,287.14996,58.328247,303.48322,283.8396,-193.12234,291.19724,287.79633,40.139957,302.09766,290.12534,-190.5049,296.95883,290.00253,52.63327,308.40268,294.08392,-168.80048,367.22928,358.8923,78.24486,367.39755,355.5977,-77.92028,237.04187,338.20486,110.17519,219.41025,336.19077,-97.804756,126.169914,317.5667,177.02711,86.78267,317.10284,-45.42083,112.26856,302.1839,181.22504,73.95619,303.18546,-41.752396,84.98036,330.71133,114.50896,36.563595,331.06522,-123.99513
40-0.pngresized.png,436.41287,164.86868,-68.05856,429.5875,160.87228,-52.899174,429.00638,162.2148,-52.89279,428.50507,163.64336,-52.881184,427.87274,159.47043,-74.175995,425.62762,159.36116,-74.1513,423.3987,159.28302,-74.03091,417.35007,172.14417,1.5848931,410.0284,166.75615,-90.141136,432.3596,176.11406,-48.17113,429.13672,173.37082,-74.75794,378.87027,205.92686,36.00677,386.77316,211.66765,-111.501076,312.4414,227.40465,54.8962,315.7652,229.26965,-112.63379,250.6188,237.62714,83.32439,242.55653,245.56401,-110.40368,237.68607,239.38504,92.298996,225.68034,244.95607,-129.87033,234.20259,238.96887,80.46249,226.50026,249.26077,-120.078415,238.90125,240.80573,79.53748,232.03171,249.79967,-107.73632,276.40723,256.30267,55.115364,280.89975,264.2238,-54.93735,170.94226,251.60909,80.889015,169.81189,251.12698,-48.1082,77.80254,236.19998,121.886696,71.17625,244.16219,-7.0424404,69.044785,221.33047,125.887085,62.978436,233.53697,-1.2578995,32.270195,240.54344,79.25319,26.576965,249.43196,-50.518127
41-0.pngresized.png,12.22877,300.5167,-38.893898,11.436089,291.44806,-49.545147,12.559206,290.3539,-49.474464,13.555499,289.1541,-49.4774,11.0598755,291.87103,-25.315153,11.886119,291.57324,-25.357306,12.703429,291.25543,-25.230043,23.697756,284.84668,-83.12129,22.182472,287.53256,26.556978,21.670683,302.682,-49.222366,21.01872,303.88205,-18.28991,68.90145,306.0271,-125.39947,70.60891,285.8473,82.01537,144.48012,306.49582,-134.28543,140.16582,288.28574,93.203384,221.22665,321.26382,-113.820404,210.31906,299.27078,106.17283,234.68625,323.7686,-133.39539,221.35852,301.58047,117.730484,235.24051,326.2735,-121.55025,223.37914,302.12677,101.23591,231.14171,325.27637,-108.906975,221.00275,303.93436,98.88141,193.6527,285.82272,-66.54926,187.44156,272.9583,66.69401,285.7982,212.19484,-61.826416,257.85803,224.94319,85.47384,354.26804,128.11414,-43.85711,320.45844,169.57578,159.43765,355.67422,110.571144,-42.089,323.46936,155.00809,165.77052,389.37677,117.88226,-98.79321,355.7492,161.70605,132.07703
43-0.pngresized.png,533.7951,395.16776,-88.80489,541.84094,386.2254,-79.371155,541.3705,385.93646,-79.25835,540.93085,385.74445,-79.29786,541.6859,383.83804,-111.57857,541.2705,380.97833,-111.57155,540.8411,378.08252,-111.45647,531.1971,375.43442,-10.36235,531.1212,365.28857,-151.57143,519.9863,394.50186,-58.205437,519.9966,390.05566,-99.292046,460.4081,357.14307,95.78264,466.23322,375.09412,-205.19084,368.88702,353.96616,131.35298,366.44373,384.54135,-217.68623,297.83536,376.05615,99.49468,273.40982,402.64047,-170.6009,286.009,377.03677,99.685005,255.93568,401.7455,-196.74606,284.8777,383.4638,78.76515,255.83763,407.3179,-189.2582,286.61652,383.43253,87.98729,260.11456,405.71344,-167.20946,289.61166,350.16846,98.50069,294.20218,360.7313,-97.914185,172.34349,300.93488,128.58105,156.61888,313.43726,-86.33582,70.57973,227.02283,200.63821,50.82007,221.26036,-3.576275,58.9634,205.23949,206.23592,42.374565,200.09468,2.744157,30.293894,238.04219,165.73207,-3.1235657,226.3224,-60.280823
45-0.pngresized.png,8.423284,142.1296,-45.992107,12.051836,136.35063,-54.871346,13.272969,136.12668,-54.8636,14.446304,135.83234,-54.852066,11.592529,136.61862,-36.351357,12.244933,136.79674,-36.39919,12.915841,136.9524,-36.31608,23.883808,137.33945,-80.77786,21.277061,139.15857,4.422122,14.009474,147.281,-54.50706,12.994706,148.22057,-30.11853,46.40584,166.04042,-115.60378,50.98216,158.66005,52.1423,92.91645,187.1966,-125.78019,94.974434,174.84879,66.2281,133.30411,211.31741,-119.04522,127.0594,194.81007,65.19162,142.78267,212.53764,-139.33025,133.77599,196.3136,71.509514,142.58783,214.62044,-130.21368,133.9987,196.99815,54.333553,139.7966,214.2264,-116.526146,131.88678,197.75151,57.06842,126.79236,197.98474,-52.993942,131.13467,193.36137,53.357136,202.49084,189.83205,-29.789925,196.7074,195.16447,71.76742,269.59427,174.94194,4.781524,248.99362,190.15224,135.45459,278.496,168.41356,7.261572,254.8784,184.59337,141.17686,290.59024,183.96596,-30.371807,270.01746,198.37842,116.38698
46-0.pngresized.png,686.0691,500.77997,-38.37999,694.41174,491.08502,-27.691998,694.2632,490.05502,-27.395927,694.1618,489.1808,-27.365435,692.8551,491.26273,-61.118782,691.57007,489.58786,-61.13012,690.08203,487.96866,-61.30929,678.8935,482.8926,37.471107,671.382,481.00668,-112.484985,669.1681,503.00348,-12.321552,666.976,499.66656,-54.05635,610.49646,477.37277,100.52757,613.42566,481.28995,-199.18733,716.08954,439.35016,104.513054,718.8432,461.01324,-323.08484,814.795,425.4823,-30.654854,825.8494,425.1557,-378.1572,840.51996,414.3886,-60.82291,855.4652,415.7872,-421.58823,840.50696,419.67828,-80.658966,855.9189,410.87268,-406.00888,831.458,424.10388,-49.565357,846.59485,413.27057,-375.93884,385.17352,516.02734,108.25529,385.67453,517.0799,-107.96118,252.77336,470.14597,171.45479,221.2615,453.5733,-127.26533,147.6049,374.62012,279.76166,83.54834,345.2056,-75.20611,134.55486,353.50476,290.5292,69.433075,321.29504,-70.46712,105.278015,380.51538,239.08542,19.068375,348.56323,-168.57916
47-0.pngresized.png,361.19162,152.46002,-69.53894,361.0191,147.69444,-65.95414,361.44342,148.60825,-65.93368,361.9292,149.62398,-65.978264,358.2753,147.21036,-76.86524,356.37933,147.09396,-76.852394,354.45682,146.98146,-76.757774,355.9158,158.43259,-33.340332,345.9014,154.52603,-79.252365,358.37122,163.68085,-55.577,354.13577,161.78073,-68.84507,320.56702,189.17917,9.589317,318.21545,190.61732,-98.04525,252.07797,188.01541,27.162243,245.45135,199.64856,-89.09462,189.80899,176.63863,50.02043,183.52377,198.32751,-79.14917,174.67229,174.85573,54.967373,168.46892,196.37727,-87.7465,172.55675,174.22437,46.499695,168.94962,195.87302,-88.15524,177.30357,175.94313,47.06164,174.23589,197.17772,-79.56664,210.55498,221.49008,48.571102,213.0042,223.73283,-48.184647,124.80324,212.24228,112.70476,123.08058,210.6297,-14.393615,62.907925,193.72766,183.41716,47.2461,194.02269,57.387016,58.097206,183.9243,189.47585,42.036583,187.60236,66.24733,30.319971,197.37993,154.67531,6.270848,191.5521,29.206388
48-0.pngresized.png,741.393,276.63492,-122.47647,740.70264,269.9768,-106.88523,740.5456,271.8839,-106.75441,740.5981,273.8282,-106.819145,738.6924,265.29547,-132.57256,736.38403,263.1034,-132.73598,733.9806,260.93045,-132.84245,728.4062,280.69916,-32.755997,718.34796,263.901,-144.53648,731.08844,291.30167,-94.665146,727.09296,284.26303,-127.257645,674.1095,349.44043,23.197514,657.9364,315.10138,-191.08884,558.40137,400.11264,40.89268,543.7501,368.26086,-213.9616,442.37497,433.83923,41.738163,425.57358,423.57507,-210.91585,412.5069,443.0906,37.118687,391.90988,428.0682,-230.75204,407.7883,442.63654,20.166723,395.9635,439.4741,-240.63118,416.60294,440.85254,33.066273,407.81085,441.37848,-214.44847,533.30237,492.91916,76.69378,527.6328,473.48636,-76.38284,383.2221,500.84692,149.18105,359.3001,512.64557,-75.39689,244.00276,482.2702,197.29207,227.85663,483.17618,-11.295137,221.2375,475.62903,199.76212,208.9742,474.2662,-6.51394,206.49007,488.9407,125.379654,172.31454,488.22427,-88.72325
5-0.pngresized.png,744.3983,309.5012,-86.89143,737.3456,297.15613,-67.05099,737.40454,297.7347,-67.01354,737.59827,298.49887,-67.03898,732.0887,297.12622,-100.21265,727.7012,296.74884,-100.14777,723.30695,296.389,-99.873505,721.61926,308.7176,13.23701,701.9039,305.57446,-126.530754,738.7657,327.2285,-56.301334,730.7351,324.975,-96.701706,650.99994,365.56555,110.43678,660.8797,376.48828,-199.1307,535.38446,411.44153,153.13193,536.0811,409.4263,-197.57623,436.53775,453.651,208.41759,397.11807,453.45032,-191.05843,416.12936,460.55634,238.90062,361.35867,454.7485,-230.6736,410.0695,467.03986,212.46477,364.26816,470.05243,-213.04457,415.6018,466.5738,199.8403,376.1326,470.8105,-186.21486,450.5834,439.65826,94.10641,459.06256,451.46243,-93.54974,260.99942,422.72598,127.09736,264.6297,439.55902,-73.26926,105.74831,404.50565,216.08446,91.101585,397.5313,21.302328,89.33571,381.5432,224.7601,76.10086,371.56436,34.46919,38.6429,420.19836,159.17297,15.922398,425.2917,-27.715233
52-0.pngresized.png,14.806234,243.57234,-92.81934,26.080936,233.75613,-104.43219,29.476751,234.15817,-104.4267,32.759647,234.37851,-104.46108,22.570095,234.11784,-73.43904,22.877752,235.06038,-73.53722,23.190895,235.96254,-73.34543,52.837723,245.98291,-136.59932,38.175846,248.9303,5.2919087,25.877218,259.30673,-104.4764,19.750885,261.32068,-64.444855,94.33964,315.6943,-219.26952,88.104546,312.434,81.756096,205.85178,353.20972,-261.6735,196.26025,344.36166,87.69843,327.98047,391.71863,-301.93176,299.8434,381.4652,103.94442,361.78082,389.83542,-351.31323,325.04523,387.80792,114.185326,362.19504,402.4202,-338.96393,331.13303,384.43307,79.812645,350.07727,405.65738,-299.67145,322.66614,384.0108,89.16449,257.94257,415.15112,-95.642525,260.6921,412.2295,96.602,421.23575,406.69537,-43.211422,416.50546,402.5344,129.7574,564.72845,346.35663,34.2993,542.2276,362.2564,273.93002,582.0345,329.15515,42.233536,559.2218,345.14172,287.11984,622.0324,357.61017,-41.82846,587.5973,383.80618,218.95206
55-0.pngresized.png,20.116888,266.73438,-68.665375,24.659428,256.9254,-81.51867,26.636326,256.4214,-81.49047,28.512192,255.71425,-81.60016,24.061577,256.41718,-45.542625,25.21916,256.1832,-45.58818,26.391918,255.95491,-45.37623,45.300846,256.01962,-130.92944,41.814274,256.75424,34.63657,31.997128,274.66113,-85.98741,30.494135,275.2808,-39.013054,102.15579,289.12564,-200.2055,100.44924,286.17963,119.94871,194.14076,283.38794,-240.24174,192.18144,278.8945,154.49738,288.78326,285.27563,-253.85394,276.19452,270.00363,165.39212,301.22534,279.381,-292.53116,289.0001,263.54474,185.9283,305.2235,282.88287,-274.13437,289.7883,265.4329,155.31639,300.48145,286.67822,-249.1328,286.4241,270.28882,151.91083,257.0977,338.52826,-101.86138,253.36542,335.02686,102.37988,382.0477,312.87704,-81.180885,377.66986,310.60773,141.80582,498.49628,273.4847,-9.455282,473.43872,280.28485,244.1731,505.48315,257.98544,-1.412462,478.94742,266.57986,254.73535,556.6634,276.3823,-73.609406,530.8699,278.1508,195.06384
56-0.pngresized.png,747.892,354.22693,-79.011604,752.3681,341.94717,-70.94406,752.70154,342.29025,-70.823044,753.1518,342.7805,-70.8557,747.74347,340.40292,-99.431755,744.58295,338.5711,-99.41581,741.3745,336.7791,-99.1725,736.83636,347.92706,-6.922747,721.2554,339.74002,-125.10724,733.4507,368.49423,-49.64218,727.1991,364.32166,-84.130066,645.27765,388.63596,89.75315,648.03503,405.9753,-180.99387,517.5898,415.0104,118.21516,510.39218,420.68857,-180.77377,411.95572,424.39795,134.5738,392.4839,423.45645,-169.66667,384.94662,424.11035,139.12532,359.3349,414.50552,-200.86554,382.7601,425.9756,118.4696,362.21628,420.7716,-202.0471,391.15002,427.97025,123.21497,372.45078,422.50226,-172.3831,424.11917,471.68484,97.83929,436.53903,481.69644,-96.91264,237.77147,449.45438,120.15093,238.90709,467.8274,-75.076866,81.83214,433.90256,194.9042,56.125874,436.18497,16.581938,57.08419,420.49374,198.30133,29.62821,424.40662,24.238504,50.543446,453.11295,138.0106,8.558864,452.0194,-47.54668
56-1.pngresized.png,750.9637,382.15485,-68.69999,754.9094,370.4498,-60.434772,755.15796,370.69452,-60.32332,755.52826,371.0856,-60.385094,750.5017,368.76324,-86.35303,747.3453,366.94348,-86.27362,744.1503,365.1805,-85.98615,737.6964,374.6058,2.2390661,722.66785,367.1188,-105.87164,735.32623,395.0985,-40.747658,729.2827,390.70694,-71.952484,641.9407,404.2016,77.995415,650.34235,431.13626,-160.77568,511.90616,420.35614,94.387764,517.8193,441.27963,-172.01836,399.09607,430.49722,115.29459,391.65067,454.1169,-170.08583,368.82483,430.7223,119.87282,354.6411,447.77997,-205.15138,365.6398,431.78113,101.48672,356.4614,457.444,-204.93826,374.8603,434.83664,106.36531,366.83228,457.92212,-172.28603,429.27686,492.93427,93.557396,442.54745,506.15732,-92.759384,238.9543,482.09555,112.98187,243.12355,500.47855,-76.53966,71.99943,466.4225,180.21681,56.669994,474.94766,0.9757679,42.657322,451.40677,184.01163,26.444975,463.41418,6.1024065,47.442165,495.104,132.68423,17.99428,496.71344,-63.229805
57-0.pngresized.png,7.647609,193.88185,-119.345146,11.868946,184.9908,-126.31209,14.194623,183.92946,-126.234024,16.4907,182.76476,-126.32008,8.76798,187.19946,-103.10271,8.442314,188.20285,-103.15704,8.155882,189.23643,-103.05335,29.794538,184.0705,-131.97525,18.342278,192.2067,-24.570654,18.020506,199.28206,-119.87918,12.994708,203.62433,-89.16165,73.18832,220.0567,-157.6179,60.118137,220.2743,47.999477,136.84816,229.42287,-230.45328,119.66682,227.31197,130.54648,188.20767,231.56496,-299.9339,169.00008,222.10893,179.49338,203.9569,226.63083,-331.87924,181.3769,218.64499,193.56966,201.01987,230.06078,-326.8455,182.76047,218.06387,178.7769,197.18102,232.08897,-300.73782,179.48077,220.90916,173.8304,185.81445,280.7594,-66.11192,182.5212,277.18506,66.33556,282.3378,275.25485,6.278871,265.33035,266.3464,160.48555,365.56976,251.62094,87.839355,335.22992,246.41833,292.63773,376.38712,244.65489,94.73375,344.48502,237.11522,305.24564,393.087,261.8986,36.731117,358.678,259.5702,271.01517
6-0.pngresized.png,35.10166,317.30438,-64.74693,35.070045,305.06967,-80.41343,36.68209,303.91257,-80.29169,38.195812,302.63577,-80.25584,34.54748,305.5741,-50.359474,35.29652,305.54147,-50.410755,36.060207,305.4616,-50.216915,55.458954,299.5039,-126.35772,51.675747,302.9344,11.409125,50.08777,321.8847,-78.577736,48.28998,324.50964,-39.514786,120.32911,343.785,-167.24477,125.95232,315.67847,70.65628,231.91266,336.2836,-170.33562,235.60625,309.35916,100.28802,323.62708,329.7441,-143.6439,315.92258,307.16885,120.52885,343.67255,320.9394,-167.15271,334.49567,303.0003,130.2546,345.016,325.32434,-160.7703,333.96646,302.33032,110.22241,338.93222,328.53122,-140.77275,329.41965,305.55905,110.982765,292.53937,389.61182,-77.33033,293.35464,369.32806,77.85005,431.89822,378.55112,-51.54743,431.0539,342.96585,90.324196,557.13806,319.75943,-3.710364,544.3855,305.26263,180.00642,570.7673,303.12946,0.20037825,559.4919,291.40173,187.39258,604.2485,332.8785,-44.29252,581.43036,318.74524,154.03256
60-0.pngresized.png,140.622,378.53174,-146.95453,143.59662,365.6177,-158.10582,146.25374,364.1963,-157.81366,148.86368,362.673,-157.77043,141.23222,367.14536,-127.60861,141.40169,367.28406,-127.58813,141.77664,367.449,-127.59273,166.11032,359.233,-163.17992,155.61601,364.14682,-25.813229,153.76878,381.6666,-146.26825,149.63469,385.48813,-106.42435,207.40259,397.55573,-222.18588,207.40251,374.08737,59.970913,112.4613,438.3955,-349.11896,137.74979,372.61087,82.41047,27.55325,423.6485,-409.75333,70.41499,375.378,-13.034472,-0.25430363,419.55685,-456.03983,49.17721,367.65314,-31.27346,0.7285005,410.3709,-439.6067,49.285027,366.83432,-56.38475,11.596311,412.16354,-408.63626,58.51005,370.8747,-28.759531,406.47632,417.44827,-100.789375,408.47574,407.38876,101.1475,565.4113,389.9199,-38.257076,564.975,398.60837,131.10912,702.6743,361.29968,29.16402,689.2131,387.19693,192.9893,720.9317,347.90656,35.989803,702.99335,376.838,198.38112,742.9917,373.6406,-15.046558,730.14197,412.40768,161.22249
62-1.pngresized.png,46.125084,382.9516,-90.565956,45.393757,374.58817,-107.61873,46.626514,373.9035,-107.52646,47.778194,373.10843,-107.52099,44.129105,373.63562,-78.03138,44.37974,372.498,-78.0666,44.624405,371.34668,-77.99347,58.559303,368.94113,-144.3211,53.95064,366.7743,-12.296738,57.606934,386.27853,-101.05321,55.802727,385.47415,-63.0282,110.12432,391.3205,-211.72258,113.071266,366.83148,93.25464,195.77771,388.20486,-235.63461,198.63124,353.15643,108.473755,279.1815,403.1643,-212.38507,264.0882,359.66232,84.21863,298.6372,400.1392,-243.8603,277.99127,356.2886,85.22878,301.55194,405.82816,-236.14403,277.71158,357.49542,59.60557,295.22705,406.2087,-209.3811,272.3458,360.32455,70.45013,253.5546,379.53198,-94.523026,257.21857,360.19424,94.912155,362.8591,378.53992,-29.417698,357.72174,295.26364,131.165,463.356,379.41162,75.54592,422.9028,232.04503,225.53561,473.4713,369.90317,84.28849,430.02087,216.97896,232.59798,499.6465,409.71014,19.101917,444.8138,222.87239,173.00737
66-0.pngresized.png,15.122121,642.1945,-67.21984,9.911618,620.2913,-88.73823,11.610411,616.75793,-88.62538,13.066841,613.1004,-88.65521,10.239741,624.15784,-37.2177,11.915959,624.22516,-37.37083,13.566931,624.20447,-37.07242,33.562912,599.14594,-144.28514,32.739292,613.21094,89.07468,35.201664,642.41644,-81.87307,34.924118,648.7216,-15.499282,131.44176,641.022,-225.69896,143.39719,596.8698,211.17978,299.12296,639.5594,-241.16962,293.3581,598.8286,236.23196,456.014,667.17535,-182.64189,415.8933,624.3131,249.1366,486.80783,664.2439,-219.08241,437.5262,624.4791,266.86447,491.32187,669.99646,-194.84268,440.53064,626.9837,234.42677,481.76794,668.1768,-173.2354,435.81836,631.689,232.36655,408.3409,589.2451,-137.05159,406.48294,560.6727,137.76582,637.1094,470.67087,-117.9732,612.08923,485.78705,124.39017,822.5316,312.2352,-82.38839,786.59845,401.04282,246.10797,839.7752,276.6829,-82.26943,800.43414,375.7469,255.08316,891.91644,314.65375,-194.80624,860.20404,401.884,187.19542
70-0.pngresized.png,9.80957,260.6331,-85.271774,14.250495,249.86917,-100.56253,16.452208,249.11926,-100.53898,18.541412,248.21217,-100.58506,13.1230545,250.44156,-64.16388,14.016803,250.70322,-64.2337,14.939546,250.94131,-64.107735,36.287354,249.586,-143.31998,30.404827,253.58018,25.697166,21.89443,268.34363,-100.71946,19.18614,270.7246,-52.83974,89.88984,288.89584,-222.45059,86.66387,283.79163,110.73585,184.71498,294.90292,-276.3703,176.50476,286.40173,137.43382,272.30826,300.87558,-330.98428,266.94702,293.0576,130.68474,288.33423,294.7906,-378.71466,286.82935,292.22543,139.12222,290.56067,299.624,-364.49902,289.08798,291.1851,105.36316,284.79037,302.69867,-328.88556,282.85916,293.65594,115.06889,244.60889,340.17206,-106.4683,244.3796,334.26666,107.20732,380.02112,313.6622,-77.74518,369.50528,322.42725,154.46616,496.72476,280.6369,-17.13459,469.26102,297.6255,271.5178,508.2696,265.39813,-10.3895,478.52786,284.4106,282.51752,548.6049,294.37094,-85.60472,520.1195,311.1051,226.45233
72-0.pngresized.png,48.10829,219.03473,11.870451,43.867634,213.70055,3.8259983,44.083076,212.50842,3.888343,44.241196,211.2559,3.8661916,43.651455,214.7295,19.535748,43.638115,214.58015,19.498693,43.61973,214.38077,19.561003,48.196217,205.59941,-20.154095,47.11598,209.02634,51.67322,54.353867,216.8219,5.864311,53.93225,218.78543,26.154417,75.86655,217.7539,-52.969646,80.22502,194.99394,80.148415,126.50004,221.6622,-63.607174,128.91483,196.386,84.18322,168.70197,230.18796,-24.896091,159.7276,203.96417,68.49143,178.66248,230.37811,-28.441925,166.64001,204.32982,68.54371,179.11685,230.8442,-22.579998,165.93478,206.12369,61.54646,176.33983,229.4351,-21.494516,164.00386,207.50507,64.03327,167.77719,214.05267,-41.199295,166.99898,200.24599,41.318954,226.31487,190.10567,-76.73004,225.06831,183.40698,33.300785,287.43762,138.64343,-76.63167,280.86804,156.4357,52.4248,293.686,127.04199,-77.04843,287.88156,150.36568,53.16053,311.09036,140.0251,-101.82683,300.71985,154.59949,39.160156
77-0.pngresized.png,499.20184,193.98318,-184.3258,499.39218,186.10982,-181.72295,500.10046,187.76463,-181.71564,500.95496,189.58722,-181.77917,495.2126,184.60645,-198.61868,492.12695,183.92723,-198.65236,488.9726,183.29785,-198.61214,490.77048,201.68965,-135.9593,473.2841,192.40236,-205.59097,492.66238,210.10771,-164.91267,485.7886,205.63539,-185.5053,429.02023,261.78912,-85.79721,421.14536,248.05582,-218.72011,310.2165,254.17026,-41.048466,287.24756,250.68825,-221.14622,222.93102,229.58122,5.9520946,161.83762,232.3203,-183.50314,200.77565,220.68636,4.196578,133.69855,215.92572,-180.6175,205.50877,220.6431,-9.32061,134.27936,216.73431,-189.55482,211.69063,225.14871,0.13031259,142.55054,223.5221,-187.30885,254.59874,325.83075,56.009968,262.95978,323.8141,-55.352833,161.5385,298.40375,221.736,135.67578,302.28052,85.29957,66.20265,231.37723,309.5027,43.377872,235.03365,206.46246,52.421127,212.04726,317.32907,31.258144,216.04802,222.9806,34.697395,214.68224,277.25287,9.681846,232.31783,196.95955
78-0.pngresized.png,382.6587,163.17941,-69.10439,383.00238,159.05127,-60.1039,382.70917,159.80692,-60.092335,382.52628,160.57512,-60.10596,382.40097,156.29665,-75.82462,381.3726,154.7054,-75.92488,380.30515,153.11105,-76.01928,373.74146,161.19843,-19.004581,369.72214,151.32045,-88.95045,373.75278,169.13812,-53.58954,372.2449,165.04553,-74.14597,336.29758,194.51614,3.2922792,323.01608,165.54152,-101.15868,269.7975,188.0583,16.713627,261.98654,168.56807,-121.95066,214.42163,188.23335,4.283732,208.8901,185.47331,-99.560974,198.51689,188.80534,-5.8422318,193.91771,184.47446,-105.90992,198.8953,187.08186,-12.088483,197.4175,190.55272,-109.72659,203.62387,187.7739,-0.99940515,202.90567,191.77328,-100.18956,253.11447,255.01959,33.97024,245.80092,237.28377,-33.886116,173.1843,233.2327,53.929962,149.84193,244.87965,-69.90712,99.39203,204.3454,81.70872,96.54953,210.38855,-46.233257,87.12872,199.8177,83.46218,91.37866,205.41992,-44.503803,75.55121,201.49394,46.320255,63.740356,203.61058,-87.57463
79-0.pngresized.png,569.60254,385.47784,-144.4301,561.0741,374.68323,-132.41551,559.97736,373.31543,-132.19438,558.9373,372.07016,-132.0339,558.3335,380.5713,-165.85095,555.1113,382.3478,-165.88791,551.7923,384.1659,-166.10547,536.9395,374.13577,-71.53966,525.90173,392.47284,-222.33072,558.9489,394.65878,-121.07713,555.96735,398.86667,-163.36865,508.60284,381.403,4.18527,495.8135,431.85986,-285.3885,602.16644,383.87375,33.79575,586.32416,451.18765,-407.201,694.72253,384.87204,-46.750835,675.7411,458.10654,-495.33185,717.0741,377.0832,-60.810326,697.0946,462.73312,-561.0162,715.24774,381.55374,-107.88677,699.88354,447.5288,-536.2704,704.52295,389.6493,-68.11799,693.32025,445.5168,-493.3054,337.92615,409.66867,111.34734,320.31668,443.10693,-111.28802,210.88383,359.74014,156.73993,187.31699,443.14673,-101.72763,117.02965,309.5302,266.75977,75.121346,423.8031,-2.9943264,113.34169,295.03595,279.2424,69.13989,408.04767,5.15931,56.0997,294.26474,205.58437,19.752686,448.72742,-89.912476
81-0.pngresized.png,330.61142,248.41896,-26.045317,334.55286,243.33693,-19.482624,334.4569,242.62837,-19.354527,334.37933,241.99057,-19.359875,333.6706,243.86732,-36.482956,332.93958,243.16202,-36.45889,332.13043,242.484,-36.498116,326.55472,238.43143,13.078137,322.7337,239.272,-61.694572,322.37967,249.26154,-13.305266,321.196,248.16342,-34.077126,293.33752,233.54495,47.038136,294.28278,241.23837,-106.082436,343.27835,218.00082,55.46862,344.81235,233.5193,-165.2139,391.08255,212.60228,-14.855962,394.891,215.50484,-186.55345,403.17,207.54799,-29.423494,408.2795,211.26329,-208.73824,402.49216,209.44176,-39.46139,407.74835,209.3073,-200.84541,397.7537,211.55878,-24.03889,403.37506,210.15294,-185.55627,188.59198,255.04745,54.8712,189.43443,259.9423,-54.674164,118.122055,223.44966,80.04447,109.64301,239.0131,-64.796616,65.7054,182.5107,115.47526,49.1046,182.3302,-36.313477,58.811775,172.90518,118.52849,44.046047,168.98874,-33.71896,46.55006,184.20227,91.52769,18.56585,184.18893,-68.84487
82-0.pngresized.png,521.8072,382.02173,-33.151756,528.5071,374.37198,-22.838013,528.2832,373.28214,-22.635237,528.079,372.30228,-22.651009,527.7941,374.78058,-50.100258,527.0681,373.534,-50.066124,526.23456,372.34476,-50.12315,517.87067,365.50842,29.444262,514.1655,365.81662,-91.923546,509.40152,381.93527,-12.082106,508.3973,380.42786,-46.108517,465.1683,358.59848,84.52297,470.44992,365.01425,-152.90523,531.65106,339.8809,102.21905,543.12164,356.11362,-245.60912,600.70184,332.77493,-5.8887715,618.7514,328.97012,-272.948,620.29724,325.1312,-26.63368,640.3612,321.83557,-306.3542,619.42737,328.5925,-42.12912,639.06964,318.48737,-292.63086,612.7897,331.61417,-20.7518,632.08813,320.1511,-270.53873,303.1682,388.3726,79.78329,306.85706,391.73108,-79.51072,193.95251,344.36243,112.78417,182.8076,348.12845,-93.62058,117.49649,282.9305,186.09929,87.36265,274.79364,-51.26174,108.17848,269.12534,192.48479,78.57687,258.7404,-48.830204,89.10304,283.94617,149.14928,42.874958,275.29007,-119.76103
84-0.pngresized.png,809.28906,327.6684,-87.99828,800.7123,319.37372,-63.881317,799.8595,320.75247,-63.88303,799.1458,322.26126,-63.861633,797.784,318.78476,-103.89783,794.12256,318.92957,-103.871826,790.4697,319.10834,-103.72968,779.94934,335.8414,21.338694,768.2615,332.0496,-150.23015,800.73755,346.25403,-55.423344,795.1692,343.53714,-105.062065,705.70605,395.5529,97.225716,715.11554,411.3382,-211.6006,585.9681,432.87256,148.63635,581.147,453.1632,-214.2445,475.9045,459.52594,182.92108,451.29425,482.00208,-193.35823,450.98828,464.43796,194.74661,420.33914,481.3534,-227.26895,445.73907,465.36624,172.96382,422.39188,487.9405,-213.91031,454.15317,467.2472,174.46127,433.90784,488.165,-190.21758,509.22684,501.19257,111.634705,516.72955,513.2684,-110.95224,325.9931,513.05225,155.50531,327.5439,516.48785,-108.812164,182.50943,521.07916,265.45584,158.58888,524.3923,3.6282837,164.74237,504.16943,272.61545,142.84215,510.42984,15.962109,122.886116,538.2361,186.59962,85.338264,537.3123,-67.520874
85-0.pngresized.png,355.1365,159.3062,-2.0994012,352.52866,156.04688,8.232645,351.80524,156.90262,8.238005,351.14746,157.81781,8.203255,352.49277,154.39076,-9.012828,351.55103,153.66136,-9.032787,350.59116,152.9164,-8.987052,343.67624,161.59851,45.028187,342.52365,154.93213,-30.182116,350.54242,165.78487,12.042156,350.02948,163.07559,-9.816385,310.75195,181.21857,80.58848,319.62564,180.09839,-69.19747,254.13033,190.61183,91.08465,265.01782,193.84433,-86.25727,200.05045,196.55807,86.58893,202.29657,206.64574,-86.2928,188.16527,196.54485,95.450516,188.86047,205.54903,-100.944405,186.48805,197.50171,81.58025,187.99477,209.51953,-89.69662,190.47263,198.37773,81.16987,192.59624,210.15204,-81.76772,231.08337,218.50343,50.87747,234.76958,219.29291,-50.772312,146.2518,214.70612,56.251724,138.09119,213.8396,-64.67321,68.41298,195.12569,88.6417,60.419003,198.40918,-35.958294,61.73294,183.3503,91.709625,55.61282,189.22026,-33.32413,30.621948,199.2641,46.605488,18.42482,202.01727,-83.80029
86-0.pngresized.png,429.35825,363.76395,-97.533936,435.46143,355.70032,-90.639984,434.99567,355.45743,-90.60921,434.52966,355.31436,-90.6159,434.60446,354.44675,-116.50173,433.66937,352.47763,-116.487755,432.73068,350.507,-116.495384,424.95792,347.40054,-41.590855,422.87622,340.0868,-156.63681,417.54703,363.41315,-76.44223,416.6686,360.14017,-109.74273,366.4925,330.34348,39.086014,358.9525,347.93164,-201.00795,278.5514,325.2203,70.08301,271.1006,353.82642,-203.6577,201.6397,337.5216,65.272224,182.55618,363.77243,-177.88907,189.5526,341.14746,65.75933,164.09476,363.74023,-209.4697,187.17589,342.21277,43.46171,165.46222,371.94003,-201.94475,188.62027,340.25674,55.4768,170.19315,369.14276,-174.65869,218.53558,295.5996,79.56372,212.2969,307.76184,-79.18666,124.33161,220.23888,124.68719,112.711174,247.29503,-64.11107,50.653214,141.14272,188.88727,39.426197,158.94211,-4.1340632,45.642845,121.47851,193.47498,35.94344,138.57063,0.87514234,17.885254,137.4149,153.4402,2.5767283,153.3116,-50.779503
9-0.pngresized.png,37.604694,270.04517,-42.16004,32.65391,260.80817,-60.467278,33.504974,259.04987,-60.504955,34.310925,257.17316,-60.638477,32.648026,261.97733,-32.17788,33.129894,261.8096,-32.178795,33.618504,261.62088,-32.01454,48.42544,251.73569,-111.484276,46.286774,257.67294,20.728941,52.43311,270.44754,-57.959454,51.474453,274.04446,-20.447044,109.28601,276.05188,-177.72366,117.11509,265.02368,76.533295,196.23524,284.42844,-240.46486,207.8455,266.2259,102.61703,282.3072,303.23624,-283.17883,290.21515,269.25598,103.968124,307.305,303.43433,-322.934,312.1567,270.74353,104.32508,304.12903,315.4368,-317.87534,313.18488,267.40173,84.30926,296.4032,315.62418,-282.3402,306.96933,267.01355,94.13888,258.1274,335.114,-83.9777,260.64056,325.0674,84.28568,367.48178,341.94278,-69.784935,377.92462,317.29443,116.00052,479.90942,285.2146,-20.391212,474.73563,284.57806,215.92719,493.19586,267.7433,-15.131555,488.73264,272.90262,224.63545,522.9188,299.718,-55.207054,505.08063,301.52832,193.50336
91-0.pngresized.png,614.7672,302.2347,-83.54626,616.4941,294.02032,-77.12148,616.46045,293.27795,-77.057556,616.51825,292.65424,-77.07776,613.86475,294.86957,-98.436325,611.96814,294.26352,-98.39356,610.05304,293.66016,-98.37269,604.81445,292.6736,-36.126194,596.9117,293.5608,-128.24387,604.4619,308.09512,-65.54811,601.13477,308.02582,-92.30424,540.6581,308.89835,34.652023,545.1559,328.63248,-170.69418,452.91553,314.3536,60.72562,463.507,355.70868,-166.5297,378.8378,320.5515,78.04171,380.61847,380.15,-148.51237,360.85364,320.60074,88.62421,357.2352,382.82834,-175.94948,357.5817,320.2701,70.79597,357.4164,388.41974,-171.5098,364.52914,321.3117,73.393326,365.4797,387.3096,-145.76447,404.83008,349.61157,68.67868,406.91,357.2972,-68.38927,344.85703,367.94614,158.4132,322.6865,386.96542,-40.032547,286.1077,358.3871,210.33286,282.4312,357.1085,102.40826,284.771,353.0289,213.24074,284.63297,350.6625,116.71941,252.66695,361.89255,202.83044,249.29184,357.01785,121.845566
92-0.pngresized.png,639.8326,289.37646,-29.670635,635.6403,282.38058,-8.500928,634.4042,283.44354,-8.4523115,633.3016,284.61713,-8.440934,634.8388,280.63116,-42.374012,632.7051,279.60748,-42.342915,630.5238,278.58133,-42.24835,616.54645,291.17633,68.30109,612.0667,282.93454,-78.22011,628.1102,301.31567,-0.60859716,626.1541,297.6878,-43.304134,545.58215,331.39407,132.5208,553.68805,323.22897,-149.45232,438.41583,332.86295,162.75008,444.24408,331.08734,-176.26918,344.15482,325.35416,142.09836,341.53253,331.0135,-163.12538,323.82822,322.24237,141.96231,319.6577,322.38754,-184.80737,322.49713,323.57233,119.81263,320.12018,326.33017,-178.43362,328.82852,326.32608,130.15771,327.76132,329.55814,-161.56845,379.29068,398.7376,102.39273,382.24963,395.73947,-101.87445,227.5247,380.96075,130.10973,215.56,383.65,-132.69981,102.048996,340.32593,191.7397,79.8585,331.6926,-64.84974,88.7079,321.48816,194.43396,70.39907,311.73145,-57.009266,48.345726,345.43622,114.8383,11.9761095,333.83667,-133.95256
95-0.pngresized.png,721.78687,532.19,-103.791504,725.73987,520.536,-90.749245,723.9314,520.25214,-90.744415,722.1412,520.0952,-90.729706,727.11365,517.676,-128.37653,726.45746,514.51044,-128.3323,725.795,511.31393,-128.16725,704.73596,508.90527,-10.176895,709.52,496.58167,-177.69182,702.11554,532.20526,-69.6823,704.0538,527.1259,-118.16946,614.9008,483.46893,97.58777,623.218,514.70197,-233.0258,496.92862,468.37717,141.50867,501.19034,513.0062,-239.92226,385.69708,485.66522,138.85284,377.98364,523.0179,-194.70193,366.82965,488.10928,146.34491,355.40445,519.88055,-230.42717,359.58688,491.53946,120.18855,352.49667,526.77,-216.17595,363.01202,491.56912,127.17609,358.32013,524.31006,-189.58995,399.28638,451.1742,107.98932,403.2487,468.71573,-107.35223,258.7716,367.92438,157.93042,251.355,384.72708,-117.306046,134.72067,260.85083,216.9004,120.04481,242.59052,-54.179787,124.01262,231.63034,220.7796,111.81195,210.15857,-49.200592,92.23253,261.3379,168.38068,63.85262,240.87611,-121.86588
96-1.pngresized.png,371.13504,163.21774,-51.57434,373.1847,156.71875,-45.533524,373.0851,156.26584,-45.48777,373.02252,155.8627,-45.493557,371.82324,157.23537,-59.41261,370.56647,156.7384,-59.38396,369.29922,156.27296,-59.386562,363.8288,153.76146,-14.124766,359.07983,154.8924,-72.08499,362.51627,166.61331,-37.81324,360.60733,165.89958,-54.320415,315.55585,148.46194,28.005045,320.23114,184.21188,-100.26589,268.24652,157.9187,78.28902,268.38373,209.35335,-78.840866,299.10382,188.84006,121.20848,299.4689,239.89354,-63.138367,310.66965,191.58353,124.2452,308.4984,249.35841,-81.00853,317.19275,197.19775,112.935616,315.8271,243.27542,-80.22851,311.7351,197.4383,115.843,310.42368,238.60867,-63.38002,210.54909,185.23732,40.71187,211.94914,207.73471,-40.46534,128.14565,193.23418,78.97091,123.92532,215.43614,15.103675,57.47803,196.90596,119.1795,46.95623,206.35994,56.37827,45.36363,191.75262,124.138275,33.573772,200.08807,61.314854,47.19466,215.58539,124.41829,37.66625,226.39792,47.181717
98-0.pngresized.png,750.04803,334.53192,-108.14671,754.2742,322.50125,-98.16278,754.5196,322.96033,-98.06224,754.8765,323.57184,-98.106865,749.67505,320.8805,-127.658066,746.39935,319.03165,-127.654076,743.0682,317.21255,-127.49652,737.1469,328.83542,-27.775385,721.5488,320.095,-152.0512,734.3815,348.95444,-76.84912,728.01917,344.616,-112.95009,642.14966,370.14832,74.88815,641.6589,385.17746,-198.80731,518.5509,392.77652,118.889046,508.03424,400.02344,-194.27774,413.93982,393.65427,137.29668,392.59537,404.7376,-173.06776,387.25034,391.8878,141.1442,361.24753,396.45795,-206.32722,383.80408,392.9386,120.582504,363.20932,404.08798,-207.75266,391.44763,395.7578,126.28159,372.76935,406.57867,-176.01266,414.24503,444.01898,98.368,423.6533,453.55756,-97.50531,230.01196,419.6556,137.21735,229.73091,433.35495,-57.83856,74.09787,401.41748,224.45335,55.60456,406.43826,47.03828,49.01101,385.50934,228.30019,30.963428,394.06348,55.389507,41.02452,425.22995,159.4317,9.396618,428.20676,-25.776194
