0-0.pngresized.png,82.87283,149.31061,4.210757,70.87828,145.62686,14.795094,70.63738,145.52034,14.768867,70.42172,145.2121,14.702616,68.45411,148.09349,-15.756886,65.81304,150.08377,-15.85701,63.22057,152.03015,-15.854434,61.987804,158.33629,67.75613,52.58187,168.63548,-63.9781,85.94763,161.31134,27.20641,81.55573,165.52693,-12.013844,100.864876,211.99382,131.64813,63.850464,226.58679,-136.7453,179.70694,231.99748,166.09067,156.22153,239.3832,-158.40062,248.03758,206.98146,119.56102,240.43034,214.81088,-121.62772,268.39203,199.49275,127.37722,262.14786,216.45021,-138.23846,267.7747,192.96039,100.514946,263.64008,205.38481,-131.18698,259.04965,198.4539,106.5131,256.41278,206.8553,-115.595505,201.07793,296.38474,76.10974,189.82274,322.17825,-75.69137,289.64154,212.83456,13.970275,294.7788,228.51091,-103.96621,421.45407,186.28448,20.226324,424.93515,179.64636,-54.462063,443.34286,194.96881,18.106611,445.1611,184.18681,-51.11449,455.89017,141.25255,-14.648061,457.88617,131.4352,-96.125046
1-0.pngresized.png,244.53044,89.64689,-43.310696,253.01892,82.42325,-63.099606,254.7221,83.27629,-63.174583,256.58685,84.11349,-63.374874,253.17908,80.567245,-36.750782,254.61545,79.870705,-36.751167,256.03354,79.38455,-36.81575,270.09015,92.99033,-120.73525,269.58374,85.991066,-2.8435519,249.15654,103.21885,-61.9801,248.5725,100.740005,-28.36439,265.07724,148.69191,-190.49307,264.3513,132.97629,71.027016,167.11911,102.56087,-229.5225,182.42004,94.2952,94.37492,91.843025,44.527584,-165.77818,116.019714,51.530502,47.2011,73.459946,32.365265,-196.4706,105.11304,40.28096,49.69231,78.108765,27.908203,-177.03596,107.830025,39.146904,17.806175,85.23336,34.020508,-158.55386,109.78653,45.43962,31.845613,212.96002,292.90952,-83.203995,213.73808,274.03293,83.4598,119.22066,190.70146,-38.645073,135.0275,178.0654,78.19194,41.827015,98.565735,14.904587,51.547333,94.42221,131.2651,22.775913,92.22749,16.380543,28.917696,87.42491,133.32538,48.31068,37.140358,-54.671043,59.867794,35.459625,78.73627
10-0.pngresized.png,79.513016,110.133415,-8.218724,71.2534,101.037575,0.90711474,70.71938,101.2244,0.8407977,70.24421,101.21938,0.75366545,68.22463,101.721695,-28.236492,65.05135,102.18497,-28.324144,61.958485,102.61739,-28.445724,57.11027,107.63864,43.39122,45.274796,110.431206,-83.5931,77.17637,122.26334,11.473266,72.91573,122.653145,-26.226828,70.582664,158.62012,116.975235,43.888866,173.90927,-154.21977,143.46674,190.69278,175.80247,136.80559,210.94577,-174.46935,210.5644,190.53738,144.51202,220.87921,208.15193,-110.00486,229.72588,190.85464,155.81824,242.02876,214.47592,-115.22978,230.80325,186.78554,134.9404,242.61578,204.52211,-112.04672,222.55428,189.16707,135.37929,234.96408,201.80348,-104.51289,153.51688,269.76196,84.26912,142.98112,295.35764,-83.83481,225.034,189.69098,92.96954,218.90251,205.42812,-85.547134,331.9073,139.68484,129.63977,307.21008,152.80376,49.923084,351.5418,143.00319,131.26437,322.94308,153.62779,62.139885,350.21878,88.38475,115.324875,323.51013,101.63663,53.173965
12-0.pngresized.png,161.3812,205.03818,-66.19597,147.30826,189.26274,-50.096264,145.80205,188.90178,-50.16444,144.33482,188.26714,-50.3312,144.32495,191.91057,-97.487526,139.88712,193.0985,-97.59361,135.57329,194.28282,-97.69446,124.686935,198.41197,27.093082,112.27089,206.58952,-177.70131,157.29384,222.75589,-31.53336,152.53358,225.85957,-92.74438,143.10187,277.53424,166.57889,118.416435,287.8562,-311.40656,234.7736,335.57236,227.61491,254.74759,317.11038,-343.83652,328.97943,334.64075,156.59924,398.69308,303.6189,-198.41994,354.83887,333.1714,169.43286,434.04785,310.843,-219.4509,363.4929,320.827,133.53424,438.54306,293.85007,-203.66469,353.5183,323.0477,137.02045,424.34314,292.7336,-187.16138,262.80292,440.01294,137.67058,252.7954,474.89944,-137.10406,415.67648,357.53268,142.62582,432.5227,360.68994,-123.71742,588.78204,269.0987,208.00407,615.4314,253.86168,-86.486046,630.13367,265.69394,206.82097,655.82263,250.76823,-86.99006,584.28674,198.7678,146.10028,614.55023,168.7881,-175.07397
15-0.pngresized.png,130.734,78.16418,-15.748401,119.46544,69.04119,-8.595643,117.95557,69.799995,-8.479494,116.5558,70.41826,-8.55798,118.36866,69.2102,-37.93098,115.68446,69.68031,-38.009388,113.12717,70.289246,-38.12181,104.10655,81.65419,33.939648,99.37521,81.50955,-95.27852,129.71275,92.886055,3.9858353,128.02715,92.73618,-33.48344,128.64532,143.65364,118.059586,109.294235,140.28249,-152.45172,204.76054,81.29118,162.80771,204.93967,87.183235,-191.26585,267.6174,37.016876,142.38356,271.70023,33.136806,-135.55656,271.92886,22.110308,151.32451,285.4107,17.417292,-158.51784,278.45462,22.083214,121.00818,279.73428,15.060519,-137.46327,279.03885,27.68763,127.38033,277.0779,20.571762,-126.63599,164.51874,303.9183,78.93495,155.58286,310.0378,-78.733826,214.79466,194.9422,106.61405,216.77881,186.40651,-40.595745,277.0156,88.76017,201.20319,288.3717,76.27213,31.229433,301.36716,75.34902,206.92268,311.727,63.58586,33.759895,244.1172,32.443127,152.05276,254.0476,17.16864,-38.354797
17-0.pngresized.png,107.07208,94.31641,-168.63905,105.25875,84.16638,-142.17662,109.10104,83.89058,-142.12793,113.073494,83.39457,-142.21512,92.50055,86.10936,-161.33202,86.71638,87.11292,-161.36824,81.03653,88.14842,-161.38356,109.207306,93.87809,-27.811762,66.56709,100.92816,-110.8722,113.183975,109.09233,-127.18598,95.46311,111.99615,-151.44711,142.74516,159.99939,36.357327,48.890774,189.35258,-171.37921,228.23984,209.47246,9.276971,121.09244,277.31848,-225.1655,323.82394,235.29596,-79.28166,205.76605,321.14938,-284.4283,356.82443,237.49081,-80.8154,222.6567,344.15436,-322.65417,353.26697,242.20178,-111.44013,238.27815,330.21085,-330.07016,337.03598,246.9133,-95.27369,233.99832,323.5376,-286.52512,184.48685,317.14417,69.688965,136.48274,350.18234,-69.26923,286.84528,296.18484,-71.88236,214.90736,309.3469,-303.44568,275.82333,301.9649,0.032564823,318.44397,294.01163,-157.74878,267.56833,305.12003,9.801346,324.97473,299.26813,-139.80545,299.26584,293.42676,0.6636731,370.49005,263.07782,-177.53065
18-0.pngresized.png,142.07674,149.79715,-113.32306,135.06349,143.1863,-109.14795,133.79042,142.49153,-109.03574,132.5395,141.64212,-109.149605,135.67836,146.35861,-129.66995,134.26309,147.5883,-129.70358,133.05574,148.82477,-129.70499,119.66785,147.87596,-85.479576,120.768364,157.49857,-175.75568,137.97404,158.92625,-102.170616,137.53952,161.10722,-128.3578,121.06592,171.17798,-45.548943,126.223114,201.95782,-197.47531,188.13,112.69052,-47.46468,202.48912,140.40662,-212.47769,241.15045,58.519115,-58.673496,245.99811,65.28749,-197.74873,247.41805,42.62548,-68.01377,260.51944,52.233215,-226.06808,254.54788,43.83943,-92.50702,251.61719,43.743614,-221.70282,254.2748,52.005028,-72.96304,247.08899,46.994637,-197.80579,175.64117,276.27658,47.57981,178.60225,300.37442,-47.483627,205.29321,171.90204,-5.597996,215.01443,179.2326,-79.90524,243.88406,78.05832,-38.398228,260.9846,67.406975,-119.39961,262.1351,65.20376,-44.65497,282.4925,51.595795,-127.55813,220.3488,42.030907,-93.344955,222.45914,25.263653,-201.17085
19-0.pngresized.png,207.23077,69.761536,-12.293301,215.13647,69.55289,-22.522402,216.3699,70.42518,-22.562792,217.68906,71.31778,-22.63569,214.27031,68.902954,-7.013291,214.70859,69.19319,-7.102987,215.10986,69.5138,-7.1194987,222.67566,80.803185,-50.616684,219.32881,77.9699,19.995096,205.78055,78.94043,-21.64086,204.51865,77.973564,-1.3984275,203.07326,117.28449,-93.73417,188.11731,111.89255,67.27747,143.02853,128.50766,-107.09331,140.4522,124.35439,84.943054,94.81264,114.353264,-87.86286,99.412155,113.06498,85.59095,82.44897,113.884895,-97.03072,87.71109,110.91314,93.219055,83.316025,108.35045,-90.69876,90.2783,108.01718,83.80628,87.95891,109.375565,-84.02104,94.12567,109.32344,80.81644,131.56198,180.62798,-50.90645,129.54935,169.00504,51.142117,76.65494,112.115974,-45.12028,90.49074,114.53549,73.664566,25.134384,81.16793,26.693329,36.696518,82.26937,90.920074,14.361366,84.31847,34.92043,23.192192,84.43111,90.98465,20.548111,47.220184,26.504173,33.72088,51.01111,79.63759
2-0.pngresized.png,179.51683,250.2569,-27.401209,160.73358,239.44405,-6.874028,159.69196,240.28026,-6.934596,158.7219,240.73541,-7.2307777,156.30498,241.32631,-57.58676,151.17924,243.37584,-57.84443,146.14395,245.36217,-58.083275,138.57397,260.6606,75.35153,120.73604,268.39105,-141.9713,180.07307,274.09848,8.035733,173.1391,276.3667,-56.72843,183.03958,354.19482,185.73373,137.1509,384.2307,-272.90045,337.64017,376.98172,246.3164,323.33124,397.5925,-292.50027,466.9055,344.338,197.36891,484.9463,350.74802,-177.09496,498.08603,333.40033,218.66418,524.3519,348.5558,-199.94104,500.9714,323.68808,180.66661,524.6658,326.86383,-188.97682,489.09314,333.61554,180.80772,511.8821,330.7932,-168.05548,357.7099,535.5091,144.15381,345.68127,587.174,-143.43512,500.71332,357.14395,146.31964,505.7848,403.09348,-125.1813,687.79553,251.8991,242.43777,652.2759,289.4084,107.05175,722.32947,254.02411,249.461,675.3365,289.49472,128.19598,713.70953,155.99818,210.35655,677.0893,188.48485,93.781
20-0.pngresized.png,347.65762,279.5632,180.421,335.79947,271.09216,206.69797,334.62607,272.71722,206.51387,333.4943,273.97467,206.31711,332.16037,269.48587,159.08629,327.89865,269.35178,159.03017,323.71252,269.3769,158.81743,318.56702,288.8189,306.53827,304.31714,284.96628,94.83388,345.7405,300.85263,215.67323,340.2885,299.1038,154.10962,336.9086,365.23856,394.58063,266.88553,360.46793,-60.026752,308.6108,363.03918,698.7474,194.34842,404.973,-395.4114,257.52957,331.71796,1017.5424,92.27029,403.0162,-746.6455,251.11472,328.2471,1074.7991,52.630356,406.97232,-812.08606,242.93925,330.6614,1070.1245,62.694225,396.40857,-797.91046,246.73648,331.67767,1022.41235,84.29784,400.3925,-750.13745,468.04904,552.98206,158.00465,440.2841,570.6578,-157.4044,580.8447,364.46536,59.9399,560.2928,362.7819,-191.67159,771.7175,324.41507,0.49940374,764.7091,332.04755,-187.15598,795.6077,351.14038,-11.654847,794.5855,362.98193,-179.2586,831.2784,252.76366,-30.586721,808.4921,251.4152,-172.26064
23-0.pngresized.png,238.70035,101.39675,-23.608812,248.14906,99.867065,-35.371876,249.61047,100.68386,-35.404217,251.14223,101.498535,-35.471687,247.30289,99.252884,-22.163538,247.93849,99.45759,-22.229319,248.51633,99.676056,-22.219234,258.6091,111.10914,-60.20668,255.34485,108.195595,-1.2088268,238.60202,111.47629,-31.279484,237.40651,110.49442,-14.622533,239.25659,155.58556,-92.787735,226.60634,145.10263,40.062126,163.31499,168.3689,-92.63822,170.39069,158.28836,56.591385,104.1531,156.01671,-61.816654,117.40594,158.3962,69.98685,89.425446,156.1621,-70.96022,102.856285,157.75664,72.64635,90.81004,149.7868,-69.38928,106.069756,157.01402,68.021194,96.356445,150.3531,-60.56483,111.34385,158.08102,66.64179,162.10904,230.70528,-41.914852,160.62755,214.86884,42.101574,119.03492,148.7853,-44.353287,115.70568,143.88268,56.208595,68.79711,125.34373,35.34394,49.70517,109.615654,59.999386,59.766346,130.6792,44.46612,36.16319,112.583,59.17697,59.233807,88.730835,45.019646,36.81858,73.182526,52.131096
24-0.pngresized.png,289.82047,196.33939,30.439135,269.23837,181.97597,45.95071,265.52298,183.65674,45.903046,261.88004,185.27304,45.75766,269.80722,181.0131,-10.716177,265.50858,181.48975,-10.728946,261.46475,182.1468,-10.765034,235.68007,208.11693,111.21414,234.63623,203.46571,-140.88687,284.34967,224.80153,63.328815,282.632,223.41064,-9.765261,253.48917,349.98032,227.01135,259.10107,316.15076,-250.46898,396.88513,387.33987,313.55026,426.1665,344.12695,-217.0983,490.50516,283.82422,284.09583,507.42004,222.96542,-25.46783,496.6921,252.31598,313.4795,527.3613,189.59413,-46.997475,508.5279,234.25987,275.94064,511.76196,181.1641,-30.390059,508.53125,242.35735,269.78262,507.2837,193.04822,-12.888329,315.81168,608.98145,138.33014,321.25168,599.9288,-137.34653,355.73264,431.46625,417.48715,373.1828,368.86813,4.334013,437.6656,327.49084,760.408,394.78137,299.32028,383.43298,464.32248,320.04596,792.2703,405.2342,286.84805,417.05984,415.77167,231.24765,792.6858,364.74933,240.5941,444.03635
25-0.pngresized.png,427.7195,168.10005,-63.09436,442.9798,160.12138,-59.838184,448.08078,161.57103,-59.796944,453.32867,162.97662,-59.828712,430.95074,156.40036,-41.57524,427.16074,154.89471,-41.696064,423.35425,153.47073,-41.895554,467.29932,172.91356,-23.846586,427.71854,158.5885,63.244278,436.6247,184.35103,-50.767742,421.4721,179.13985,-25.973255,477.84412,245.72975,-82.4316,388.0817,207.75348,102.21525,415.2873,309.73114,-148.91661,318.4302,259.93646,35.067867,328.30548,335.16824,-194.70836,253.54826,282.34918,-57.60716,307.54636,350.64795,-222.70673,231.55864,286.68585,-62.741684,295.46503,341.2799,-223.26033,237.94693,287.67252,-78.63657,300.3157,336.69382,-193.33409,250.08136,290.91327,-65.40678,359.19415,361.48074,-56.978603,319.58826,324.63614,57.08197,281.8106,309.72125,-198.0523,205.8081,262.71085,-20.772947,167.08447,268.4433,-204.94876,68.77582,208.43529,-120.18568,153.10486,280.23993,-200.43497,41.202232,223.9282,-132.9606,126.607864,212.30144,-224.23172,28.206148,138.43738,-165.0086
26-0.pngresized.png,128.4988,98.13161,0.3528615,112.80613,88.962524,12.170028,112.223305,89.281075,12.231612,111.717415,89.423744,12.086617,109.25616,90.10968,-24.084692,105.14995,91.37909,-24.184944,101.111,92.61929,-24.371851,94.13544,104.14504,70.73155,79.85825,109.632454,-83.35926,127.86864,116.125595,25.357185,121.15357,118.03134,-19.819702,118.569626,179.09238,149.90613,87.25193,198.54364,-174.15813,222.07732,219.75659,224.43338,208.96515,245.23045,-181.50516,324.83548,225.65651,225.85324,336.68845,236.98112,-111.399826,352.63367,225.90715,235.54814,368.03397,244.99474,-121.47799,354.76523,224.223,215.27649,372.10034,224.81233,-120.81718,343.34592,229.38766,216.75615,361.85583,223.87946,-107.20003,235.32796,328.3735,103.33645,223.95148,358.30838,-102.6684,322.8734,182.00093,157.71295,334.54034,200.79109,-140.41754,383.65582,278.20465,157.00291,392.54138,273.9446,115.93573,379.78824,302.83737,158.82248,384.70673,297.5625,148.29277,434.13147,266.74066,187.4808,452.11316,251.58293,212.89256
29-0.pngresized.png,80.50949,61.52008,-5.5330086,74.26672,56.125298,0.30852345,73.34316,56.08634,0.30594215,72.47548,55.984024,0.24174747,73.74799,56.942726,-16.737709,72.19474,57.39254,-16.807346,70.707,57.846207,-16.863407,62.684696,61.315735,26.66988,60.809025,63.946632,-47.99076,77.52611,69.15419,5.1867805,76.21121,70.17834,-16.450277,63.627235,96.135605,57.79158,61.36542,102.783325,-68.43533,103.55493,113.97681,69.80004,107.83197,126.79504,-39.29903,114.9324,85.37989,27.659512,118.32419,88.6185,39.761784,115.36703,79.3273,18.994347,122.21075,79.69002,41.750137,112.6255,75.39418,19.504007,115.89076,75.66419,40.746628,112.48708,77.67639,24.778715,114.114235,78.6708,41.746685,90.78203,167.36775,40.226665,91.05677,178.23799,-40.24503,122.85883,101.84908,30.613087,126.35016,110.83277,-34.488686,177.35889,98.628174,69.366806,168.62518,104.44701,51.483635,184.9568,100.57886,73.09718,174.3616,105.59178,60.525776,189.18399,83.92517,58.439014,178.08609,85.39278,53.09608
29-3.pngresized.png,171.0481,90.050224,-27.363955,177.53145,85.67014,-35.9689,178.93726,85.74817,-35.974316,180.41626,85.84368,-35.96784,176.90906,85.72599,-22.119753,177.58098,85.83755,-22.166939,178.23245,85.988075,-22.153921,189.72638,90.27137,-61.639027,186.75961,90.22474,0.79620385,174.81114,97.171455,-36.60625,173.55722,97.24332,-18.611618,190.79788,129.54906,-92.33961,178.18497,122.035645,35.950382,147.77406,175.3961,-101.17227,142.93788,160.21895,55.291042,101.20647,203.3438,-78.64064,104.70787,188.96419,57.469227,92.26676,211.4811,-91.04155,94.47408,195.27106,61.53492,88.19704,207.82277,-87.279564,96.39649,194.8233,52.646133,91.64321,204.68779,-76.70037,101.2101,193.4686,53.207676,149.76909,207.06967,-38.90748,143.57526,195.47902,38.983055,98.56682,138.47223,-55.840694,103.67741,140.53845,68.05426,89.30673,186.3118,29.771116,92.021034,188.82848,83.67105,94.40985,194.92273,39.14289,96.38719,196.69096,84.075806,74.65091,193.02309,69.442154,78.00905,201.572,95.87002
29-4.pngresized.png,164.41798,96.68864,-8.946398,169.90324,93.278046,-14.747557,171.07436,93.21408,-14.804693,172.29741,93.14742,-14.879861,168.92729,93.760414,0.7530522,169.3217,94.047844,0.6790468,169.77328,94.42686,0.66962695,180.18005,96.936165,-40.20413,176.1867,98.4156,29.505302,167.5135,103.38467,-18.680748,166.29626,103.88294,1.412702,186.58511,132.92932,-71.824234,173.10115,131.97986,61.770382,214.08362,183.50017,-96.947395,182.538,175.76654,54.428467,187.21622,221.28421,-83.10992,169.497,203.67096,8.588245,182.88907,230.53107,-96.6811,164.81763,210.74911,2.3466072,176.62436,225.60063,-93.8349,165.38678,209.79868,-9.971726,179.60872,223.75542,-80.06589,167.75034,207.49911,0.9903418,144.6019,209.51485,-44.70687,138.91225,198.62169,45.12158,98.78624,146.3894,-28.202168,100.39703,144.55116,68.91863,80.181755,164.47957,98.68002,65.121414,160.36705,42.967987,79.27593,172.76537,113.40163,59.931877,168.91234,38.777744,68.71048,145.77672,136.76318,56.6369,142.50043,36.0976
29-5.pngresized.png,126.03529,67.30053,-31.73225,122.02245,62.99093,-27.151335,121.83969,63.47619,-27.156914,121.699165,63.919083,-27.209578,120.6084,62.171364,-41.96312,119.03783,62.01001,-42.00774,117.48842,61.862923,-42.13178,113.677795,69.060394,3.0966952,108.52721,66.45712,-61.537235,123.64145,75.15331,-19.073812,121.13277,73.96367,-37.787994,113.56568,102.88586,38.234993,99.04233,111.97491,-84.32609,139.81895,139.83618,55.237804,133.49394,157.54137,-65.40554,166.41628,123.767426,14.588546,170.98117,123.16468,-15.525157,172.59488,119.02136,9.333593,183.55768,116.046165,-19.807014,175.52527,112.60546,-1.1322991,177.59383,107.52213,-19.378534,172.39053,115.24818,7.849551,172.58449,109.80529,-13.27617,141.34055,176.09738,37.988888,137.35933,188.86844,-37.75794,159.76564,123.26016,88.740234,179.6454,134.30496,-37.76062,168.3988,141.7663,132.81137,167.50438,145.18634,104.05585,166.60214,146.99792,137.16434,160.0806,147.99701,120.508316,181.24857,135.17755,146.71347,177.36362,136.94507,154.82964
32-0.pngresized.png,120.541275,120.99249,-1.8462223,113.45729,109.696045,16.502409,113.46498,109.43078,16.510555,113.58881,108.97563,16.390476,108.2063,111.21702,-16.071709,104.07428,111.7048,-16.215157,100.097275,112.15443,-16.243662,99.91504,115.87357,84.397934,81.29409,121.025856,-55.236313,118.05339,134.91537,26.263626,110.3734,136.47604,-15.367518,109.37501,178.35638,173.97491,71.924324,193.72319,-146.65933,191.53165,227.98029,231.07617,182.56819,253.82022,-170.07567,257.04144,239.97089,193.10718,298.80844,259.06052,-58.46475,276.09933,246.0924,192.48857,327.47696,271.20242,-62.13404,273.60068,239.9893,175.82758,330.4682,255.23969,-55.756474,266.45612,239.78716,182.24968,319.03616,252.00453,-51.409367,169.20723,314.48526,97.473274,149.40076,339.4456,-96.94773,239.52959,186.9694,95.19699,234.78934,186.385,-99.2027,394.15375,213.4417,178.50133,380.39066,230.68372,67.815025,412.92828,231.86925,182.54893,393.5128,251.02802,87.804855,440.59875,185.69046,143.94348,437.0343,201.90927,86.01297
33-0.pngresized.png,56.7266,138.19093,19.538542,47.279076,133.11765,23.534605,46.431408,133.27487,23.568792,45.598667,133.29987,23.460659,46.640724,134.85025,3.536336,44.912,136.09827,3.472036,43.207024,137.319,3.4459054,37.873753,141.46454,46.748856,34.285694,146.79909,-40.429558,58.234062,147.438,31.436861,56.849106,149.1392,5.8301134,63.81193,180.56194,102.5452,53.132507,184.62923,-89.94968,133.65013,162.008,148.2349,124.21665,157.81793,-101.73101,184.06525,130.7985,154.77705,182.4873,126.72395,-52.26888,191.19923,120.78958,169.31265,193.6746,119.08994,-61.246815,193.33755,115.79619,154.96303,191.70828,114.99939,-47.929035,191.0383,120.727005,149.70818,189.10594,117.499664,-45.656494,158.72754,240.94623,57.221836,157.50644,253.32172,-56.9826,243.37819,191.12306,61.555527,250.45909,187.36105,-54.240585,329.54407,177.2011,112.97178,349.79276,167.60025,7.520688,342.47095,185.29346,115.26906,364.3201,175.21313,12.57699,355.98328,147.13773,87.28159,375.4361,136.87877,-9.166232
36-0.pngresized.png,317.0327,115.33194,-50.87776,328.91397,114.06839,-62.387802,331.06406,115.95051,-62.453278,333.3285,117.85275,-62.62582,326.53763,111.00723,-43.753,326.58353,110.33305,-43.860104,326.54932,109.719864,-43.85294,340.64578,129.96986,-80.5744,332.45575,119.09509,3.3197496,316.1612,128.97858,-54.776646,312.61545,124.60608,-31.060125,309.81335,178.0537,-128.24178,299.09286,168.77072,79.40333,215.41972,180.49011,-137.59087,227.00027,169.97052,100.871765,138.19206,155.69284,-95.09876,157.16183,154.54086,90.08922,119.2145,154.52573,-109.7245,138.41997,150.15298,94.68086,119.83403,145.44962,-102.86514,142.2849,148.75017,80.73852,126.23679,147.85544,-90.50751,146.999,151.7393,82.68707,202.18202,284.5405,-67.88756,203.63776,268.73215,68.15369,131.21414,175.16205,-42.385624,139.65768,179.6384,97.88173,59.47297,143.1593,56.988853,55.959343,133.01196,142.551,45.23707,149.18822,67.21035,37.56432,134.76662,144.67914,50.60817,98.108894,44.736626,47.270416,89.80525,123.36607
37-0.pngresized.png,141.10504,167.35342,-203.7865,138.57315,157.41504,-180.1781,141.00822,157.21042,-180.22594,143.56673,156.85564,-180.3734,129.51173,159.988,-199.6896,124.697876,161.40387,-199.65501,120.09835,162.9272,-199.79707,141.14874,167.02956,-78.94164,109.94462,174.99017,-165.6524,147.48837,179.28532,-166.23965,134.0287,182.91039,-191.72678,161.98224,201.78798,-12.311905,101.16355,225.68462,-194.98259,167.5602,127.18244,28.548708,76.10973,151.05748,-293.50937,154.66791,53.159615,-50.879814,25.367182,70.5801,-315.16037,151.89235,46.12918,-65.901215,9.604453,56.02231,-346.5332,138.43806,38.36959,-77.37032,13.539842,52.076557,-335.04907,139.27774,41.085896,-61.719242,19.719217,56.927547,-315.01535,199.28426,334.78577,70.57782,168.37733,362.05667,-70.168594,278.37354,281.9196,5.11523,280.0734,300.11472,-165.05473,382.10825,221.57298,-35.88811,385.3772,220.36578,-162.43987,408.91257,217.44312,-42.532284,413.06113,210.23949,-165.79309,372.07184,169.5564,-85.93514,372.56006,165.86272,-227.9902
39-0.pngresized.png,392.3677,148.83826,-10.12401,403.77728,145.89944,-30.700998,405.82837,146.61195,-30.76814,408.03217,147.34041,-30.822681,402.48016,145.5819,-2.9205005,403.3071,146.04225,-3.1001325,404.10028,146.56622,-3.1755042,418.73416,159.13669,-85.06942,413.42786,157.21611,41.33645,393.3844,162.24245,-28.130392,391.33557,161.90024,8.557163,400.45773,221.16045,-163.59138,372.45444,208.11613,129.56996,302.7528,242.16057,-189.71967,294.4715,226.41138,177.8098,219.96301,211.7759,-144.91075,221.01898,210.39256,178.75122,197.04784,209.96898,-165.24135,198.61417,207.68959,190.04747,201.36456,200.12807,-151.69974,203.64824,201.76163,168.09262,210.3253,202.64684,-137.28998,210.11339,204.04102,168.03902,293.90454,337.15506,-90.338005,284.37778,315.60318,90.68284,186.78477,237.5554,-98.251144,195.4268,240.20053,78.46999,84.68141,250.96637,14.576091,85.10041,247.9675,107.72813,75.737175,268.27753,29.649187,69.042885,265.11603,107.89189,39.012005,215.68356,23.549616,42.893204,208.93427,75.08883
42-0.pngresized.png,548.4298,208.47295,-37.1634,571.1827,198.8565,-61.460926,576.5027,200.08281,-61.57031,582.0649,201.26234,-61.755558,565.43823,197.87965,-19.97231,566.1773,197.95615,-20.165358,566.7893,198.12979,-20.21725,612.0769,220.3527,-114.69139,591.44653,213.28506,76.383255,558.67804,233.19495,-55.511528,551.9205,231.65439,-0.7435901,616.8003,339.70825,-210.4631,543.07794,310.30127,168.69215,451.0172,415.1934,-260.6588,416.90228,375.37003,205.76231,308.5579,373.64227,-225.44417,295.14838,370.01492,201.52306,269.39902,370.43118,-239.9266,260.95493,368.2298,216.43045,275.09912,351.0794,-238.69154,265.07867,358.39117,198.57796,288.0413,353.04178,-220.10178,278.31387,362.75644,190.8719,424.16858,542.7339,-113.03812,393.95682,500.0071,113.62174,302.00665,370.42554,-184.50858,261.78723,335.79306,144.52502,138.3882,276.7282,-62.577747,112.70162,248.92235,143.45215,108.2783,289.5187,-46.39516,82.772224,259.56174,140.08855,100.84823,169.0712,-96.207664,78.33913,153.66891,95.8449
43-0.pngresized.png,317.2799,135.81479,-92.07485,327.26727,132.03459,-104.17859,329.7328,132.7103,-104.172195,332.3231,133.37589,-104.13485,324.24857,130.82639,-86.09176,324.18173,130.4128,-86.19883,324.05978,130.03079,-86.31109,345.26807,141.27527,-126.8781,334.7374,136.44922,-43.880386,323.28137,146.81747,-99.01319,318.96198,145.16603,-74.5956,348.2899,192.79399,-154.20596,314.76367,158.12938,11.388594,273.33362,210.43507,-141.61661,258.37567,159.88673,28.013863,203.13422,202.36066,-113.42161,206.32141,148.93219,-0.98602986,184.00531,207.70285,-129.17491,187.12035,147.3437,-5.4223247,180.12413,200.13054,-128.54953,191.86627,149.27385,-23.645874,187.36557,198.7751,-110.95873,200.1199,153.83551,-9.519891,263.32843,263.78247,-48.6171,250.02046,238.58528,48.546192,190.63058,203.00111,-55.92539,180.32674,189.01094,10.68092,85.139366,197.45404,-26.115385,76.17963,189.00264,10.968608,73.16413,205.45096,-19.024557,61.370728,199.11502,9.652501,39.7422,175.07341,-28.22094,37.21196,167.67203,-18.40601
44-0.pngresized.png,220.77692,70.9137,-12.817321,229.58304,69.97219,-23.737028,230.74626,70.7712,-23.786612,231.99777,71.567024,-23.887543,229.08812,69.55325,-8.020956,229.74309,69.9192,-8.124808,230.34499,70.34273,-8.129888,238.46318,80.94142,-52.624146,236.02098,78.89589,18.959742,219.50858,80.39742,-21.934586,218.96783,79.70997,-1.5735793,218.70999,121.630554,-87.47824,209.5439,118.8096,63.85031,159.70175,131.86714,-105.06377,160.68123,126.278694,77.63218,107.951004,122.4636,-90.615,114.22778,124.56831,67.17774,96.50246,120.68758,-103.172,103.19132,122.9655,70.9184,97.12915,116.024055,-95.733635,105.5512,122.06483,60.174347,101.593376,117.84256,-87.187065,108.74738,123.35503,61.48903,154.88565,203.85822,-47.209248,154.92186,192.1084,47.398228,99.258675,138.81023,-27.851416,105.97546,139.01945,78.47006,43.759113,107.423744,49.564648,47.18037,101.59803,103.24784,32.336773,110.152084,56.730293,33.131557,102.174774,104.47753,37.3948,68.757225,37.20975,42.5761,65.74808,92.71417
45-0.pngresized.png,165.45277,291.06046,39.26147,140.53134,281.53653,57.631123,137.29955,282.55032,57.61883,134.09364,283.31067,57.53892,141.42497,282.2819,0.5601006,137.72282,283.59628,0.38619068,134.03638,284.8495,0.38200644,110.02381,302.2468,127.98744,110.59382,304.72238,-113.7274,161.47397,312.83347,70.24235,160.12573,314.83337,-0.6718004,146.05148,403.48538,244.02765,126.59495,416.84573,-252.293,233.9722,532.37085,274.80978,225.03876,577.2698,-303.12686,346.55612,571.19165,158.28973,370.09244,586.20294,-127.41921,378.6364,581.78467,149.30527,407.71606,595.8353,-145.02696,378.0505,570.82153,119.91079,409.96112,572.85175,-114.16472,363.6501,566.3505,138.25096,393.1534,571.4918,-107.27144,341.44904,566.95166,151.68773,343.48236,601.27325,-151.0705,504.95334,391.04337,90.64961,512.9213,412.87186,-166.05675,726.85284,425.82327,191.85864,755.3447,428.95447,12.233769,747.73535,449.9393,196.94325,778.86523,454.68277,33.633156,817.67645,389.14243,150.35243,849.39056,374.10196,18.172665
47-0.pngresized.png,304.6006,103.6362,-21.160501,315.41193,99.62296,-40.113503,317.30945,100.701515,-40.20588,319.33936,101.77121,-40.393276,314.911,98.507965,-16.816572,316.07742,98.62241,-16.869312,317.1621,98.85039,-16.865753,331.34653,114.11122,-92.55223,328.29132,109.273926,12.305354,306.16275,117.88833,-38.22118,305.18826,116.50175,-8.17544,317.23343,172.05177,-145.74547,304.59512,160.40894,73.98172,223.37943,145.64322,-161.45573,230.36047,136.82886,111.17408,144.14629,94.07677,-129.81746,166.57372,91.649155,114.366035,124.24629,85.27468,-149.08295,154.1747,79.8757,125.63713,127.977394,76.598404,-137.31363,155.45789,75.115036,106.67062,134.93306,81.05689,-123.945145,157.94572,81.303276,105.93318,233.53754,295.8222,-67.12104,230.83057,276.54086,67.54586,139.19868,203.37761,-41.595432,156.83116,196.27184,89.36972,44.51889,130.68166,1.4715735,76.07614,137.03246,127.13081,22.684746,128.84288,4.3463397,56.23766,135.63037,128.46307,42.728207,73.408615,-38.44759,77.84502,88.23878,101.38381
48-0.pngresized.png,114.061966,221.68578,0.47870636,105.46365,212.8451,17.377203,106.3566,212.6148,17.306177,107.275955,212.17766,17.122553,98.82155,214.96942,-13.858663,94.38622,216.07643,-13.958565,89.97297,217.28737,-14.144652,93.87325,222.38457,101.95896,70.570206,230.8355,-37.80178,113.11821,235.6607,33.07407,104.61853,237.92941,-7.1031528,115.03996,272.63864,178.84035,49.393017,303.14795,-104.388214,155.76428,217.86237,283.1803,101.43675,265.7906,-185.03522,92.40015,206.4427,344.1722,58.448566,218.95631,-120.87627,78.58168,204.64137,349.11978,47.867035,203.16896,-129.7916,69.12924,209.36728,365.18417,39.15352,208.7444,-129.2012,71.7956,212.3026,347.93246,45.969357,214.42374,-118.43696,217.17828,399.995,95.336136,189.79549,435.97134,-95.26627,339.19043,347.2311,34.98506,324.39316,366.234,-113.27658,457.45883,345.2081,30.760061,465.21082,350.9347,-94.270584,473.27496,359.5708,29.128933,485.3597,365.33298,-91.77974,499.79224,305.91733,-13.2053,503.07303,301.6443,-148.07678
49-0.pngresized.png,352.7109,189.36592,-113.206764,371.83984,182.76086,-136.72295,375.46677,184.27312,-136.75027,379.27637,185.74399,-136.75217,368.61984,180.66579,-106.44712,369.05252,180.25241,-106.578445,369.33163,179.93161,-106.710335,398.34256,202.98326,-176.66629,384.7384,193.09186,-38.257008,358.09192,210.3025,-124.85516,352.48264,206.69328,-85.20139,393.09982,289.58423,-223.67175,342.6669,265.11667,50.59242,252.18352,312.31274,-226.53941,230.0828,267.56223,62.314827,111.62689,264.91876,-196.10437,121.448875,236.85661,57.27839,74.45901,258.9006,-225.55733,95.16875,224.62721,70.45733,82.28053,239.32164,-212.07083,98.374344,217.36845,46.336388,94.8636,244.2401,-190.22734,106.73734,224.92427,44.520706,303.71616,470.68723,-74.76126,272.28265,439.21518,75.14681,155.18985,494.8608,-77.9097,154.74992,460.53262,81.84061,107.523476,590.8133,53.25229,88.634476,561.73895,178.09872,112.500275,611.72095,67.359726,88.164734,582.7396,183.79372,60.075,598.5412,41.429905,45.922375,575.0246,138.77336
5-0.pngresized.png,428.00345,188.9217,-65.52518,444.67377,184.91438,-89.72915,447.34454,187.42508,-89.94907,450.1931,189.93979,-90.14207,443.98813,181.25737,-54.610184,445.53897,180.75308,-54.748425,446.97186,180.37354,-54.803593,465.65872,210.26735,-163.95029,461.87573,196.56322,-3.3245273,428.4388,211.60196,-91.10338,426.64597,206.76866,-45.05646,429.43692,297.50452,-246.48586,423.98395,257.32565,84.030815,294.47275,246.96367,-275.2011,320.8493,217.98006,136.04033,194.78629,163.24654,-204.63002,235.05257,154.59094,97.97501,166.86887,147.67046,-235.68462,216.90546,138.65459,103.99153,176.76584,136.23811,-214.84966,222.01501,136.85939,70.05219,186.29807,143.50388,-193.45796,227.1328,147.14995,83.40546,272.2865,428.52115,-101.86405,277.09967,392.60175,102.37841,166.92506,263.71664,-69.74508,194.34776,259.70462,111.70799,56.2823,139.43518,-15.771666,95.09176,152.64261,168.51997,27.440252,134.0787,-11.835511,65.78341,146.24501,170.01929,64.60784,56.784332,-82.876,108.59082,79.00569,116.217674
51-0.pngresized.png,205.70496,67.539406,-53.251892,217.10362,67.982124,-77.02763,218.24202,69.277214,-77.13528,219.5179,70.53255,-77.2377,217.36058,68.22233,-43.706936,218.23584,69.46207,-43.747227,219.05304,70.877075,-43.818245,226.36913,86.08965,-140.61026,225.47925,86.345665,9.117436,202.67003,80.38981,-73.92075,202.40553,80.321106,-30.912718,196.06041,135.63474,-198.71428,194.5518,129.27603,90.36811,119.15839,97.05407,-236.23914,130.74638,86.977776,113.95936,63.301727,42.042015,-189.53088,82.45468,39.349068,60.496017,52.92705,28.892876,-227.19818,76.445015,27.212975,66.58483,56.99474,25.614414,-201.249,78.01743,26.639494,29.322561,60.716476,31.926796,-181.12967,77.625725,32.537796,42.809895,137.77325,262.68723,-92.404045,141.641,248.81802,92.77587,87.31059,160.93436,-48.748806,92.024666,147.54662,101.37778,33.119137,80.74764,34.77897,32.11327,67.217026,161.07889,17.773235,72.89515,38.994385,14.878982,57.56946,165.25131,47.717716,31.382105,-24.501892,45.905148,20.252592,122.61424
53-0.pngresized.png,270.29086,93.694176,-41.162937,280.36008,89.185104,-55.50792,282.54553,90.213875,-55.606422,284.84222,91.220795,-55.74004,278.61404,87.45571,-35.726036,279.24133,87.13767,-35.788654,279.81763,86.877,-35.770264,296.69418,101.58785,-92.07689,290.23087,95.33853,-2.7509396,273.53232,107.54541,-52.653835,270.91278,105.291824,-27.27743,287.59897,162.96826,-137.75938,274.0527,147.80104,59.506042,199.84062,184.27524,-139.52185,207.72203,160.77802,92.44275,130.28548,169.24887,-92.398674,141.7673,159.82718,90.19458,113.137436,169.73723,-106.33677,123.98461,159.55862,96.76174,115.66406,160.14972,-99.245056,127.615944,158.08775,81.97373,122.57151,160.95721,-87.79174,133.21864,159.35242,83.08847,223.86168,273.9345,-63.652187,219.83542,254.38239,64.00261,135.84782,197.21718,-42.029877,144.89433,190.78506,85.64815,57.980526,159.34396,32.364475,60.260075,151.2546,116.764595,41.993267,163.79524,38.95569,41.539433,154.70314,117.375,46.295822,111.130005,1.2966746,50.798805,105.000824,89.42975
58-0.pngresized.png,186.32004,62.31682,-26.430347,193.66006,57.457794,-37.79146,195.51181,58.190155,-37.84995,197.46527,58.918304,-37.93229,191.89062,55.79373,-22.36893,192.13615,55.259277,-22.415518,192.3182,54.788315,-22.41056,206.70107,65.42198,-68.34032,199.87102,59.191177,2.231227,189.40007,72.42941,-36.01966,186.6658,70.43852,-15.799328,202.60208,110.976845,-104.725815,185.90317,95.23036,39.371037,124.57991,119.76439,-97.94248,123.02452,100.31049,53.726776,58.937416,113.45129,-67.038086,61.903526,100.984955,52.448925,44.474457,113.35433,-80.78327,48.50641,97.678345,54.215935,46.539032,105.964325,-75.85355,51.6372,97.58432,40.72329,50.51934,106.55947,-64.04064,56.2705,100.68364,45.643353,134.88916,208.08896,-41.713135,127.9536,192.17104,41.953598,61.801147,178.4044,-27.369505,75.34182,180.92477,74.93081,36.21476,209.70981,73.89159,36.992027,208.91647,146.956,36.649208,219.27367,85.48561,33.43972,217.93982,152.28473,17.93457,205.6557,93.441956,18.19168,205.95836,140.38425
59-0.pngresized.png,464.33286,158.69115,-54.04573,482.0688,155.7019,-76.14972,485.3195,157.76912,-76.24659,488.74634,159.85757,-76.4054,479.15884,153.34468,-44.067924,479.77826,153.30956,-44.214546,480.31195,153.32542,-44.19534,502.8822,178.91191,-126.352486,492.3949,169.59435,19.108374,464.2745,179.56181,-70.373,460.19537,176.17194,-28.345222,465.75974,269.57925,-208.70454,442.33047,239.5301,124.96105,312.8697,297.76233,-220.62051,335.8416,264.60477,180.07092,191.7725,265.1241,-160.76726,239.00305,244.77545,198.07759,159.59683,264.64807,-181.69171,210.85023,240.55627,211.15201,164.78629,250.5851,-176.05415,216.464,234.0976,193.97484,177.3966,251.67946,-156.09222,224.90645,237.90744,189.7388,304.61484,406.66068,-102.23278,302.1071,372.43478,102.67615,215.65475,246.0661,-112.56218,234.65353,237.37202,123.045906,84.92707,212.6301,45.799835,108.83105,204.4943,167.29445,64.8694,229.26364,64.832344,84.22019,219.2302,168.68787,43.127277,141.64496,58.1898,69.69772,135.90614,149.61954
62-0.pngresized.png,99.880714,98.68739,-11.827823,86.00562,88.34111,-2.1431315,84.34996,88.2207,-2.017231,82.80695,87.90403,-2.0699675,84.985275,91.29873,-35.57548,82.01331,92.90427,-35.756695,79.17024,94.48031,-35.83782,67.531296,100.708725,42.86826,62.51118,109.23326,-100.17668,98.81081,115.14366,8.646134,96.013374,118.54501,-33.686996,85.87356,180.06831,132.72156,81.64075,190.59906,-171.75511,196.19496,214.7372,198.64981,195.63528,231.17226,-165.3918,282.74844,212.05415,189.77713,307.40213,231.73349,-69.89372,299.23026,208.57854,198.971,332.4909,234.26279,-79.074425,304.16193,202.5595,177.38731,331.6752,223.2235,-69.87626,299.099,205.84679,179.342,322.47604,223.181,-63.250095,166.80933,339.2116,95.380844,166.42189,359.8757,-95.23543,248.57562,204.76715,98.841606,269.2278,211.84702,-100.131615,411.86322,226.2554,181.75536,433.59903,228.28076,64.87809,433.33643,243.10776,187.39886,455.1368,245.69855,82.72336,457.2683,189.91148,165.95773,476.2141,179.50278,71.68495
64-0.pngresized.png,95.941956,48.24048,-41.61299,86.80697,42.607574,-36.074566,86.1338,42.73178,-36.060913,85.514984,42.802856,-36.182587,85.58377,43.74922,-57.914066,83.52493,44.603912,-58.010605,81.48141,45.47371,-58.05261,74.87184,51.138947,0.20669799,69.507385,54.690826,-95.54539,94.116,58.966736,-25.1901,91.97222,60.153717,-53.113216,78.61095,98.37396,48.684486,77.04475,105.21108,-134.389,117.671165,154.93918,68.66701,123.31548,165.28726,-143.26883,166.45654,194.95892,52.966965,176.05013,203.0965,-114.44587,176.71725,201.99376,51.24738,187.2558,212.39412,-133.3752,179.45892,200.77971,40.66599,189.04172,207.1842,-128.65747,175.39267,200.07547,46.58962,185.05075,205.14343,-112.62391,131.65956,206.94965,57.991512,128.37874,217.7657,-57.641922,171.79253,213.61327,104.35225,195.41653,223.41187,-45.612022,181.45218,259.64044,149.54211,178.67104,269.6562,56.01774,178.3735,269.53284,152.31764,168.11623,278.92105,65.49102,201.36316,261.8977,143.83685,193.39728,277.31454,69.77622
64-1.pngresized.png,61.02906,82.046585,-16.480928,54.147495,75.901024,-8.064721,53.751324,75.951164,-8.025713,53.418972,75.90785,-8.146153,52.273865,76.601074,-25.919304,50.195488,76.944824,-26.027592,48.110806,77.288376,-26.073288,43.39592,81.85438,22.078371,36.603645,83.88046,-53.8006,58.68512,91.18275,-4.1980624,55.776157,91.86843,-26.734905,44.331367,125.78087,46.79197,35.59087,134.08305,-96.42558,80.35332,180.89334,51.512802,83.61193,191.38669,-113.30318,123.84421,227.93225,29.244347,133.67322,233.08308,-91.502174,134.56454,237.08136,26.676073,144.43274,244.3311,-109.82918,135.99614,237.90044,17.680016,147.20238,239.96185,-106.747406,130.93861,236.00055,23.403225,143.11572,236.83919,-91.02123,96.32147,219.81752,49.59433,93.81046,236.83575,-49.370983,162.49904,189.18468,63.38561,193.21864,200.14294,-44.45562,216.66635,198.33278,118.97926,228.16011,198.53125,66.42968,220.18343,206.18361,123.96837,227.0299,202.5134,78.175644,249.09084,183.01591,113.73933,251.77065,187.09525,78.4337
66-0.pngresized.png,180.65926,88.40022,-31.21362,185.63861,85.35875,-36.219402,187.10674,86.01459,-36.297375,188.64761,86.64984,-36.374935,183.49588,83.93929,-25.292974,183.21335,83.44874,-25.344685,182.93259,83.00443,-25.350815,194.65169,91.29431,-44.807236,187.47054,86.32816,5.7529163,183.35625,95.433105,-33.481567,180.32848,93.48839,-18.994104,188.32216,119.487,-75.83595,183.70387,112.57943,47.8592,137.30151,123.02733,-85.778435,144.55319,116.53715,61.665646,100.39224,115.9317,-52.788235,107.327484,114.24136,36.067337,91.883385,115.50904,-64.49947,97.64186,113.69434,34.91807,93.127106,112.03959,-57.64971,99.66597,113.41503,22.058008,96.21822,113.18918,-49.395073,102.86162,114.90635,30.044743,147.46469,181.63632,-40.588455,147.10074,172.20567,40.710884,106.402916,126.2755,-34.46085,112.60053,124.963974,36.034443,55.066925,96.93469,-14.80307,63.75541,97.09119,48.977745,45.70572,98.877106,-12.497264,52.34378,98.45071,48.46477,47.64682,68.391136,-33.45502,59.00029,68.853294,29.18668
69-0.pngresized.png,355.64047,132.15025,-23.150316,369.30765,127.41242,-41.130825,371.67737,128.68349,-41.31971,374.2233,129.92358,-41.568253,367.4314,125.982994,-14.471229,368.04626,125.90298,-14.524045,368.62497,125.98527,-14.60702,385.7169,143.96994,-84.12911,378.2539,137.8952,34.163284,356.54803,149.59042,-36.110786,353.65564,147.20488,-2.4011714,357.20822,212.65807,-160.20042,348.2591,209.98076,119.635574,223.82541,206.86508,-171.91075,235.17169,194.76236,139.66481,115.48682,175.07309,-91.58595,135.70314,162.15486,114.10669,88.443115,169.4761,-112.46352,114.79338,152.87218,126.38046,93.92507,159.89897,-93.02368,117.41094,148.02013,95.07085,105.46833,164.50719,-81.14045,122.14409,153.33487,100.146545,261.95822,391.7964,-85.014565,264.9961,377.7656,85.333206,184.73174,226.41985,-26.559946,194.31104,230.5499,108.655136,81.66163,159.27728,94.690445,84.69863,160.50017,183.13196,62.709488,165.90225,104.981476,62.202805,160.77664,185.47192,74.69437,82.03841,69.47117,78.38993,94.62267,156.07196
7-0.pngresized.png,255.00153,72.81119,-31.728365,265.23416,74.14607,-49.641006,266.6422,75.849495,-49.70524,268.161,77.56519,-49.791565,264.49582,72.8244,-24.542671,265.004,73.343445,-24.61486,265.4423,73.9533,-24.623962,273.7653,91.97271,-99.766556,269.7217,86.44165,13.222376,251.96371,85.162476,-47.83068,250.6911,83.2339,-15.35071,247.70645,132.03217,-145.45178,238.24292,129.73189,76.667564,178.8693,95.174355,-162.73784,176.54051,104.375534,112.3129,124.93424,49.447983,-130.82745,132.04628,66.212166,91.39819,113.453804,38.57172,-155.78038,127.34468,54.35493,102.53448,117.48146,34.60361,-138.71158,127.19621,51.558937,79.14208,120.748436,40.085453,-124.21687,127.469666,57.124138,80.72181,178.87837,230.88483,-69.99961,178.04878,223.00752,70.20489,104.80895,165.26581,-16.29995,108.881195,179.0655,113.76958,27.376411,126.76126,61.08618,37.471622,138.87778,182.26047,9.672409,128.32881,66.82777,21.733154,136.67416,187.4526,22.809954,85.55337,22.177378,37.12868,112.06505,157.37102
71-0.pngresized.png,251.36923,81.28043,2.8267944,258.83514,78.38577,-9.39876,260.12952,79.10782,-9.496027,261.54422,79.832855,-9.64347,258.67697,77.2848,8.116865,259.665,77.19399,8.038221,260.60928,77.16979,8.038808,269.58923,87.48994,-51.090122,267.9728,83.45091,29.34655,252.0257,91.35988,-10.870534,251.51495,90.040504,12.254334,258.96664,129.74178,-101.87829,244.05992,123.49497,76.92424,187.9487,134.4693,-107.398476,185.34312,129.89857,101.0613,126.876976,120.699165,-60.29978,130.65143,121.97884,90.391304,111.69176,119.74306,-68.31962,117.98566,119.725525,100.78481,113.3484,113.93558,-56.713894,119.38059,116.504234,85.262054,119.23895,115.24489,-53.236824,122.83361,118.390114,83.48615,191.3377,220.55675,-57.594315,186.64778,209.06664,57.81095,115.96414,166.89984,-27.426609,120.93463,166.15372,93.43695,31.935493,132.65677,25.2857,46.00353,130.11365,119.373535,14.87291,136.40695,30.450567,28.100645,133.79034,119.95371,22.205713,90.98987,6.381507,40.3786,89.24266,101.14507
72-0.pngresized.png,78.541405,59.90173,-43.855213,71.12742,54.0819,-28.71414,70.88769,54.088852,-28.682701,70.70267,54.00249,-28.772371,68.65297,55.293175,-52.00902,66.2684,56.048878,-52.04636,63.9599,56.79043,-52.103466,60.60132,60.93415,24.386974,52.13333,64.75482,-74.07851,77.99186,70.105995,-23.435806,74.279274,71.49338,-52.177464,71.62857,106.41293,92.21787,54.06648,121.258156,-143.85164,127.19279,137.98097,109.358765,124.90991,147.53253,-163.25215,182.64513,141.46379,76.48151,200.412,137.53497,-118.247894,197.1331,141.28915,82.70035,221.96124,141.45235,-136.28275,199.34906,139.72597,64.17585,223.29398,129.95734,-135.67566,193.58463,141.92557,67.55676,215.00984,129.87871,-116.245995,121.786285,209.20859,67.86681,113.6353,233.9274,-67.65198,157.49127,125.88849,193.87816,179.21167,148.0265,-105.51815,193.07083,159.56313,137.57205,178.78374,172.2967,136.67015,193.91217,170.24861,131.22945,172.52791,178.26149,163.23152,221.30843,147.50117,150.59348,196.24902,154.36507,205.54912
73-0.pngresized.png,89.52166,117.46164,-13.923759,77.67658,111.753784,-2.1884725,76.26672,111.69733,-2.2282956,74.91308,111.45152,-2.3124354,77.599205,114.141045,-33.03687,75.559326,115.78342,-33.12134,73.60138,117.41046,-33.22736,64.932076,121.685486,39.390293,62.679295,130.33441,-93.36394,90.179054,128.91286,3.9525402,88.86421,132.36534,-35.454803,100.07661,174.36496,109.64978,77.68889,190.57848,-177.4234,168.1305,204.05763,159.62898,157.74396,218.44917,-197.4992,223.5338,196.99422,116.83116,233.92697,203.76088,-131.83643,239.47794,196.08797,123.65898,253.3073,205.92,-141.2022,240.40533,190.07762,99.67781,255.08783,196.40694,-136.35747,233.5397,191.83731,105.36623,248.44888,195.72594,-126.397484,184.76865,271.23773,85.023094,175.68271,294.8865,-84.65186,264.00305,203.68405,101.78217,267.90466,214.61627,-67.70077,359.49033,150.05284,159.47427,364.24725,146.84084,16.891087,380.62955,147.77548,161.67682,383.97134,143.7206,23.148449,360.7776,107.51671,136.9015,369.4121,96.05385,-11.708716
75-0.pngresized.png,69.88111,98.197205,-58.86302,66.94291,90.55438,-55.15967,66.1458,90.41073,-55.19024,65.3819,90.15847,-55.2757,66.09158,91.13169,-73.83999,64.39648,91.06067,-73.882935,62.749477,90.99555,-73.87739,56.303932,91.469315,-30.744333,51.996445,92.295784,-114.26004,65.62024,104.50355,-47.461407,64.343834,104.40721,-72.15053,54.44491,114.74356,23.26771,45.949963,125.987335,-158.54724,111.520424,126.77313,37.010822,113.579445,132.3919,-166.91011,163.58208,121.641556,15.01498,173.4607,129.09508,-123.27299,177.14296,118.304726,20.751904,188.76837,131.21655,-136.81963,180.48608,116.78658,2.3526378,190.28801,125.310265,-132.47112,174.86928,120.26038,7.147931,184.92189,125.179665,-120.66755,101.68592,186.1571,55.43113,98.07832,205.27882,-55.202404,170.04988,144.2591,74.10228,167.7942,156.22371,-34.811962,243.39052,110.73334,106.86787,239.745,115.961525,17.956827,257.86197,109.769844,108.189896,253.85107,114.6428,20.825779,246.47968,83.29915,78.27368,245.39317,81.52128,-15.96946
75-1.pngresized.png,66.98543,63.083073,1.7308489,58.938053,56.50398,6.5106072,57.719734,56.543037,6.538806,56.545017,56.461674,6.461278,58.628986,57.74809,-15.680593,56.915966,58.427982,-15.73578,55.263306,59.124836,-15.78739,46.55866,62.488956,29.879038,44.23485,65.91442,-66.137375,65.14843,72.01054,13.341441,64.36438,73.11604,-14.913977,54.94073,101.2976,87.046814,51.279606,110.64225,-116.1207,109.814156,112.00165,136.16779,114.094604,121.91313,-120.80784,158.59503,102.31393,132.20209,171.52542,115.214264,-72.95339,169.42184,98.62261,141.79462,185.69594,117.06351,-81.90877,173.33609,94.83035,125.967094,186.19496,109.46913,-77.33377,169.96742,98.045425,125.416595,181.56468,109.06133,-69.541245,102.588684,186.35493,63.143715,101.100716,200.9145,-62.90618,153.50041,127.682495,82.24737,157.82025,133.3074,-40.24339,216.17484,87.73382,142.06783,226.70924,86.18935,32.0619,229.8954,86.71299,145.52907,240.1483,85.15376,37.526722,218.78735,56.123787,126.63109,234.26488,47.751083,10.879781
76-0.pngresized.png,224.38553,70.318695,-117.72377,235.11032,64.480774,-114.91512,238.92336,65.7609,-114.963295,242.8375,67.01677,-115.05848,226.53462,61.331326,-104.96141,223.84987,60.04371,-105.043724,221.13489,58.84016,-105.023476,251.46652,75.42927,-76.116554,223.44342,64.50705,-28.989483,230.27191,83.202286,-101.63993,218.55466,78.41233,-88.2959,233.31068,121.93841,-119.64657,215.62498,115.37086,75.89884,151.50958,139.6706,-125.06696,154.69342,131.47746,99.85617,83.94645,134.61465,-88.12212,92.466675,129.36424,84.070404,67.98826,137.58464,-105.5195,72.11431,129.77167,87.394485,68.03199,129.06218,-100.22408,76.58199,126.514725,71.96267,75.03387,130.20137,-85.49401,81.2529,127.34915,75.9343,163.63535,233.35658,-63.03726,161.53566,218.10414,63.081863,99.63897,121.83905,-51.31757,109.40573,125.1973,89.2694,40.046547,99.44075,43.14858,38.230087,94.18842,133.96603,31.689575,107.63101,53.48514,25.068016,98.65818,136.4005,23.542185,58.712883,37.610565,20.254717,53.80142,116.89263
77-0.pngresized.png,100.409706,127.861916,37.551197,84.97882,117.709724,44.750492,82.65549,118.287056,44.788868,80.39871,118.62513,44.64921,86.14733,118.909706,9.652881,83.83651,120.24866,9.449025,81.656746,121.59048,9.293939,65.68123,131.20792,72.333855,67.24614,135.04686,-79.12578,99.48139,143.70451,52.193798,99.38401,145.20146,7.547298,87.79074,196.8687,152.50446,87.89521,217.17776,-171.05566,155.12724,198.9997,280.08804,207.29149,239.83705,-194.5396,200.20169,147.89915,371.37683,304.8396,192.06165,-176.79333,213.03116,137.90434,398.42188,334.82883,191.58398,-207.68047,211.20377,131.61076,375.65558,331.37848,174.28658,-203.06271,207.5257,136.93472,363.48398,320.81818,175.36746,-173.96034,202.39346,337.96295,98.04107,204.00421,363.5199,-97.85649,274.2871,209.91818,75.195206,280.82953,224.62422,-78.549355,385.16043,118.20986,150.81807,386.43896,117.914345,18.08191,411.07416,112.817566,155.16681,411.16528,112.74247,25.555754,384.23355,58.18487,114.53101,385.7269,46.061947,-27.355186
79-0.pngresized.png,77.75462,50.027817,6.011242,72.71638,44.577927,15.963964,72.702576,44.78459,16.006386,72.775955,44.897583,15.907083,70.07664,45.015488,-1.3286096,67.83451,45.377075,-1.3511659,65.6784,45.772827,-1.39055,65.57388,52.656067,54.915993,55.814537,54.000137,-19.556673,77.546455,60.9283,20.592253,73.150734,61.462967,-1.0135406,75.97562,102.446236,104.04041,56.064934,104.39111,-79.1178,139.26584,114.75804,118.1483,129.61263,122.170975,-92.348854,191.95067,115.52128,84.14291,194.98415,117.27383,-48.594955,205.46193,113.989265,88.62321,209.90955,118.51962,-54.652493,204.74835,114.82021,73.02248,211.80307,111.95501,-48.747883,200.07883,117.70643,76.64984,206.63492,113.457016,-44.56469,91.33624,214.95045,52.406143,76.503365,221.5955,-52.21818,122.71802,130.69026,84.12144,96.24646,126.14824,-60.470688,167.3961,172.55638,76.82528,140.98108,179.84373,27.177362,168.9581,183.16998,74.75826,142.46902,195.82199,35.52137,191.68365,169.82715,60.809437,169.44904,167.60736,30.398094
8-0.pngresized.png,92.52263,62.803555,-78.850945,93.969925,51.263638,-49.547726,99.07869,50.557167,-49.61285,104.24135,49.739315,-49.616863,78.78977,53.794216,-63.89167,72.62492,55.03752,-64.004715,66.53741,56.33713,-64.06081,107.309906,58.77551,58.44477,56.043896,68.96019,-2.1207902,103.86755,77.95878,-40.9197,82.61698,81.969795,-58.66204,151.20042,137.9506,114.13867,38.34211,146.99983,-49.59985,237.67183,176.33719,82.020035,87.83113,237.6329,-71.94176,300.95526,107.46876,10.8919325,164.80704,266.69305,-91.176125,320.95667,83.02228,-1.2685696,182.20245,283.71344,-111.59918,319.57584,74.31397,-3.9787097,192.80603,272.24054,-117.42473,310.5837,85.8081,2.3307571,187.50194,266.1914,-92.074165,166.87787,297.4679,53.39915,100.015625,309.2546,-52.745487,242.56099,309.4806,-43.526203,156.98175,316.81522,-162.34138,276.7997,337.27982,-132.46364,195.76297,365.11554,-149.48828,280.02213,344.59824,-144.16374,198.8771,378.10776,-151.45769,281.4643,335.58887,-229.90355,209.29121,364.41113,-231.63985
83-0.pngresized.png,564.9858,197.98808,-27.834757,586.8449,187.20447,-35.28274,593.03705,188.00432,-35.23755,599.5129,188.71948,-35.474968,576.3408,187.04314,0.43371066,575.0602,187.38837,0.058930077,573.6653,187.92274,0.09019503,627.2269,206.58105,-32.65541,591.789,202.40724,133.60478,576.9595,222.24466,-29.520739,564.1555,221.35522,17.01412,650.0992,324.58987,-106.95593,529.19135,317.75656,200.62633,612.62506,404.54514,-300.2315,391.90732,388.50995,181.93102,550.9466,387.74405,-528.1303,238.3454,400.10214,163.20752,545.4505,393.9461,-557.70996,188.83969,400.8425,197.35489,534.1773,381.11096,-569.41266,190.96936,395.10773,167.34656,535.13434,383.87006,-535.82776,208.10774,399.3651,146.484,465.5284,567.1097,-114.93931,413.49725,532.8328,115.6227,330.0578,403.72217,-215.653,255.23807,332.58957,165.2296,233.56123,366.15894,-45.91916,90.07519,256.7362,78.57999,216.7974,376.34015,-24.415995,57.558586,269.6065,65.84392,209.08359,288.98584,-12.960029,60.106407,145.2465,37.780304
88-0.pngresized.png,114.07139,163.01108,-46.434677,95.625114,158.48476,-30.110222,94.55387,159.28366,-30.082113,93.545135,159.88261,-30.30474,93.581116,160.77505,-74.52087,90.30219,163.2449,-74.639114,87.09649,165.65767,-74.793304,80.24105,180.7526,38.23548,71.073364,188.86449,-153.38622,117.84054,182.65407,-17.478683,113.88599,186.08704,-73.84037,120.47278,262.10544,143.1982,103.06135,279.23755,-256.82297,228.29619,307.81723,192.41536,228.75714,320.09192,-265.18518,335.74847,320.93927,145.94392,355.69876,313.89355,-181.29472,362.8961,320.90482,150.79445,385.1374,321.22528,-209.39871,366.3105,317.43924,122.08706,390.38788,302.72906,-202.39737,355.9563,321.04257,131.12027,379.30524,303.20752,-176.02313,241.81345,410.1955,122.67609,233.54102,442.17365,-122.10016,366.588,307.03278,161.61208,352.68103,348.5269,-138.77773,482.45142,296.11008,237.71278,450.5051,337.8961,45.929333,496.94595,308.792,242.86613,463.01105,350.81772,62.738262,525.5443,242.21808,224.66866,483.94647,283.9685,36.70126
89-0.pngresized.png,94.83561,112.30847,-27.2579,85.200356,105.82631,-17.206509,83.63137,106.191086,-17.212822,82.11244,106.405594,-17.289581,85.30116,106.794754,-45.323677,83.387344,107.642075,-45.421455,81.56479,108.44422,-45.520184,70.05179,115.096924,21.03294,68.3073,117.75949,-102.73451,92.51504,124.04656,-11.249706,91.91577,124.68559,-47.53941,79.00743,155.5876,88.6275,77.20638,175.35588,-177.69568,156.40385,167.34772,122.4696,161.0396,188.66116,-191.93195,229.84538,174.24464,105.12144,244.29117,178.89241,-129.76361,248.5632,174.61505,111.48355,265.65305,181.70897,-146.7722,249.07593,175.4866,90.01812,266.42633,169.1982,-141.28926,243.35138,178.5491,95.669235,258.73972,169.952,-125.969894,155.61217,248.40022,80.751274,156.86737,273.7625,-80.34339,192.16768,153.76028,80.7347,204.02377,168.27332,-87.05156,284.49835,142.94536,150.48903,289.02682,149.31676,50.773254,299.42215,149.10176,155.59497,301.77545,156.15509,63.47831,304.50354,110.51984,137.6755,310.9883,104.84471,42.50303
9-0.pngresized.png,285.79837,123.80178,-31.333708,295.7167,117.67266,-48.590874,297.97607,118.17849,-48.64915,300.33444,118.70879,-48.711193,293.97806,117.47429,-21.202631,294.73862,117.76704,-21.20294,295.44476,118.14216,-21.161404,313.943,127.187416,-92.68151,307.61954,126.47002,31.478594,289.98776,135.46689,-45.711666,287.71915,135.36584,-9.992733,305.6214,187.69106,-164.30704,299.56827,168.89188,122.794334,205.5251,204.43652,-182.81776,225.72554,174.87932,175.74167,128.42871,182.29504,-131.6675,154.0293,167.5654,161.43202,109.3262,180.7455,-154.7782,133.46213,164.25063,164.44173,113.729546,171.8954,-154.5256,137.73882,161.7113,147.04378,121.11761,173.56773,-130.11111,142.0989,163.24396,151.81215,209.55234,289.89206,-91.16252,211.9065,268.2783,91.52171,173.47246,150.40204,-124.87681,184.50153,153.85637,120.01516,115.10969,195.0802,52.727337,102.62715,177.32153,132.99728,110.184616,214.00157,73.60185,93.510376,191.92802,132.75455,85.06907,167.74149,100.754364,66.75585,151.21512,130.67857
91-0.pngresized.png,68.85295,119.52818,-15.652219,58.405964,114.38835,-5.245384,58.30791,114.13358,-5.1931915,58.261868,113.69135,-5.2738047,55.999706,117.153625,-29.740374,53.628723,118.99218,-29.828974,51.333344,120.78899,-29.883146,51.966866,125.014694,41.702026,42.267838,135.10844,-62.45835,72.82345,130.57549,3.6704938,68.54798,134.70006,-27.28392,86.12847,173.51491,107.726746,59.610424,197.1034,-132.24353,166.77995,181.68,136.8992,145.1803,218.21608,-150.95491,234.8817,171.2535,96.26553,233.11786,189.01768,-102.155975,256.0819,167.96355,99.59685,256.76178,188.31374,-113.976295,253.93771,166.99445,76.172035,256.85617,175.03188,-107.79868,245.89705,171.61205,84.81745,248.9544,177.50957,-96.998856,170.13353,266.8234,71.04809,161.61821,293.50128,-70.83051,215.87723,170.62196,55.175148,227.41103,186.6489,-92.155174,331.6691,152.14215,94.85855,343.0162,150.0792,-3.8744366,350.14667,160.73766,97.05631,360.32224,158.35628,5.086527,361.3181,112.70847,86.36671,372.91068,96.07179,-13.352691
92-0.pngresized.png,71.35781,88.8574,-28.62687,65.30693,84.1985,-23.944489,64.478035,84.633354,-23.93181,63.66887,84.96834,-23.999485,64.99312,84.308716,-41.156143,63.634304,84.66252,-41.1835,62.323036,85.025215,-41.207775,56.923485,90.99888,-0.66818064,54.45642,91.058586,-76.02023,70.64818,96.8293,-18.286522,69.69035,96.83061,-40.430172,67.49695,119.71611,45.454388,63.104126,128.32835,-121.470345,116.79713,125.556694,60.99416,120.821045,128.84747,-129.66924,161.24414,117.31611,42.204727,171.08313,119.10761,-94.6254,172.2781,113.78632,46.129826,184.07852,120.03739,-108.521965,174.33577,112.15336,30.358433,186.23096,112.56823,-106.46873,170.55014,115.36247,35.27357,181.91666,113.64632,-93.03722,120.14059,184.7381,49.522232,120.4152,199.97916,-49.256065,158.35538,130.99438,71.65665,164.8615,135.85281,-37.172935,207.66864,90.8119,118.16965,211.2608,86.926704,22.41941,219.57608,87.4286,121.255684,222.36574,83.299866,26.275452,204.41554,64.27835,101.170715,207.80197,53.732254,-5.8880415
93-0.pngresized.png,97.16179,110.301476,-49.43,87.808426,105.493805,-39.90409,86.58301,106.17041,-39.91393,85.39707,106.69039,-39.97938,87.69894,105.91375,-66.570206,86.01011,106.74066,-66.64685,84.39663,107.527214,-66.715126,75.50743,116.52192,0.53722894,73.62882,117.67654,-117.82601,95.95029,121.74685,-32.986965,95.26194,122.1181,-67.86136,91.69271,152.88417,56.991673,85.441345,175.90976,-181.0293,156.67305,159.24646,76.01192,161.13266,194.12378,-206.41417,219.27176,168.01402,38.690464,234.92159,187.51726,-177.20084,236.07874,168.15448,37.32161,252.99512,188.43109,-202.33014,235.88562,170.22153,14.965034,254.19695,179.49315,-200.50238,230.28001,173.24199,28.009737,247.90594,180.64027,-176.37025,165.47124,238.12773,72.739,164.31184,262.7456,-72.45349,199.71819,146.34581,81.30342,198.18562,164.45416,-70.32201,275.9309,106.86142,130.7041,272.5187,115.08238,13.4338045,289.86014,107.60575,133.33682,286.1049,115.57499,18.944519,289.30582,69.971664,101.77368,282.47815,69.402306,-30.23558
97-0.pngresized.png,105.66564,118.8288,-40.43038,93.52189,114.019226,-29.798603,93.323845,114.75786,-29.741882,93.23418,115.29174,-29.886889,89.761345,115.40234,-60.447884,86.27316,117.015175,-60.548817,82.88994,118.66457,-60.59179,82.4498,130.88835,27.228252,68.07579,136.02605,-104.51849,108.183205,135.1577,-16.709179,102.48966,137.17677,-55.255302,117.11635,193.86041,102.69128,75.84575,211.508,-161.09962,176.55595,194.27742,141.33167,156.8666,221.186,-198.64781,227.75887,163.3319,124.56577,225.69139,157.76207,-173.12619,243.22006,155.00539,140.08319,243.32239,147.28954,-190.42056,245.32854,155.00078,116.78983,241.26198,138.61542,-185.73395,240.00348,160.66417,112.862885,235.84972,144.2133,-170.87834,171.84273,338.85623,81.55115,151.55272,362.7159,-81.35861,239.88313,238.86316,60.17007,222.32727,256.12625,-85.54802,347.022,169.04333,86.90851,309.44666,187.74481,-3.5440123,368.19635,165.62585,87.0353,328.48434,183.26843,2.671681,354.47794,117.33836,46.19627,313.34738,133.4123,-44.668106
