1-0.pngresized.png,162.06654,61.636868,-91.35275,166.65875,50.243973,-76.040955,170.59677,50.07573,-75.91471,174.57869,49.8701,-75.983765,155.58995,51.00768,-77.77029,151.06621,50.918686,-77.78678,146.54341,50.96803,-77.748985,177.9378,54.42054,12.5274725,139.89719,55.349392,10.251118,168.76196,71.31948,-58.942257,153.9395,71.76433,-59.06078,195.8124,96.708305,70.30299,116.7804,115.06421,20.87886,227.0262,44.737263,109.42322,95.63336,192.31285,-58.554127,194.20122,66.079094,163.73222,109.730965,188.55997,-193.24272,185.2051,71.25252,161.56325,112.81424,191.87447,-214.46855,183.7707,74.98831,166.35536,115.842125,182.77704,-212.06,186.50768,75.48028,166.23682,118.54317,183.60469,-191.11867,179.70592,262.65097,20.804123,138.31726,257.35892,-20.191912,165.3585,329.58694,-13.230218,171.03123,269.34998,-278.7939,85.74534,308.19345,242.88248,264.7769,335.59937,-175.3352,75.528755,298.61935,275.12607,268.85236,343.7392,-160.83208,55.78555,311.07764,269.88562,312.13882,348.89795,-225.6843
11-0.pngresized.png,293.2838,82.864136,-224.82022,299.94055,61.27769,-193.26599,307.2931,60.56948,-192.99826,314.7092,59.802155,-193.07423,278.93738,63.747707,-200.41309,270.1912,64.003944,-200.41252,261.4696,64.51317,-200.33717,319.84213,68.476265,-12.150625,246.67299,74.264305,-36.000793,305.7231,101.17928,-156.70604,277.5675,103.57751,-163.20236,352.76212,145.80815,98.2213,205.65105,179.88914,-5.539073,384.75546,75.58536,234.91403,174.99286,312.43256,-121.772224,346.39423,88.937386,375.86072,193.71329,315.4078,-359.65158,336.13452,93.34744,373.36932,195.56667,325.31186,-405.2992,332.0499,94.803795,377.8066,202.43877,310.5122,-412.47937,334.9632,94.685814,378.64282,207.956,309.59305,-361.44824,321.393,445.89334,44.853397,243.18584,433.6352,-43.62536,294.68225,583.14014,-36.28533,300.231,455.1041,-572.4041,147.40112,541.4078,467.80823,469.55533,573.79803,-338.9592,127.94189,523.63654,529.27435,476.82104,589.08405,-309.9068,90.68852,549.29144,500.03528,553.89954,595.03687,-440.2443
12-0.pngresized.png,169.0977,60.56589,-44.659264,173.40286,53.614388,-36.138443,176.22078,53.726948,-36.148228,179.11743,53.822517,-36.40657,165.39584,53.334217,-37.568287,162.31198,53.233006,-37.51546,159.30135,53.177338,-37.588245,182.68541,58.02452,21.580107,156.20895,56.854244,9.464323,174.02437,68.515366,-22.15863,163.40117,68.08682,-26.298126,199.38165,106.179054,11.904874,141.66814,90.10082,34.41128,204.68633,159.40874,-15.140697,125.35565,57.048225,12.740135,176.59602,125.89933,-38.654156,161.1475,47.239796,32.256737,169.63838,119.601524,-44.406887,170.82726,45.920574,26.676062,171.0046,112.57794,-33.464153,170.61125,49.149117,40.845757,171.39922,114.857574,-34.271347,166.82726,51.789425,36.598995,186.63062,206.20132,-11.823263,158.10112,209.58214,12.283863,139.4079,199.41402,-73.5852,140.0534,243.31055,-124.9718,54.16118,255.2759,-37.120853,222.71034,238.79439,39.942413,47.797073,261.91135,-28.43696,227.58763,231.55138,60.344387,10.003699,258.23724,-77.28542,255.45102,232.42804,36.58093
14-0.pngresized.png,178.67397,51.01022,-274.39368,184.76288,41.684467,-252.21017,189.58055,41.8687,-252.29933,194.49663,42.008762,-252.44456,170.81407,42.389957,-253.79605,165.50227,42.85646,-253.74245,160.21898,43.400948,-253.7242,200.06471,53.09956,-153.40929,153.09648,54.73742,-157.35464,187.65538,67.44711,-240.15825,169.33235,67.929085,-241.33366,236.76309,135.33969,-143.38486,120.09102,136.21713,-132.4018,258.58167,237.12047,-211.73558,105.260544,237.47208,-204.40129,206.41847,224.50075,-354.09515,143.72987,223.43816,-364.6651,185.57529,225.10939,-374.64413,160.84543,226.86191,-388.93747,185.62537,204.96278,-368.25067,159.97774,204.82597,-385.7707,189.43677,206.68913,-350.37814,158.6723,205.09203,-360.8826,216.8462,285.3708,-3.7962458,153.2244,284.507,4.2128634,217.78021,340.21216,-306.20618,144.27702,300.5769,-280.33875,94.62781,319.90216,-72.724525,261.0571,310.02112,-52.95938,83.57636,309.0904,-40.855465,273.76486,306.8486,-26.600163,44.31499,314.293,-83.89347,302.23383,309.10812,-79.88843
15-0.pngresized.png,202.55205,71.838615,-143.29059,209.61317,60.414417,-126.95192,214.89581,60.80327,-126.84231,220.2365,61.136757,-126.85993,195.1817,59.93214,-128.29166,189.25386,59.431396,-128.26021,183.33377,59.057896,-128.3361,224.14552,70.41728,-29.49645,173.82391,67.49163,-28.193693,209.77214,87.68592,-107.78615,190.3696,86.5359,-106.91056,241.35974,131.9497,14.233123,144.08916,145.14021,0.5805935,256.84955,125.43386,72.86462,120.518486,224.63707,-1.6455201,226.56905,156.53453,50.282963,144.50185,208.1233,-100.47517,218.60269,165.53076,33.47819,154.29153,207.88438,-117.39061,216.11188,164.42554,26.10837,151.22943,193.55501,-122.003235,218.25732,163.78966,46.035496,151.80247,195.8353,-100.61677,225.47815,315.9905,-0.21470524,170.76387,313.28436,0.78435606,188.16827,336.4036,-190.99043,153.91351,320.4814,-268.34375,86.03749,360.0299,-31.969297,277.16968,360.01166,-72.63242,78.404976,359.81625,-7.7442827,286.64444,358.98,-44.43535,29.729982,362.35455,-49.744186,328.6869,376.52063,-58.383537
16-6.pngresized.png,135.9528,78.6598,-89.871666,139.37924,73.57695,-84.74403,141.7841,73.75624,-84.67376,144.21945,73.9254,-84.68093,133.09203,73.30872,-85.28896,130.62361,73.12543,-85.312164,128.16045,72.99213,-85.34536,147.01593,77.48803,-46.361217,125.12328,76.097855,-48.001755,139.95436,84.83528,-75.64361,131.18593,84.28815,-75.948494,156.68567,102.589584,-37.735542,111.349205,106.30281,-39.2944,153.88101,128.82402,-79.753136,107.539795,149.40129,-74.84526,142.2932,109.05371,-148.11223,109.902596,127.64104,-142.75313,140.36093,104.01868,-158.89667,111.80022,122.87271,-150.88768,139.89174,99.76299,-155.96304,109.51501,115.07797,-150.09352,138.72966,101.71235,-148.45634,111.55535,117.05499,-142.66725,145.77792,167.55595,5.733785,118.679596,168.0163,-5.7368894,170.19548,202.65782,-95.08067,104.89637,203.71678,-84.05378,118.95442,191.93011,-1.6331832,128.45102,198.99892,18.057095,113.47267,185.14372,11.282104,130.63936,192.96979,31.393467,99.7294,198.65437,17.217457,140.18643,211.39258,45.939247
17-0.pngresized.png,250.3824,73.69786,-86.07578,243.12674,60.349915,-74.83674,244.84428,59.932278,-74.72264,246.72731,59.488266,-74.92536,235.05305,61.71976,-98.11643,230.15482,61.804253,-98.15257,225.28561,61.954666,-98.3223,232.34103,63.775784,1.5957742,203.81651,67.44464,-94.14427,247.3677,86.07916,-55.217403,235.8391,87.300354,-83.00425,249.2,132.804,55.442616,159.75429,145.5838,-93.90587,263.37656,221.87766,78.84572,144.23067,259.73663,-164.1933,286.293,264.3245,41.509926,175.6921,178.2693,-219.46297,295.36868,277.34515,56.888275,185.86522,156.36433,-224.78468,297.4482,277.33182,36.189693,178.17152,142.22609,-213.8171,289.2567,275.16727,33.54836,179.00658,152.14336,-214.34184,230.54794,314.65778,51.518024,177.35213,329.6662,-51.217846,341.5785,315.67157,-23.667503,309.63187,365.73563,-110.40898,206.33835,390.12335,-56.694107,238.7938,360.25046,99.50523,184.26266,385.14252,-54.339012,220.61546,342.41385,129.11188,174.12654,438.83746,-27.10836,240.19508,398.49863,227.39902
18-0.pngresized.png,240.03757,75.66072,-121.375626,246.75812,61.201122,-106.72423,251.87495,60.86716,-106.5333,257.14035,60.57054,-106.8811,231.4513,61.834797,-111.45412,225.87099,61.97736,-111.34014,220.39984,62.24586,-111.499214,264.5313,66.91546,0.05783983,213.72192,68.41066,-25.193874,250.01234,89.21211,-79.50509,230.6109,90.113525,-87.63321,300.66013,152.02847,12.174562,182.79677,126.93991,2.065191,326.7676,241.90617,28.692875,155.59904,79.79827,-35.450546,314.0902,243.89796,-66.45896,204.9421,75.71934,9.711843,313.89963,253.64064,-89.94859,216.18272,80.25125,6.119931,305.99747,244.68259,-93.91928,218.89241,86.25347,24.411936,302.86743,239.62552,-68.78877,215.00009,86.695724,16.642994,272.8722,331.95544,1.7414302,206.40555,331.08655,-1.1015148,272.86426,351.07657,-282.59268,212.17134,404.4352,-225.44705,119.40939,419.7013,-169.74013,346.16098,388.3875,82.50758,105.81969,417.66504,-146.22134,350.61835,373.87964,120.3513,45.596546,430.3704,-219.52591,413.92743,385.25174,87.58637
19-0.pngresized.png,180.79202,54.27729,38.838963,178.4956,46.676414,18.157633,176.04605,46.874245,18.155117,173.63914,47.178463,18.012386,184.90842,46.548874,17.047752,187.12396,46.492466,17.053732,189.37007,46.5403,17.083183,169.63942,56.029182,-39.36401,191.99081,54.77713,-43.043846,177.12665,65.86135,23.353184,183.56949,65.18679,23.035421,141.14099,109.517,-36.372505,218.61562,112.59766,-56.69212,146.2826,148.6319,41.4683,223.56627,156.50089,-45.750282,193.6635,125.093864,145.57616,209.6349,105.67468,-37.392437,201.37091,117.47081,152.51628,211.50903,92.138794,-41.743572,208.70648,114.530975,141.1258,202.81917,86.72937,-38.23081,208.7845,118.18489,142.94882,201.98897,92.96412,-36.433865,153.7825,262.25778,1.4770665,199.90198,259.83972,-1.0736101,118.60899,203.06673,181.70947,221.89636,176.78918,150.5124,111.255615,248.84732,360.99652,179.5188,226.3969,359.8939,111.7063,261.52182,379.90442,173.62408,238.1041,383.1619,101.41328,231.77136,402.09793,166.42397,215.4141,436.39175
19-1.pngresized.png,149.29811,39.845432,-76.17104,152.30542,33.583855,-57.670204,155.2775,34.10754,-57.60412,158.363,34.595364,-57.679924,143.11827,32.373302,-66.15838,139.27101,31.938786,-66.0726,135.41536,31.5917,-66.18587,156.84099,40.985977,16.374681,126.32701,37.05297,-19.890312,151.45572,50.69262,-50.421814,139.24864,49.335674,-60.747166,164.98393,97.88964,23.992985,95.62029,79.836716,-23.296366,162.88985,162.11383,5.8888097,104.58079,65.355774,-6.480693,152.72377,194.1245,-62.65982,113.404045,50.249046,107.35125,151.17877,205.83191,-76.85053,116.009575,46.769398,109.26591,148.51888,202.05232,-85.687485,110.897804,49.226547,109.83578,145.62,196.96228,-68.20664,111.38164,51.04601,106.47671,144.4456,215.16167,36.824898,102.05889,219.03175,-36.547237,210.81937,226.63531,-11.159736,169.47572,217.83498,-167.54596,192.33046,270.65027,74.01488,208.40889,265.98102,-15.943717,183.38342,275.23514,83.58,206.8509,273.5466,1.6238842,203.39249,281.69577,66.51985,240.9678,272.5515,-13.198862
2-0.pngresized.png,131.63823,44.779533,-91.14736,135.32869,39.069885,-82.5655,138.16614,39.10875,-82.58045,141.05702,39.12465,-82.65431,128.26273,39.204422,-83.61566,125.50882,39.27414,-83.653496,122.74984,39.37506,-83.72703,145.20619,44.54538,-40.80004,120.72805,44.778847,-41.529446,137.70798,52.473618,-75.827896,127.03196,52.60562,-76.0505,152.01033,88.06368,-8.827247,112.497444,84.025764,-52.29866,150.64815,138.00656,-4.396535,105.28995,139.71732,-55.60199,151.76472,180.24034,-13.022699,99.327324,185.58884,-55.71528,153.27504,192.48553,-14.070477,94.54785,197.37393,-52.853657,153.08371,192.62527,-25.032642,96.022964,199.06702,-64.29506,150.6183,188.3959,-18.086803,100.10535,195.36897,-60.12654,136.86389,172.58658,21.370932,115.981155,170.09708,-21.041048,140.60365,229.21762,-1.2184823,118.745186,228.87416,-43.319984,119.15471,261.37646,67.751656,105.93725,264.46402,35.859673,113.72009,263.13422,73.07205,101.41695,267.71362,43.330746,120.863846,281.62573,56.259933,105.86409,284.2537,26.920511
20-2.pngresized.png,132.04393,65.73576,39.1591,129.87119,61.29254,25.842073,128.10954,61.59308,25.852097,126.40497,61.952377,25.72852,134.39084,60.97809,24.811665,135.93596,60.92302,24.8525,137.45331,60.940826,24.870584,123.1431,67.69525,-18.02132,138.7336,66.030266,-21.065594,129.0024,72.71768,26.63655,133.66548,72.11838,26.020245,100.49751,102.237755,-39.666386,151.86038,97.583954,-30.275484,89.88182,135.78613,-32.046467,155.84494,100.20483,-13.745962,116.86838,135.6605,-30.897236,141.56085,66.45184,-6.7762485,120.453835,131.88943,-37.013573,142.54474,54.748627,-18.181742,128.67418,129.4818,-40.121944,136.45316,53.360657,-19.191187,128.19623,131.69888,-32.72885,135.28944,58.585068,-9.720371,109.9598,189.75539,-1.9021698,138.67134,191.18295,2.1847026,111.13325,203.7141,127.84146,151.16954,205.8425,128.18332,121.70455,232.03906,212.9695,145.22151,233.01613,230.33186,124.15089,237.5216,221.23795,141.87268,238.04211,240.72008,124.4089,229.77289,216.67491,154.9933,231.77011,243.20955
21-0.pngresized.png,177.54027,57.07809,-164.80455,184.38686,45.814217,-146.04749,188.81924,45.923145,-145.81142,193.37451,46.040897,-145.97885,171.64983,45.23093,-150.39569,166.85031,44.73852,-150.28224,162.08032,44.362473,-150.41132,198.68036,51.71977,-34.323925,156.41159,48.662792,-55.890633,184.90036,67.89196,-122.77788,168.08688,67.049805,-129.33789,218.57535,112.77113,16.835993,132.76457,94.62719,-32.14016,233.97244,172.30287,108.822685,122.46114,32.79447,-45.895264,221.94653,189.21948,147.55193,160.31552,19.073349,25.991348,221.06207,196.69536,152.24326,168.15327,16.523972,25.828169,218.48569,193.62888,138.79959,168.49007,23.301239,50.073837,216.75262,191.09415,142.88126,166.63457,25.940418,34.10235,195.68332,259.91144,22.39733,144.33846,257.59918,-22.17044,220.61156,323.97824,-222.73305,167.76645,309.5644,-304.2908,103.98861,303.14087,27.225994,252.78821,308.2569,3.5826669,95.61343,288.6663,61.864277,257.24268,298.68744,39.21642,47.38005,305.60898,25.28201,296.81403,314.70963,-2.7582412
21-1.pngresized.png,165.73193,71.299904,31.85422,162.31425,59.522823,19.793745,160.46625,58.431175,20.009111,158.72786,57.440678,19.791563,166.76228,61.536797,15.922069,168.10516,61.633118,15.837979,169.48682,61.848724,15.789655,156.42404,58.97934,-5.7884264,170.99924,63.835056,-17.497673,163.78209,76.739586,26.991549,168.6263,78.93439,24.172504,150.36298,102.75283,-9.674367,181.69553,117.359245,-46.432175,170.96132,121.155495,-59.52107,185.72345,173.29684,-127.10954,187.46153,132.6508,-163.93155,177.80064,147.4535,-204.52019,190.77869,132.48041,-186.83205,183.95038,136.8027,-216.9802,192.92924,131.26114,-188.0831,172.37715,134.44693,-215.14691,192.30571,130.39857,-168.65976,169.71393,139.4625,-204.97649,158.40254,258.74188,5.1599994,188.98828,270.19553,-4.761966,98.52006,254.30777,266.101,260.5943,277.98468,202.32544,87.32101,276.5005,401.47998,255.6747,318.78403,291.8897,84.99827,282.5572,418.28613,248.1353,326.92557,305.57806,80.3913,263.0227,438.98807,263.6948,316.514,350.05084
22-0.pngresized.png,235.14235,87.048325,-223.97472,239.88188,71.50729,-208.713,244.97812,70.24443,-208.72173,250.1282,68.99024,-209.04544,225.63313,75.34474,-201.88713,220.2821,76.25221,-201.84726,215.01071,77.34349,-201.91911,258.48276,73.87582,-106.39635,211.04448,84.93131,-68.304756,247.6276,97.66501,-186.3332,228.7712,101.782684,-175.0403,302.98373,135.95728,-74.62073,189.91368,165.16478,-48.854935,337.21942,40.36186,-114.46909,147.54808,228.52844,-96.40957,254.53868,56.004402,-13.526007,166.09064,172.76906,-203.60506,230.4038,57.685177,-7.880091,173.21873,156.61887,-202.97423,234.4401,70.89119,26.143747,171.19084,151.31165,-185.96458,244.96613,74.24702,-1.9534364,173.07712,159.90952,-194.14423,293.43033,350.52792,-29.233597,236.72162,354.5292,30.175167,216.92542,313.46448,-333.0802,220.16277,436.8097,-221.94754,73.3117,392.14697,-248.64981,357.68744,400.1276,99.20157,63.21843,400.4923,-228.86974,366.20135,382.67908,142.0438,-1.7055506,382.6373,-321.90002,411.26456,389.10178,157.46469
23-0.pngresized.png,195.7147,79.289345,-190.13106,201.0696,66.32053,-175.7151,205.75261,65.62196,-175.68661,210.55377,64.95297,-175.97728,187.52924,67.777664,-178.82965,182.39125,68.08362,-178.70413,177.32996,68.49888,-178.59758,217.33945,69.60836,-78.45668,173.32687,73.9309,-93.5362,206.1773,90.37822,-153.70091,188.6537,92.07116,-157.95798,244.1771,141.77362,-42.494324,155.35071,121.67551,-29.467262,248.78812,193.8337,-21.873228,149.14496,72.50111,43.325283,246.11302,153.62482,-7.740834,171.23149,67.46476,131.52562,246.44972,141.11577,-11.464017,174.39598,67.02983,128.25763,248.87746,132.94434,-16.083588,174.92064,73.29877,143.5311,245.93169,136.33397,-10.964478,174.5048,75.36032,135.77457,208.64413,282.43695,6.1808786,161.13266,277.42078,-6.0435634,184.81866,336.1092,-150.23198,197.18921,293.95468,-271.20108,97.330956,327.86646,90.26855,296.73434,332.97418,-81.51864,90.78595,323.0097,121.123314,304.9368,339.56683,-59.715523,53.04757,327.6759,88.20725,344.80624,334.93878,-131.74416
24-0.pngresized.png,254.8253,75.63148,-177.93732,270.88596,59.356655,-180.21687,278.55664,59.50057,-180.01622,286.30862,59.58844,-180.22067,254.31058,58.36187,-154.58142,249.35841,57.331066,-154.64009,244.47592,56.567467,-154.6955,307.04794,67.6403,-135.98665,252.04999,60.858753,-15.4395685,274.02963,94.351585,-163.9258,252.04807,92.54207,-128.84193,341.09863,141.10812,-130.04092,245.29451,153.89522,58.83716,362.29892,37.316013,-27.52095,229.06677,179.84512,130.57838,344.20737,76.44333,244.61461,255.11565,126.40947,109.167854,333.66916,88.86812,255.22145,261.9255,114.78805,115.08256,333.25165,96.01437,259.71414,264.12463,111.41836,122.921005,334.48816,98.6905,250.5475,269.56192,119.778915,112.99384,322.22504,416.29153,-101.99734,260.0169,400.86115,102.22219,134.07298,406.82306,-125.01285,71.549675,407.6347,194.90627,297.5948,466.23767,42.624878,313.3998,471.4856,157.67892,318.89545,453.91245,65.60744,340.43863,455.11923,142.41115,339.5098,481.94305,142.5312,396.60294,495.37128,164.23648
25-0.pngresized.png,323.97345,122.469246,-212.8097,334.0982,100.475525,-198.49931,342.18646,99.94531,-198.55519,350.46365,99.40964,-198.7382,311.71436,101.68999,-201.36612,302.86066,101.86581,-201.2189,294.0465,102.14842,-201.36964,359.77478,108.34792,-85.64226,282.5292,111.03839,-92.79601,339.08194,142.98691,-168.64551,308.56137,144.10083,-170.73822,406.2427,226.2683,-73.676735,238.10767,183.96962,-65.98902,464.41043,344.9547,-165.57512,152.64693,128.79259,-178.94556,373.05066,348.09915,-234.33635,252.55536,130.04333,-218.69836,349.51904,355.67007,-248.62842,266.60394,135.6794,-246.63142,340.95435,337.99973,-226.41084,284.36603,146.1863,-208.97173,344.34583,338.84055,-224.73857,280.70267,152.12984,-208.13057,334.75064,460.6262,9.19468,249.91061,440.81168,-8.453998,319.5454,555.2184,-186.66716,306.1571,419.6665,-380.84772,138.49709,548.55585,88.24953,452.6214,530.3596,-228.17294,122.02006,541.3037,125.90701,464.33386,545.71027,-210.82433,64.4372,543.9485,71.308205,532.4351,543.39575,-360.11176
27-0.pngresized.png,231.70866,82.62335,-105.47485,241.77605,69.93475,-79.52203,248.11723,70.33457,-79.403534,254.54817,70.686554,-79.558586,224.09409,69.70526,-80.10626,217.71704,69.61009,-80.05532,211.37373,69.667816,-79.962265,263.24142,80.854485,47.967754,204.02657,78.91235,47.895405,242.62172,101.21485,-61.198917,220.59264,100.65091,-61.799202,303.1035,172.80931,32.048584,168.30975,165.97076,50.756702,312.82004,263.7321,-124.692474,193.16165,254.8749,-66.965576,294.94403,199.1677,-296.89844,217.82411,228.57503,-225.91377,294.57278,179.11241,-332.11215,222.82835,223.78725,-255.66542,296.8638,168.57776,-318.95056,217.61171,215.35175,-255.08348,290.26456,176.91124,-294.41852,220.85594,218.52184,-227.92255,270.83798,389.1075,1.4666492,192.25928,378.03906,-0.7424042,268.49963,482.78745,-266.00858,184.39302,382.74225,-404.9382,150.92592,442.70078,97.05981,342.7554,445.59482,-268.58423,141.06941,422.44885,148.47708,355.8801,443.87128,-245.03299,95.07812,440.0283,152.03033,413.46347,459.46368,-323.0533
28-0.pngresized.png,186.39088,103.21884,-71.17531,188.23938,93.42524,-53.847107,192.233,92.34175,-53.635986,196.40067,91.2089,-53.79551,176.09885,96.97607,-59.370956,171.28706,98.321144,-59.238075,166.52219,99.72108,-59.403202,201.7181,97.54864,30.105742,160.00328,108.42441,10.683027,196.26558,113.98834,-39.88319,180.32939,118.319336,-45.4112,234.08228,167.68082,44.028015,143.18413,149.4714,-11.774956,241.21486,241.45776,1.5341967,121.95038,118.268074,-79.855896,216.06622,268.55322,-69.25419,158.85162,72.70514,-121.09061,213.06215,280.8192,-80.25613,168.0716,64.246506,-152.13113,207.64838,273.2474,-88.698975,171.1059,64.47867,-140.18806,206.19102,268.52106,-74.975296,169.28851,71.07451,-120.14483,202.38623,302.00116,26.854498,155.14374,298.10876,-26.432814,217.25725,350.15543,-206.18837,218.67847,277.04514,-253.78944,88.730125,328.3559,-68.52094,325.24234,326.29565,-101.24882,75.69495,313.20477,-46.596527,335.23447,337.3001,-81.87919,27.09808,328.60812,-95.02073,378.08344,313.0798,-151.9354
28-1.pngresized.png,125.13081,55.679092,-37.501167,132.21492,46.337402,-18.3776,137.52258,46.368576,-18.366035,142.93939,46.365784,-18.403572,117.134224,46.82312,-19.986002,111.937164,47.12921,-20.01235,106.7557,47.529495,-20.337732,151.4718,53.1539,66.6491,101.49408,54.30768,58.521297,136.07683,68.87503,-6.3195457,116.78858,69.645615,-8.601473,184.22931,121.48343,75.31422,77.80904,101.297485,66.48513,197.34186,197.457,66.95562,51.355194,85.870026,28.774014,171.39192,211.13763,71.603935,91.446526,37.83815,83.33184,167.15585,218.72388,59.076576,101.79971,28.058151,75.403694,161.57498,210.42264,70.68084,104.44612,26.343002,89.59382,160.55164,207.88129,74.42481,102.81142,32.550232,87.18449,161.33102,256.67697,4.6524425,89.6669,254.37291,-3.7165294,180.86531,341.86298,-149.29233,98.72398,344.05826,-76.26808,171.0509,426.35638,-90.27551,105.593445,435.51083,7.183537,171.19412,437.4961,-88.15159,105.745125,449.6432,9.092723,156.40211,456.7697,-185.08257,118.903595,465.22296,-91.79805
29-0.pngresized.png,237.8459,90.96103,-243.06091,242.44292,73.48827,-226.34052,248.86916,72.2362,-226.06613,255.56197,70.98924,-226.23454,223.99493,76.78723,-230.48318,216.61136,77.65694,-230.32614,209.27673,78.68361,-230.51074,263.9157,77.79272,-101.56254,201.04584,87.26864,-118.25006,251.8781,105.17496,-194.2567,226.86426,109.34755,-198.39508,306.59827,178.18333,-41.912926,177.40665,146.71255,-81.79943,305.7023,299.08508,-1.40713,169.4615,89.980606,-54.042263,280.97375,357.29373,-15.322227,203.38107,39.793453,21.407091,278.36218,378.75952,-15.932749,210.33684,32.985966,11.821287,273.38126,372.69928,-44.079105,213.3675,36.66324,37.159157,269.6215,363.72833,-26.870228,214.6002,41.484615,29.158794,249.56012,379.21823,25.986797,180.11975,363.08588,-25.77895,246.05406,478.49396,-323.62222,231.52596,337.74353,-493.53915,99.13221,437.03705,56.87078,370.62173,438.3865,-286.37976,86.86271,418.59808,105.50399,382.85486,452.05905,-263.1655,32.23821,440.61478,41.430614,434.8436,456.28262,-410.9652
32-0.pngresized.png,169.19402,59.66916,69.484375,163.26549,52.944237,38.240044,158.555,53.323067,38.37551,153.83287,53.934006,38.434967,174.04803,50.765373,40.462208,179.02611,49.34057,40.197887,184.02557,48.023075,40.14118,147.54945,59.914593,-62.907787,191.88899,51.225693,-52.652443,162.83736,66.82058,37.933235,176.38498,63.741264,40.832905,112.17529,124.68027,-122.38955,233.35434,111.479744,-88.74913,93.75152,199.30992,-255.07199,279.87448,172.16072,-240.85245,156.72514,164.31711,-361.8575,184.00644,128.0814,-422.63544,164.13742,141.63893,-378.8482,170.40294,103.43129,-439.8298,177.21068,139.55373,-350.69156,165.2491,104.76802,-436.36194,174.37231,146.5696,-351.8271,168.9759,114.82993,-428.7353,139.90108,283.13583,11.143044,202.94797,278.21048,-10.575853,109.32073,287.22055,225.09874,248.06943,277.8559,219.36739,122.428535,323.76453,78.43828,233.70372,325.6722,-0.67452747,125.431244,316.94507,62.119537,230.52232,321.0608,-22.720497,129.54736,329.67993,93.02522,230.0759,347.7095,32.893204
33-0.pngresized.png,259.86365,97.2385,-215.59688,270.01395,78.771576,-202.22687,277.6679,78.718445,-202.17932,285.5034,78.609245,-202.40302,249.71364,79.23377,-203.63574,241.76215,79.29237,-203.40816,233.88779,79.55507,-203.56865,297.11746,90.005905,-92.13406,226.3006,90.78767,-95.76308,275.7644,117.83576,-173.38258,246.99493,118.26062,-174.6226,346.62036,212.33348,-54.136585,185.40764,165.59497,-75.44292,391.93335,349.76004,-140.0407,131.34047,110.11316,-86.918205,317.98422,313.13843,-281.1268,207.25557,104.15003,-3.650459,295.98453,309.1012,-296.15802,219.8105,110.56203,-6.507326,294.48367,286.4072,-271.7671,230.98918,119.84,18.53053,294.46432,289.50964,-270.6408,228.5172,123.92487,7.163143,287.2041,447.39978,21.647964,205.14531,435.42166,-20.851425,304.20566,462.32233,-306.09152,262.2055,370.23444,-375.95645,135.34113,529.30365,-91.41543,412.5202,504.9056,-224.76103,118.48401,530.90515,-56.73759,419.59744,525.89844,-205.13078,66.553665,540.8695,-126.63411,499.20837,513.9541,-330.40237
34-0.pngresized.png,271.57208,90.727425,-155.86044,282.40115,74.64613,-143.61229,288.5115,75.10744,-143.40279,294.78333,75.59622,-143.70744,264.90805,72.77605,-146.62114,258.53033,71.86688,-146.51453,252.2329,71.12204,-146.67209,303.2726,82.92704,-24.579708,243.21443,76.246796,-42.76725,281.38644,107.267654,-107.91036,258.66388,104.834015,-114.07047,341.3751,177.05252,-21.217556,200.65456,144.16994,-3.459592,382.95648,267.14966,-51.337135,163.73126,80.29928,-66.67884,350.27634,281.04788,-230.5243,228.21957,93.977806,-53.157364,344.26093,297.0701,-269.50092,244.53145,101.60325,-68.605705,331.95462,284.2226,-267.22293,244.40158,111.06016,-56.00092,330.20102,277.0683,-231.88428,238.70706,111.64293,-50.751556,314.87027,380.89294,-10.152594,236.93813,384.1848,11.196464,291.58112,375.12607,-364.53195,218.9946,484.89175,-293.1198,122.01555,476.06427,-212.81458,383.01886,464.46442,86.798004,107.5818,478.88687,-184.15556,386.9488,445.68668,134.82028,37.288918,492.491,-274.2909,465.5416,462.8661,104.62905
36-0.pngresized.png,196.63335,62.710644,-122.75884,203.90427,51.179447,-106.86859,209.25264,51.250122,-106.80437,214.76404,51.296333,-106.95167,189.53976,51.405937,-108.44672,183.96678,51.359703,-108.31239,178.40753,51.4435,-108.42662,222.55888,60.52521,-15.512626,172.91959,59.85984,-19.16954,207.37294,77.24409,-89.57705,186.96213,77.25415,-90.75118,255.34155,148.30794,1.4230443,142.99689,115.92077,-4.6467023,253.6718,248.07542,-9.699139,130.98486,63.216534,-12.66486,231.82564,276.00507,-54.781223,169.98994,41.82315,-2.5851276,229.70406,285.1674,-54.00676,178.19807,40.082977,-22.735462,229.54922,277.68604,-65.367546,182.8676,44.53774,-9.458153,225.21022,273.3923,-59.568066,182.5588,47.899685,-1.0089442,210.56151,318.93512,12.749671,145.80826,310.69653,-12.105121,222.35072,403.37,-173.61537,197.14636,308.04813,-379.6083,109.83169,390.15045,102.22076,321.0888,400.8483,-278.49933,100.094574,377.72183,138.13972,333.4369,410.82892,-263.28387,55.449093,400.45374,104.55882,377.86426,417.95953,-378.86038
37-0.pngresized.png,133.75035,43.51346,-117.36108,138.49414,34.213444,-104.89456,142.46536,33.982986,-104.8779,146.5268,33.763615,-104.92749,128.07153,34.354206,-107.26863,123.94068,34.17018,-107.334785,119.825325,34.0896,-107.52882,151.32697,37.854225,-39.758854,116.365776,38.314342,-48.993645,141.73003,53.2716,-94.762665,127.065735,53.381626,-97.32443,162.79807,94.71216,-2.3356457,104.73266,77.31323,-22.071203,192.73341,111.12172,32.265514,79.289345,26.575626,-15.892422,155.89034,94.24718,70.31645,113.451385,41.95668,74.64739,144.51958,89.109795,64.393585,118.384605,42.45824,81.72601,142.52487,85.58315,80.44344,118.46711,54.27555,95.19322,145.34872,87.39766,74.98906,116.2493,56.583797,77.78269,131.12196,214.4011,21.082874,99.55811,209.29901,-20.87354,166.06668,265.07718,23.90381,142.3351,263.23724,-88.33699,116.162766,292.28427,103.336494,158.5058,298.06476,20.180992,107.54322,290.64337,113.00189,156.6358,298.80276,34.34291,104.49764,308.9335,104.906944,177.18518,317.01654,27.82478
37-1.pngresized.png,130.86876,42.08269,3.2132225,129.0882,35.3768,-10.279492,127.383804,35.792595,-10.279845,125.74415,36.28588,-10.427789,133.383,34.601326,-11.242816,134.8952,34.244686,-11.224009,136.42833,33.953747,-11.1851225,121.689186,42.942482,-43.69457,137.48811,39.25242,-42.242016,127.29546,51.529358,-3.9227226,131.88113,50.198467,-3.432557,85.89991,95.22921,-52.932705,162.47795,82.02801,-41.693233,90.24583,129.53293,-71.24028,167.60591,103.38116,-87.9611,122.73785,126.71315,-100.099396,141.12543,84.545525,-146.55548,127.30599,122.11045,-112.52719,140.66425,75.31922,-159.63937,137.57033,119.35365,-105.2383,132.31253,75.117966,-163.52965,138.00206,121.25788,-98.853745,130.43575,80.76282,-151.76869,118.07796,237.81021,-1.0954449,167.29172,235.82324,1.5624819,90.48579,250.71606,150.66902,207.30194,253.73459,146.79369,88.61988,288.46957,190.84576,188.27496,286.41043,184.63927,88.2652,297.71362,194.36737,183.82098,292.3876,189.07082,91.89171,273.19287,207.43935,183.97089,276.83563,206.20415
38-0.pngresized.png,118.790184,53.516457,-77.42324,119.49891,40.405453,-72.96562,122.63852,39.104088,-72.88056,125.89144,37.77368,-72.837166,110.20219,43.264275,-77.16077,106.280914,43.953163,-77.051765,102.38425,44.736176,-77.157555,129.58652,38.117275,-8.852103,97.846954,47.19636,-22.225756,127.15218,59.69182,-51.86423,114.37486,63.334583,-55.785576,161.26772,86.136826,25.865349,81.567085,83.47071,7.3044777,164.07716,107.83152,-9.573785,31.497805,62.041603,20.363985,128.01707,109.68399,-40.3707,82.021805,61.412537,74.233284,120.4615,111.95039,-50.964222,92.30754,64.12671,69.329285,117.21271,107.76694,-45.946693,98.497795,70.93522,82.51935,118.14017,107.228745,-40.73727,94.62488,73.45626,79.972626,143.84079,222.221,32.32978,100.84823,218.01251,-32.30142,204.49709,237.8922,-7.90791,156.56151,144.49652,-159.3764,82.33824,264.38144,113.04521,233.01694,244.20927,-138.2092,61.880943,253.01317,131.36949,233.05923,259.66147,-133.91026,49.756523,294.2987,107.47575,295.98624,257.04553,-223.64981
38-1.pngresized.png,124.625656,33.363678,9.389861,119.017044,28.487629,-14.212976,114.97413,29.088524,-14.23299,111.00327,29.870129,-14.488571,129.1237,28.023556,-19.885576,132.45346,28.131859,-19.889896,135.84396,28.34183,-19.769175,102.84273,41.50554,-71.289375,139.03357,37.55544,-90.44,117.57156,44.012154,-4.217315,128.53929,43.069702,-9.252175,67.25787,104.01914,-91.128975,170.8736,104.37819,-97.52612,80.07273,148.46068,-113.49729,212.69269,148.93417,-64.22064,122.950096,128.77206,-98.76616,153.85675,104.77854,-41.785793,125.88926,118.060936,-106.803894,148.40955,84.78985,-46.72031,137.9655,120.21164,-108.61856,135.38153,87.63855,-44.959015,139.58504,126.878975,-97.89187,135.65656,98.09465,-41.6445,107.667175,234.45743,4.7077184,164.9598,235.05138,-4.452202,114.1504,170.43192,269.1226,187.38889,180.03299,223.54485,148.9582,228.78049,472.2971,177.08649,233.0022,451.17963,148.2546,238.51736,495.57947,170.54555,244.70392,479.03406,169.02795,215.1346,539.99066,180.91771,214.90022,545.2791
39-0.pngresized.png,306.6245,109.36395,-232.4811,317.48383,91.29364,-217.22159,325.08957,91.20627,-217.14293,332.9307,91.12203,-217.79819,296.05084,91.61893,-217.94969,287.9613,91.6566,-217.80354,280.0173,91.84694,-217.83757,344.36646,101.98285,-86.83757,272.86798,101.593994,-98.61845,321.55237,129.77592,-180.39488,293.1949,129.97356,-184.68675,398.24664,229.34755,-83.57092,237.89761,190.68915,-31.884235,409.09378,371.08426,-31.112108,224.60957,86.36972,-51.832943,362.19247,403.35138,-9.664038,292.9089,70.87819,6.5003343,352.41412,418.11804,-7.7437415,310.00253,71.567894,-5.3106833,347.2872,409.31964,-11.210309,309.26657,83.85682,26.042044,345.39853,402.01025,-9.322256,303.8895,87.77715,15.489917,362.34924,478.97632,-24.66331,273.4508,477.43198,25.278748,312.20126,550.5272,-338.62732,222.02208,580.8569,-353.58905,114.960075,571.7123,-49.787914,448.59332,579.5933,62.339474,107.59706,558.305,-4.75312,465.59753,557.28107,114.21332,0.66901684,569.5013,-69.13412,536.992,585.0741,59.48072
4-2.pngresized.png,172.6827,35.901062,-96.215675,177.61794,30.247784,-81.50592,180.4543,30.715296,-81.49108,183.31264,31.168535,-81.49148,169.8013,29.177927,-84.43653,166.82202,28.736774,-84.3305,163.83336,28.347134,-84.29064,185.9142,36.5364,-1.1849948,159.6769,32.674583,-13.990572,177.02016,44.09032,-65.71989,165.85617,42.44561,-69.86385,198.67046,71.66851,32.65143,139.3272,74.30523,29.808193,202.25096,116.32742,59.147194,142.71024,120.71148,13.347139,201.88846,143.96419,13.918069,156.51991,127.837036,-37.63547,204.08916,149.73401,-3.0949361,162.06725,130.99393,-52.68991,203.42816,148.85379,-12.877824,160.23244,124.76596,-61.238235,201.61676,147.18047,7.497579,160.39566,122.84307,-41.296013,195.14407,164.43797,-13.4079,159.96037,168.58281,13.722229,174.32657,165.69191,-184.26279,162.96468,233.37955,-54.6716,117.92124,220.88669,-226.82753,163.79208,299.58585,-39.60836,115.372986,227.00209,-229.72816,169.64258,308.12112,-40.870056,83.51993,238.37561,-296.5584,147.9449,330.08774,-103.76816
40-0.pngresized.png,316.56894,108.44333,-247.24455,328.61957,91.3023,-222.92476,336.84393,91.45379,-222.87038,345.13818,91.583176,-222.96744,307.3321,91.18958,-223.98528,299.12408,90.8567,-223.87506,290.9073,90.668655,-223.75676,356.07962,104.53128,-79.118935,282.9115,102.86077,-72.62879,332.70593,128.79825,-192.99211,301.9009,127.54249,-191.5453,392.2374,207.67049,-53.523087,245.27563,193.04286,3.028561,383.93027,330.40247,-21.847673,237.70326,312.9895,42.6774,361.61118,413.92517,-81.96193,241.06976,385.20578,-36.877575,364.8103,440.06772,-104.747826,236.11795,411.25644,-50.02097,354.80328,437.4295,-124.0457,243.66437,405.75104,-82.64104,350.16473,428.9303,-91.384094,252.17827,396.38004,-49.28094,343.6798,420.55084,-19.14638,258.1209,407.24622,19.917154,328.17035,450.44092,-359.02017,228.45905,440.28912,-373.56366,184.33168,495.00522,-235.14977,251.09503,570.6867,-351.2118,175.63066,500.82687,-217.20282,258.59378,586.9728,-346.74084,108.66141,500.05457,-291.41196,250.21431,616.6853,-443.4968
41-0.pngresized.png,227.90094,81.723465,-213.85014,239.12086,64.22647,-206.2722,246.50325,64.08446,-206.01141,253.98442,63.954994,-206.06737,220.95007,63.83623,-202.35126,213.92084,63.057976,-202.35593,206.95053,62.4543,-202.55717,267.0347,71.61904,-121.729034,203.8159,68.99901,-103.01541,243.36061,97.74121,-178.76462,217.8613,96.66112,-173.59572,301.29382,150.51129,-90.82784,181.42697,125.21123,-54.356007,330.28915,179.69257,3.08633,155.76723,70.12894,-127.031136,292.41583,199.24162,74.45799,196.98857,62.783375,-200.42583,286.07376,205.16895,72.57059,204.95604,63.687,-217.22183,284.01477,203.40436,74.139244,205.16177,69.82953,-210.7796,283.55408,200.93842,73.14294,203.28036,72.54716,-203.30643,254.81519,339.08038,-29.835836,190.35855,325.76416,30.53976,173.9282,412.91223,-201.03252,179.39232,382.0951,-172.86694,150.20667,362.8057,109.58629,312.03412,389.79617,-5.6147,156.00638,349.45398,152.68826,330.5086,385.45685,19.024668,115.93186,363.49988,210.4178,355.74896,405.39252,51.142357
45-0.pngresized.png,196.84766,75.46992,-106.53004,202.51465,61.997437,-93.5482,207.13449,61.532475,-93.42186,211.89606,61.036865,-93.46755,189.26575,63.164818,-99.06113,184.17781,63.377213,-98.87934,179.0786,63.656116,-98.9771,217.56793,65.87113,-0.7427045,172.92041,68.68675,-24.704866,205.91283,87.21302,-70.12694,188.32317,88.431305,-76.85413,246.89467,144.1848,27.477715,148.29951,116.09334,16.361229,270.6839,243.21613,4.6697683,124.54735,78.14597,22.504917,245.86957,241.17719,-69.56556,166.4301,71.38706,67.186485,237.80646,243.7409,-89.05914,175.08482,74.48938,53.457546,237.64984,227.85114,-90.59314,180.28377,78.771545,68.35453,235.17111,225.08365,-71.660965,177.88042,79.13166,72.01025,211.12923,303.03683,25.09994,161.80287,292.75385,-24.739185,229.67372,398.94946,-26.153225,233.38518,291.50745,-280.6979,91.63725,367.5163,168.45073,340.9526,375.0875,-153.43408,76.23844,351.69016,194.32825,347.60828,387.97604,-139.24118,37.66809,367.2549,149.69437,400.42157,381.2784,-248.73611
46-0.pngresized.png,128.8632,45.89894,-110.52912,125.99491,38.019882,-96.76875,128.36021,37.334793,-96.703674,130.7916,36.612305,-96.77295,117.90654,40.403336,-109.68318,113.86149,41.322342,-109.641945,109.84329,42.29315,-109.728226,125.687065,41.283325,-23.553596,97.84741,48.822495,-78.44744,131.16217,53.74202,-82.80849,119.716354,56.792923,-98.44452,135.71211,82.97727,27.14018,78.26639,96.26949,-73.297104,137.8126,119.85731,77.31162,49.26728,152.60208,-46.53735,147.05316,131.16032,64.555176,84.673294,130.63623,12.113409,150.09848,134.8736,70.739,96.34823,126.84898,19.064926,152.62009,130.58505,52.870632,95.84956,117.45968,25.893023,149.94437,130.66537,58.227383,93.36971,120.29193,19.338703,135.05197,190.11961,33.994152,103.078354,199.79137,-33.959827,194.24017,189.48753,-39.98693,162.94351,191.33598,-125.47258,100.96594,224.08972,-51.508713,153.3834,198.58072,38.674152,86.78527,220.17903,-47.272804,144.68597,195.14653,62.21088,72.12483,242.10876,-17.116741,165.82565,204.6049,134.60129
48-1.pngresized.png,157.1758,58.26715,-92.56667,161.06639,46.58192,-77.12473,165.58507,45.790813,-77.03711,170.24162,44.960808,-77.15071,148.488,49.023056,-79.504395,143.53616,49.845814,-79.38246,138.61798,50.74386,-79.51853,176.64813,51.63995,-1.6051086,133.76497,58.980824,-8.133624,167.5255,70.21886,-65.678566,150.3807,73.176445,-67.28236,209.84377,131.90044,-0.22744249,114.348946,111.252556,-26.021648,204.26514,220.19917,-30.604536,117.71762,85.84395,-67.36459,184.24019,259.74445,-56.079346,132.36406,51.15309,-74.84275,182.90625,270.6426,-66.15686,136.42012,45.26373,-104.101616,181.98335,266.58435,-71.66758,134.83095,46.620712,-96.69139,178.70831,261.41956,-60.403408,136.83644,49.890377,-76.85771,178.39325,286.77994,27.901146,127.679756,280.66415,-27.298819,178.64783,353.44824,-102.45802,207.25859,265.24738,-267.59482,83.86463,354.29813,82.853935,302.28094,357.27725,-201.90749,74.773926,347.2449,105.30676,309.2309,375.007,-194.58159,40.544655,358.71237,51.59768,350.32086,358.43478,-313.01413
50-0.pngresized.png,252.49007,77.26368,69.63109,247.02252,62.934227,54.531666,242.94527,62.0854,54.562286,238.95894,61.436253,54.163845,256.86957,65.557594,48.394352,260.16718,66.35175,48.309258,263.48285,67.24565,48.28323,232.44086,71.57589,-4.498021,267.88144,77.84648,-16.39066,247.20255,92.096596,53.52411,258.83603,94.5206,50.065273,202.88132,168.71964,-54.868126,286.0399,177.17928,-84.132256,204.24104,264.44467,-113.48461,279.52246,281.8432,-207.32999,242.8079,252.4174,-218.70978,259.9968,214.04695,-402.25076,246.42899,240.99602,-258.39252,264.92844,187.17218,-442.5929,260.4728,232.59706,-254.7337,250.59818,178.848,-446.13095,260.4411,235.73148,-224.13509,248.76218,189.52838,-413.54688,215.25362,397.98914,-3.7337422,276.50235,402.33984,4.609152,117.80063,392.25537,295.56323,367.88828,407.17993,357.5215,107.70263,427.41412,462.32422,373.92508,448.2205,564.01154,109.66913,439.40228,483.7,367.06503,457.11334,589.46063,113.31164,396.9277,525.64075,399.4994,433.78506,646.3349
51-0.pngresized.png,136.43045,47.02505,-114.616615,141.82683,38.205788,-100.163895,145.29156,38.26673,-99.97798,148.86353,38.335938,-100.11241,132.09488,37.761063,-103.83484,128.3778,37.36267,-103.77506,124.67821,37.054268,-103.880356,153.18387,42.771187,-14.64934,120.40915,40.453247,-31.940926,142.3861,55.691216,-83.21042,129.21861,54.984375,-88.4439,166.55104,92.49377,15.748792,102.835655,76.22761,-21.597012,178.9159,132.88123,75.76102,94.69596,25.973799,-35.673588,167.78484,148.51595,99.22198,127.44685,21.487226,25.275051,167.02924,154.72641,102.92373,133.52197,19.931433,26.294708,164.48375,153.27444,94.39463,133.46573,26.604567,45.783806,163.59583,150.76416,96.034584,131.78345,28.565817,31.836552,149.52394,205.61778,19.882774,109.81237,203.42415,-19.649403,187.48143,252.9206,-156.22484,120.39839,243.14832,-227.82843,86.31675,234.67865,6.0429087,193.31744,240.83365,-11.638891,78.7605,220.71094,30.693504,196.92725,231.40804,15.058879,39.970474,236.4339,20.195795,231.40497,244.75636,-1.8687317
52-0.pngresized.png,127.37657,43.963085,-109.740845,127.959274,34.099617,-92.908264,131.55162,33.51064,-92.81311,135.22476,32.865692,-92.995316,117.3821,35.940445,-102.42027,112.513275,36.58121,-102.37234,107.65228,37.255634,-102.41283,133.42018,39.73455,-17.090078,96.94884,45.402157,-52.42124,132.34709,54.530388,-83.47636,116.971924,56.810577,-93.33026,142.9295,95.85,8.6664915,75.12971,100.31831,-60.929077,156.45105,164.33458,-5.2197824,65.32686,173.63863,-120.93665,173.97926,204.92726,-47.479824,79.53007,128.76454,-190.27962,183.49783,217.38649,-42.114807,84.1999,118.412865,-199.94505,181.86803,216.80148,-57.863094,80.45258,108.13806,-194.54407,174.90701,213.20554,-53.702187,82.73775,113.05718,-188.11159,131.13788,215.04265,34.09322,97.440346,221.55688,-33.70001,191.58078,218.80829,-55.87951,161.83965,209.78882,-141.32051,80.67398,249.25694,-29.650381,163.58974,239.40094,13.976158,62.189137,244.74628,-21.045261,155.0069,242.71526,36.864773,55.756157,263.22443,-4.1846104,185.46284,243.03638,78.2314
53-0.pngresized.png,338.74524,108.041405,-136.6832,349.87802,89.57889,-123.67303,357.1158,88.94431,-123.47437,364.57202,88.31754,-123.73587,330.2226,91.125725,-123.21279,322.93176,91.52681,-123.14558,315.72757,92.074684,-123.35229,378.1292,98.14053,-10.342505,312.49542,101.99821,-11.034184,355.18164,126.59211,-91.725525,328.29102,128.39137,-92.78389,421.05792,219.66748,12.187037,284.4532,180.49176,32.95667,472.26395,338.60153,31.60422,234.1541,120.77694,50.235477,433.6663,319.8902,-30.934334,294.08292,127.882805,118.524086,422.61523,322.56155,-46.904926,304.28555,135.59656,117.47484,417.2766,306.07697,-44.823364,313.90454,146.35254,139.86081,420.2021,303.43976,-28.9545,310.32895,145.84221,129.16821,377.1752,454.73157,3.4093359,299.87775,441.28113,-3.1017313,367.32947,518.7036,-287.41284,266.1358,548.8095,-349.96313,161.10466,498.66437,-46.659286,439.51382,486.9894,51.17713,148.11342,480.23758,-5.227324,452.58258,459.02228,103.96223,57.92391,480.37723,-29.99287,510.47028,474.8253,123.674446
54-0.pngresized.png,268.4563,81.07653,60.663513,261.2842,67.69339,31.867674,256.05228,67.66067,31.97784,250.94107,67.868225,31.656237,273.61984,67.60976,28.28546,278.04852,67.43125,28.208921,282.60114,67.400795,28.387835,241.96501,79.051285,-59.90831,288.48697,77.10639,-66.63157,260.0226,98.74978,35.15841,275.20547,98.24966,34.0822,181.15503,178.08185,-118.40742,347.53754,171.60367,-87.518845,190.18828,239.14615,-159.31995,370.4765,233.00854,-160.3464,268.3674,233.52051,-262.1391,301.87106,184.94673,-273.49002,283.01184,218.10905,-307.97296,299.38702,157.71707,-283.29053,300.15982,217.66414,-298.25583,278.8888,159.9431,-303.58005,298.93768,224.65848,-264.23767,274.3617,174.74193,-285.67514,208.6941,445.41754,-19.657677,313.63596,444.84442,20.525696,129.79405,405.54797,418.94324,343.64963,388.32864,484.09537,156.85628,474.5636,613.4655,273.57004,473.79425,712.63684,158.52037,493.3361,632.74866,265.28275,495.79617,741.29755,167.66594,443.43915,674.9639,246.8434,446.5216,835.2549
55-0.pngresized.png,300.33762,128.01927,-58.71441,308.88382,111.04546,-96.784225,310.37558,110.994484,-96.87284,312.02924,111.091225,-97.04931,311.8502,110.9935,-64.10184,314.38327,110.96293,-64.22489,316.9356,111.04887,-64.31112,327.82007,122.72596,-199.22453,336.81604,121.37956,-45.15154,308.03836,149.0419,-85.52434,309.9821,148.92776,-41.349197,331.7473,232.60164,-242.75394,387.48923,224.20209,27.69254,327.118,346.9187,-268.96378,376.64023,337.83072,34.847794,300.67477,273.33017,-291.04907,316.83423,311.25748,-60.257748,285.28333,252.1174,-340.33716,308.12234,296.53113,-67.894165,300.35284,231.23584,-322.00027,292.6431,287.67834,-90.558975,306.69995,240.72778,-287.26077,297.40982,295.29767,-74.664345,338.29233,509.74103,-82.95587,385.80405,499.0919,84.0355,220.62584,532.6127,242.2199,410.96896,537.8948,444.58557,148.3414,587.6423,503.87268,486.09497,567.73517,679.93036,148.449,611.83264,529.59717,505.7216,583.536,706.34875,90.560234,541.3674,494.24457,471.7465,533.2055,686.08844
56-0.pngresized.png,323.85867,118.337234,-269.7002,338.3115,101.41096,-249.95471,346.47763,102.20735,-249.78914,354.80765,103.01661,-250.06125,315.83438,99.41894,-246.31749,307.75873,98.75608,-246.228,299.80066,98.34967,-246.40541,369.2767,116.2037,-97.16174,294.54343,109.462204,-93.18493,339.90622,142.04259,-211.30336,310.43295,139.9245,-211.75641,426.6984,250.08022,-101.43392,252.73674,203.37654,-21.248596,439.2106,392.27237,-266.25143,232.89856,88.08597,-48.91764,402.55652,267.3604,-462.75427,343.95093,71.77198,91.815895,396.2795,231.28271,-498.67325,372.78763,71.017784,89.59256,408.7495,219.62036,-472.29694,368.44775,83.999435,129.59906,401.21762,230.07588,-457.63425,359.06726,89.41374,105.82238,400.08685,514.25397,-48.86607,305.01398,516.90924,49.710835,293.1356,474.40768,-422.81146,218.24005,623.37006,-278.77054,165.6373,618.0031,-151.25868,486.40274,596.2452,64.79974,174.19107,629.97833,-104.79412,511.1697,574.5936,114.11802,50.12861,633.3236,-155.59108,568.1269,582.36615,92.935074
58-0.pngresized.png,141.34474,50.313904,-27.583397,148.10744,40.883457,-42.236183,150.44627,40.149567,-42.180256,152.89134,39.39652,-42.19995,145.45784,42.03497,-21.040068,145.85896,41.96956,-21.038534,146.25693,42.083344,-21.089083,168.78223,41.886925,-77.11995,159.59619,43.611244,26.586288,152.35439,58.87915,-41.104553,149.27419,60.036453,-11.598269,198.3238,83.459564,-71.7865,169.1422,93.0747,55.873608,197.10355,7.608099,-54.350822,160.13187,74.982544,148.64864,201.56044,31.742147,108.086075,170.17993,55.030876,203.38309,201.04205,34.496567,125.92357,172.08531,49.50062,210.65001,204.45964,42.318157,127.951,174.13359,52.449455,218.13841,205.3565,42.957306,111.226,175.37595,54.102474,206.49805,191.167,233.94484,-52.620102,167.9303,228.32661,53.06099,105.468315,281.2446,-52.89711,81.987854,278.767,107.66398,170.7765,293.39886,23.148155,181.2001,296.23514,45.755753,183.80528,285.5887,33.85126,197.16258,286.4456,38.355816,186.54695,306.87494,72.69749,212.61005,319.23105,54.16351
59-0.pngresized.png,259.02866,83.10687,-44.836403,252.15079,72.90089,-44.907223,252.1702,72.82505,-44.94764,252.25789,72.74006,-44.915546,248.03052,74.755905,-64.9131,245.03522,75.32104,-64.95359,242.05655,76.03598,-65.16159,238.98291,80.85784,-11.98863,225.62982,85.42989,-101.35613,254.88066,97.29864,-27.880594,248.74185,98.30894,-53.351875,226.7116,138.97453,41.064274,204.5414,165.7719,-101.43933,198.46307,148.04277,144.14107,161.26044,249.83012,-51.873997,209.88466,105.250854,243.89064,169.13684,205.12666,50.27175,209.506,97.343994,250.85641,171.50645,196.20604,51.31139,212.88245,94.6432,246.41954,170.17139,186.26477,54.861603,213.22621,98.88096,242.97118,169.34013,189.45987,53.928642,211.88837,336.73294,61.04698,194.90479,355.06787,-60.7711,312.90854,344.44382,106.28575,344.17984,377.0438,-82.84529,213.15918,414.02267,97.52404,205.82724,411.06198,2.8285427,196.45067,413.73743,95.54853,186.49307,401.39948,14.297035,183.92464,453.64816,133.98401,155.62004,447.41806,103.84906
6-0.pngresized.png,411.61664,138.15169,-348.5583,399.30762,110.07482,-310.33218,406.45737,107.23601,-310.16672,413.86465,104.280464,-310.4649,374.38828,118.864975,-351.51663,361.19742,122.14846,-351.45303,348.07028,125.61187,-351.7547,393.7868,118.21968,-101.42631,306.7823,146.61067,-274.44742,417.24857,161.76675,-267.62958,380.94443,173.10419,-317.1824,428.42838,245.44138,38.351753,239.79703,300.0562,-244.20882,438.1593,359.4566,162.10278,152.65108,468.76648,-105.27852,457.7621,422.1897,96.98644,243.05968,430.45544,187.60568,467.35446,443.9672,108.77244,268.39938,427.5012,228.32378,471.97626,434.41306,61.522133,274.1196,401.66534,243.34525,460.1527,431.42188,79.616325,269.89316,405.85382,208.93994,423.0183,584.14276,95.26654,322.3887,620.82886,-94.75948,598.69965,575.6735,-151.13297,536.6329,601.1018,-345.35034,303.73038,704.4685,-148.50145,501.4372,606.5893,161.84389,257.4109,697.4982,-130.33684,472.16525,592.8651,234.92856,224.5524,768.0664,-44.121433,542.96893,636.9861,472.4316
68-0.pngresized.png,405.65262,126.15966,-100.00373,427.80045,99.701385,-154.77841,433.1048,98.42874,-154.7174,438.6097,97.19726,-154.81807,427.42825,102.94556,-97.03923,430.35828,104.285774,-97.11742,433.37524,105.86106,-97.05995,480.37027,112.40029,-273.2169,474.10345,123.36193,-1.9523516,427.9567,155.13625,-137.86952,423.4771,158.65887,-60.67224,542.8906,289.29596,-347.54596,497.52722,271.92267,110.537796,582.52106,463.3061,-514.2997,546.53174,372.8793,143.98875,542.7074,364.27203,-701.468,547.7065,267.56427,135.72192,540.9101,335.15015,-761.45276,553.2063,245.76709,158.61465,537.0842,311.5831,-762.97394,533.70795,228.33725,169.17801,541.6108,324.1294,-708.883,535.6503,235.82785,135.52776,547.0271,697.40784,-171.00414,507.22748,643.6654,172.37408,259.12543,684.1135,-357.9332,205.07457,536.85333,453.18832,379.59937,761.341,56.849224,366.4213,755.0054,190.46439,418.97906,762.7476,107.92265,410.9304,779.32794,165.76665,328.6393,762.78894,307.00787,353.16797,799.3153,260.47015
69-0.pngresized.png,114.573875,51.78212,41.28588,118.25636,44.61998,27.858234,119.53544,44.054443,27.891018,120.89272,43.446274,27.863365,118.18135,45.28589,45.026253,118.86895,45.308716,44.986504,119.58818,45.381912,44.93704,130.95215,45.03694,-10.038308,129.39484,47.044846,66.91188,120.93331,57.690712,28.89648,120.06138,58.809982,50.65373,146.256,84.16674,-37.178127,144.05153,81.89047,91.42155,154.89061,126.20372,-23.399532,159.4339,108.667404,129.2321,155.68474,113.52994,24.647144,163.13885,88.85173,163.58403,157.63193,109.05953,19.554296,165.20172,83.597206,169.38034,155.93918,105.52831,25.048296,161.1334,79.57159,168.17781,155.07434,106.5232,26.599543,161.62428,81.51551,161.46378,137.97137,185.81386,-45.393307,131.13097,182.11182,45.555332,61.473167,223.30405,-61.503075,66.56293,225.82121,44.410675,145.23721,221.38208,2.556726,128.59608,213.70334,95.9661,156.56871,213.7717,9.338128,135.58391,206.79048,101.82307,166.54968,235.17326,38.470364,145.22752,225.58691,135.6688
69-1.pngresized.png,142.73802,44.310486,-57.585537,151.04619,35.51741,-72.9585,153.19945,35.374187,-72.97506,155.42471,35.178387,-73.03565,149.78712,35.643906,-55.13614,150.29256,35.603127,-55.16592,150.72145,35.57018,-55.09939,169.63577,40.346947,-100.693275,162.94695,40.329994,-18.782059,150.46906,54.576336,-64.42575,147.40529,54.76723,-41.53468,192.61238,102.90024,-123.85045,166.2921,89.74574,34.94655,219.72798,185.07457,-111.367645,179.49947,158.29813,48.570896,190.35596,222.41833,-48.346928,160.5504,206.43669,-3.3402102,187.66187,233.78894,-55.999413,154.7193,222.1331,-18.774355,180.66618,228.42477,-59.779472,155.61215,218.90495,-26.697975,182.278,222.1814,-49.292927,160.3895,212.84631,-11.257877,176.30293,235.35728,-55.3195,157.73198,217.67276,55.620876,96.31213,293.2659,-61.39994,90.84828,267.6161,111.14187,183.78453,272.70593,56.05007,173.0752,264.92844,127.39843,196.4264,260.75436,67.995995,185.73186,256.8608,129.7654,203.1027,278.7089,102.61053,187.64073,281.53278,153.94513
7-0.pngresized.png,319.07834,97.96473,-136.96819,330.0732,79.24768,-122.654945,337.31863,78.651436,-122.49968,344.7526,78.08234,-122.760216,310.37598,80.834274,-123.1876,302.9683,81.31233,-123.14508,295.641,81.93271,-123.47274,357.67975,88.46715,-6.547801,291.71588,92.46209,-13.142634,335.2104,117.18847,-91.10501,308.34564,118.95905,-93.87138,404.49344,212.52623,5.385675,262.24924,172.15149,29.707518,451.61984,344.07574,16.14064,210.18985,114.32995,23.230085,404.542,313.70142,-39.282738,275.97037,121.97335,73.68948,391.48715,314.1276,-55.518734,287.19128,129.52753,69.29074,387.5378,295.9255,-49.873127,296.2453,139.40697,93.4638,390.44556,295.1855,-36.430992,292.95496,139.55539,83.28504,362.717,449.06766,-4.6676197,282.76932,435.7798,4.9847593,340.34314,496.98593,-285.67502,231.56227,525.1112,-304.36682,136.78435,498.94632,-60.4658,407.08075,494.69977,57.920948,125.92657,487.67844,-21.708498,424.11615,470.52997,105.15673,31.798368,477.46896,-72.634514,470.4455,492.25568,100.893005
70-0.pngresized.png,319.22696,130.68535,-201.53442,330.90002,110.112854,-179.58124,339.12256,109.66101,-179.42186,347.54404,109.17988,-179.50949,308.66318,110.95249,-185.09723,300.1405,110.93791,-184.86142,291.60214,111.07132,-184.93146,359.48938,118.44516,-35.260406,283.68835,119.73333,-56.63902,335.8326,150.42667,-146.50449,305.50662,150.95587,-152.73903,402.3024,235.4693,2.9645102,248.16145,191.58437,6.5596952,440.8313,387.50836,-40.6114,203.71739,131.40852,13.697671,401.12277,386.7848,-166.1367,275.34467,121.90124,100.01322,389.63034,390.58362,-188.7249,288.51294,124.85978,89.263245,386.2533,368.26245,-183.98361,297.06528,132.27318,115.00301,383.1776,365.7708,-165.82997,293.36752,135.62453,109.41259,349.7247,474.1889,23.415462,266.70538,459.56525,-22.90563,395.31488,612.3751,-188.35338,344.48553,476.248,-419.70132,185.00438,587.8775,137.8644,482.9547,594.6695,-152.65967,162.55391,569.5469,182.60155,490.16772,611.2572,-121.04224,103.1308,589.03864,130.99852,557.98114,609.5317,-254.47688
72-0.pngresized.png,120.522095,72.08285,-117.09837,123.52683,67.3049,-110.43451,125.67013,67.350494,-110.45583,127.84976,67.37987,-110.49213,117.77794,67.36267,-109.781906,115.59076,67.361725,-109.77485,113.41259,67.39196,-109.755745,130.74947,70.97421,-72.54545,110.6897,70.63252,-68.820946,124.51518,77.615906,-103.27138,116.44617,77.57777,-102.17117,144.58296,99.52548,-65.04696,98.1788,99.50966,-52.536133,153.4198,136.87209,-65.63769,90.46316,137.67056,-60.9161,136.67105,155.90015,-106.23601,109.62746,154.90945,-102.69863,132.98987,163.61316,-117.46421,114.745674,163.32776,-112.50969,128.21825,159.91422,-118.985115,118.78447,157.6665,-114.55834,127.77552,157.25385,-106.52136,118.04517,154.8331,-103.0159,134.95435,156.24171,-4.917443,109.93189,154.90472,5.084162,134.78282,193.2781,-123.32196,104.434395,174.0614,-106.95204,103.70184,179.84944,-20.44882,149.86485,184.86057,-38.893097,101.940384,173.87454,-6.0069284,154.17589,183.0914,-29.664268,90.751434,179.45093,-2.7336411,169.02124,189.32712,-43.335037
73-0.pngresized.png,154.1097,82.32409,-28.119638,154.23021,72.69845,-21.299704,155.34444,72.840614,-21.282476,156.57962,72.9853,-21.36991,149.7847,71.277466,-36.022747,147.07217,70.04177,-36.068134,144.3179,68.93167,-36.412815,148.1186,72.4951,31.76312,132.6536,67.89025,-35.250263,150.1349,88.76627,-8.626483,143.7658,86.5676,-27.948235,138.39783,109.02859,60.842247,103.18482,95.66076,-38.15364,159.77695,68.68378,139.33467,118.15741,31.253086,-26.927197,131.33163,52.037525,204.8047,119.18723,43.49622,127.03952,120.08054,49.10465,209.727,116.7619,43.534206,143.58963,120.21534,51.03629,219.61026,113.612015,51.967194,146.9971,122.86079,52.640083,208.10614,114.43901,53.817417,130.55351,134.56252,239.4551,45.781403,109.90818,248.92001,-45.57764,227.17511,204.16714,85.76896,223.88142,248.37189,-81.43628,173.29932,281.12347,18.101404,155.13997,285.68033,54.77939,158.55734,288.3715,14.048569,133.35863,282.00034,73.535065,177.65012,304.2257,16.336664,168.35275,309.4698,103.59194
74-0.pngresized.png,277.91232,115.05962,-368.8803,291.67108,94.796486,-347.63046,299.90244,94.84575,-347.5328,308.26382,94.883026,-347.81384,270.13736,93.87924,-349.22784,261.8955,93.092896,-349.08957,253.691,92.574905,-349.15216,320.74866,104.80422,-207.10788,247.13483,100.37557,-215.74538,294.36926,134.099,-315.80176,263.7797,132.91896,-318.92502,354.1676,212.73584,-179.83932,215.40703,177.09212,-98.68833,363.166,290.87143,-142.05309,160.65099,78.096664,-17.618567,314.4716,250.87488,-94.978004,240.4576,98.756226,186.22943,302.58038,237.93988,-89.975586,259.72275,102.79993,211.02618,309.29004,228.03116,-66.13253,258.56866,119.76647,239.98618,308.95175,231.89276,-86.727715,250.71088,122.92545,197.44894,319.29984,445.6731,-40.528084,233.24178,437.73346,40.686554,258.75217,561.31415,-307.4843,159.46904,551.4632,-166.06906,398.69748,510.18808,105.94667,273.4424,497.17328,256.4489,424.3595,489.9465,160.14688,290.6513,477.84293,306.09045,429.22342,536.39233,241.4502,302.307,523.16064,395.85913
75-0.pngresized.png,173.79796,76.56965,-87.836914,176.38567,68.431526,-69.31423,179.44615,68.684494,-69.28204,182.63043,68.91863,-69.35463,166.6835,68.05757,-74.50248,162.48653,67.90103,-74.523026,158.33398,67.84677,-74.61084,182.14679,76.39975,4.8177466,147.54634,74.98327,-16.313887,176.48323,88.54314,-62.185482,163.98726,88.12643,-68.35313,195.89314,126.504486,-38.939804,120.11013,127.15094,-57.987843,183.70355,140.0115,-162.10779,147.59676,131.20859,-197.63283,152.71642,93.39253,-192.6614,161.9508,65.72347,-260.4686,146.7168,79.86347,-200.20515,169.28549,49.388687,-278.75092,145.21269,77.14006,-187.59201,163.8347,48.60131,-265.8792,144.05283,83.00452,-189.57605,162.90161,55.815006,-256.67133,182.06029,270.55893,6.593477,139.16487,273.43994,-6.1049504,155.9789,311.81445,-94.540115,170.78651,285.81204,-168.37242,94.20356,337.33606,51.40472,259.25073,336.9903,-76.33991,88.4306,336.62372,70.567635,266.1288,343.84433,-65.01742,64.836716,350.09723,34.570946,295.47754,348.17126,-134.01219
78-0.pngresized.png,140.39992,53.452957,-144.42738,145.0873,46.981186,-137.34514,148.00146,47.291122,-137.21295,150.94666,47.594894,-137.21411,137.10822,46.123306,-137.0762,134.09927,45.664536,-137.02144,131.13211,45.32556,-137.04187,154.93141,51.633163,-72.08763,127.836235,48.00032,-71.5871,145.44032,60.30838,-117.88765,134.60045,59.389587,-118.0857,163.29752,80.16206,-49.713135,116.92546,74.54541,-44.019123,170.27005,37.445435,-71.46541,102.47263,24.65184,-91.18777,140.13504,36.13768,-27.095526,144.49808,14.109604,-102.92376,132.43288,37.679276,-30.657001,156.65227,10.336319,-121.699554,134.28307,41.399384,-18.146786,155.00134,15.276749,-102.35166,137.05035,40.82846,-23.058472,150.39856,17.432388,-96.9767,158.09906,176.90567,-10.122313,128.83,178.31555,10.393508,127.41076,174.08713,-197.7195,109.197205,232.20395,-158.0636,68.99137,223.79608,-100.320366,190.2632,214.9059,61.664585,67.4706,222.0237,-86.88409,198.3812,202.98857,87.23104,30.555878,243.83234,-137.8589,218.40808,223.71579,82.2576
81-0.pngresized.png,112.1314,85.01915,-55.102978,113.81346,79.06188,-49.08198,115.66281,78.56213,-49.053223,117.56929,78.05388,-49.053055,108.48088,80.23626,-51.274418,106.35808,80.48091,-51.24043,104.239174,80.78843,-51.28272,120.27068,79.19748,-7.674042,101.96284,82.649124,-15.836252,116.64689,88.662315,-40.009,109.320724,90.02052,-42.404823,132.854,103.08105,2.5689416,93.765305,99.955154,-4.8225293,129.93633,109.77791,-13.754814,72.31099,81.984726,1.6121238,110.33303,96.928825,-16.154331,96.866905,86.649826,39.0309,106.26237,94.1664,-17.440407,100.81577,88.46671,38.760418,105.38716,92.938034,-15.416636,103.48601,92.46212,47.98655,106.23064,94.75453,-15.380151,101.90535,93.6976,42.76302,121.369194,173.77068,17.29939,98.940674,171.19037,-17.298748,149.2858,166.93655,-47.614307,127.74078,130.97255,-85.995804,94.704254,188.78949,-7.6623287,161.51666,178.36143,-56.11206,86.89572,185.90173,-0.4665405,161.96506,185.32571,-51.064762,77.02203,203.73883,-15.235101,184.84299,187.68018,-76.70135
81-1.pngresized.png,120.69869,78.89031,54.140636,119.33052,75.02282,42.467567,117.54411,75.148476,42.53008,115.80227,75.33777,42.443043,123.66908,74.63106,42.533096,125.32072,74.39208,42.510788,126.98895,74.19493,42.556126,113.70858,78.74036,2.1794372,129.99637,76.70577,4.5101986,118.13444,83.59027,41.308384,123.16253,82.9367,42.191765,90.74382,110.864296,-31.380192,153.0615,98.2885,-4.227164,86.85893,147.17873,-61.319717,168.51955,109.10437,-23.104843,96.16852,170.10966,-91.40666,141.52412,100.638275,-25.96618,97.50435,171.06155,-102.94836,137.90422,93.18922,-22.535427,101.6521,172.42633,-97.124626,132.6983,95.959724,-26.150032,102.86363,171.91183,-90.30245,132.2806,100.609505,-27.610052,111.22322,179.66924,-2.5808904,149.06172,176.88245,2.7336066,96.833,156.96362,125.07724,172.22801,145.84827,122.64113,123.882935,178.26347,187.38297,158.90256,173.17867,195.25368,126.42466,181.23407,192.73532,156.69055,177.91777,204.61746,131.86131,174.5665,204.53732,153.46465,169.10204,229.78731
83-0.pngresized.png,183.50392,65.04693,-82.83367,185.76028,54.56556,-63.880314,190.06978,54.640087,-63.747856,194.48882,54.7068,-63.754955,172.64105,54.725044,-74.00395,166.83902,54.699856,-73.91706,161.03041,54.808132,-74.0824,193.77551,62.817318,34.283577,148.57283,63.353325,-7.46559,188.91656,79.366615,-47.58934,170.74847,79.56121,-59.268417,205.63043,137.58446,38.443047,118.77453,115.40101,-14.026289,198.20477,151.20743,1.8584911,125.578186,79.08041,7.045322,160.1503,118.20288,-27.586191,138.52428,78.01773,111.69354,151.74673,111.33505,-36.04609,136.89058,80.2159,112.449905,150.50069,106.81012,-30.137959,138.23114,86.73338,117.55718,150.77899,109.05744,-27.547396,139.39447,88.27431,113.91231,170.68257,314.93396,36.935856,118.18054,304.83188,-36.728775,213.41957,340.14578,-125.510315,192.3758,268.95276,-259.27148,68.56574,370.24008,-34.463474,305.2463,372.63046,-175.4234,50.64891,363.40964,-17.071527,310.2344,389.253,-161.09183,18.12599,383.21323,-65.21901,370.70078,381.73013,-236.2783
84-0.pngresized.png,199.32048,66.09272,-213.58533,194.27763,49.915916,-191.90361,198.27325,48.35806,-191.86714,202.3841,46.698666,-192.00043,181.1582,54.420692,-213.57774,174.16487,55.980267,-213.61534,167.21638,57.61545,-213.83751,192.84698,53.809994,-89.29079,147.78357,68.09098,-180.07089,203.71654,79.2348,-174.37585,184.16942,85.250465,-200.51184,200.92747,121.796555,-19.627634,116.01153,154.31169,-172.53217,212.94823,189.19844,54.132183,55.586567,257.8404,-234.13924,237.973,202.82684,65.25097,102.93546,205.35443,-243.68713,250.6537,213.34027,85.54608,118.71985,198.9192,-249.47768,251.46465,210.80728,61.233562,120.86626,180.02164,-240.69029,242.84126,210.81355,58.569664,118.647156,184.35892,-238.02255,206.40712,291.99652,62.291756,164.10362,327.32745,-62.208786,303.43747,238.49916,188.79741,295.45352,330.19165,-222.83719,273.4334,331.43808,116.59018,278.59314,328.76117,123.44892,257.02945,347.43854,110.25352,261.72107,323.4056,169.0187,298.2533,350.1578,146.31975,312.2227,327.17746,256.83865
85-0.pngresized.png,204.6861,78.924194,-143.68874,210.65764,64.32137,-130.76698,216.1243,63.488945,-130.77286,221.77579,62.658573,-131.06274,195.69452,66.443825,-131.78712,189.93678,66.99617,-131.59004,184.24792,67.66148,-131.59784,230.87181,69.43164,-36.767986,179.94722,75.001045,-38.500355,217.60301,91.73363,-108.50864,196.85834,94.34807,-109.267265,266.37805,157.66624,-19.504568,159.10599,127.43032,-12.532383,257.68765,258.2822,-9.772798,139.87138,83.708176,-19.734325,233.20558,295.74765,-28.968304,191.13,67.28845,4.6853647,233.53989,309.55328,-25.903631,201.97835,67.57007,-15.924567,227.36823,302.3886,-42.57516,207.92346,71.68021,2.568906,224.71783,297.4737,-34.499493,205.98651,76.11169,9.813136,219.11302,333.43314,0.7652557,158.3304,324.61703,-0.26278475,208.31409,373.07294,-212.60954,185.74014,310.0699,-347.31058,90.362526,382.07736,16.992828,321.52313,384.29675,-195.98796,84.921394,377.1056,50.44083,334.6491,390.68005,-174.54333,23.652905,381.59995,7.113341,386.03326,395.49612,-272.0066
87-0.pngresized.png,209.92792,51.512863,78.8178,204.89145,41.69879,54.859913,201.8267,41.730614,54.97727,198.81604,41.93762,54.814995,212.31412,41.90679,51.05896,214.95749,41.613266,51.06866,217.5773,41.43355,51.219856,192.2994,49.65316,-15.748022,220.77864,47.768204,-29.046614,205.92693,63.308563,59.02487,214.14366,63.045246,54.770473,132.47612,120.880714,-47.187515,269.7012,110.16313,-48.900513,128.84123,164.29527,-89.49259,286.67532,141.87778,-101.85432,190.26787,169.83682,-114.143265,235.35194,107.61356,-165.51439,202.87056,161.50787,-124.50168,232.91296,90.620575,-174.97108,219.65985,162.47464,-108.469444,221.1865,90.85394,-183.59746,217.34468,164.83612,-112.47136,217.7204,99.62915,-174.53107,153.38258,316.372,9.763301,236.79955,315.85742,-8.724556,112.14545,299.96152,292.92926,305.64084,308.30786,287.53497,129.55579,353.70645,347.56247,271.48694,364.6531,257.7796,128.78293,365.87155,354.3641,263.94244,378.3186,259.61514,147.91687,334.96786,422.0262,282.03873,347.11905,339.81604
9-0.pngresized.png,151.69582,69.45426,-260.05612,161.5406,56.113415,-255.86272,167.01227,56.098072,-255.75601,172.59114,56.02541,-255.73451,149.16936,55.74743,-247.74013,144.70085,55.21568,-247.60817,140.24197,54.79466,-247.67488,185.04793,60.39105,-193.31479,140.95404,57.995472,-153.44724,163.7776,80.25562,-233.75055,145.73671,79.34402,-222.2655,218.08786,114.91536,-143.21707,106.067055,114.03789,-150.38571,237.2397,195.83147,-164.16182,86.229744,202.01695,-157.56573,258.3046,267.91858,-221.45987,69.243286,277.67902,-195.27043,271.7527,290.7535,-233.77232,56.55088,299.50113,-206.30048,261.1135,294.23337,-257.12747,64.91169,302.72223,-235.23239,249.97318,287.5365,-228.70361,77.041954,296.61743,-206.42351,178.22452,246.18242,22.681105,124.91588,248.75359,-22.09596,238.82788,224.1136,-223.90778,178.80016,251.19533,-219.1541,117.54925,302.67133,-140.89394,216.45038,302.4985,4.6490436,99.94893,303.4434,-125.49697,216.83205,304.6358,33.332,82.196175,332.2048,-162.75917,239.86786,324.52917,56.71453
90-0.pngresized.png,206.5949,81.86722,-88.362434,210.33862,66.509705,-70.620155,216.01247,65.51962,-70.446205,221.82983,64.47341,-70.58894,194.0942,69.56726,-77.520836,187.57588,70.58433,-77.40326,181.08044,71.697105,-77.39149,226.81221,71.26575,29.12925,171.10196,81.03643,7.51029,217.66846,97.04822,-50.738937,195.97417,100.615364,-56.93131,266.57678,170.80847,56.810364,142.22621,151.56554,-17.650045,258.31094,276.61746,67.14314,160.36514,206.35341,16.826551,236.8752,336.02072,25.03641,190.69171,207.87549,46.149933,237.44292,354.6702,11.927245,195.71587,214.90475,27.523552,232.64772,349.8416,-4.850504,197.18979,210.63068,20.075338,228.36073,342.02145,16.340675,199.8866,208.14748,42.924076,222.96428,371.42255,41.580513,154.63611,359.65674,-40.941845,245.55678,463.31342,-224.4335,241.71642,331.5125,-420.98706,95.31066,440.22687,38.880054,382.64975,439.20508,-301.5896,79.900604,423.75085,74.92529,393.2914,456.41327,-283.11816,22.889118,453.76804,42.5862,450.6915,453.4256,-389.46906
94-0.pngresized.png,99.93961,60.98372,-73.93921,103.361725,52.07521,-64.81958,106.59871,51.741165,-64.77587,109.9011,51.371735,-64.848015,94.32253,52.83023,-67.10224,90.685394,52.891098,-67.054924,87.049194,52.980896,-67.02857,112.876595,54.12256,-2.8200781,81.160995,55.957016,-9.438092,105.46903,67.69228,-49.78778,93.18035,68.49619,-51.706688,129.28664,94.39009,24.336401,62.271465,94.86184,19.725437,135.39307,146.77661,32.015152,54.799328,147.96518,35.780453,121.04415,171.3064,-35.270527,61.15914,163.28049,-24.957323,118.19223,180.01324,-53.773193,60.74415,170.9182,-44.105686,114.10669,173.99553,-58.948208,64.97297,165.75708,-51.22314,112.912704,170.75267,-39.494198,67.77329,162.96825,-28.648855,109.19939,190.73839,8.021521,76.01086,190.00693,-7.575973,104.79027,236.78668,-125.28032,110.13169,202.10585,-204.19177,42.31876,223.33414,13.860218,185.04463,228.22723,-116.02708,36.51868,215.92389,32.211086,190.65308,229.76254,-103.762344,14.214317,225.66547,6.7984343,220.48126,233.4129,-157.51024
97-0.pngresized.png,169.68698,64.85593,-174.22382,175.92604,51.73942,-153.09053,181.54906,51.76914,-153.08061,187.23972,51.735622,-153.21884,160.64394,52.037632,-158.4532,154.40883,52.084457,-158.3744,148.1586,52.20809,-158.39465,191.37228,62.442585,-46.799725,138.57047,62.65685,-63.738434,179.20656,79.96623,-137.41223,156.93633,80.30752,-141.90977,218.8206,136.5208,-15.054855,104.32368,143.24184,-50.154514,220.56633,232.74393,-1.206104,106.31423,241.1693,-148.77927,223.1896,291.5365,-68.6323,99.22607,172.80536,-286.73297,230.54962,309.441,-75.99258,96.70898,153.64253,-316.40732,229.56499,306.4027,-93.530556,88.66722,141.47673,-307.68655,222.60674,299.64307,-77.44655,95.61331,147.34552,-287.40424,210.97864,302.24857,22.310852,142.23174,307.58386,-21.652723,270.636,397.23767,-217.35245,180.15993,348.17133,-336.91776,199.40338,438.99716,-17.803223,280.13644,402.31763,-160.35883,186.70494,434.2467,4.2121096,286.43115,406.94336,-139.92583,179.96584,475.24625,-53.644905,330.7076,420.44427,-223.06851
98-0.pngresized.png,145.73782,67.915276,-34.80897,148.7081,61.877388,-27.133085,151.25694,61.58229,-27.099365,153.87053,61.288857,-27.20561,141.44003,62.85511,-27.997686,138.66428,63.25374,-27.952639,135.93407,63.69819,-28.100962,157.04314,65.5441,21.702665,132.7119,68.21331,15.164328,150.87245,74.388626,-16.355013,141.02347,75.576416,-18.599915,170.75009,104.23316,22.579443,121.49071,95.26702,30.44826,171.48695,142.93921,40.522156,110.21849,68.8427,18.781656,158.06633,156.88536,43.349434,137.20312,54.880547,33.296925,156.30109,163.33015,44.261803,144.33862,51.989838,23.63515,153.04768,160.5983,38.63416,145.51007,52.978775,32.746864,152.86288,158.9226,41.53577,143.82796,56.466743,34.89586,155.04816,182.37926,-4.376435,126.18518,182.96263,4.4721575,141.13402,164.39784,-129.98442,128.58058,194.3862,-138.91919,81.60477,199.31628,-101.14933,188.0657,200.41173,-33.004257,77.64633,204.17313,-93.74138,194.63567,198.02328,-18.965378,48.059532,199.15384,-137.1952,209.72345,200.98634,-43.93779
