1-0.pngresized.png,406.53943,85.91918,-148.08688,397.9948,73.255394,-127.71603,398.2069,73.202515,-127.70111,398.74686,73.097946,-128.12328,390.94482,72.41719,-166.31522,386.09973,72.51184,-166.63315,381.37344,72.66089,-166.78711,379.63113,80.65422,-35.46615,354.7321,84.60871,-196.7533,397.8756,105.33841,-110.61761,389.65115,105.02758,-157.68523,397.71448,173.32648,-77.061295,268.7192,182.35846,-144.62958,388.04654,291.82217,47.182262,183.16603,308.2005,-170.64577,370.65924,396.20044,155.19812,97.71332,424.19962,-192.21678,366.31485,428.94882,171.71083,73.26681,426.08893,-184.69974,367.84915,425.9984,167.81999,72.466034,432.52426,-230.28915,364.53464,410.80154,148.42674,84.91103,434.30292,-213.72942,338.71613,394.53052,-88.79228,307.71295,396.45605,89.67209,229.63531,312.19162,-112.39591,316.6718,447.06342,113.95464,162.03479,382.4211,16.305397,361.78845,433.13284,205.27708,155.76343,401.43094,29.829996,350.2513,435.5085,208.89452,123.18529,352.6855,18.961443,386.3002,404.74216,245.82716
10-0.pngresized.png,121.154655,84.43724,-118.40206,128.77733,75.8564,-114.71448,132.64265,75.69708,-114.66672,136.70583,75.422066,-114.72591,120.56197,76.260574,-100.334465,117.96651,76.19739,-100.32798,115.39222,76.221596,-100.445305,148.5414,80.93461,-82.09147,120.706184,80.84341,-13.380834,131.81848,94.02087,-107.33935,119.69718,94.49112,-87.91636,175.29303,133.24185,-29.770653,101.419174,135.27382,-42.39723,222.43704,184.49303,-86.87918,65.77133,194.8451,-55.655045,280.94946,239.51118,-128.0644,26.989832,255.8218,-52.30726,301.18307,250.23093,-117.04918,9.015705,267.34094,-46.444305,296.93402,256.1218,-143.40703,12.691187,268.79324,-65.72171,287.56436,254.60138,-138.17279,22.87305,267.44843,-62.328926,157.59018,252.64897,52.341633,130.18819,267.29034,-52.018986,226.77751,199.21046,46.519863,226.88655,229.84723,-90.35741,201.73326,271.9457,58.90629,244.90096,264.19626,105.78509,185.9477,281.41138,61.380302,234.94156,269.24283,131.09375,233.56165,286.03622,79.878334,280.55826,263.23615,190.47778
12-0.pngresized.png,383.74475,101.42555,-216.20308,389.61554,82.80774,-201.02374,395.79684,83.248,-200.96577,402.1054,83.588135,-201.08589,370.86578,81.272415,-210.40147,362.37067,80.54355,-210.56317,353.87833,80.00325,-210.67921,397.54428,93.75564,-96.66651,332.38507,89.745,-138.59032,387.28555,126.02965,-176.37985,361.61118,124.22195,-188.11418,419.4818,202.24278,-80.32691,248.35185,186.92178,-55.472557,456.53708,285.73068,102.83675,164.03293,288.61533,22.375273,370.89227,348.55228,340.49207,111.78418,388.41666,84.03249,352.10583,374.10043,368.1364,85.73533,420.23477,97.94601,337.83627,367.4485,364.68246,103.42446,418.18683,74.96608,341.4806,362.93536,346.28925,119.18682,410.9034,79.9819,347.1063,451.25415,-55.443394,253.68817,428.6256,55.54883,206.40773,373.49008,-232.53386,78.681404,381.84204,-127.41243,243.44972,479.76096,-61.69529,228.10182,487.58987,-25.623703,268.3776,489.4844,-36.35517,264.9065,493.3206,-9.456441,193.79066,528.24396,-18.229998,225.6941,547.6965,-18.865723
14-0.pngresized.png,287.74783,89.56859,-194.04173,286.93585,68.65136,-185.07162,291.33945,66.23038,-185.11221,295.93848,63.74902,-185.325,273.37683,74.34476,-191.35315,266.83655,75.92846,-191.36957,260.45587,77.597496,-191.26614,290.8449,65.60771,-115.12203,244.80034,84.3143,-133.58838,293.02478,100.63048,-164.30965,273.7681,107.404945,-168.78238,321.49417,146.86371,-104.6991,195.83344,163.13115,-29.419765,347.40262,268.68582,28.312696,123.837265,250.29303,-84.02469,382.4669,340.3054,141.51181,95.24612,158.18054,-190.9952,398.6631,357.01202,175.14665,86.680435,141.13,-179.09541,400.58545,359.16376,150.6647,85.6328,118.75694,-180.51968,386.70587,355.56805,136.63858,97.679375,126.11986,-192.73589,267.9435,333.93903,-55.057644,214.3083,335.34906,55.61607,134.44676,293.6854,-24.126715,107.83677,274.6653,183.39763,153.0214,299.89996,296.05145,196.97104,362.6046,206.24336,167.66544,295.62595,334.95,214.53505,363.9773,210.74696,127.00562,295.58365,432.96085,225.91287,396.4083,222.6381
15-5.pngresized.png,142.1184,92.67746,-25.37723,142.03139,89.53494,-22.177193,142.92648,89.32405,-22.170404,143.84435,89.09416,-22.196325,139.20862,90.08693,-24.283335,137.85287,90.30371,-24.306684,136.51137,90.53485,-24.286177,142.86874,91.222275,-5.7373395,133.26689,93.32326,-14.955007,143.1914,96.546936,-19.121567,139.1517,97.29239,-21.869703,146.65596,110.82592,-9.869494,128.05348,113.26982,-5.1176014,145.0555,137.02594,-1.9165118,122.12735,139.36676,-5.8426886,140.02058,155.06432,2.3968878,113.670204,159.58101,-10.20266,140.01584,160.50127,0.39219016,109.95786,165.36087,-12.010109,138.43626,160.21428,-3.872209,111.16127,165.42686,-15.66674,138.14761,158.55566,0.4787415,113.26895,163.60962,-12.141016,146.75555,154.10976,-7.512161,137.28223,153.77634,7.613767,120.765884,138.50255,-15.340881,116.18659,140.55898,5.1026926,116.85738,157.67268,26.38201,137.90913,161.84537,10.450614,118.830765,160.60953,31.355751,141.92601,164.10402,11.406003,107.04521,160.61787,40.3346,139.95053,168.92595,14.0919
16-0.pngresized.png,113.91832,76.97282,-87.940865,122.58811,68.97512,-83.12859,125.79369,69.38475,-83.11418,129.14374,69.69529,-83.13834,116.47246,68.7563,-71.00386,114.75847,68.733215,-71.129585,113.03359,68.80136,-71.11524,140.53563,78.72456,-61.90244,118.71912,77.23708,-1.3042518,122.79102,90.56143,-82.44757,113.0826,90.14153,-65.53365,166.81831,149.3137,-33.98601,92.911514,146.00192,-18.256739,223.31741,202.84885,-108.980896,68.83864,211.37355,-7.4816594,186.05344,217.41287,-170.83333,37.817375,283.64383,-46.506012,177.04959,223.10936,-190.15894,22.54503,297.0439,-57.133312,166.15967,216.77617,-184.98878,31.005487,301.68533,-80.34065,169.4454,215.95447,-167.98344,41.62015,297.94644,-58.735992,154.9794,275.51083,20.647072,118.60464,282.04425,-20.513502,245.6734,261.3313,66.98346,184.95715,292.3944,-19.693546,318.73065,308.5623,136.81615,235.07156,267.09183,209.5571,320.79706,317.98892,146.19022,236.26372,260.57437,239.25601,361.39496,308.67105,154.40965,258.50693,259.53635,324.12607
17-0.pngresized.png,149.2577,84.41448,-60.553905,156.7103,75.82809,-62.179043,159.74666,75.24461,-62.100685,162.94862,74.544685,-62.07604,151.53975,77.33191,-44.200653,150.44463,77.71106,-44.32626,149.34325,78.18964,-44.31576,178.28366,80.47792,-57.668938,159.1562,84.20778,24.026466,160.60548,95.270584,-61.82599,152.57297,96.86162,-38.266747,226.27979,136.95769,-70.7531,148.03172,148.63306,36.283314,277.9072,206.02556,-106.950325,104.757904,215.7063,8.857687,320.4021,280.025,-144.0179,50.931522,277.58826,-26.705246,341.4037,295.04575,-146.98364,29.368675,294.31516,-26.569555,329.52875,300.99875,-175.91878,39.40961,294.36282,-46.315918,318.34595,299.20264,-157.32376,50.788445,291.5264,-36.46075,199.20415,274.9555,-41.47539,162.65358,273.8708,41.896675,115.76969,239.8045,-24.97856,96.3643,221.50122,36.706703,89.42476,283.2124,77.13993,164.2223,301.42273,-4.5789795,95.101456,287.27322,92.89994,180.14008,308.3888,-7.313403,53.435246,290.7018,125.303375,166.67924,322.60648,-19.40401
18-0.pngresized.png,90.332375,67.414795,5.041296,94.53315,63.69494,12.405839,96.908226,63.60498,12.4347925,99.30536,63.463722,12.427867,89.263214,64.49875,18.721378,87.698044,64.87702,18.775078,86.128174,65.31633,18.77082,106.87696,68.49125,42.291325,88.43571,70.86586,73.24388,97.52404,74.86072,13.833524,89.79578,75.83166,22.622974,132.64258,97.28513,34.886433,79.41634,108.47386,66.28121,171.68317,113.03433,-24.922476,76.62327,137.98148,45.13967,166.34058,127.64926,-110.6441,95.732735,148.33368,-25.688944,168.65096,133.93391,-123.8656,101.47654,155.61862,-39.675682,159.7848,129.29915,-128.55292,104.284256,149.74782,-43.938175,159.42313,128.72656,-112.01365,103.416016,147.69878,-27.78499,132.37578,170.30765,-4.21973,96.83115,173.20538,4.468039,181.67941,155.43637,-101.99571,61.90742,150.32574,-80.268326,111.502075,186.97084,-109.73344,116.90236,184.95825,-118.09683,100.61216,184.61693,-107.32797,124.14952,186.94087,-119.92901,84.8148,195.01778,-131.2884,134.43373,188.34515,-149.10074
18-1.pngresized.png,118.49282,58.8347,-51.87096,123.067276,54.37391,-54.95633,124.76973,54.48069,-54.94997,126.53831,54.550728,-54.930347,120.25354,54.167625,-45.632168,119.55217,54.07081,-45.642216,118.83946,54.04058,-45.728733,133.97618,58.757584,-54.318203,123.28195,57.820137,-11.724033,123.71564,65.72534,-51.418926,119.05339,65.34603,-39.21365,154.84605,88.730415,-55.0803,114.617935,93.769905,-1.0935383,169.03871,125.3,-80.72564,108.06871,139.7159,3.9286973,128.7698,138.90671,-96.99493,90.80376,174.34196,-8.091446,118.266495,147.25456,-101.80536,84.410385,182.40533,-6.6305447,113.94865,139.7441,-101.64702,82.75526,183.14415,-19.820757,118.652596,138.41527,-95.35075,87.974655,181.37506,-13.908108,149.95184,156.42471,-9.975373,127.68793,156.89223,10.220437,164.07455,141.41315,-111.987434,126.717155,144.7131,-43.214993,137.31134,208.89743,-114.17395,148.59657,188.15366,-17.97984,133.07379,217.06717,-112.928055,150.44759,192.3583,-14.0293,122.60331,224.02441,-148.92265,155.27507,199.58333,-30.686287
18-2.pngresized.png,177.1272,38.368206,-47.121532,182.40678,32.931854,-37.84444,184.98671,33.535362,-37.817,187.67024,34.053116,-37.856903,175.88852,31.599419,-37.267586,173.25844,31.096012,-37.346138,170.62256,30.642467,-37.371983,190.80374,39.74436,6.4964356,167.94287,34.87348,11.491413,180.6464,48.257004,-31.686886,171.1781,46.21118,-30.569422,202.6342,73.697464,-3.4437208,149.6668,80.19018,21.938295,216.81538,112.55815,-73.53664,108.73113,131.80243,-10.573987,176.07198,137.65796,-160.47882,60.519226,183.94766,-44.727104,166.74359,149.01878,-179.7185,43.14072,195.90532,-37.441837,157.5566,142.907,-177.29181,45.737316,197.60254,-57.55536,160.54265,143.23288,-160.22931,56.091713,196.42844,-51.868393,195.37938,164.92201,-4.9796,165.21788,163.35046,5.230199,185.11296,207.45987,-112.527054,107.95705,195.98584,-37.258736,97.48125,244.00432,-96.11819,149.96169,220.23538,14.097536,86.94268,245.3835,-90.3083,158.75108,218.12656,21.245007,59.527138,254.96045,-135.87775,151.75032,234.95146,2.9555902
19-0.pngresized.png,106.87938,91.794395,-88.94505,116.117775,83.230125,-85.95327,119.314926,83.06836,-85.74956,122.63844,82.82619,-85.821785,109.057976,83.011795,-61.139908,107.60847,82.46066,-61.432236,106.14965,81.94163,-61.49102,136.41731,90.12087,-68.95614,115.97656,85.60216,43.324753,116.302795,102.14654,-84.19493,107.86194,101.22548,-54.231667,168.75296,150.00853,1.9453404,88.95775,146.6046,15.331119,223.84384,199.55217,-79.96732,66.22182,213.2089,21.187973,182.95126,218.34338,-178.42274,33.648754,272.95197,-27.87009,169.30466,220.8571,-200.23956,19.344994,284.12595,-35.808308,156.23929,217.34676,-188.01662,22.58527,285.6164,-52.51856,163.0081,216.87749,-174.96088,34.389126,280.93698,-40.166214,144.28235,267.95844,62.68055,113.7906,283.70804,-62.283615,235.66066,246.87433,89.84809,198.52843,234.52783,-105.40911,310.54123,294.9582,135.72449,228.83505,267.00247,114.982796,313.60696,305.9585,140.3356,227.21927,268.4126,140.64168,365.36057,285.11673,138.79391,256.43848,262.99396,177.67912
2-0.pngresized.png,174.2718,119.2248,-98.664246,195.39383,97.412895,-96.30721,203.38568,99.02804,-96.33413,211.71321,100.345215,-96.42279,180.22762,91.90027,-70.51661,176.2667,89.221054,-70.66927,172.29926,86.68082,-70.85447,236.72704,113.233696,-62.349342,182.32463,94.22177,54.016014,192.87013,146.77016,-89.1229,169.60524,140.18744,-56.301758,298.89474,247.41153,-12.989917,116.47626,238.16623,-19.264252,422.60672,390.56827,-85.36784,90.73901,417.05283,-29.161911,555.433,519.0902,-145.77402,69.1453,595.1364,-8.865832,598.5921,550.81055,-130.96219,50.388638,634.21765,1.8953913,584.30096,559.7578,-184.32182,56.50627,642.70703,-36.64553,560.3562,553.3995,-168.0541,72.59186,635.5145,-28.396328,281.23984,533.0631,79.232155,199.2526,559.1091,-78.63421,409.003,363.51816,54.227066,386.53812,422.8205,-128.55542,539.9325,545.3745,103.440704,541.93396,567.62616,196.25537,532.45825,582.24133,109.47367,540.2598,597.126,234.73666,650.0514,567.68475,102.47617,640.78894,572.3613,276.5372
20-0.pngresized.png,122.19121,89.225296,-100.66123,140.08426,69.6217,-103.72754,148.17899,69.529884,-103.757355,156.49289,69.24973,-103.88354,124.80476,69.1563,-73.59266,120.698784,68.47146,-73.63259,116.56172,67.87011,-73.63431,184.86905,78.271164,-90.92872,130.65968,75.10495,46.173714,144.5477,110.18578,-96.92678,122.00879,109.183136,-57.36556,254.5226,180.67302,-61.663555,88.98865,178.05838,60.184113,323.63232,290.99292,-79.32528,32.697624,255.52248,114.86232,409.01016,389.5417,-131.83066,72.36454,305.95374,109.63325,445.56766,411.25018,-121.93695,85.63041,317.60403,99.36124,435.67578,422.6014,-160.92656,88.81723,317.22586,95.45941,414.2759,419.39685,-146.42415,90.110886,314.7157,105.87445,209.1162,423.00052,14.992651,119.048706,433.63675,-14.15383,281.11087,429.08167,-26.6921,199.97217,419.86697,-60.506447,261.11447,505.91235,106.4405,249.76094,535.1272,115.30777,248.8635,513.72394,119.6937,249.65857,554.98224,129.94406,280.62497,547.7857,98.02369,282.26843,569.7175,104.530334
22-0.pngresized.png,184.75581,105.17547,-28.884289,196.03413,90.04962,-28.541336,200.81332,89.72173,-28.315191,205.94115,89.280556,-28.088232,191.708,90.37818,3.9884276,192.2814,90.483444,3.7555716,192.78789,90.73023,3.4582884,234.74055,100.90778,-54.44274,215.48476,103.93936,102.33275,205.34843,126.78331,-42.5308,196.23853,128.24986,1.74184,307.38696,210.39,-61.50914,182.68701,233.2253,46.37739,316.9093,265.74966,-355.49905,137.91263,369.9305,35.020756,324.36484,156.65408,-689.5421,65.06906,497.67834,20.06963,330.7037,125.805305,-737.0741,36.417416,524.5954,45.908577,329.4079,117.52225,-733.87964,43.19909,529.7257,-10.816207,324.7905,131.67038,-697.97284,58.925495,522.18317,-3.4815662,288.67978,456.10846,52.947598,215.41724,470.6442,-52.64612,339.66077,370.3072,-103.164474,352.37885,375.2229,-123.388695,226.94598,497.74777,74.87632,437.0892,474.82794,189.73404,200.31398,506.80588,98.44844,429.79144,487.80435,231.51312,232.63774,530.92,119.77763,502.91037,493.31656,305.84198
23-0.pngresized.png,212.73026,57.41517,-8.972156,211.308,48.18179,2.2401743,213.1893,47.736954,2.2458854,215.18257,47.277832,2.1874945,204.1723,48.956306,-7.94398,200.5179,49.0517,-7.969272,196.9425,49.204712,-7.8462687,210.0542,51.111748,47.546867,184.33092,54.01057,2.8591912,212.82632,67.6572,7.546275,202.99696,68.65005,-5.0431814,218.9804,110.67392,28.001205,149.59726,101.49546,5.6165056,236.23723,184.60864,35.56088,90.33648,150.35637,-49.105553,266.55722,247.24702,21.64314,142.63869,189.85612,-113.8296,277.6798,263.43524,23.410154,152.63034,208.48029,-128.0949,274.15063,262.37045,0.54613984,170.54506,200.94928,-118.425995,265.8584,258.43695,12.370234,168.60246,197.2516,-108.394485,187.98615,243.85353,-9.815664,151.82762,234.15163,10.031072,107.881004,232.89006,-2.9940712,87.66945,200.5143,-94.845184,58.40787,240.91164,156.68286,183.10681,256.2812,-103.54644,59.43228,237.37636,182.325,197.08992,257.4326,-98.43361,25.60097,236.5455,227.19559,221.02097,269.05704,-120.023026
24-0.pngresized.png,129.71921,87.08808,-131.33722,137.29912,75.64422,-113.16033,141.80067,75.44825,-113.1383,146.4394,75.14751,-113.14204,125.59557,76.136215,-110.854774,121.468796,76.04027,-110.93748,117.35854,76.008,-110.9347,154.42296,80.451744,-38.389317,116.424324,80.78371,-21.973923,139.66234,97.867905,-104.6154,123.797966,98.55141,-100.37536,167.37018,144.36499,30.34021,101.56493,149.82622,-36.460266,195.52269,214.09094,36.427856,81.39293,234.18813,-52.38272,237.66278,255.44621,2.9309542,47.59465,301.8169,-63.386005,251.21553,259.27472,0.9841633,30.363693,314.07742,-62.431286,251.80605,259.41342,-22.519398,32.860565,315.12323,-87.43616,244.87273,259.4347,-9.14341,43.03957,312.09277,-77.37499,159.6145,282.56195,52.959583,133.31631,290.8617,-52.913208,241.24832,266.28113,100.71563,228.16212,247.26143,-47.803326,317.9841,289.26263,164.88414,261.69122,258.87503,148.44453,322.951,298.6837,169.94601,259.92145,264.2021,171.71619,359.75888,278.72885,172.45998,280.91528,248.91835,230.35863
25-0.pngresized.png,47.013023,41.467686,97.33656,45.51825,31.824812,75.512115,43.071472,31.37347,75.54005,40.808037,30.957438,75.44905,52.726963,32.366467,82.96834,55.890038,32.47161,82.84066,59.1797,32.655426,83.06152,44.269306,37.69451,-22.682041,71.72157,38.935574,26.768826,47.854675,49.14251,66.77809,56.42585,50.22432,79.64724,33.048977,95.012985,21.787575,118.9028,92.95807,-39.401455,37.195717,167.59924,24.62628,158.92374,161.04646,-21.383537,36.30657,237.7476,16.126743,157.63971,216.24672,8.368871,32.388077,253.03233,10.13102,163.096,231.03142,3.536947,34.90357,253.03993,14.972286,156.53885,234.0676,14.39015,40.775887,251.66537,18.105371,152.16797,230.55428,11.510864,81.48062,214.73743,80.90047,78.09207,228.84094,-80.03485,162.25764,163.20848,141.81291,190.71588,214.87518,-111.28182,200.1303,229.00372,135.67163,194.58096,230.14737,155.80902,191.23454,246.39326,137.13208,191.86824,234.13422,183.65817,252.2175,235.35693,146.80034,211.90955,220.20404,236.38385
26-0.pngresized.png,124.09405,58.80657,-86.20799,128.86694,49.160824,-72.6743,132.77943,49.417576,-72.5687,136.80077,49.598774,-72.53079,118.19459,48.160374,-78.292984,113.86771,47.61805,-78.307915,109.56755,47.135647,-78.40323,139.62852,54.224678,4.5972557,102.85491,51.285778,-14.942084,130.81671,68.99647,-58.55134,115.20325,67.81898,-64.50541,152.45566,107.898796,36.29362,77.80724,101.77499,-21.413013,200.75845,152.62721,-52.029987,60.74456,171.42654,-51.2698,204.72328,168.86577,-173.06772,38.138752,239.25656,-70.93,208.0534,176.00468,-196.56229,22.731909,255.31746,-70.95253,195.19116,171.5391,-193.87804,31.055698,259.64694,-93.22632,192.39163,171.70181,-174.41516,40.636166,256.25333,-79.80126,135.66006,233.67159,43.906097,98.70827,234.32043,-43.714966,213.21486,181.37962,64.65573,165.08557,175.0444,-60.474007,152.33995,259.13898,-14.057489,219.03726,237.03998,41.691372,134.40982,264.16687,-20.551628,214.28352,250.12073,55.332066,155.70789,282.83466,-40.221233,263.45377,239.57503,66.07256
28-0.pngresized.png,52.44533,53.441257,63.083332,62.830368,40.935158,45.205986,65.62495,41.353985,45.290756,68.63397,41.680347,45.34787,63.26059,37.967934,75.55074,65.74571,36.56405,75.61463,68.07755,35.14416,75.52158,90.49649,47.30133,-23.226917,86.47277,39.24891,112.83092,64.47817,68.52307,41.37274,61.9852,65.80442,79.87442,157.73686,125.24173,-19.513443,55.8435,116.1565,120.47671,202.76894,198.16281,-57.48055,57.160957,190.04422,190.33754,255.32066,253.80263,-113.596596,47.68727,260.54852,168.90219,276.4386,264.59088,-119.808365,45.11521,272.22012,171.35593,267.45685,270.94287,-135.76036,41.531464,281.2112,134.72453,258.2495,270.9921,-122.32621,45.67886,280.45844,152.58192,148.99066,276.62903,37.250385,70.9444,279.83475,-36.534748,229.75494,208.48907,-62.236897,138.53084,178.23676,-179.13582,130.5698,313.0745,15.750624,167.61661,290.40744,-61.440636,107.35564,310.78793,25.879803,160.02528,301.36713,-43.255127,125.78958,357.5799,-3.8554225,209.04497,324.7784,-44.208008
31-0.pngresized.png,142.33388,79.17542,66.33114,155.1763,62.917156,53.314236,158.89888,62.952915,53.53381,162.95187,62.843815,53.62058,153.57086,61.74364,92.77262,155.51309,60.916363,92.865616,157.32367,60.147717,92.69276,192.64316,71.00639,-0.13756429,182.2321,67.450836,185.79535,159.52051,98.92441,48.587654,154.9457,97.692024,100.9511,282.0805,179.97261,-61.07771,150.61964,188.81212,187.96036,304.08566,315.91415,-113.937645,153.40616,321.2668,218.17528,292.99442,402.572,-239.23524,127.32675,422.0691,125.93532,295.93048,429.93555,-275.32333,116.71868,443.19348,107.666565,278.46033,422.62137,-297.09546,114.20121,444.7372,71.85289,274.92838,414.2741,-247.33418,122.116325,437.42175,106.04645,262.7966,431.9121,9.341633,172.70659,435.63016,-8.29688,346.449,409.7108,-276.26328,199.75899,352.91638,-237.34044,155.61305,521.90344,-39.399315,366.84277,475.38608,-106.74665,123.03796,522.238,-4.9196887,373.23157,487.8896,-82.93537,98.01117,539.365,-69.63784,454.50555,480.06076,-153.87856
34-0.pngresized.png,100.36224,90.73116,-82.23883,110.65924,77.858536,-87.422516,114.55082,77.41141,-87.27294,118.64227,76.81776,-87.287964,104.160645,78.327095,-61.215866,103.09258,77.901825,-61.273422,102.01932,77.61586,-61.380745,139.61736,80.005165,-93.04089,115.513,79.32323,32.397125,114.336136,101.04889,-83.965965,105.01954,101.6588,-49.28552,198.17645,145.88956,-33.09194,91.436066,154.09103,-23.328413,254.35774,225.50208,-83.657364,77.69137,246.74611,-45.21576,312.55695,289.7365,-140.89203,53.24133,322.33832,-66.20681,329.23587,296.9367,-137.36693,39.418373,336.44965,-73.35022,324.65997,302.13455,-168.1854,43.552727,335.79706,-91.91881,315.7559,301.24057,-154.10478,55.923378,330.81342,-78.942825,180.31818,301.00882,74.81576,146.86075,314.34406,-74.32984,256.93655,265.09097,67.2052,253.47525,242.75214,-97.365906,170.46233,335.7798,116.113914,308.1229,323.3831,102.06246,150.0361,337.70862,122.99378,303.5151,335.0722,128.83388,167.89325,348.76236,153.40552,352.02643,328.10938,177.41814
36-0.pngresized.png,321.12726,60.702557,-8.647781,318.45032,46.214375,-1.1093024,320.6176,45.09233,-1.0326947,322.9261,43.907192,-1.0601468,310.39743,48.467697,-15.686888,305.76254,48.99778,-15.807269,301.1657,49.596508,-15.602118,313.88617,49.375294,35.595795,283.6379,57.92883,-29.228268,319.61914,75.12695,7.368489,307.5294,77.87793,-11.509723,321.30692,130.19972,4.535081,227.71603,128.44188,9.06086,307.6399,231.80772,49.317463,158.5668,219.51314,1.0121113,300.72165,322.4961,59.735462,162.49748,297.57126,-4.514026,304.41025,347.6736,47.333725,156.19489,325.8908,-10.8774185,301.2764,350.51086,30.142612,171.54974,320.0354,-21.338932,295.4081,342.9956,49.90422,177.28847,309.36377,-7.806736,282.78625,313.9372,-41.36468,229.53831,304.13058,41.744625,157.06992,276.87277,-56.026157,99.662476,280.29877,-5.7903833,152.44925,308.34686,170.98413,224.97491,365.65503,26.595566,166.01488,304.8205,203.60637,250.77217,365.4282,36.85165,111.38098,325.62228,266.74704,246.27122,414.09222,44.5678
37-0.pngresized.png,331.8639,89.71605,44.300533,330.34805,76.72847,44.9819,330.33887,77.04147,44.973225,330.52536,77.31131,44.682518,328.13217,75.600494,27.45419,325.9424,74.99287,27.332888,323.7712,74.42769,27.416828,317.59827,83.99577,61.17166,309.59134,81.088036,-13.807819,323.75046,105.22187,54.004562,319.84805,103.442085,31.220623,294.41766,168.87753,17.064781,271.12146,161.0667,4.6599436,234.55606,273.6879,30.15356,254.46431,261.47937,-27.203884,178.61427,353.2088,10.561661,238.13304,339.57483,-70.11932,166.37248,376.02948,-14.37654,229.35207,360.98248,-93.71329,164.16266,373.47522,-20.229975,234.66455,360.13608,-103.395676,167.3347,366.5236,2.277154,238.37564,353.5659,-76.71999,284.83273,366.42905,-27.28052,270.54504,362.55676,27.91392,179.68019,313.31293,-38.206818,260.97415,350.3674,7.1347957,109.73518,430.28513,-32.853485,353.6314,434.43335,39.486473,110.459366,449.32675,-26.646719,371.6213,446.53598,45.930626,67.16041,450.95258,-40.61616,366.51065,453.14667,18.706207
39-0.pngresized.png,122.36746,138.24747,-158.2547,130.57304,121.65456,-139.19977,135.98384,120.41639,-139.19768,141.51501,118.9947,-139.17781,117.1834,124.76902,-138.11157,112.59994,125.47965,-138.32834,108.14497,126.26185,-138.27368,155.48523,121.69874,-43.742058,111.66298,130.96815,-31.219889,138.48103,148.62791,-123.66029,120.57163,152.66362,-121.03411,203.68767,190.93074,51.194656,92.67033,204.95607,-35.30893,282.0823,261.42783,-73.72272,79.63197,294.55615,-31.460852,274.01175,174.81519,-227.81963,49.160973,373.66608,-80.54146,272.22455,144.90904,-257.08493,31.784222,390.7583,-78.40785,264.78882,134.19545,-246.8165,34.716995,395.17975,-119.425,261.79242,149.22781,-228.46133,48.2243,392.98407,-98.78566,208.1769,364.19904,74.36042,149.29688,379.5435,-73.99978,307.4324,335.5448,59.45925,242.88792,301.29654,-108.04093,447.1652,394.6652,81.59947,282.85074,359.28128,105.19812,459.96725,413.69614,83.89592,280.00967,374.63953,129.5157,506.53632,382.23502,61.77364,310.3332,354.05798,177.2525
4-0.pngresized.png,324.1659,110.277405,-273.84616,321.6115,95.83724,-252.98401,323.8413,95.400635,-252.83945,326.33527,94.8902,-252.79059,311.1534,96.03774,-269.061,306.08047,95.75718,-269.18076,301.06116,95.61351,-269.21103,316.88177,98.46603,-162.89543,280.2411,100.39188,-229.87665,320.7081,126.086136,-241.47694,308.29968,126.4648,-261.27466,336.14563,192.25351,-183.18536,201.72955,177.84077,-194.1372,397.41492,306.2989,-225.44414,113.91806,278.37625,-264.86694,459.2311,424.66748,-274.8653,35.35731,393.69708,-336.37238,484.32642,445.23886,-283.13184,5.241373,418.64825,-356.01285,480.3587,450.39795,-327.2311,15.556069,425.26703,-388.59225,465.60202,448.72263,-297.06778,33.1949,418.92926,-353.27515,257.5351,403.20648,-29.092314,187.06018,385.63263,29.393066,170.58804,401.95956,-135.2734,89.32479,347.95715,-80.89923,155.65407,404.3174,108.18204,178.71869,433.61786,-21.026575,166.09315,396.5477,137.7525,201.21664,437.64484,-16.961811,133.48128,407.91806,166.06284,183.46632,461.2538,-61.03476
40-0.pngresized.png,119.53952,55.84456,14.514771,124.26603,49.89913,11.611745,126.56409,49.435776,11.586442,128.91862,48.89583,11.593533,120.25521,50.997597,26.117289,119.144554,51.175972,26.155155,118.0332,51.399124,26.250145,137.70862,51.04033,15.623766,124.73639,53.308746,81.23419,127.306046,60.80945,16.776234,121.30444,61.990913,35.626366,151.69386,75.88364,-9.370818,128.5209,85.43943,107.624725,127.5334,122.247444,-17.374645,129.54222,127.90082,119.00705,90.20026,147.65302,16.869389,124.07474,155.39867,76.40913,84.33365,158.01942,14.8715515,121.65462,166.33168,71.57325,80.69792,156.33553,18.645924,121.35381,163.16043,62.873962,83.54752,154.50299,20.551779,123.22061,159.87924,71.50082,154.86272,164.49825,-22.668663,137.5583,172.24664,22.56886,120.028564,124.31401,-123.3549,108.75333,160.59076,-83.60541,137.44244,199.89478,-139.39369,167.51286,214.40698,-88.26097,143.93254,211.84384,-137.88054,177.41458,218.66843,-86.67451,129.3566,224.25174,-166.65645,185.18593,236.23225,-117.57523
41-0.pngresized.png,285.67947,125.93007,-78.87315,279.6107,113.70991,-65.19404,280.8973,113.13034,-65.13907,282.32965,112.463806,-65.21129,272.76007,114.30988,-81.67521,268.465,114.28338,-81.74307,264.22888,114.27628,-81.66641,269.17685,115.166016,-4.0250554,244.34683,119.082214,-75.873856,281.44986,137.54167,-55.848427,271.9515,138.35342,-77.10407,289.261,180.07874,-39.35256,197.72925,180.21405,-9.464509,333.59006,267.2558,-32.884796,149.8023,260.034,-33.99628,385.54953,337.59055,-50.29515,97.68559,335.48935,-64.15358,405.47467,353.57742,-57.82371,77.35388,358.27023,-55.131897,399.71106,353.35312,-82.72833,84.020775,358.57382,-78.010574,388.62155,350.84595,-62.624256,95.938034,352.4877,-71.80952,274.6194,334.57605,-42.260536,228.1329,327.65997,42.79081,171.66713,325.93985,-51.88955,163.2303,303.43195,71.83056,140.86911,362.81647,20.778337,142.05127,364.62186,27.853111,146.43204,368.65445,33.577312,143.62154,377.7815,21.605276,104.12302,369.96426,62.34931,123.77955,378.46472,-3.7554324
42-0.pngresized.png,46.629154,63.338203,53.698112,55.952007,50.42778,45.273026,59.672653,50.425354,45.356045,63.6044,50.296013,45.31484,51.75698,48.88216,72.679344,51.708344,47.844513,72.71942,51.583664,46.83031,72.602684,82.330826,53.05863,16.053999,64.56133,48.152405,141.4496,58.72018,74.10675,45.26965,51.04817,72.66204,80.07295,135.00276,111.093155,36.513306,40.599377,107.65238,117.47951,185.19618,177.41452,-2.164553,81.97321,165.31549,147.52696,242.84529,246.07275,-37.297432,133.19218,224.40327,134.53537,263.80734,257.70145,-39.423965,146.35515,239.44547,117.233185,259.13455,268.10147,-57.0946,147.35516,239.46663,105.47292,247.68494,266.5367,-43.988625,146.23769,233.13982,126.92099,118.28521,251.5888,58.481346,63.639805,261.18402,-57.483414,228.41603,216.28049,30.64052,154.80391,187.58199,-135.2089,127.201584,292.03168,64.824326,182.05548,270.55035,64.95627,102.0042,285.92914,71.6833,173.80542,279.3853,93.28146,126.23765,335.09055,82.45687,223.53949,292.82068,138.60468
43-0.pngresized.png,216.30466,71.5875,-108.262665,217.92238,60.580032,-92.02514,221.82721,60.285885,-92.00146,225.83861,59.92237,-92.110535,205.5461,61.4552,-98.108505,199.96477,61.757545,-98.1453,194.46083,62.129135,-98.02299,222.79605,66.41129,-16.15935,181.60114,69.858826,-43.778534,220.33261,84.40562,-80.99655,203.1341,85.383194,-89.0593,242.6872,135.45581,-46.85049,149.71754,133.9801,9.119674,274.9588,219.50568,-69.89047,106.136475,204.80049,-30.033163,311.28012,296.52994,-94.48585,54.42505,262.57816,-115.07896,329.10815,315.2622,-101.4405,34.824657,281.59354,-123.5971,321.38754,319.1564,-127.65752,41.28353,279.99054,-148.54175,310.63043,315.8951,-106.027916,52.01815,276.5661,-127.21466,209.22618,288.27457,-45.05472,167.294,279.48065,45.427082,109.72342,227.11171,-58.673115,104.33768,215.9921,6.3236103,47.101074,298.0657,29.51826,159.87514,300.9659,30.189638,51.197872,314.25073,42.26023,175.36803,314.13715,32.961926,-5.740264,298.37238,56.719734,151.93633,322.7639,30.358006
44-0.pngresized.png,86.10884,46.3503,-80.21827,95.52393,36.613243,-80.879425,99.73144,36.710922,-80.871765,103.98984,36.744076,-80.868904,86.85985,35.775932,-70.779495,84.25045,35.14452,-70.85581,81.64963,34.610603,-70.94681,117.84471,39.190594,-52.036316,87.76577,36.191494,-3.390876,97.80483,55.219067,-69.43785,85.57294,54.132458,-55.789062,147.18979,83.492294,-2.6135225,76.82653,82.905075,-14.496167,198.95477,123.28329,-92.30383,63.417084,148.7731,-24.161283,171.31467,73.48178,-178.8248,41.864323,200.20132,-39.234516,162.01619,61.52458,-192.44078,30.382938,212.89449,-29.728416,157.83784,52.757656,-179.54375,33.700073,214.44106,-50.037884,158.51422,60.793915,-174.67464,42.405334,212.43393,-47.15552,145.34702,205.20573,29.889133,114.61562,209.76727,-29.578474,196.76488,161.59572,47.18029,182.43399,165.98856,-43.749264,161.36497,229.77126,46.518795,195.10123,223.12247,44.67859,147.87393,236.98952,47.519344,188.25446,234.4181,55.870342,168.4138,249.77333,35.6573,219.36565,232.4682,70.46914
45-0.pngresized.png,69.60216,57.983738,-178.67772,80.32373,44.57773,-183.8254,85.20401,44.39125,-183.7039,90.24361,44.091408,-183.77824,71.208694,43.553688,-167.74002,68.5282,42.72106,-167.7837,65.78715,41.98619,-167.87053,107.66001,46.895687,-161.6595,75.08415,43.052902,-91.62886,83.95823,69.04888,-168.82352,70.20269,67.82331,-148.83774,151.68164,102.95085,-121.03302,58.79206,106.851204,-83.19551,212.91916,183.7031,-143.6714,39.623466,192.91963,-71.98571,283.30988,256.96982,-158.65244,15.115488,274.78278,-70.16607,310.6133,273.73453,-152.0453,0.8692066,292.242,-62.02292,302.46683,279.63556,-178.02206,5.6474557,293.5321,-83.556595,287.89044,276.76126,-167.19075,16.817482,290.25555,-78.76026,158.12717,235.94592,17.318127,115.87901,251.14442,-17.029858,230.27856,234.2211,-76.53719,206.45699,307.79755,-98.41695,123.08341,291.87036,22.16512,240.52954,279.85336,81.46197,103.4913,291.80374,38.414787,237.94011,268.2997,105.97686,102.39957,314.55347,57.11242,267.41876,282.50696,161.32323
46-0.pngresized.png,279.35754,78.592094,-112.32561,279.24722,61.49358,-101.11115,283.70703,60.870293,-101.264824,288.29208,60.212334,-101.49472,264.43826,62.87395,-110.37757,257.41888,62.91843,-110.18725,250.57555,63.074596,-110.2368,280.81107,64.45965,-29.176098,230.31409,69.26389,-62.829517,281.73413,93.9084,-83.222755,260.98187,95.00798,-92.49005,306.2304,155.26427,-61.156445,180.22743,144.21725,1.5141429,317.13437,276.94815,-9.892357,110.70505,216.79813,-93.652565,327.00504,362.4651,13.369308,100.7874,122.61729,-247.79759,336.47073,386.53464,22.586178,95.61186,104.31851,-253.10239,328.49274,384.60657,-2.2486923,102.98457,91.184006,-256.51212,319.45575,377.85312,7.508064,111.32412,101.8247,-250.2295,251.1137,343.72595,-58.695377,192.34833,323.3065,59.13012,229.37894,235.10626,-66.307076,156.62573,164.3002,78.85713,159.1473,261.68585,117.61914,158.4948,268.0759,28.398125,159.76924,272.34485,136.94685,161.95636,289.47177,20.94042,107.39893,242.25781,181.61798,153.39476,277.42352,29.6482
46-1.pngresized.png,399.08823,134.47437,-164.58112,400.59097,119.074524,-148.71031,405.14413,119.04555,-148.82245,409.81912,119.02665,-149.12581,385.7308,119.08417,-157.79417,378.84543,118.764946,-157.68074,372.07227,118.57684,-157.6925,402.79364,125.753235,-74.04168,351.8986,126.04722,-108.46617,400.6071,151.50015,-135.24466,380.0253,150.90631,-144.29297,424.43893,219.12846,-100.57409,296.8699,201.47275,-54.43985,442.81375,335.65723,-36.91414,220.57422,274.38403,-142.84947,452.5313,418.71426,3.161822,218.00465,180.52464,-293.1026,460.3871,442.20786,16.272917,217.43385,159.05711,-301.95615,454.2031,440.58923,-3.8846836,221.9228,145.5771,-298.47385,446.12625,433.43466,-0.5090406,228.51385,157.54193,-294.5374,358.5273,405.89984,-43.42883,303.11545,386.13724,43.94279,296.11728,308.51523,51.220608,258.9613,265.18674,167.01344,230.45207,345.8178,371.93344,238.82356,341.8154,279.49695,229.25198,359.63263,406.5358,241.06056,358.5145,292.2097,187.89589,330.85767,467.06442,221.38889,348.09894,330.89777
47-0.pngresized.png,357.75653,90.32454,79.18393,351.7482,70.47458,84.380196,351.9888,69.312355,84.442314,352.42288,68.139305,84.12906,347.03748,72.23673,48.8747,342.9682,72.20063,48.619007,338.97092,72.23906,48.36785,333.51205,68.814735,128.6816,315.962,75.172226,-27.404228,347.84564,102.752785,101.67063,341.2473,104.867424,56.267357,329.7198,159.1922,106.65161,257.3255,142.15103,-30.447073,293.65488,242.61557,202.03606,248.50726,193.6971,-185.20558,265.76004,213.28128,249.12694,249.9548,93.95958,-353.13644,259.74686,208.52931,253.83867,248.06647,65.968056,-398.07968,259.46887,199.50179,249.33293,248.29626,55.43348,-394.94193,259.77435,201.20985,244.22815,253.74089,69.06613,-358.5435,309.83926,351.12503,-30.953005,268.0906,350.2671,31.458279,226.91638,275.19223,-236.99225,247.80014,388.9491,-96.84758,93.68865,401.56915,-265.003,382.46454,401.4723,98.45941,83.297,421.82315,-259.23816,398.54575,393.88397,130.20583,20.01701,415.72217,-347.13547,421.66785,417.87537,121.013916
48-0.pngresized.png,241.91957,94.82587,-216.10384,250.1376,78.9002,-187.79913,257.5456,77.78241,-187.76317,265.17517,76.53173,-187.79858,231.20084,81.62782,-189.9592,224.39252,82.44859,-190.02502,217.62988,83.386284,-190.41426,277.9242,82.99464,-54.348537,213.83977,92.23828,-49.662125,259.79092,109.20654,-170.94409,233.2076,112.94068,-169.3518,305.7681,176.55688,42.98634,197.2822,172.7356,-95.53564,394.1837,257.08826,-123.89735,133.6187,289.16782,-135.13779,344.48602,265.70987,-379.59158,63.963783,398.68134,-153.95927,328.96347,271.0235,-420.05817,33.016052,420.7111,-142.73508,313.80588,256.03885,-404.56702,42.822853,427.50653,-183.51941,317.84018,259.36258,-377.46564,62.484127,424.60876,-169.1395,279.7091,382.03458,91.277664,236.2069,390.82455,-90.74327,413.2303,344.05704,148.42067,401.66785,336.60794,-98.8912,307.78244,422.79895,189.97328,318.63803,375.56454,184.43895,278.9296,428.06583,195.53453,288.4332,379.71982,223.8421,322.7163,448.86783,255.0683,326.73578,386.90707,368.20035
49-0.pngresized.png,457.64166,145.38914,-225.07297,454.9179,125.89936,-205.81387,459.6394,123.44504,-205.83992,464.47192,120.911736,-206.21985,439.49664,131.06752,-218.68887,431.85263,132.47365,-218.71832,424.34595,133.97336,-218.58554,456.8689,121.67773,-102.88918,404.8902,139.37094,-152.26102,462.4762,156.19138,-186.89037,441.39438,162.75792,-200.03825,488.9078,206.01245,-78.60844,356.3403,220.85007,-50.076126,515.27966,309.69824,18.611254,311.574,314.56232,-128.59573,549.2732,373.64838,110.61786,279.29965,211.65276,-259.71802,565.4801,386.3123,170.13951,274.03058,188.87286,-261.2735,571.3529,385.76822,136.87323,260.5908,163.87529,-255.38277,559.1987,382.5726,103.87459,269.255,172.30461,-261.881,414.75406,406.13303,-33.66032,359.0263,403.40036,33.941906,308.34903,350.43378,43.520668,269.073,368.36984,56.95712,264.84384,327.54312,373.88614,163.4123,414.48694,141.08676,265.6752,330.4621,408.17642,158.42644,426.33072,146.1908,220.05138,306.96716,439.88336,113.17075,428.81894,120.80623
50-0.pngresized.png,55.41287,48.206696,116.45678,54.546654,36.15161,91.18142,52.286278,35.54563,91.238335,50.23036,34.987396,91.17099,61.789097,37.21234,101.353745,65.16281,37.50245,101.22603,68.65813,37.89794,101.4306,56.56752,43.197483,-21.660551,84.24298,45.707943,39.633217,58.91181,58.409767,80.87777,67.36042,60.150955,97.240204,46.035427,114.11391,23.095882,139.00719,114.54401,-45.120037,47.420006,204.13129,27.35968,190.86157,201.59454,-21.960863,40.722637,292.46448,14.958283,199.68433,265.6152,35.721127,34.667843,313.065,6.370797,208.46779,282.42877,30.076632,37.0316,313.03616,10.240625,200.53279,284.50824,40.753323,43.203407,310.38058,16.64389,195.09335,280.10364,38.2959,97.53633,264.47003,94.06818,97.042595,278.75815,-93.047905,191.82684,206.96632,123.24057,244.4945,256.68082,-116.740105,239.10387,287.91132,208.95566,258.48453,289.84616,180.12791,230.50227,309.67963,220.4064,255.59442,296.32785,211.21404,298.07428,291.19315,236.99283,285.70465,284.7043,277.85693
51-0.pngresized.png,278.98132,107.718285,-37.22859,284.36914,91.94178,-43.253864,287.55313,91.30625,-43.196762,290.88904,90.60935,-43.38146,276.97183,92.36973,-39.39735,274.09543,91.494965,-39.434795,271.31223,90.7031,-39.488747,296.72626,87.36163,-15.504776,269.1159,87.29193,10.539369,283.832,115.48018,-22.702845,274.4676,115.01796,-14.752344,338.40475,137.12897,-21.114838,230.5274,136.24867,33.18582,365.73523,250.25612,-0.34359354,178.00372,205.76881,-109.90063,396.26965,347.07,18.35084,200.84877,107.43831,-266.4705,410.5497,370.58704,33.004337,206.98643,83.50097,-286.98227,408.78613,372.9714,3.9868667,208.06885,69.3735,-271.7204,398.10938,367.09442,7.9059205,210.70244,80.37458,-264.4258,296.63202,322.7122,-40.712357,246.29225,317.32135,41.315613,197.37811,305.4503,-106.740204,175.3725,232.63373,-21.087355,103.51966,328.63,4.1536903,255.50395,356.97385,-118.99372,104.09788,326.50748,26.981272,273.5754,367.92508,-125.554085,40.158356,332.3223,60.58242,274.70172,393.20337,-156.14517
53-0.pngresized.png,113.82186,48.80992,-74.75927,120.02462,44.057068,-78.19801,122.2499,44.366905,-78.22731,124.52757,44.628906,-78.26272,116.18828,43.329712,-66.75908,115.17453,43.062454,-66.77995,114.15165,42.865128,-66.876205,133.29796,49.471016,-77.956924,119.77234,46.66333,-28.298838,120.1329,56.798203,-74.21616,114.14374,55.77146,-60.061195,154.97711,82.96449,-81.76333,111.382545,84.68994,-16.062323,169.82318,124.49248,-93.04553,105.941246,132.14133,-1.6809087,124.51648,136.06436,-89.38059,87.16299,168.94812,-16.649227,113.38951,144.41853,-88.635185,80.83292,177.44362,-14.551458,108.820175,135.07326,-88.51748,78.746666,177.46361,-27.289257,114.50379,133.34448,-86.76754,84.23482,175.56325,-22.280416,151.5937,151.74547,-17.431606,125.60387,152.72968,17.604906,158.78967,144.9989,-117.342636,83.78229,173.89523,-14.705821,150.88799,214.37158,-117.44369,146.90039,173.85287,24.4209,151.83316,222.64789,-115.29651,155.90855,168.58427,30.968096,135.47351,230.66884,-148.69278,159.07297,177.20609,30.949472
53-1.pngresized.png,198.67543,48.440655,-27.039999,204.81871,43.178497,-18.41833,207.4897,43.723515,-18.3841,210.26082,44.173176,-18.47093,198.31302,42.222893,-18.452913,195.9922,41.89921,-18.564821,193.66542,41.62262,-18.600313,215.79031,49.830193,26.58789,192.98222,46.077156,30.271275,203.52374,58.165943,-10.148756,194.32016,56.581318,-9.417823,230.72865,87.04681,34.782978,175.67053,90.92383,27.084702,245.27373,125.07976,-10.68286,135.209,142.63701,7.8923383,198.86302,153.10403,-64.714615,85.447556,189.48956,-27.476906,188.51862,164.71503,-79.85894,68.99402,199.53752,-19.602182,179.51315,159.97586,-79.159,68.54616,203.24178,-43.716106,183.7794,158.72966,-63.91836,79.15189,203.30626,-36.080593,220.78648,187.35298,11.922833,190.14592,182.15997,-11.599445,217.38628,263.18518,-70.72427,143.34271,232.5774,-51.30219,120.34817,274.10562,-2.4882407,140.3612,256.06625,-1.9483757,108.81145,267.81833,8.696958,142.10155,254.33022,5.6585336,82.171036,287.77734,-2.849086,128.15117,272.16342,2.5239444
53-2.pngresized.png,91.926,60.930443,13.724735,96.07725,56.883163,23.565716,98.598816,56.76255,23.552225,101.12366,56.573494,23.504814,90.32162,57.836678,30.433681,88.47029,58.19522,30.488724,86.61369,58.6295,30.476568,107.7847,61.338646,66.562485,87.99786,63.561478,98.91176,98.96948,67.80437,26.526842,90.22934,68.9473,35.623665,137.33467,87.342094,64.16112,79.061035,104.06293,109.95361,175.8366,109.452126,16.427711,68.21524,134.91762,63.23825,171.06274,125.34227,-78.227036,69.91678,132.04663,-42.68893,172.20012,129.90384,-91.44182,70.43656,134.51617,-61.01567,163.15865,125.21263,-99.50839,73.66736,128.5741,-64.34958,162.64684,125.41291,-80.31629,75.38048,128.33806,-45.395435,137.29684,155.6056,-17.700596,101.77544,162.81018,17.972742,143.88226,109.85128,-114.7938,59.02757,123.43184,-67.41288,101.726616,164.67044,-204.7254,100.71814,172.47015,-227.36478,98.25412,171.58836,-211.97772,111.31409,179.36618,-244.66438,75.52937,174.45743,-255.71645,103.96939,179.07198,-293.897
54-0.pngresized.png,319.01108,78.77887,-157.30998,315.80112,60.67897,-154.44315,318.61713,58.93612,-154.44174,321.65836,57.12389,-154.79092,306.713,64.79238,-165.09421,301.71426,66.01085,-165.13112,296.84274,67.27509,-165.15677,313.1006,62.307487,-106.66011,278.2061,76.38048,-144.70035,319.24188,93.035835,-136.14842,305.47202,97.931465,-146.3821,341.57828,146.40945,-120.7628,223.78528,171.97589,-61.842575,387.13492,267.98996,-37.17494,174.37433,275.3784,-175.4582,418.5256,372.3849,29.76853,153.36635,156.95747,-347.1484,435.03778,395.86954,56.794647,149.97263,127.21056,-353.27612,428.69626,400.30728,32.69145,145.21437,111.567444,-345.4719,415.75723,395.3514,23.307655,154.04456,124.270836,-347.88376,304.8143,352.60226,-60.006363,247.9697,356.64572,60.564342,176.87465,353.0095,-59.96128,112.17017,331.45764,123.190765,148.41653,362.69934,110.00514,226.03752,428.64642,50.16488,159.44235,354.0101,135.25105,247.23608,430.51855,45.507267,99.471565,370.6218,197.37311,258.1336,472.64548,26.535673
55-0.pngresized.png,309.7029,92.68528,-174.47122,322.81088,71.71296,-160.144,331.5961,71.00016,-160.01282,340.59952,70.213875,-160.31117,300.53232,73.70901,-145.68184,292.08524,73.849236,-145.74384,283.74384,74.134674,-145.78223,354.37888,80.33518,-70.84719,280.52716,84.26703,4.136572,327.5899,112.95524,-141.7811,297.06827,114.38734,-119.69808,400.74884,193.61511,-95.341156,254.21628,193.86061,94.46501,428.99878,359.96515,-97.52835,171.51515,292.5849,-110.63465,472.2719,487.60452,-103.56595,170.93434,128.27753,-390.30606,496.03937,522.75616,-93.63077,172.84808,85.64538,-422.80472,486.4606,528.66547,-132.14471,175.44348,72.4852,-399.8224,470.65567,519.2499,-114.80728,188.01329,91.92126,-390.11356,352.57474,451.7453,-85.713326,291.13058,447.17896,86.34259,187.29716,383.78217,-82.06018,201.66045,390.82703,157.03789,112.51069,465.86636,161.77676,322.77478,494.48157,109.436104,122.49728,482.76654,194.92085,350.63687,505.2974,106.10032,39.394142,459.83063,211.86374,328.5501,521.06537,76.77076
56-0.pngresized.png,387.02902,83.362816,-238.27565,388.2284,67.79269,-211.10199,392.76337,68.521065,-211.14296,397.5353,69.19163,-211.75513,372.54437,66.06588,-224.36372,365.03983,65.102585,-224.09485,357.63568,64.29423,-223.69426,385.2275,78.53165,-75.57032,333.09396,73.23908,-128.30983,384.70358,105.89922,-189.59618,362.90094,102.564415,-203.3995,425.71173,199.38159,-70.41533,256.17694,185.15332,-18.31754,458.0745,356.98822,50.133354,166.52824,307.41614,-219.73413,484.08853,482.01935,82.58353,158.38214,160.66687,-517.2055,501.9172,511.9534,104.63065,157.03833,128.26392,-547.4455,493.6515,514.52454,55.829586,158.60907,110.03997,-537.04376,480.0439,506.4486,68.000694,168.96008,127.81998,-517.7826,356.1876,468.39075,-73.15404,272.12897,436.3174,74.007904,190.14519,498.06558,-182.81317,165.73468,283.08066,-95.925606,121.28414,526.09283,256.24026,110.95909,468.39285,-79.052216,126.89052,522.6933,313.24622,112.29885,503.37006,-76.027084,41.605568,548.49786,406.84952,74.0432,505.5275,-113.97942
57-0.pngresized.png,136.42998,67.87578,-151.50844,133.5871,61.549606,-139.56358,134.89941,61.25025,-139.5793,136.29213,60.917084,-139.63527,127.88536,62.512733,-152.75853,124.82096,62.83806,-152.75159,121.780594,63.19433,-152.73926,130.32411,63.83281,-80.31791,111.16865,66.94617,-137.70268,136.54184,74.867355,-129.07034,129.13452,75.94339,-145.80304,136.87845,98.9408,-23.736298,94.2209,108.44372,-155.78294,146.64987,147.07504,-10.122967,102.33586,166.83612,-166.44579,165.71753,180.00873,-81.820694,144.13931,193.60904,-157.56258,174.42523,189.50546,-92.555374,151.40533,204.53142,-172.35979,170.21753,190.39867,-111.38181,160.20804,199.34415,-169.03264,164.16449,187.24503,-91.2066,157.46219,195.34235,-154.68382,134.16934,182.34773,35.439194,107.2814,191.77708,-35.337597,185.77625,208.65634,65.62411,159.67105,221.29965,-44.61261,115.129974,205.1957,77.50947,95.092285,212.23788,19.346045,106.29538,195.82771,77.27022,86.330536,204.93889,25.65408,92.56981,213.29764,104.65172,74.13065,216.03267,57.53093
57-1.pngresized.png,67.37755,55.053024,-42.516247,73.49903,47.37613,-43.917328,76.47062,47.40474,-43.84474,79.53104,47.384567,-43.82949,67.89299,46.519135,-33.0607,66.59867,45.992203,-33.024357,65.25884,45.501938,-33.075733,89.35437,49.85205,-35.667217,69.92315,47.333847,14.191302,75.223465,62.4414,-37.93137,67.445114,61.51393,-23.857327,115.41533,91.85581,-13.182461,54.954094,83.33483,26.99344,144.52171,140.43698,-47.67581,62.88153,124.81909,89.30378,186.35896,187.42848,-75.31702,69.88309,161.95927,124.846176,201.76935,195.15504,-73.15361,71.299164,167.34361,129.71547,201.79251,199.963,-87.590775,69.06407,170.70772,115.577095,193.44713,199.89267,-81.534546,71.82312,169.95471,119.43708,104.173836,177.92874,19.951246,70.77409,178.176,-19.622541,125.25697,155.06784,-30.39069,127.008736,144.78937,-58.66623,83.65651,208.61194,-24.430914,163.00568,185.79333,0.9082669,73.52948,209.8823,-24.414692,161.68703,192.12547,8.748347,79.223015,229.56601,-66.30219,192.44531,195.54002,-0.01714411
59-0.pngresized.png,191.0521,106.714615,-240.83139,202.48288,88.460785,-220.36781,210.09406,87.89454,-220.31685,217.84863,87.18986,-220.30104,184.72389,89.97337,-217.62799,178.30888,90.35215,-217.7984,171.96642,90.87407,-217.99944,235.43929,95.14326,-109.72886,174.99188,99.56717,-90.5609,211.025,123.53847,-202.12714,185.8415,125.771866,-196.94505,290.56625,182.12485,-4.386782,146.38873,204.46898,-121.80022,388.10263,264.32462,-157.78899,138.06378,346.0662,-155.55273,383.62845,146.39609,-358.0727,105.575554,452.45435,-224.97977,385.49567,107.76754,-388.51822,85.360825,477.71082,-225.4936,371.4134,94.40929,-378.81522,93.645836,480.85886,-269.7453,363.85266,113.12118,-359.2805,111.87539,474.3653,-244.05934,288.2212,400.64447,81.910194,219.14383,423.24243,-81.56922,402.1149,308.59973,19.149813,346.32278,355.91827,-155.1551,271.55423,453.02866,30.545683,464.43906,457.2685,73.92123,240.11668,461.589,36.786404,463.2765,482.8314,101.72542,260.47714,497.20245,10.3043785,535.69196,447.21805,102.8055
6-0.pngresized.png,655.36304,235.70932,-268.11557,644.67957,213.94362,-232.96893,647.74866,212.95326,-233.00043,650.93317,211.86302,-233.14061,628.27454,215.62103,-271.12173,619.49384,215.98296,-271.176,610.96765,216.47156,-271.18073,627.535,217.07741,-79.97386,570.7923,226.03679,-245.89789,648.5848,258.49002,-209.89304,628.5762,260.8767,-257.54764,667.03033,360.7248,-104.032,476.54297,357.41327,-134.38345,725.3836,527.53827,-67.7626,333.11554,488.1671,-356.2422,815.30066,664.5129,-99.20065,454.49274,479.75385,-602.30164,843.44574,687.0669,-90.90276,491.76257,484.34726,-631.37274,850.04407,690.39453,-149.01718,511.28983,461.94257,-608.7211,830.8565,687.15955,-122.807175,506.00708,465.89108,-594.2628,617.41315,663.3872,-86.61972,527.4247,650.50073,86.16754,435.15176,571.5833,-5.6438518,349.64786,605.3613,148.25305,303.3628,603.15784,251.28062,145.60368,633.2835,129.1039,295.88574,624.11633,278.75964,122.74648,663.075,122.88407,226.49864,571.4701,296.18958,47.93908,593.7542,75.46951
60-0.pngresized.png,144.25288,55.753872,115.07958,141.12555,46.083813,105.164764,139.61076,46.40828,105.24185,138.15935,46.734867,105.05125,144.63893,46.1641,94.38378,145.04648,46.225433,94.52188,145.45627,46.355526,94.60345,132.2458,55.624687,76.64431,142.94228,54.116905,26.451794,142.60179,68.738945,105.568,144.40968,68.729004,91.44899,93.586586,130.01123,68.53882,160.3803,120.48042,-29.822039,77.810234,219.19363,29.515873,217.9537,159.87215,32.12878,76.02453,299.43793,-23.620169,227.11653,92.65797,169.78589,76.326584,321.83374,-16.230562,238.7207,72.78637,173.21863,71.730156,326.0739,-19.105858,224.66757,68.8077,177.68547,71.38322,318.75632,-24.765009,218.89818,79.15129,172.92705,122.12028,299.34113,68.731476,154.19276,302.4094,-68.485504,202.80833,201.61165,123.39132,226.50381,213.33806,-49.096947,230.9536,313.55078,53.745953,258.5389,319.46646,-10.629983,226.41953,328.86533,49.3358,255.4883,336.78934,-5.064991,257.0572,332.9649,56.734364,299.17786,330.38647,3.850358
61-0.pngresized.png,253.4058,106.71905,-274.52765,261.09766,94.84007,-254.87256,267.3634,95.253296,-254.77704,273.87784,95.43741,-254.82912,244.72984,94.33971,-253.92163,238.20268,94.15626,-253.82805,231.69997,94.0761,-253.97961,282.80823,107.998405,-151.27635,225.30566,106.16398,-142.93492,266.87436,126.32888,-239.57,242.27287,125.766304,-236.76201,330.002,192.74002,-100.98285,178.93724,202.91907,-170.07417,417.7195,285.6487,-137.90321,120.930275,319.33652,-209.68643,509.10736,374.52225,-201.81953,59.226246,431.2893,-246.20699,544.48566,398.45218,-203.01329,27.42202,459.21213,-244.07695,526.8772,402.6215,-239.85612,41.81109,460.7202,-286.0608,507.89444,398.71695,-215.23352,60.256493,455.02197,-262.9727,324.76865,399.4505,56.632458,244.42015,424.4869,-55.948357,479.45004,367.36398,-62.92098,319.29688,455.55093,-330.44952,322.87915,462.6937,19.274471,362.7094,480.33542,-15.842217,288.03693,463.07455,32.942585,354.1396,479.05322,23.52993,307.85297,497.81097,37.407043,409.21426,483.42502,65.80407
62-0.pngresized.png,111.442,40.92821,-53.682636,122.0486,30.62327,-54.953033,126.17898,30.86636,-54.762314,130.43332,31.076208,-54.70838,114.5296,30.614384,-38.191566,112.527756,30.529497,-38.198944,110.486626,30.576948,-38.272655,147.45142,39.43995,-37.559086,119.07409,38.1944,39.285892,123.94634,55.71096,-48.250156,112.50257,55.1857,-25.650473,193.76128,102.145065,-37.297695,89.09482,103.312706,10.505003,254.16217,162.02922,-155.68573,33.873787,161.76407,-82.79298,174.14871,165.9484,-262.7332,80.0002,164.79541,-222.265,149.45912,177.3484,-261.4949,95.34398,174.99196,-240.4776,143.34772,158.34534,-258.4539,104.47041,158.19296,-227.30061,152.36504,158.94974,-256.05838,102.20395,159.25302,-216.92232,177.99591,256.20438,6.435132,114.69388,252.38037,-6.5717044,262.0516,221.50531,-172.10599,105.9887,178.3713,-109.970924,122.636215,301.35208,-101.76258,196.965,253.72437,-35.705555,100.85057,299.8818,-84.98918,203.2301,257.74973,-19.62341,82.94345,321.8972,-95.47201,241.54659,266.36304,-10.888489
62-2.pngresized.png,79.05709,59.401924,-47.16139,88.868744,45.4516,-52.263226,93.2672,45.383358,-52.256012,97.729385,45.226086,-52.19153,81.01953,44.128456,-38.255245,78.92563,43.15389,-38.25892,76.8412,42.310287,-38.373615,115.92081,46.75069,-34.89897,86.439064,43.39865,26.442314,93.32172,70.99715,-40.218346,81.60471,69.62767,-22.991146,175.77164,96.70581,14.320608,59.597034,110.07996,7.372143,251.53241,139.88455,-68.25363,36.059105,201.3833,-12.323332,241.75862,63.10388,-188.61739,14.873817,270.71533,-35.822853,241.88544,39.940365,-211.84273,2.4926894,286.90262,-28.07488,230.4654,32.07015,-207.31,7.2100735,288.87158,-54.586956,227.25809,44.667194,-189.69493,18.537708,286.11917,-45.978085,182.6262,244.21991,29.960636,125.2773,252.40497,-29.430342,221.88347,143.94226,-50.591873,151.34906,142.70277,-128.93854,146.93184,279.99173,-89.65971,225.98062,230.02063,-47.71957,128.07213,292.65637,-89.08202,228.09048,247.41731,-36.03959,133.75676,316.06882,-117.90322,266.61923,234.31036,-32.240013
63-0.pngresized.png,133.59323,66.40592,-47.27549,139.90842,60.22416,-53.87084,141.92386,59.965927,-53.7944,144.04541,59.67195,-53.72196,136.8211,60.701797,-40.152683,136.37119,60.696686,-40.24504,135.90529,60.746048,-40.338108,155.77914,61.824944,-62.591908,144.25793,62.823135,-2.993298,140.99704,72.641556,-50.09193,136.90363,73.16907,-33.077396,182.26846,99.6582,-61.29607,131.184,91.39001,-6.9016457,193.236,148.75923,-45.84017,92.0468,120.87369,-21.667545,200.48746,181.96342,-42.96008,54.996666,159.08482,-53.485104,206.29141,187.77406,-42.851833,42.132202,168.0711,-60.06921,202.75427,186.40948,-54.053978,47.49395,169.69672,-70.26445,198.27492,185.35687,-47.609177,55.480545,168.96841,-59.76174,151.09348,188.43889,-24.781208,125.810036,179.64766,25.065294,95.29642,168.597,-64.33822,69.44589,166.69635,14.780251,94.78062,187.41629,32.39081,122.82123,202.32204,40.301674,102.49261,188.25415,45.968586,134.1327,201.67715,44.17851,77.31939,190.461,65.703705,131.32443,219.33127,44.172924
63-1.pngresized.png,130.89453,57.602287,-34.22551,138.60187,51.069992,-42.303802,140.9929,50.78887,-42.307034,143.44608,50.4626,-42.270508,134.69016,52.089546,-24.590012,133.89738,52.352837,-24.6225,133.08728,52.702194,-24.691875,155.51057,53.92401,-50.64506,141.14792,55.985504,26.61855,138.224,64.599434,-37.1162,132.7512,65.56798,-14.881767,178.90324,93.35578,-59.908577,126.282295,89.02836,37.21395,159.48021,139.24802,-46.109943,85.66844,118.1378,17.47374,133.6187,146.23914,-18.336582,95.919334,151.64287,-27.667437,128.39517,147.85973,-21.987936,98.29352,163.82524,-39.390835,127.399315,141.55643,-24.70574,104.874245,159.20619,-36.286064,129.09909,141.60503,-18.469173,105.862045,156.0838,-27.742226,155.93382,181.43263,-31.375954,124.48506,173.70714,31.436045,103.13272,164.30913,-152.0573,50.00261,157.1313,4.807417,119.24661,200.79967,-107.77215,114.60267,200.84123,-34.69661,127.714096,204.61763,-99.65342,128.19917,201.18031,-36.209053,107.30328,210.09311,-104.60492,126.72195,225.44336,-42.323128
63-2.pngresized.png,120.20572,65.39225,-37.113857,125.300545,58.442184,-45.694016,127.282455,57.900345,-45.6711,129.36848,57.334824,-45.58155,122.808334,59.599815,-28.827211,122.648094,59.790245,-28.888414,122.459114,60.0169,-29.028362,141.46579,58.181488,-64.53892,131.56953,61.598145,10.172642,128.39989,70.54404,-42.524677,124.452515,71.85521,-20.698719,174.97197,93.4497,-68.052505,121.73459,88.96285,17.488785,188.88953,144.5156,-38.74374,77.20592,114.57904,9.326163,197.7569,175.89464,-25.119616,99.5226,150.7613,-29.060774,202.42932,182.4285,-23.450222,107.119125,167.50803,-35.54109,199.33742,179.42967,-35.639687,115.35691,161.77028,-32.670628,195.33792,177.7103,-28.396547,113.8182,157.84352,-27.551006,152.3938,176.80524,-28.100628,120.63286,167.47038,28.24722,124.53544,179.8337,-136.2957,72.439445,136.11092,-11.84935,93.097305,194.07533,6.557889,114.32392,195.81677,-12.970071,96.00312,191.68468,26.413681,125.33567,198.0927,-10.722659,67.88041,201.23778,36.8067,118.06904,221.35428,-32.92568
64-0.pngresized.png,312.71698,107.4889,119.52914,306.91052,95.739395,101.48297,304.26416,95.519875,101.53732,301.76395,95.30319,101.42595,312.08524,96.374565,83.945335,312.7244,96.51638,83.753105,313.38248,96.75601,83.78591,288.9097,100.53756,51.05671,305.48953,102.7836,-28.525993,303.78046,118.26313,108.24387,308.54395,118.595024,85.49392,243.55696,157.21562,42.36376,310.58777,161.64117,-27.02227,205.16039,210.6296,169.35358,335.88107,252.43335,-60.921227,230.96822,200.41718,389.25238,373.25076,333.21265,-74.22944,236.13173,196.49173,410.49487,381.26968,360.27942,-93.7161,239.99861,195.27176,407.18295,385.16272,358.02222,-90.05711,242.32552,196.40744,390.12827,380.38977,349.26935,-71.296455,251.73338,325.18933,-49.67233,277.3156,320.40607,50.050076,161.16132,239.51668,-25.894815,179.90234,229.23257,36.35631,81.44919,343.2149,71.14855,88.09345,340.1595,82.62536,77.63739,365.93192,85.41649,84.02028,369.19287,87.364716,39.171516,352.80014,116.43062,27.978434,344.5175,108.80704
66-0.pngresized.png,197.51382,42.099228,-73.47145,195.43802,33.930008,-62.761642,197.0874,33.755157,-62.688873,198.87427,33.55002,-62.676174,189.27144,34.574387,-72.95271,185.8331,34.7558,-72.97943,182.4253,34.968384,-73.014465,192.31566,39.204468,-20.66304,170.37701,42.071762,-62.650654,197.01126,52.45262,-57.01503,187.84001,52.895325,-69.4825,200.01326,91.91426,-16.376741,134.39775,87.79857,-51.61691,208.21313,154.93773,9.495309,84.485985,149.9714,-77.93226,218.43417,201.1144,0.9095069,38.69851,198.16747,-79.39561,224.45795,216.25243,-6.886108,19.62349,211.07852,-72.14253,220.58081,216.3389,-22.344095,24.875557,213.37466,-88.517815,214.94455,212.8057,-7.0114074,35.129677,210.02182,-85.464195,165.21606,210.54045,3.4335277,135.30069,205.34929,-2.756125,113.6183,215.83812,0.95508724,130.7554,224.56831,-43.310493,51.96067,237.87689,41.757027,164.94275,265.27386,-2.074527,41.711662,245.80234,45.295837,167.74255,269.1165,0.68610245,35.489883,236.069,17.654287,180.8851,287.36444,-31.65121
67-0.pngresized.png,147.28358,91.239,-85.32215,149.06528,76.123024,-65.02713,153.0264,76.340195,-64.9675,157.13965,76.46115,-65.12938,135.56972,74.87581,-83.09368,129.43279,73.97001,-83.093994,123.35089,73.06707,-83.06286,149.46704,78.85695,35.98436,104.5741,74.74859,-40.31024,148.2101,103.94056,-45.922863,130.45749,102.3325,-68.657936,152.98524,148.49928,83.36376,59.00324,142.21098,-60.210575,176.4616,232.38081,68.53829,80.04083,249.38199,-77.75218,189.99997,294.1565,-45.26794,119.49266,300.49698,-64.91834,198.39478,314.90494,-70.34483,126.02246,314.5929,-83.49828,186.08798,312.4532,-83.437805,131.30792,310.2909,-89.45387,178.96478,306.57574,-53.935856,130.43195,306.36505,-67.58149,128.13998,326.10175,63.514732,74.756966,331.62216,-62.981594,251.53343,272.75977,89.00972,166.77701,241.34505,-126.79033,297.09695,390.60892,-36.15596,219.49272,338.1883,5.6668944,289.59818,409.51028,-49.402454,215.68727,357.1123,21.8736,345.386,420.69354,-97.72395,259.51215,349.32846,25.04217
68-0.pngresized.png,260.86108,59.39729,-143.33281,261.25522,49.503265,-128.23082,264.73715,49.083527,-128.121,268.3,48.564526,-128.2067,249.51437,51.254704,-138.21815,244.11621,51.97002,-138.29602,238.78133,52.78556,-138.2493,264.57318,55.475452,-51.22506,225.55963,61.471634,-93.5414,264.58432,72.95603,-114.629005,248.91432,75.04673,-126.89294,284.39862,118.79959,-40.139194,195.55843,123.42083,-49.916187,271.9144,171.22462,49.102695,123.59425,160.7439,-35.60621,256.6724,210.74406,129.46864,75.04844,220.39316,-43.99068,256.4296,224.0347,151.13417,53.98812,241.52364,-41.414883,253.53758,221.90388,134.7094,67.719826,243.75404,-49.26126,252.07033,219.13525,126.81441,78.18416,239.61484,-46.507374,278.3766,268.72308,-15.822698,228.72966,265.6839,16.151655,225.99068,271.7577,-116.4015,168.34955,218.97885,-64.75702,171.36443,266.2558,47.29868,219.21487,264.93457,41.21149,172.59209,264.8669,69.28843,227.65878,268.9099,52.939724,127.833786,260.3513,114.669365,232.08049,277.36395,64.64897
69-0.pngresized.png,121.82336,82.07652,133.0847,121.726845,63.573177,91.93401,119.040955,63.149498,91.96187,116.72879,62.806503,91.801544,133.55962,63.026367,118.04542,139.32326,62.46739,117.87299,145.32199,62.077732,118.126175,127.052925,74.50789,-82.81278,171.09486,71.97262,61.90535,126.3038,100.21575,78.89031,139.54797,100.25475,118.07825,100.478584,192.08237,-12.312284,265.1508,178.67905,-60.54782,86.902695,343.03827,-12.026156,369.74133,335.73065,-60.32582,92.25633,464.05142,22.278898,411.5675,452.5369,-70.167755,87.82756,494.358,16.023388,430.1733,485.51355,-89.77346,90.839066,490.73657,20.52111,421.0709,485.53564,-71.182175,99.95834,485.3828,28.48615,409.81903,477.22363,-66.09667,177.64465,432.3589,115.1897,191.48221,455.01416,-113.36022,316.75327,310.30173,284.52167,407.61206,421.2648,-179.35397,330.46774,442.45325,233.00058,355.14365,450.99576,313.36978,310.15088,468.60233,231.93628,340.1599,452.1639,368.1909,402.8994,457.95724,318.25787,371.60773,437.1954,539.26697
70-0.pngresized.png,112.25285,57.027767,-66.721016,117.46253,48.41101,-47.479424,121.70279,48.54588,-47.398872,126.038734,48.591778,-47.457893,105.33317,48.155216,-52.995007,100.64286,47.862267,-52.902004,95.977974,47.630825,-52.824474,129.4981,54.11223,43.794445,89.108055,52.970562,26.301926,119.943184,68.725266,-33.70243,103.52046,67.937836,-39.072166,152.58084,107.84503,81.24797,67.55745,106.17928,59.98738,216.82469,125.26927,86.19052,63.91373,153.26588,145.44865,223.55914,163.35442,32.256268,71.098854,183.58151,192.24452,227.62517,174.68973,18.324633,68.712776,190.9618,196.06435,215.07095,173.24043,10.987891,69.99355,190.77052,180.95638,213.43036,169.32864,30.102594,73.26623,188.05655,187.22919,142.735,235.8587,39.41294,96.06953,235.35457,-39.021248,239.3442,225.86429,28.181961,156.07439,182.29105,-103.61137,124.99306,258.29404,-43.02834,174.90971,228.10858,75.15253,103.12503,247.66422,-44.624435,167.54698,235.8138,100.08877,98.70719,278.2539,-15.464095,202.41081,228.56189,169.43077
71-0.pngresized.png,364.9818,149.52528,-59.408012,365.28043,142.59912,-38.89778,367.83585,143.1219,-38.84107,370.55634,143.55324,-38.72811,355.92514,140.65933,-46.02624,351.4426,139.63976,-46.213776,347.0016,138.66911,-46.37648,363.71725,149.0569,42.0254,332.01718,143.14243,13.969338,363.4304,162.1937,-32.527187,350.29486,159.13556,-40.561684,376.65457,213.26016,20.596018,279.43933,194.02501,67.27269,417.68213,296.48425,-2.412724,214.46088,242.06767,46.97558,469.94534,364.80887,-35.43101,151.6536,279.48175,-6.5354004,491.59488,379.31305,-41.394905,129.48347,292.2819,-10.679785,489.4119,380.5279,-77.10097,135.45338,293.19342,-35.77757,476.8325,378.72458,-54.00993,147.45776,290.8967,-16.69809,310.8496,341.86438,-50.99742,261.53186,324.67566,51.588585,218.95174,306.8756,-74.565735,160.05894,264.4845,-3.9407258,156.6422,356.30347,-14.786723,99.675354,357.53418,-88.19563,158.79465,365.97424,-5.1019945,101.38816,378.37418,-98.165344,102.996254,360.01694,-0.092639074,50.35345,367.203,-149.10948
72-0.pngresized.png,79.47973,69.406815,-34.28576,84.15658,63.997932,-28.610718,86.52663,63.950966,-28.593136,88.954765,63.844337,-28.591354,78.623,64.27066,-24.117737,76.984856,64.27566,-24.200708,75.36562,64.32408,-24.178804,95.60953,67.05495,-1.9937907,77.45955,67.44053,23.149199,85.84779,75.55384,-25.216084,78.31116,75.89539,-18.221169,112.620255,102.33651,27.955551,69.25975,102.91877,18.164646,145.6314,127.85731,-16.324541,68.99654,143.9884,45.791023,116.53301,137.75473,-52.967598,60.208458,173.92303,46.44094,109.74312,141.1251,-62.72044,55.467495,180.47897,46.5425,103.106895,137.24622,-55.820187,56.36234,180.72977,34.2359,105.88181,137.55573,-50.278645,59.90026,178.79604,40.964798,100.38614,178.01944,23.336325,77.494095,177.9154,-23.158512,136.11633,169.08748,13.726309,112.5361,141.62247,-32.26884,192.75558,198.89818,0.9699924,143.56259,176.57582,22.07772,197.10406,208.5671,-0.8835253,144.34651,185.56973,28.607378,217.00546,196.34462,-21.751661,160.79933,176.80174,38.116425
73-0.pngresized.png,152.38165,90.024994,20.234955,170.20438,67.39605,11.169534,177.82893,66.602646,11.3470125,185.8276,65.538216,11.332258,157.18721,68.2558,67.39498,155.06854,67.58551,67.57433,152.89328,67.110855,67.440834,223.98752,69.85733,-18.040045,175.24872,69.389565,253.75801,178.2316,107.75885,12.111879,159.76909,109.20941,87.12792,336.8262,179.49583,51.126724,123.371666,192.32216,142.78267,427.60428,306.49625,4.580887,121.58852,355.76443,167.3627,533.44794,405.73975,-93.92767,111.49003,487.6071,134.8706,563.5674,414.9788,-92.50912,97.45947,513.5252,133.13525,554.0548,422.11765,-140.94608,98.81877,510.96042,93.24591,537.4166,422.40512,-111.11116,119.513535,500.99582,112.58474,300.2168,455.9377,144.23311,208.48401,477.9562,-142.7895,541.34454,411.1285,128.56923,398.8158,343.0589,-261.23615,348.90454,557.41846,172.13028,433.154,464.29498,189.58809,299.9301,553.335,183.52875,416.3552,481.1604,251.53633,345.0381,614.9971,264.71896,489.85355,475.1848,388.87646
74-0.pngresized.png,160.6559,81.59617,-160.10081,170.81656,64.06567,-147.72159,178.1134,63.225296,-147.61142,185.67056,62.26916,-147.78783,153.40802,66.28424,-137.02724,147.37434,66.73373,-136.88416,141.32404,67.31109,-136.9639,201.42863,68.328964,-65.90202,141.60086,73.917854,-12.739511,178.96008,96.18705,-130.31038,154.30074,98.596535,-114.45208,254.14445,154.03233,-7.0126967,99.59748,161.05785,-14.245536,310.59833,265.1592,-31.94639,46.05796,270.597,58.29622,381.00082,373.93094,-90.71387,120.794304,312.9143,90.352356,410.73618,399.5783,-95.65337,142.0793,325.82773,86.93688,400.6402,407.5722,-127.51225,150.16826,313.14978,76.38589,382.37912,402.2488,-102.06607,148.68314,311.5921,89.392944,224.88634,372.20468,62.19773,144.67865,386.25104,-61.79171,389.67938,367.94815,-20.370665,277.4565,341.05725,-187.64789,203.38893,449.7046,-21.840178,281.68405,401.184,94.36701,170.53757,434.03818,-12.547849,269.37347,403.37668,134.39203,169.6148,508.05222,30.982796,316.3553,422.53113,250.32529
75-0.pngresized.png,247.58923,123.21425,-127.06879,264.6228,97.99674,-131.3939,272.50247,97.34452,-130.88487,280.70316,96.63304,-130.54846,250.2557,99.397385,-101.68944,246.51315,99.55664,-101.64437,242.68745,99.95827,-101.7627,312.81525,106.95794,-94.0761,258.79163,111.67532,57.840816,272.85715,147.66232,-112.181595,250.92082,149.55762,-69.12323,399.8333,246.20409,-44.299286,198.01436,247.99408,-16.912968,427.39465,385.36722,-309.01486,155.8048,450.60464,-77.926315,442.3742,417.09653,-663.6206,112.77958,636.45795,-153.54688,452.60867,436.20074,-727.574,89.11927,683.43994,-152.94684,434.09766,421.18344,-743.1233,99.64586,693.223,-202.86407,424.42172,419.40375,-674.2213,121.63641,679.2051,-173.0424,334.22324,588.29126,75.76684,234.44829,574.58,-74.869,470.22452,524.99335,-130.04947,423.18787,443.21088,-138.26978,230.29413,673.10626,-28.65754,550.6546,670.16284,48.36866,183.02507,668.03125,-10.4269705,541.89276,703.6465,72.90181,195.42822,725.08923,-75.36541,656.1909,715.3289,52.965572
76-0.pngresized.png,116.9597,63.509636,29.482454,121.05333,58.73503,22.499987,121.889336,58.807617,22.52897,122.79155,58.844803,22.583956,121.837715,58.44706,37.736416,122.90674,58.22056,37.724037,123.93226,58.03267,37.658627,131.99821,61.815918,-4.0411263,132.38689,60.97709,66.753914,121.04111,70.25953,21.127674,121.24134,69.90567,41.22104,157.9213,93.95092,-33.76677,126.02996,94.129845,93.5535,179.01756,132.75146,-70.71509,140.37201,137.99419,100.81551,133.70319,145.12312,-43.32401,126.35435,161.41864,29.582523,122.948395,151.6623,-42.63359,123.08769,170.0751,14.086989,120.75478,142.18665,-44.8275,121.26284,166.4947,1.9855219,126.61034,140.41977,-40.187096,122.30184,162.77216,22.603027,152.0232,173.86871,-11.922552,126.67575,170.16953,12.429545,142.91666,191.29063,-100.26942,124.54632,145.97243,-135.80717,96.51424,200.05487,42.679565,165.78574,203.75668,-159.78548,89.59654,197.49683,61.988514,170.14421,211.16986,-160.24707,75.89069,204.64642,53.637493,183.06923,215.56915,-201.97986
77-0.pngresized.png,106.5618,55.105606,-89.14261,118.08116,42.573986,-88.04503,122.83248,42.64074,-88.00664,127.68722,42.629547,-88.047905,109.21399,41.64379,-75.79937,106.7363,40.917866,-75.82055,104.280174,40.29643,-76.02418,145.89432,45.39779,-54.908775,113.67208,42.02204,3.2329786,120.41362,66.278656,-76.91163,107.650276,64.92929,-60.743572,187.79388,105.159225,-8.336305,88.68084,102.081406,-31.62289,227.50261,169.30385,-100.82603,65.57772,190.96509,-42.33478,225.98674,84.89881,-219.47766,41.043198,262.38452,-81.52477,225.28581,61.025173,-231.09505,26.820074,279.8282,-74.2552,223.42627,47.81442,-229.1211,30.263264,280.70706,-102.56644,218.99307,57.494194,-218.82878,42.542297,276.3572,-92.35158,176.0759,249.80298,44.67051,128.4893,257.93817,-44.086155,268.2331,228.33858,23.565186,228.9995,250.2687,-62.843174,146.68906,292.36365,53.35564,247.05792,285.8461,138.40158,119.56544,289.0158,64.20401,238.19272,292.2165,164.3805,130.6471,323.21536,98.72749,274.61224,287.09888,226.84377
78-0.pngresized.png,322.44714,103.77804,-345.26852,343.93854,82.99824,-329.0989,355.42783,84.24212,-329.09238,367.04987,85.47697,-328.9094,317.35883,80.65853,-318.1392,307.41287,79.27988,-317.92175,297.56903,78.17567,-317.90485,386.55173,103.452126,-189.81427,295.4853,93.382416,-131.18137,344.08316,132.87625,-291.62524,305.31512,127.90108,-274.28497,376.20056,221.61308,-189.18791,284.4275,211.28914,-27.379717,255.02574,306.63632,-176.45499,278.02713,356.18173,78.68775,178.58012,221.82951,-80.86692,319.1732,406.90338,60.0529,159.99911,205.86943,-91.8516,320.89087,439.73804,52.162704,171.67899,193.33534,-86.66761,331.40363,426.22726,32.302013,179.12476,200.98444,-73.94369,332.2342,412.82846,51.66826,321.2951,481.32864,2.2231777,267.96832,458.86023,-2.0027049,373.589,450.5855,-120.16137,271.434,285.50916,-343.79468,185.77531,535.4544,-19.309792,440.73553,522.63556,-447.95334,169.81877,525.4168,5.9489613,460.46484,547.2842,-446.44788,87.741234,575.24207,18.636105,523.3526,579.6148,-520.9537
79-0.pngresized.png,492.0123,146.20934,-264.74826,504.1642,124.76438,-230.55658,515.36456,125.82567,-230.56021,526.6757,126.89185,-230.57457,473.91415,121.829956,-243.1687,461.59143,119.88702,-243.01505,449.34003,118.14189,-243.2231,530.8905,142.52687,-29.274559,427.8528,131.6517,-74.490135,508.30304,175.53821,-189.7735,465.16788,169.3641,-201.89978,495.07935,260.3949,88.53485,388.82568,230.01555,-45.89545,436.39893,326.77438,197.05957,296.79745,366.88184,-28.078325,449.21527,275.62006,226.7828,243.59587,436.35123,-79.632835,455.87332,271.3682,234.18086,211.11923,456.7307,-74.648834,459.06357,262.84885,214.77504,218.18471,454.7171,-121.12997,456.8861,265.79224,219.42165,230.45059,449.97415,-99.075584,325.30353,510.87262,75.516945,267.38736,481.72015,-75.21362,577.7374,523.8248,64.33766,404.4386,364.9207,-329.3219,356.24203,624.15094,-93.8658,354.9903,609.4269,-259.1989,318.4283,612.19617,-104.5547,337.86087,630.7741,-240.11667,313.78342,687.32495,-128.78203,388.3163,705.56995,-253.86708
8-0.pngresized.png,213.48672,77.77711,-122.79242,211.89694,68.76277,-109.03311,213.98152,68.83362,-108.97915,216.19841,68.88031,-108.96081,203.11717,68.64798,-123.171875,198.88678,68.53593,-123.16269,194.71992,68.504974,-123.1738,209.77779,72.93598,-37.632694,178.4285,72.384186,-98.01717,212.50244,89.029465,-95.78499,201.18744,88.664185,-112.92759,227.48943,133.86414,-45.890625,128.82263,123.47107,-94.91508,268.58124,197.32016,-51.143272,83.497925,186.92152,-144.01472,312.18494,258.1886,-145.46523,141.69926,209.42155,-227.5478,327.52966,276.33475,-153.43428,158.71606,225.43004,-237.60881,320.19382,274.88593,-179.04576,170.00919,212.40079,-240.48425,309.69766,270.4502,-156.14372,167.07498,208.49434,-224.47905,191.84187,253.70297,2.4257913,133.82094,245.61304,-2.1952648,237.38832,272.38095,-219.68076,53.26099,228.22147,-171.08955,109.71423,276.2548,-169.02165,170.99179,284.54422,-164.20807,100.010956,264.24576,-154.86356,182.85239,276.6706,-156.56581,61.301636,265.7061,-170.9452,225.7548,297.17584,-189.12991
80-0.pngresized.png,199.31836,159.9835,-202.72153,219.45917,135.64139,-210.2375,227.53471,134.59416,-209.96062,235.99782,133.27197,-210.07996,205.73506,137.35698,-160.00833,202.84566,136.97578,-160.0172,199.9253,136.9082,-160.04831,276.75696,142.5786,-209.17155,226.27411,143.60097,32.674603,228.19392,182.14494,-202.94608,207.6156,184.18303,-135.9746,389.137,274.90884,-98.534225,184.67195,298.36185,-81.782845,509.81073,431.8579,-198.09573,155.49275,487.02704,-136.69139,627.8796,564.5253,-292.77225,102.84801,636.9782,-177.16634,662.8398,581.35895,-277.60022,74.32468,667.33624,-187.62518,653.86835,591.387,-340.1136,81.067635,663.24866,-215.63316,634.47656,587.7509,-318.35468,105.12219,651.73914,-199.16486,355.8784,587.52075,133.16475,294.88995,616.1827,-132.14687,515.9554,529.6157,97.68913,521.6361,513.66034,-161.08386,336.1626,648.5828,240.94019,627.1672,634.95123,214.10962,293.5619,649.1732,260.34863,619.92175,651.4343,264.06372,329.65417,678.0843,347.60223,710.2757,645.258,377.8607
81-0.pngresized.png,186.88173,103.3754,-69.28505,198.09413,87.209694,-72.93259,202.52454,86.49934,-72.82354,207.52307,85.74832,-72.556015,194.59789,88.502914,-30.549204,196.03879,88.74131,-30.878674,197.42282,89.27252,-30.924517,237.69817,92.57116,-112.63528,223.65828,98.06859,92.5323,206.82552,121.42013,-85.770515,200.53802,123.99678,-28.194553,313.32645,200.24205,-80.7689,189.13332,217.57266,49.767315,316.08704,255.66571,-349.52478,140.76366,357.8154,49.200188,328.00653,156.96959,-706.26697,65.7364,480.15887,32.76756,337.12827,118.36439,-764.1636,38.691174,502.4769,53.761715,329.3968,108.616455,-757.0471,45.483246,509.40274,-13.73437,327.7248,125.183525,-716.9961,62.69793,502.39645,5.210237,291.40143,430.1837,66.9565,225.7108,437.0335,-66.40384,348.40378,384.61328,-116.27116,352.559,352.9325,-134.29137,213.26524,481.77255,67.11356,424.6751,454.52914,194.8675,189.13097,489.74902,90.60781,416.9117,464.8277,239.3728,207.21736,485.80685,106.79899,488.57986,473.2239,317.23428
83-0.pngresized.png,100.749825,59.47637,-34.615513,106.0845,53.923767,-34.959633,107.69829,54.136047,-34.926746,109.4358,54.302032,-34.956856,104.38892,53.257004,-24.875896,104.51111,52.925156,-24.896626,104.609116,52.646194,-24.969725,117.994385,58.413223,-41.450638,110.57064,56.176605,6.103751,105.51274,67.6652,-37.489704,102.32853,66.8219,-24.041868,135.80154,101.139435,-38.314526,96.2284,99.33912,-14.668318,154.66815,151.47589,-67.85807,86.77553,154.7357,-19.044266,172.71013,200.6503,-101.64085,73.54048,205.34631,-29.285196,181.35013,211.42448,-111.1392,67.21956,214.08234,-33.294964,175.25545,213.3082,-121.831635,68.54851,216.03015,-45.796513,170.49521,209.92525,-107.486916,72.58852,213.81741,-36.565735,121.74316,184.32921,25.664476,97.92581,188.93773,-25.3712,164.56128,188.81972,5.0526667,151.88422,192.0838,-46.56018,113.944405,210.11136,74.7583,106.00463,200.57863,60.4534,103.1487,207.08206,81.276955,96.937065,196.60417,75.2411,113.53775,224.15175,113.21782,95.37042,212.03412,139.68742
86-0.pngresized.png,65.53863,50.305252,-23.799118,74.77695,39.179607,-33.753063,78.4297,38.97073,-33.67264,82.182594,38.66923,-33.70637,69.47182,39.340763,-15.036485,68.57194,39.1669,-14.986842,67.67591,39.101067,-15.0657625,100.93619,44.47578,-40.401325,80.27126,44.760284,44.41832,79.18317,62.49176,-24.387722,70.19418,62.78646,-0.33300018,153.89404,108.33217,-20.969732,65.67762,107.25606,28.698109,193.45511,178.09152,-25.44803,73.67325,182.37599,43.759743,225.25034,213.22961,-36.677464,79.94204,243.60905,3.3714166,239.25458,223.42688,-32.714417,79.35016,261.92776,1.2553005,236.12907,223.68213,-51.73344,78.06188,262.84164,-20.22643,228.601,222.70094,-43.68689,82.11733,258.53708,-6.5849376,146.00569,246.25511,13.257791,97.51408,251.72728,-12.831949,196.68922,173.19737,-80.897575,123.418205,206.99345,-162.83963,146.39679,259.8404,-89.36001,222.24377,272.82968,-116.73206,135.99803,267.69885,-86.37345,230.21675,279.75507,-107.453545,131.19116,285.3038,-124.69108,266.82758,288.92502,-134.22018
9-0.pngresized.png,260.73083,81.062546,-55.95792,256.04724,66.32585,-51.437195,257.0999,65.90031,-51.39071,258.22433,65.52067,-51.55894,250.76154,66.33964,-71.195564,246.56166,65.7503,-71.340164,242.43767,65.254616,-71.315125,242.61476,68.3213,-1.7184509,221.46269,69.45382,-86.04447,253.69672,94.315926,-33.883266,245.02188,94.0543,-58.162304,246.74557,136.0718,-3.2026258,162.98767,137.2463,-29.583895,266.87506,188.37689,77.41642,126.72618,205.97664,-124.09234,261.4324,126.962685,131.49297,119.71773,122.68578,-269.00668,260.31268,111.181,130.53502,112.85544,103.59271,-280.6089,257.37808,100.94756,126.999054,118.82958,92.51617,-274.59232,254.97186,108.71299,128.23444,126.923454,100.67386,-268.8184,238.42041,323.90244,-23.412611,188.71896,314.01184,23.793999,164.3357,345.7166,-40.2471,101.94007,289.53113,-40.76744,182.52022,389.61484,152.1852,218.78563,344.6766,-80.62076,192.42935,391.88928,178.06032,238.06277,343.5875,-80.15115,163.33261,397.1981,234.60455,252.43916,370.34094,-65.52359
90-0.pngresized.png,94.677216,112.96406,-127.809204,107.143364,101.21523,-119.02336,112.75778,101.17744,-119.01486,118.48551,101.04114,-118.97135,95.98015,100.67515,-105.92449,92.737404,100.162025,-106.028824,89.533,99.76668,-106.21515,137.03926,105.03835,-61.476986,99.64865,102.714134,3.2409673,110.66575,124.03232,-107.71009,94.6204,123.53564,-89.5481,171.50443,170.53311,18.923662,83.455376,163.72462,-32.208458,213.27362,229.8013,-57.4642,64.08052,253.33493,-37.890846,238.71317,175.53297,-179.36171,33.44579,311.37885,-47.039623,245.00826,157.25493,-197.0354,20.73061,321.063,-37.47378,242.69904,146.92513,-201.60081,17.469831,323.47778,-67.501854,237.98888,155.09557,-184.77847,28.904606,322.92044,-61.099564,164.36615,305.68582,70.42628,131.86066,314.0687,-70.110664,238.23347,226.68492,56.95941,231.79405,244.13261,-102.49729,227.84094,325.2399,53.497547,231.3122,351.04785,32.29684,211.3899,339.8118,53.978504,214.88385,365.116,51.677284,266.24652,350.64322,67.921425,272.7825,380.80106,100.17215
90-1.pngresized.png,130.15695,54.22518,-93.26131,141.75421,44.288532,-86.14792,146.27231,44.793423,-86.14575,150.89491,45.202705,-86.08705,133.94315,42.582764,-72.4844,131.969,41.78036,-72.55281,130.03326,41.062515,-72.80495,167.03476,51.286835,-45.276554,140.99887,45.588406,16.565245,143.31013,66.74623,-78.57809,130.85905,64.85831,-60.97172,184.33603,119.496765,40.3014,133.65894,105.64354,-31.634254,198.7335,179.51515,37.565212,127.39264,188.24937,-24.72928,203.52444,145.65562,-28.297539,119.1973,219.77458,-48.987366,204.35564,135.72098,-47.286125,114.95313,225.60823,-60.638046,204.08353,125.04528,-58.379105,114.12695,222.39339,-85.4448,203.82594,130.26181,-36.76311,119.40944,222.3664,-60.59037,193.40384,257.46262,71.84631,174.05528,263.47733,-71.41356,269.18362,174.53693,61.350975,266.56644,174.86526,-107.49917,258.04584,275.40353,130.05267,262.0302,287.79926,40.844177,240.13245,290.7763,136.84966,244.55939,303.6,62.471703,300.8884,301.759,151.1344,300.84906,318.5904,119.85719
91-0.pngresized.png,134.27582,84.60861,-64.46616,144.2002,71.06753,-62.958557,149.05794,70.24602,-62.834747,154.11888,69.33748,-62.75939,135.88577,73.4506,-42.00511,133.9419,74.03958,-42.16104,131.9907,74.78027,-42.361477,174.60658,77.3019,-56.735443,144.30055,84.15632,48.094967,150.2309,100.109795,-66.11782,138.31194,102.83226,-36.375454,219.70554,160.9176,-71.68998,123.24916,181.8172,22.179241,224.84164,217.16661,-239.20705,88.53111,298.11832,14.727402,230.1948,130.37428,-421.82578,36.98668,388.0667,26.652485,229.202,108.28699,-441.94705,14.403347,407.15692,54.25123,234.13142,96.61217,-450.03482,18.295185,408.85538,20.51403,230.76392,106.80333,-427.06897,31.655104,403.3662,12.16007,192.25076,357.1964,4.8339214,145.4848,368.81763,-4.6804457,249.23099,277.54935,-20.743263,255.53177,307.15634,-3.7369747,191.95787,358.72522,27.935677,279.36115,368.91174,209.663,175.95216,370.14023,35.883873,272.32346,378.05457,236.68542,198.3166,369.44565,74.138855,306.42404,377.61108,333.33856
93-0.pngresized.png,82.47434,49.422966,-132.61548,90.980125,40.716087,-117.67304,95.55128,40.906044,-117.74411,100.206665,40.98365,-117.71249,80.50607,40.607437,-114.82165,76.90872,40.601063,-114.88098,73.38151,40.660805,-115.01686,112.462395,48.410095,-56.67247,76.70875,47.612343,-43.134026,95.03077,61.709,-114.203125,79.82493,61.808746,-110.66241,151.30502,105.21752,-12.978273,53.228798,117.342575,-73.81616,204.98564,157.14627,-79.13232,44.097725,209.20091,-110.38689,205.79974,91.03165,-189.78246,33.005226,274.99576,-162.45647,206.4699,72.72305,-210.66191,23.979702,290.35052,-164.8351,198.48235,62.121677,-203.2035,30.362135,290.52255,-190.06953,194.23964,72.099945,-189.02321,39.896957,285.6462,-172.7203,147.58536,223.45891,40.780663,95.19482,240.6962,-40.340958,224.15646,170.05684,-19.16662,130.2421,218.48447,-188.04161,212.30063,262.39755,-38.577324,188.28381,267.6561,-61.941334,200.56326,276.16187,-38.512913,187.48698,275.06796,-45.930687,235.21704,279.85144,-62.660408,227.10437,269.85974,-49.9044
95-0.pngresized.png,134.85971,48.844,-83.70412,147.04158,40.34318,-76.94524,151.84067,41.014484,-76.93052,156.74643,41.626274,-76.92906,137.00679,39.58975,-58.800262,134.04108,39.387646,-58.88522,131.0428,39.30324,-59.04872,171.97556,53.00264,-37.20922,137.28441,48.703094,42.018066,146.65314,65.05302,-72.07224,132.17548,63.498432,-49.19745,208.14084,120.901375,-39.935036,105.9776,118.44992,43.796864,236.50693,198.71169,-103.301636,72.268166,201.90494,-23.834005,164.70499,227.20355,-190.83217,105.53827,230.72722,-191.10225,145.06071,245.43048,-202.29846,117.04453,246.95044,-224.56415,135.63948,229.10316,-203.80663,125.33526,230.59047,-221.94849,143.19058,226.74243,-186.97025,125.04244,227.57024,-192.19592,176.98993,260.52438,-11.282278,117.340225,260.7205,11.310133,197.62979,196.76532,-202.8781,81.79136,244.96158,-144.30742,123.41883,292.18735,-157.40372,186.69138,306.0582,-55.769264,113.89684,305.55194,-148.55548,200.07808,306.52466,-40.914303,97.308266,305.11874,-207.69952,224.44118,325.721,-63.461025
98-0.pngresized.png,211.01083,114.18399,-102.6648,220.57571,101.52555,-106.119385,224.15431,100.660835,-106.03594,227.94534,99.63736,-105.964874,214.87834,103.457664,-82.30472,213.97308,103.82067,-82.493004,213.04047,104.327194,-82.45557,247.99489,106.1371,-100.13276,226.768,111.07201,5.5427203,225.27425,128.31152,-104.09015,216.4335,130.36206,-73.775734,311.68167,185.2484,-118.00023,209.42818,199.65936,33.773563,377.12637,291.90015,-144.33972,146.89923,296.69913,-7.9854817,439.0844,391.77124,-190.50697,72.87878,386.49313,-73.816124,468.4604,408.13736,-198.54674,42.826183,409.54144,-83.73733,454.43314,415.2424,-241.3015,58.197384,407.60855,-110.87097,438.57828,414.37546,-210.75693,73.51588,403.04523,-88.615425,276.78522,377.73138,-65.881714,229.80702,373.7652,66.389725,151.97865,308.61414,-50.567802,133.81657,296.47318,95.71134,125.69241,383.19458,130.98442,223.1894,403.30936,29.275211,135.09605,393.6455,155.91377,247.21114,414.57947,23.799885,78.52289,389.36615,208.88664,210.7461,426.04837,17.389496
