102-0.pngresized.png,257.6393,119.77207,-23.399546,256.2317,107.80511,-16.264381,254.7708,107.00885,-16.250671,253.48749,106.24639,-16.390709,255.3536,107.27355,-41.03933,253.49321,105.72442,-41.086754,251.59091,104.26234,-41.131454,236.55475,102.17401,16.036982,233.67294,98.66203,-92.557,244.1147,126.24238,-10.876544,243.3724,125.258415,-42.371056,196.98685,150.61273,57.46807,179.12747,137.66591,-149.93651,249.49644,210.98209,75.82544,233.79503,211.81734,-170.13405,315.78766,250.60054,79.076385,310.6813,250.94221,-139.2636,337.6388,249.72246,86.74356,331.604,258.70184,-166.07967,338.7761,255.04167,68.77761,335.3835,249.48134,-155.22464,329.60233,256.81512,70.03959,327.67874,248.00871,-136.55382,79.252396,243.29337,63.252506,56.789963,240.4192,-63.090508,194.33745,251.78084,99.02531,169.99777,268.07266,-53.533836,278.86533,282.97076,173.54025,261.3276,275.61374,26.658339,291.68198,294.24332,179.2986,275.06552,283.42252,32.190285,310.52518,265.71884,151.76067,297.14175,249.03221,-15.684411
103-0.pngresized.png,162.94504,59.875996,-37.372078,156.78166,48.46614,-28.7208,155.86693,48.335297,-28.655535,155.18031,48.14749,-28.872637,154.13803,48.93836,-54.442787,151.21823,48.671818,-54.562588,148.33133,48.440243,-54.679977,139.1766,54.08802,13.853831,129.11081,53.342323,-95.958,155.10078,73.70274,-20.40748,151.45981,73.7159,-52.805847,126.417244,128.25726,77.02099,96.1966,127.79744,-161.61609,188.10855,207.88725,87.47278,171.20457,214.37454,-161.28967,250.26056,270.39694,56.935146,255.49078,272.24673,-115.026245,267.2342,278.73032,60.64147,273.30045,284.52725,-142.2573,267.81113,280.98074,37.41941,281.52704,276.68704,-135.24927,259.2132,280.10422,46.055332,274.13556,274.4638,-113.864334,75.94846,285.16055,77.386925,47.770763,298.2562,-77.02493,200.0148,273.36154,118.46482,191.95633,306.1779,-83.8142,258.7265,328.59976,153.4534,267.65042,331.28278,76.098976,259.8878,342.02295,155.47275,269.093,341.70206,92.261505,302.07782,320.02274,140.48297,322.91086,306.24075,88.28078
105-0.pngresized.png,310.71085,120.52417,-277.9707,306.0943,104.989845,-238.43141,309.52673,106.31913,-238.44621,313.44287,107.43564,-238.63634,289.4115,102.898865,-268.8982,280.56647,102.19464,-269.059,271.8144,101.6918,-269.24393,294.13654,124.4627,-93.11444,237.66891,115.80478,-221.6503,307.1663,149.40004,-226.53531,284.43658,146.06885,-264.78,289.59122,256.35864,15.465524,166.62932,234.81659,-322.22995,402.7694,361.55063,7.8552313,276.17685,394.8024,-387.72275,529.2454,432.9686,-110.55459,470.35446,445.99402,-396.76706,565.90674,444.99567,-118.14065,513.1354,464.63617,-467.11148,567.41925,441.4564,-179.14911,522.33026,441.5581,-466.22607,549.5854,443.01865,-141.8059,507.97455,440.63895,-399.56946,143.82942,488.9231,106.78846,62.105145,498.2263,-106.76076,342.90967,479.05185,-14.330572,273.81213,522.65875,-298.39746,549.8804,527.2475,-94.395195,535.7944,542.6512,-272.2639,578.55865,555.0399,-110.078125,581.84375,562.6702,-274.65903,624.0568,478.98373,-207.74875,597.2428,474.10562,-418.45514
110-0.pngresized.png,199.04906,66.22615,-51.797413,192.97034,55.16355,-41.781097,192.03307,55.53124,-41.743168,191.35835,55.861633,-41.998524,189.60373,55.12989,-67.34586,186.14784,54.827976,-67.54019,182.73488,54.57127,-67.745514,173.52103,66.84341,-2.291889,161.18565,62.91189,-110.563576,189.82008,84.81963,-37.308125,185.20314,83.76231,-69.311226,148.96336,160.0626,63.876522,118.50334,153.25432,-181.35838,208.141,261.67932,85.07454,190.77734,268.54907,-167.67487,282.7002,328.20416,83.05709,286.34738,342.9825,-114.29325,302.23386,331.09094,92.97182,307.94925,354.96634,-147.33301,306.77667,332.55713,66.92979,315.9603,344.67133,-135.66699,297.79984,333.31216,72.58894,307.39667,342.42392,-111.57685,62.87635,314.40338,77.018456,32.683716,321.3575,-76.62451,214.59274,308.13983,121.34763,184.0875,336.35437,-73.46325,282.27216,374.54727,189.77817,244.93439,358.97183,133.66484,281.48846,388.67822,195.00264,243.48059,365.2826,153.914,339.50244,372.96454,181.24242,304.12918,344.3122,163.28772
113-0.pngresized.png,285.9951,295.44092,-88.67298,292.95157,299.25378,-88.76747,293.61465,297.8791,-88.48399,294.2621,296.59045,-88.58276,292.43222,300.19415,-106.98905,293.43524,299.90878,-106.842735,294.19348,299.6795,-106.85412,298.00073,285.39664,-71.204185,298.12,291.75168,-154.55576,284.77628,284.79846,-78.94984,285.915,287.1371,-102.67681,301.67505,234.77258,-56.45662,285.8754,268.6237,-187.72305,395.1828,251.5038,-63.33067,373.29767,303.2294,-234.56418,464.61288,284.885,-90.05954,461.785,315.56,-198.49702,481.14813,286.92407,-119.88803,479.53363,326.81778,-222.29387,479.04865,292.7231,-124.976135,483.84082,317.19067,-216.09134,473.76755,293.2408,-97.77162,479.15887,311.47177,-197.4741,154.45097,218.41457,39.976486,142.35837,237.88078,-39.79069,236.91008,265.32755,103.04647,227.9013,286.8706,18.43878,319.94217,294.33817,194.88373,306.53183,311.8919,120.72157,331.30792,300.94385,203.41261,317.53613,310.96814,127.4666,344.66718,298.99878,164.96184,331.94226,321.3249,74.2623
114-0.pngresized.png,361.94864,216.06837,-131.28635,361.27533,203.7951,-112.740135,360.19174,202.47627,-112.60823,359.34677,201.25012,-112.688576,359.3269,204.56963,-142.74332,357.04764,203.35306,-142.80241,354.65796,202.3386,-142.8459,339.47836,196.03609,-43.597717,332.533,197.75792,-177.4967,345.22345,222.17598,-106.00729,342.5916,221.3074,-144.63092,284.68912,233.93715,13.107254,269.50085,238.52339,-224.39465,363.63446,296.75473,24.212591,349.01962,299.30103,-278.2814,454.73514,316.63,-44.1882,452.28864,301.9406,-267.58563,478.87872,312.725,-69.0019,473.7692,306.46283,-311.84573,479.7142,311.1955,-89.17447,477.80127,295.61694,-313.82266,470.7308,314.29056,-60.99324,470.23203,293.7473,-271.69385,128.17917,305.72394,71.56767,103.43089,309.74564,-71.22309,289.4251,318.23212,-12.923011,210.26099,367.64163,-114.175095,425.80795,355.4991,-38.53366,341.96033,374.00003,-54.285515,437.81546,378.66327,-49.316776,361.83194,389.94244,-57.397964,503.4732,319.85,-110.10013,396.7295,326.68103,-148.92215
116-0.pngresized.png,145.90472,192.1609,-25.279032,135.69345,191.67052,-40.444576,135.07874,190.21797,-40.43875,134.47197,188.69006,-40.5391,135.87617,191.3285,-21.258234,135.32443,189.962,-21.11755,135.01279,188.57362,-21.150694,133.40836,174.42972,-85.995384,133.94261,173.83856,3.1915157,151.34915,182.2022,-40.412045,152.3257,181.51128,-14.903989,161.41978,144.37299,-129.85643,149.08124,152.16339,25.455702,101.125114,178.37234,-182.80072,86.014946,179.3659,34.64238,41.588917,185.73154,-112.75407,31.482508,189.02295,-8.721242,25.901573,186.77594,-129.28899,15.129916,183.78752,-15.512515,26.662983,182.25316,-124.38149,14.1886425,186.79729,-29.136639,33.58135,184.04343,-111.67205,22.035671,189.49734,-18.003452,277.4246,177.5332,-46.52747,267.9414,184.92023,46.646732,171.2408,193.07878,-71.71804,161.8329,197.0025,-12.419892,62.001904,205.72302,-98.38163,66.18454,225.07973,-52.7123,50.213062,213.8192,-103.95643,55.352592,236.75339,-58.997295,8.494999,184.26442,-141.92525,16.2452,205.49947,-96.030075
119-0.pngresized.png,370.0138,379.79782,-275.55533,385.71472,378.6866,-288.9725,387.47955,374.87384,-288.78104,389.1611,371.28494,-288.51627,379.01538,385.1827,-326.81076,377.3415,385.46768,-326.81824,375.26477,385.94592,-327.12836,382.40585,353.87256,-285.81064,365.1041,371.97885,-463.68686,359.45276,365.88507,-263.9703,354.9434,372.3125,-314.86563,378.42972,280.0606,-196.77238,300.69748,345.17502,-539.4137,468.50098,324.89902,-275.43408,387.99496,435.90854,-718.32556,580.909,336.3553,-490.76807,523.40234,439.7477,-864.522,614.0827,337.53445,-522.0372,556.3692,455.11768,-944.8785,610.898,333.5293,-555.03955,551.97723,425.9775,-944.3667,591.796,339.92676,-514.0821,543.5469,416.63818,-870.8575,153.8032,242.22827,134.64276,103.82994,275.76273,-133.4254,262.13287,378.48544,184.26942,220.05643,417.9022,-171.84045,120.90624,332.05273,489.59763,89.65468,360.4798,181.59544,104.66904,314.85284,519.1571,80.867294,335.52008,219.90382,83.83702,353.31506,644.53735,47.385036,372.7269,363.4546
120-0.pngresized.png,198.08289,175.77278,-353.26105,210.943,154.63998,-363.79166,219.58884,153.67242,-363.7488,228.31334,152.58821,-363.56744,185.7961,153.35747,-380.32687,175.43376,150.86435,-380.32483,165.1179,148.5307,-380.54715,231.67418,142.68526,-288.14163,139.92789,136.28664,-366.11508,201.86208,187.28004,-311.42624,175.3987,184.93204,-333.74365,227.5293,153.07059,-182.47266,89.10554,165.86398,-284.79788,250.49672,221.8089,-52.631393,99.1283,257.15588,-205.27037,242.2805,257.4626,-173.20366,170.96097,276.68,-264.9479,248.31473,276.71536,-214.29994,189.79962,290.83112,-308.15598,235.57843,264.3982,-239.6453,192.71355,270.38538,-332.19492,225.8743,259.00613,-186.94572,189.72418,263.7434,-277.0492,197.10127,275.61417,36.779247,124.760735,288.88284,-36.28159,284.69513,260.27127,-42.047527,120.89506,290.29364,-192.20457,239.0016,343.86472,47.57741,224.8766,354.79315,-35.865128,220.33249,361.13293,57.657528,238.1172,364.26953,-15.122809,259.0814,373.97253,17.15418,274.64487,388.31024,-49.378227
123-0.pngresized.png,132.11906,161.69861,-21.080414,124.03929,163.73949,-33.279564,123.4772,162.81728,-33.34279,122.92821,161.81436,-33.4304,123.56524,163.06818,-13.541681,122.553185,161.9651,-13.43271,121.74852,160.86203,-13.493588,119.53169,153.3634,-68.914085,117.77379,151.50015,22.798433,134.04218,154.66893,-33.30421,133.7851,154.3031,-7.1462536,132.15733,134.85216,-127.83549,127.8848,134.11469,73.75053,85.6111,169.60532,-181.32928,79.12243,152.60762,114.12307,35.037754,165.04626,-99.40597,33.2069,156.32697,74.98189,20.006739,163.79967,-107.977455,21.122292,152.39703,77.363205,21.314869,159.49522,-101.48961,19.701708,150.91673,61.764008,28.523493,162.68994,-94.51086,24.925388,153.7183,67.22324,237.2339,152.80267,-67.77148,236.20152,157.07967,67.92493,155.04503,169.67395,-74.69094,144.74907,171.88588,-24.062023,71.694016,194.1562,-148.83429,67.43688,209.61647,-173.02179,63.080868,207.26938,-158.9977,58.250744,226.48944,-189.844,27.602274,161.98471,-213.43222,21.661179,174.20157,-243.92007
124-0.pngresized.png,246.37358,308.3708,-30.273886,237.14679,308.57962,-59.14645,237.6728,308.1367,-58.96991,238.19308,307.6475,-59.07226,235.44252,304.15515,-34.49028,234.6394,301.48825,-34.334286,234.12149,298.59213,-34.45274,245.96773,296.49423,-138.71451,240.49223,284.68665,-25.770962,257.7402,302.51062,-53.851025,256.2747,300.00714,-21.13441,286.22577,297.07346,-172.21458,265.2371,237.82039,25.282408,199.29985,337.69342,-241.92279,189.69762,275.68076,81.73062,79.28066,325.55283,-257.32724,88.48815,285.08542,42.940025,51.883213,324.86194,-296.94165,62.56656,278.14984,40.029057,48.870647,312.52203,-291.26758,60.738274,283.1414,9.139685,60.944984,313.69785,-258.35806,71.62911,289.122,28.664207,472.21738,285.06238,-79.58316,458.63458,252.6755,79.929955,301.487,335.05396,-112.16818,289.4769,316.2328,110.20482,393.55045,339.2323,38.419514,371.4027,346.71255,229.87654,405.03564,334.12396,52.88595,381.17682,348.66412,238.29692,400.04388,340.2587,125.48093,378.2386,355.856,298.08545
127-0.pngresized.png,462.92776,409.03873,-85.2288,482.9161,403.44962,-79.3622,484.28964,400.52155,-79.09785,485.79935,397.71448,-79.31231,480.58588,404.3335,-121.2786,480.97925,401.91266,-121.05401,481.1218,399.83237,-120.99747,484.91248,371.1347,-32.15043,479.08307,376.6356,-220.25763,451.24228,392.41953,-57.53656,449.95795,394.96124,-111.77568,439.48605,311.31033,42.551414,423.23108,362.60077,-262.6967,536.31714,400.2019,73.72254,528.3269,468.79175,-336.65198,644.01117,438.21536,-11.104534,666.10547,455.84595,-270.26685,672.3614,438.19516,-31.674397,696.56287,464.73276,-307.89246,670.15625,437.7045,-56.639553,693.5455,441.13177,-296.22412,660.54846,443.73502,-30.055393,683.38367,435.00433,-263.53354,182.1685,356.7242,86.6061,164.5462,393.57474,-85.77457,418.94565,406.88132,126.15601,404.52612,441.05286,-36.13336,643.6415,458.9516,171.93997,627.1835,469.19806,27.090912,664.2998,489.8128,173.88481,647.3834,486.68567,26.12534,761.32153,408.048,120.73238,739.6988,400.52298,-46.378746
128-0.pngresized.png,246.66174,335.46198,-169.36063,233.72589,330.368,-206.02336,235.25554,329.0488,-205.90726,236.80725,327.6306,-206.00313,228.82106,325.69977,-172.0256,226.4126,322.3165,-171.87784,224.32933,318.87903,-171.9553,246.22833,309.8032,-295.15085,228.28444,295.38205,-141.05508,264.7201,326.6749,-194.4623,259.5006,324.14737,-150.07031,312.0748,315.46335,-331.71133,275.54034,249.63376,-46.77812,237.41338,416.5839,-393.38074,213.60823,345.138,-18.704573,125.320915,376.94498,-272.09314,113.194244,343.82565,-141.4058,91.73803,363.31943,-309.929,82.10524,331.6709,-165.11691,92.72704,346.3916,-308.21277,82.65779,328.7957,-190.26218,105.57369,351.9611,-272.79974,95.8288,339.1939,-158.08539,512.0998,322.92258,-106.59102,499.1523,287.02438,107.11469,333.6817,347.73135,-76.16363,319.46344,325.49466,52.920982,187.6392,393.60205,-24.247286,184.15367,387.06046,84.52783,170.93784,415.90164,-25.883892,166.27505,411.81177,80.86183,106.76224,345.27917,-109.861046,106.05754,344.12442,14.746117
130-0.pngresized.png,195.41948,254.0161,-123.38565,190.52563,253.78601,-141.09952,191.52554,253.12343,-140.99063,192.56932,252.43546,-141.11911,186.76317,252.04646,-126.863655,185.09007,250.46571,-126.74926,183.5915,248.8003,-126.80949,195.4831,241.4677,-183.49196,182.70361,235.73537,-118.38919,202.64803,246.89873,-135.25151,199.30327,245.57574,-115.925865,226.95395,226.97014,-190.53636,192.27737,191.88669,-92.340904,170.27551,282.67242,-221.21977,140.2409,240.7335,-81.76273,85.95328,292.67535,-233.45192,72.40766,270.9,-101.27411,56.993725,294.18384,-269.12418,42.59299,264.55408,-116.42675,53.785427,279.23367,-259.81592,45.34855,269.14703,-130.58273,62.145496,280.35748,-233.86661,56.575893,272.51083,-111.28908,325.13028,218.42432,-43.064354,303.883,198.88992,43.3463,252.33781,277.70114,-30.73412,232.40048,239.34119,86.65753,267.10123,263.7216,109.1473,251.4231,244.6024,216.34828,268.09653,254.23709,126.14769,252.89458,241.88925,228.44609,259.20358,265.56824,158.21358,253.01245,248.01381,244.14745
131-0.pngresized.png,136.92673,203.31586,-207.4894,128.92241,199.04478,-220.39574,128.96336,196.39594,-220.27426,129.09727,193.68858,-220.32602,128.09805,202.33174,-198.09671,127.38243,202.7443,-197.96892,126.85744,203.08702,-197.87444,131.00935,180.03604,-231.83182,127.34564,190.54568,-129.06897,143.89133,192.89076,-208.38391,143.4048,197.28084,-178.50783,168.76175,164.85324,-234.88908,145.23215,170.5848,-79.45626,132.04309,217.63797,-280.63974,113.897835,226.77565,-105.43034,69.33626,199.91983,-257.94412,66.44689,195.96611,-192.86334,50.087414,196.35269,-278.84937,53.7764,185.01778,-206.61844,50.567123,184.40479,-284.20978,51.6349,181.0726,-204.11194,56.90991,187.27429,-259.44357,59.11559,186.22878,-194.71454,291.1711,171.24695,-45.77469,260.7772,180.96782,46.038166,319.28735,227.05144,-146.7811,182.34163,207.19978,5.3721485,304.51898,214.99426,37.812637,122.54605,232.1833,-49.77678,296.1797,206.66725,62.492737,118.519905,242.20906,-59.349266,312.1993,210.04376,103.88281,93.29244,214.03511,-85.38388
132-0.pngresized.png,344.24982,453.75128,-200.24368,332.88562,453.41925,-232.36668,334.61362,451.35385,-232.17673,336.39142,449.18884,-232.23053,326.9381,450.12225,-187.12512,324.35428,446.98932,-186.8113,322.22348,443.67468,-186.87602,343.84067,426.44366,-331.84195,325.14813,420.01944,-127.225266,360.6945,439.70175,-234.70114,355.18842,438.51874,-174.70906,412.10965,387.8932,-441.4329,353.25085,347.82895,-32.610435,295.46906,489.2636,-587.2787,240.4147,445.65247,5.503184,141.22418,537.155,-579.2441,112.520905,505.8953,-50.361355,92.3202,542.6412,-655.2606,60.74654,491.82986,-47.541748,84.300316,522.5019,-610.9878,62.51642,501.30917,-110.13892,97.95068,526.06976,-568.0265,81.60681,508.30618,-81.558426,638.2376,397.8777,-145.41714,608.87915,377.002,146.3795,418.34,451.1181,-193.17722,407.90405,439.15778,150.18513,571.1656,504.48557,59.20975,559.6473,492.20676,353.42978,594.07544,494.83832,87.16999,579.7361,484.3954,366.90906,593.0866,527.0004,199.19312,597.3839,523.1676,428.58676
133-0.pngresized.png,197.51009,287.72278,-103.90023,184.39267,283.67526,-133.10526,185.17833,282.05743,-133.1363,186.00606,280.33786,-133.28018,180.39098,281.16672,-99.37213,178.10591,278.7417,-99.21298,176.0733,276.23923,-99.34012,190.29562,263.18564,-214.6276,176.12424,256.4221,-62.38584,210.28719,278.0836,-130.23778,205.90683,277.113,-86.112305,243.02017,252.14905,-279.2156,208.91516,219.60023,24.385916,205.8012,344.7626,-319.85623,171.80972,302.3813,51.926254,109.33041,343.2686,-191.373,93.44831,336.951,-49.82283,82.4827,342.74738,-216.4547,67.23639,337.45145,-62.97599,80.742165,331.04184,-210.93147,66.926346,335.3904,-85.16592,90.78882,331.2593,-188.51848,78.75904,337.78702,-65.24414,403.28787,259.2163,-99.959984,389.71854,242.9033,100.62192,259.8179,299.41022,-89.5506,250.87624,287.62787,63.484894,182.30089,331.6132,-13.711952,180.67244,328.71613,67.53855,175.90253,343.35623,-10.021973,172.11682,342.2438,62.59618,133.35391,308.67426,-63.196785,136.89499,303.9687,8.055555
134-0.pngresized.png,320.86087,335.30783,-275.34302,332.55597,331.84726,-281.45468,336.23248,329.92328,-281.41336,339.91183,328.18286,-281.49536,322.31927,332.9822,-305.03168,319.44986,331.96268,-304.9737,316.31076,331.12036,-305.14185,340.98846,310.66013,-269.43134,309.5903,313.11118,-379.6546,317.4305,325.59616,-263.45346,309.12164,325.7865,-294.65677,352.93463,250.39795,-246.26123,241.15166,290.544,-391.4047,460.1814,330.42172,-273.32028,320.59583,383.8081,-486.06125,543.7648,360.91977,-407.4645,460.4616,364.3241,-532.8306,572.8789,364.38876,-443.63998,491.52008,370.57785,-573.06995,561.887,355.7321,-451.6517,492.4963,352.76328,-566.9838,545.5162,359.67746,-415.19534,485.22763,348.21423,-532.3532,185.80817,252.76279,71.21678,118.693,273.70255,-70.81961,266.61957,357.87747,-52.382935,173.56642,316.9936,-319.76965,286.04092,375.3568,18.520668,250.08643,402.8807,-35.996773,285.0601,379.76617,27.56267,262.6931,407.82428,-4.0085087,324.55554,392.79034,16.696949,295.56253,442.086,25.43024
139-0.pngresized.png,99.0332,147.94504,-67.16477,93.10942,140.1182,-81.463486,94.28789,138.83562,-81.436325,95.50966,137.52852,-81.43094,90.52066,139.53296,-65.32208,89.5248,138.24704,-65.30872,88.67439,136.97685,-65.361145,102.41978,128.10316,-114.37179,93.260345,126.30345,-38.164886,109.60557,145.28123,-77.46965,106.07738,145.42966,-55.594883,141.12593,139.10541,-132.99153,123.252884,123.15338,10.662838,110.414925,212.69188,-135.80988,85.36041,186.44762,20.449858,51.550045,183.50241,-72.201065,51.70479,178.01375,-39.91458,34.317703,177.13876,-84.82924,40.58792,173.62094,-41.439762,37.22044,163.98195,-86.186966,43.383446,167.49686,-44.235302,43.613777,166.45561,-71.838165,48.13034,170.07957,-43.87489,239.26031,172.46915,-46.741165,229.06236,162.84732,47.154045,172.39998,177.67882,-94.98239,150.03986,168.17612,38.03142,97.59946,190.87045,-44.238197,101.65744,176.36676,43.495956,90.356384,196.55637,-40.747467,95.77286,180.94806,41.075653,57.454796,171.93713,-73.34014,73.22739,161.17621,15.541794
140-0.pngresized.png,436.7318,468.2151,-1096.8552,459.89526,406.43018,-1136.3221,476.7955,400.34158,-1136.6088,493.7318,394.05542,-1136.9358,421.9825,414.1449,-1081.2511,409.45523,413.70255,-1080.8673,397.06454,413.6,-1081.0529,554.92615,361.97385,-1037.5049,423.54178,388.61444,-804.21454,494.20898,476.48706,-1039.8379,447.22726,485.6483,-971.8911,775.4517,480.36832,-991.9003,439.39575,428.4435,-556.07117,688.7899,871.4371,-1059.9019,317.75443,678.51056,-799.5066,366.33118,865.1267,-1062.3872,188.72032,776.5981,-1329.6306,273.776,897.7233,-1141.1152,135.2598,808.9808,-1411.8239,285.0577,816.71045,-1127.9272,163.95848,781.8362,-1435.0155,319.92154,805.0793,-1049.0966,206.76614,775.5428,-1351.4352,852.5038,838.8977,-156.67133,669.6029,780.44904,157.76582,593.8095,894.0878,-604.90625,366.3916,781.52637,135.74963,565.6284,981.3587,44.119053,445.2267,958.64575,481.13168,589.2865,988.5804,115.20359,485.21225,982.3732,511.2118,469.55106,1048.3842,102.312386,375.35333,1035.4847,491.7625
145-0.pngresized.png,330.17358,272.92938,-122.53389,340.66504,271.49316,-128.50566,342.3684,270.0524,-128.31949,344.0621,268.72708,-128.46266,336.60568,272.91492,-145.414,335.8557,272.55875,-145.4377,334.92297,272.37103,-145.47926,344.7041,255.99486,-128.63216,332.2839,262.09106,-203.3291,326.1743,264.129,-117.26348,322.62073,266.4435,-138.50917,334.44473,214.36525,-104.99829,285.04004,259.47046,-219.62057,405.38177,290.6965,-174.02997,349.40924,340.59085,-270.3365,482.5263,290.76434,-296.76685,456.08322,322.1494,-270.0609,502.81165,286.81763,-331.45187,477.4891,332.1969,-284.8887,499.277,280.89667,-324.8803,475.49384,313.19843,-290.9532,489.03055,285.32254,-301.75864,469.41113,304.13226,-271.4615,167.66582,230.70128,31.0393,136.46707,255.70726,-30.506508,294.1223,286.53214,80.45219,252.52988,305.76154,-33.735245,341.10358,308.47415,130.99126,320.6276,324.66315,81.028114,343.56268,313.71265,133.88362,326.0227,319.9587,89.199394,373.9475,319.65186,113.21982,363.7866,337.43222,69.99071
146-0.pngresized.png,203.88095,330.71768,-104.84015,185.70341,330.3995,-92.80866,186.6129,327.9689,-92.58636,187.45755,325.4005,-92.67082,181.59119,339.3925,-123.15001,179.23134,344.75537,-123.135284,177.1924,350.02634,-123.31463,192.18433,338.98056,1.515273,179.93126,372.54105,-142.1052,222.46817,337.49365,-65.91128,217.35722,349.42224,-106.93896,267.44772,343.73965,51.32511,245.29462,426.6103,-192.62234,228.81691,313.15414,165.03784,150.85498,398.5889,-316.26886,177.01057,328.36606,225.59894,127.48939,339.30536,-190.98726,160.51768,336.98102,221.30194,119.37207,324.64227,-194.21176,156.07602,336.28244,216.92247,126.644684,330.00366,-178.00555,163.24072,336.37973,219.55125,132.98465,334.1473,-182.00945,536.87384,330.55948,58.438396,538.2632,385.4924,-58.07137,588.1523,330.5318,139.40517,599.383,408.6632,-20.54449,547.91016,337.7699,355.1282,532.3328,339.72626,168.51413,540.55707,337.39096,379.24503,518.08704,332.38818,187.28226,547.94293,346.10565,401.7293,532.2192,307.69763,205.69101
147-0.pngresized.png,362.59854,270.02014,-107.30843,374.39618,266.4037,-100.45719,374.37613,265.76382,-100.223694,374.36685,265.28656,-100.35839,374.33685,265.48413,-121.8909,374.58328,263.99774,-121.93369,374.64636,262.62625,-122.18073,368.09528,252.7384,-53.291664,368.28345,249.50185,-148.39682,351.05225,263.9593,-85.545425,351.35886,262.45538,-112.177246,326.90808,219.97145,-2.0592864,316.7039,240.03404,-196.9274,398.1776,274.3014,-26.30021,386.85074,313.22903,-249.18562,468.3972,276.354,-83.543304,474.59113,291.84335,-213.32669,486.65433,275.00015,-95.38603,494.67563,301.50113,-235.91412,482.605,274.16736,-91.89842,488.72073,283.17422,-245.95396,473.40668,277.57596,-89.05583,480.2371,274.6865,-217.74983,153.501,234.8257,54.30931,118.20927,242.12029,-53.77529,243.16211,291.5775,100.75358,85.85715,308.74338,-143.7566,279.63742,294.87146,82.08142,130.3772,307.6554,167.63046,275.19394,292.11945,80.30159,142.39964,297.42807,206.72078,325.54755,305.8477,82.25728,134.64937,331.40067,291.49573
148-0.pngresized.png,104.93445,154.93153,-20.588232,99.238914,152.84743,-35.329514,99.70938,152.35251,-35.37583,100.17916,151.80682,-35.428116,97.82482,150.84735,-18.579912,97.15306,149.17152,-18.510817,96.65089,147.45103,-18.58175,103.70303,143.8404,-78.576416,98.58572,137.61845,-2.3795424,111.66779,151.57639,-35.032585,110.180084,149.6689,-13.436762,133.59529,138.87766,-104.70607,120.485176,128.57971,25.156008,99.54887,168.59709,-133.11446,79.86452,157.79163,42.480297,48.958984,143.95197,-61.844635,34.424366,136.48495,2.3647478,33.714188,137.38754,-73.024536,21.27495,125.693886,-4.817222,33.93669,129.6152,-72.99639,20.453615,123.95098,-10.41647,39.313583,133.6075,-61.83242,25.46328,129.33632,-2.9549856,229.97856,153.44493,-46.61174,225.1442,149.11678,46.928066,136.34,159.92226,-47.350677,130.70985,158.90253,7.379838,57.231308,176.97398,-63.98006,54.294304,187.18253,-16.092371,47.393993,187.88,-69.3119,44.903828,198.75397,-21.801842,15.819797,148.18326,-111.66677,10.806573,163.75739,-58.252728
149-0.pngresized.png,304.78055,221.20145,-126.849594,313.12045,215.84758,-117.056694,313.47162,215.07326,-116.84918,313.8709,214.41731,-116.905205,311.5671,215.36372,-133.98784,311.00247,214.16493,-134.00426,310.30322,213.08694,-134.0341,307.30383,204.35805,-80.76525,302.27054,204.01605,-153.51685,295.21402,217.85083,-112.49353,293.30096,217.13977,-132.92715,268.03308,186.84671,-61.71087,254.48128,204.98384,-189.94785,308.82098,236.47667,-121.525375,306.1703,258.91534,-247.36172,375.6637,212.30171,-163.46378,391.01205,223.12897,-241.07977,393.33145,204.3643,-177.33919,411.08398,226.18376,-261.4928,390.86478,205.10373,-162.58351,406.53516,212.08612,-266.9655,381.8041,209.3699,-163.5885,398.62985,207.04271,-244.31938,129.67929,201.8823,36.677204,108.42442,210.83643,-36.226597,244.36519,236.04079,-28.188885,149.8655,240.80144,-70.07798,309.30914,263.34976,-17.573965,232.38675,267.69934,68.18118,310.0033,268.5949,-17.65164,239.8467,269.86832,81.97176,353.09128,272.19324,-39.88217,267.2526,271.46948,74.05566
17. paschimottanasana-seated-forward-bend-image.jpegresized.png,371.65286,469.93646,97.25842,350.58658,461.53528,68.02813,349.92853,457.69452,68.01845,349.2369,453.69702,67.74704,350.0723,462.11896,103.04792,348.64362,459.34616,103.18103,347.65442,456.5569,102.94495,350.43115,426.0285,-16.592676,347.29013,428.46356,146.4411,383.23654,453.21597,70.07059,382.4782,455.27917,116.4982,401.3281,408.33298,-91.0736,399.54413,387.85623,172.23782,306.90875,546.5638,-176.64653,291.6112,475.22144,220.31253,157.73907,553.9731,-77.06842,143.09435,516.2263,127.41714,115.01293,552.4955,-109.80544,102.779816,512.6697,119.996216,111.87744,536.86676,-94.36842,99.56436,509.1584,99.14399,124.408676,542.2037,-75.37304,111.02886,511.6671,111.605576,640.11646,479.23907,-106.216064,641.35754,463.11746,106.26789,371.26602,510.88632,-96.21889,365.74152,499.69583,66.79277,142.98549,562.41614,-69.281235,148.46286,567.26434,126.253914,109.39378,587.63544,-73.14892,115.87457,591.91034,127.1165,44.61236,495.35803,-185.1503,51.297806,526.45886,29.33905
18-0.pngresized.png,287.25616,435.1346,-131.49927,269.9168,423.52332,-169.27484,271.7971,420.62964,-169.1532,273.79462,417.60724,-169.1795,264.16794,420.8255,-125.909164,261.50766,417.1442,-125.60553,259.22754,413.4215,-125.43971,289.23517,393.72046,-273.9619,268.68936,386.13953,-73.46885,313.19556,424.76825,-166.51537,306.31458,424.239,-108.72359,383.8109,398.12244,-357.23224,359.9383,354.9863,45.142467,309.89597,527.4678,-393.57657,294.12695,509.81924,97.31912,184.22134,474.2453,-221.10876,219.33206,550.1761,47.780563,142.3173,459.472,-249.43716,190.20306,555.9024,59.515503,151.05219,441.11118,-251.16826,196.7008,544.5969,47.216423,169.3696,446.91156,-219.91379,210.4228,546.60474,38.26967,678.793,422.10193,-121.630486,652.93304,405.23825,122.55431,531.2145,474.94934,-332.81842,438.97968,480.50208,64.85808,430.12576,517.272,-89.0799,310.1362,558.6666,116.05992,420.94144,524.3214,-66.71243,298.17712,578.1636,112.08901,368.1911,502.10034,-130.1571,238.42604,545.8656,38.969273
2-0.pngresized.png,418.6879,346.2348,-284.58084,430.39444,338.31662,-260.6768,431.1822,337.52625,-260.47015,432.09454,336.78955,-260.5264,427.06003,335.86197,-302.2306,425.94162,332.65204,-302.18326,424.57184,329.79678,-302.25693,422.42987,315.7413,-175.25102,411.19717,309.32382,-358.0128,403.89542,338.1287,-250.61409,401.4073,334.2906,-302.74823,375.90732,285.73666,-95.69707,335.78195,300.8537,-439.23886,443.2423,376.7859,-141.13507,425.8042,400.49966,-578.1263,543.6511,398.29645,-327.3175,559.1166,410.70053,-589.04376,570.3771,396.85544,-380.65436,585.2316,425.42026,-643.5112,570.371,391.1263,-406.37482,584.3502,406.99854,-640.6401,558.0788,395.04504,-353.07892,577.53217,399.32986,-590.94696,174.9417,300.47815,102.99854,146.52075,317.2316,-102.54919,367.01538,354.49387,121.91288,350.16324,368.6612,-103.65128,552.56335,397.25952,207.26561,535.1765,414.6536,-38.786865,571.7064,416.78876,211.09454,553.66315,426.93518,-41.286907,632.6427,388.82086,132.97597,617.2279,384.228,-153.47092
24-0.pngresized.png,313.90958,242.68782,-112.33191,323.12192,237.71596,-102.725296,322.83,236.70929,-102.513466,322.59622,235.79565,-102.6327,323.4845,237.2605,-124.053986,323.69327,235.8253,-124.05709,323.7428,234.53883,-124.11968,315.6918,222.16885,-58.350048,316.6851,221.89459,-152.95953,303.07812,235.97879,-93.31151,303.4726,235.51129,-120.187225,278.79422,196.97498,-29.450897,264.89523,215.8879,-183.22249,341.8077,233.22998,-51.86142,319.27432,273.0674,-240.6751,411.10376,227.09004,-91.68225,404.88986,256.9939,-228.06847,428.35925,222.42665,-109.60194,424.15524,264.92566,-250.57599,425.44052,222.8648,-104.66255,421.55734,250.12473,-253.44966,417.98618,226.16422,-96.75102,414.7832,243.53679,-229.78949,125.08822,217.4615,41.972054,103.37586,229.0378,-41.530712,258.39847,250.42668,22.589512,191.41283,271.96216,-78.83482,349.78244,285.983,28.57071,297.74844,301.6596,6.6440616,355.76135,295.7942,28.134033,307.4158,306.67877,12.274429,405.30258,286.0891,-14.273099,352.36273,293.5579,-44.222786
54-0.pngresized.png,182.21657,97.24405,-42.98845,179.88554,89.61929,-35.203476,178.50269,89.37297,-35.211906,177.26738,89.16462,-35.321857,179.57422,89.6048,-53.95846,178.10979,89.01905,-54.096313,176.62299,88.49982,-54.186634,163.69211,90.64761,1.3468294,163.42073,89.401115,-81.18852,172.66118,104.93955,-28.694975,172.6001,104.72114,-52.879204,132.38417,135.30168,51.079212,125.71842,134.30156,-121.8219,178.46083,185.08073,58.371517,169.69167,202.77795,-128.05696,237.47874,203.03638,24.706188,238.40756,221.71442,-117.08701,255.54799,196.48505,25.413195,258.52133,223.09395,-150.48259,257.9379,198.12773,3.4459493,258.4787,212.28412,-139.53136,252.03561,201.66504,12.516651,251.45367,212.72318,-115.15919,43.64283,206.3435,52.617493,33.629295,209.71664,-52.570282,139.88963,208.07,63.90344,137.14508,219.27562,-30.652828,220.51733,219.42358,125.667404,233.62425,237.14021,13.057738,233.74767,229.4973,130.44777,247.8365,247.7534,15.411574,252.79648,192.13687,99.17766,268.63086,201.28992,-31.643581
55-0.pngresized.png,157.76309,257.05078,-142.45384,149.59174,248.8263,-159.77809,152.01741,246.65822,-159.73853,154.45148,244.42067,-159.81128,142.94862,248.16061,-137.88158,140.21368,246.47119,-137.86633,137.7606,244.7692,-137.94426,165.52031,229.94374,-197.89964,142.54941,227.05737,-93.51708,175.26488,250.03506,-153.34239,167.70421,251.39995,-123.754395,223.77542,233.73203,-210.50233,188.77745,209.57925,-20.525328,151.00696,299.9603,-262.53436,124.72065,268.5144,-8.127579,64.0738,254.66307,-164.74464,55.63371,246.7895,-92.99429,38.268852,238.38809,-188.12013,33.82675,235.40648,-97.38819,40.176178,227.7223,-186.00919,36.466187,232.13786,-109.74911,50.673267,234.71556,-163.19972,46.028862,240.11409,-101.17896,390.38058,234.26544,-65.86513,376.64572,227.38817,66.19924,237.40607,247.77806,-68.59716,226.86835,244.13033,11.255421,106.53662,271.43268,-114.49249,101.26174,291.93005,-81.604614,91.248726,287.932,-125.11892,84.31074,313.564,-96.49405,39.526764,224.91707,-201.4896,36.23736,247.90262,-149.95967
56-0.pngresized.png,205.61961,173.24696,-379.4557,218.32585,152.63994,-385.2397,226.54434,151.722,-385.19394,234.86728,150.72165,-385.06644,194.99026,151.4916,-400.7288,185.38617,149.08624,-400.76953,175.812,146.83258,-401.04657,238.671,142.29337,-313.82687,153.60197,135.04205,-385.19852,209.71692,183.53804,-341.501,184.01349,181.44366,-362.0297,236.10968,148.81163,-201.34859,103.53163,169.73254,-318.55414,252.48059,217.55312,-60.39602,115.58145,266.02304,-254.8167,254.36751,262.40756,-130.97488,190.66743,295.9913,-294.84125,261.98532,280.46216,-157.95866,208.84927,313.4715,-335.08075,256.56064,273.8874,-187.4577,215.38258,291.80637,-355.9823,246.42476,269.25583,-146.97977,211.98424,283.3106,-305.95038,197.70963,248.48116,34.64333,128.32288,265.0052,-34.19152,280.6343,230.7568,-63.322556,127.446846,269.39944,-178.05219,231.9715,312.56937,25.096682,207.7686,340.1545,-20.448965,214.86298,326.34427,33.858685,216.15594,347.86032,-0.9173835,246.74448,347.1742,-15.083205,254.40593,381.01367,-37.964874
60-0.pngresized.png,174.02518,184.20242,-184.99655,182.4031,181.57497,-184.62737,183.81941,180.29648,-184.59612,185.20363,179.10745,-184.66647,179.16484,180.828,-204.19572,178.6387,179.33691,-204.26959,178.00142,177.92229,-204.25514,187.89093,165.41585,-165.06752,178.01064,164.46344,-252.95836,171.15091,175.2985,-173.77461,168.9037,175.54475,-198.97282,181.25526,137.41943,-136.01497,146.44466,145.65204,-262.16534,206.46445,201.45358,-117.3645,185.10374,215.52257,-313.53467,260.3731,231.87224,-200.60896,260.62912,238.80962,-327.8517,281.51456,236.54248,-234.47481,277.2957,247.66566,-363.49554,279.37186,233.64966,-245.08655,281.517,236.64355,-365.20694,270.55347,232.11546,-212.41342,277.60034,231.36124,-331.86896,85.884056,139.91832,29.561886,60.270172,146.42679,-29.454437,155.1281,161.42953,122.28972,92.406784,172.24626,67.495094,211.53833,174.99356,276.60312,131.12154,183.42477,222.03886,216.14577,175.5826,290.59647,135.43039,180.46877,235.9188,242.11752,184.59705,253.17123,146.73509,191.62447,197.40215
63-0.pngresized.png,302.8121,258.82803,27.546663,313.34125,253.84071,32.700077,313.07025,253.01334,32.84645,312.883,252.34451,32.87416,314.32364,252.76927,10.722396,315.01553,250.88873,10.748067,315.57187,249.0974,10.586527,309.20895,241.007,70.45962,312.73907,236.22287,-29.115437,293.18936,253.98271,44.872,294.91928,251.56609,16.921692,267.9205,215.15874,124.40021,282.4169,228.60121,-69.45511,344.02072,256.54083,130.55853,347.23215,291.43613,-73.334724,417.01123,267.42487,80.46181,420.20056,290.12747,12.311829,438.7085,265.12097,71.81774,439.583,296.08472,4.698726,438.06076,265.67538,64.474495,440.63437,282.19635,3.4879203,430.05252,268.6786,73.93785,432.6715,279.2174,14.542907,98.32959,241.4118,61.164543,90.75776,252.51826,-60.946373,268.29672,279.59674,104.898506,195.05685,326.47552,-100.52629,246.13637,291.17752,181.48557,74.79778,302.12677,12.442812,235.82835,289.39902,186.4933,56.493954,290.5068,28.728128,262.83276,290.77454,193.8071,36.603153,306.6274,71.158676
65-0.pngresized.png,436.57117,348.77472,-182.9787,451.8677,341.46182,-170.18353,451.4834,339.3869,-169.9764,451.2371,337.40677,-170.02505,452.19318,343.46375,-207.24457,452.3967,342.03934,-207.27354,452.33832,340.79776,-207.4033,437.15363,321.5847,-103.496414,437.94604,325.90503,-269.30887,418.40317,342.08115,-152.69547,418.4378,341.5242,-199.62148,368.5104,285.17157,-6.109227,360.39038,325.391,-328.5585,463.0175,357.04547,58.32314,447.63715,399.3825,-392.66315,552.0183,315.25742,104.33039,559.23254,319.47513,-349.80908,573.59595,303.3597,100.46611,583.4058,315.46628,-378.30804,565.2438,298.55878,114.7446,567.9391,294.7517,-397.93402,556.0253,306.59415,100.25737,558.01776,290.63193,-353.96426,162.8241,309.0894,90.820366,140.87657,335.07336,-90.00236,355.00644,347.8469,100.027084,289.08936,406.29272,-87.25587,523.39294,400.9689,137.65395,452.8321,441.83658,5.859166,537.55743,426.27222,137.94579,469.46674,452.32492,10.456572,621.56885,369.28702,73.8779,537.2939,413.28445,-77.149345
69-0.pngresized.png,290.6475,265.67694,-219.81157,300.44498,261.14737,-212.66347,300.3377,261.12885,-212.44669,300.30676,261.23404,-212.54507,300.56418,257.3812,-235.51997,300.9357,254.45264,-235.57414,301.17575,251.72174,-235.66467,296.6528,244.73003,-159.44264,297.37137,233.65324,-262.3823,280.79105,257.94394,-195.73546,282.1538,253.56554,-225.41588,271.74442,220.27858,-128.58035,246.64093,215.45413,-260.68134,328.93802,284.11575,-191.87425,305.34457,286.5981,-323.46982,416.5293,273.00024,-284.26215,417.7918,280.45187,-333.18542,442.79037,266.46884,-312.07736,446.04678,286.87863,-364.339,439.55627,261.92993,-307.9292,446.5559,272.86725,-362.46686,427.82367,266.31293,-290.51468,437.52222,268.09158,-335.50842,136.54562,240.8304,37.679604,102.96713,241.40944,-37.39455,295.8077,270.84552,2.5797424,147.13503,263.50378,-183.03395,403.23074,282.18774,-7.8145933,262.62564,292.10583,-51.99706,404.35193,282.9738,-10.934463,274.52655,294.60117,-37.20564,470.63632,288.8835,-23.803381,303.41278,292.58188,-19.73263
70-0.pngresized.png,393.5293,361.44055,-260.15137,396.5312,355.21375,-253.44743,398.18738,353.27356,-253.2872,399.9309,351.4819,-253.43073,390.81198,357.68115,-277.55005,388.70956,357.30792,-277.33365,386.46594,357.28903,-277.35437,391.71692,335.79977,-228.00906,372.37094,344.2828,-336.04755,385.6045,353.7525,-247.09077,380.6174,355.57227,-277.88168,374.5497,300.92548,-181.98967,317.6384,329.214,-368.26154,452.43637,390.3399,-164.97897,386.58084,429.86053,-444.11154,550.2233,438.6226,-257.0857,538.31696,426.82663,-469.45822,577.5317,445.50348,-284.99866,567.737,442.30292,-495.5304,571.93774,443.4708,-296.74576,570.4214,414.74646,-499.1711,560.7812,444.1403,-269.84412,564.49744,406.51672,-471.5415,216.52641,317.4559,64.59979,180.4529,334.56577,-63.931835,363.28265,390.21872,100.348495,307.69696,397.88867,-80.80658,485.54254,437.46667,115.522705,468.3501,436.84653,-26.050865,499.6488,449.00262,116.4129,484.49454,443.3287,-24.987082,538.6035,441.18088,97.9958,544.1911,433.27032,-68.11803
71-0.pngresized.png,267.80756,318.95352,12.713237,258.4383,317.22595,-6.319071,258.38312,315.9714,-6.346529,258.26868,314.61157,-6.65804,257.99548,315.95795,21.316944,257.41324,314.03183,21.534023,257.1889,311.97482,21.422272,262.248,301.6205,-65.21975,259.70016,298.69882,61.537064,275.70218,311.49405,-7.3318996,275.54843,310.43378,29.004736,302.60995,286.65704,-132.21179,297.06354,279.01416,94.952614,220.35971,342.04056,-202.5717,218.85628,321.16296,123.75377,118.387764,348.9586,-136.49176,127.158005,345.68903,46.245506,89.97813,348.79944,-162.90654,99.634224,339.35513,34.473736,88.57356,340.9897,-149.43309,96.651245,342.6615,10.72119,98.28682,343.62982,-132.05063,105.946075,347.09995,30.508125,505.31448,299.1129,-79.39342,505.40372,293.8539,79.7163,314.6713,307.15665,-59.525322,323.2078,331.3119,68.81166,151.2697,344.01477,-42.324406,159.83994,382.05518,111.13772,131.98097,355.2262,-44.646408,140.18422,396.74393,110.86132,72.83611,319.71716,-101.886955,80.54055,373.0136,47.300747
73-0.pngresized.png,146.01268,123.472916,-0.5739895,150.75343,119.15287,2.4372835,151.07361,117.708374,2.4709823,151.44305,116.305016,2.4139137,149.61006,120.19704,-13.414492,149.35027,119.41922,-13.470522,149.0525,118.69579,-13.491305,149.67062,106.971924,16.690166,146.93132,111.43455,-53.646606,142.09041,119.15477,6.912456,141.37057,120.79483,-13.445669,128.3531,98.60942,50.4088,125.29593,112.227,-81.992386,133.5947,139.47054,62.86925,132.63936,163.40588,-100.990364,164.4058,163.9155,42.33071,174.5949,183.77483,-89.521255,175.40128,165.78345,41.872993,185.6508,191.15262,-108.84521,175.57901,168.90646,28.94885,188.20505,181.40617,-101.9795,171.9591,169.53163,34.306812,184.95169,178.99622,-87.539795,62.561295,119.35413,40.895485,59.32794,129.3742,-40.88993,129.85046,137.63437,49.335503,130.72942,145.88876,-25.127394,189.04582,158.94588,76.3311,190.77744,167.5601,-5.5921717,196.33455,166.53906,78.27711,197.96042,175.77936,-5.276089,213.80196,150.01318,49.026306,216.3409,152.18251,-39.556534
75-0.pngresized.png,133.18022,60.176315,-57.512733,129.8489,55.503983,-47.740444,129.74193,55.842407,-47.65522,129.75473,56.142914,-47.626724,127.55818,55.52266,-63.036797,125.778244,55.53868,-63.14068,123.99304,55.63826,-63.24814,123.78642,62.57106,-4.6150465,116.429,61.307526,-68.36817,132.44269,69.77377,-39.853924,129.40778,69.46011,-58.556618,112.823364,108.31917,65.80645,112.97592,104.50838,-114.822876,159.11703,136.29016,69.22124,164.92197,145.04478,-109.53751,205.54094,164.14484,55.97437,206.67123,170.94562,-47.78435,217.4115,166.65436,72.029396,215.14201,175.91718,-62.142075,218.47563,169.2957,50.196712,218.70477,174.88303,-47.451233,214.31427,170.63681,47.369442,214.7211,175.14474,-41.35256,55.241226,192.18271,54.483574,49.926075,194.13234,-54.30811,133.82423,197.98555,91.547066,134.84189,201.18443,-19.953938,203.8888,203.47575,163.74396,196.80034,201.46768,77.72207,215.89764,210.1418,171.59644,207.10242,206.30121,85.97371,226.84401,176.06912,164.45323,219.64453,173.48555,63.939346
76-0.pngresized.png,100.27251,83.16497,-71.20112,106.38935,75.803764,-85.29201,108.14491,75.69181,-85.34347,109.88251,75.47786,-85.394714,105.46495,75.58269,-63.631016,106.135216,75.57962,-63.713127,106.86331,75.670815,-63.750526,123.82704,78.50292,-120.58665,119.70381,78.475044,-24.389154,108.666016,91.15574,-83.768105,106.93416,91.33446,-56.166603,147.7941,122.35416,-157.60756,140.60916,120.351364,31.228722,102.28355,175.76215,-171.24712,103.11105,162.70372,47.81933,45.545715,201.83005,-151.93481,51.55797,189.54553,39.13625,34.043015,207.2707,-182.91022,39.20807,191.57838,45.05476,30.164688,202.04602,-170.12201,37.897293,190.48215,22.357428,35.45111,200.84232,-149.24358,42.903442,191.9761,28.586203,214.1527,194.52574,-58.099533,204.23927,188.45396,58.43771,126.88176,201.33102,-36.443928,127.55733,193.83914,51.582577,55.269592,218.35231,11.553524,56.557373,211.10149,93.81279,46.982727,227.40144,14.25833,45.750458,219.94257,96.181366,23.140945,197.19174,-36.20984,30.42923,189.10513,57.896862
77-0.pngresized.png,422.6467,188.90176,-51.206863,416.48486,171.74649,-27.993088,413.5388,170.6305,-28.060417,410.85822,169.56647,-28.325521,415.1091,172.50008,-76.37612,411.54922,171.42836,-76.48443,407.9961,170.53653,-76.66603,379.9698,172.42557,49.20471,376.37378,173.44872,-165.54512,400.28305,206.87355,-24.393322,398.79694,207.15125,-86.40285,302.03302,278.9579,134.78906,285.67307,274.7112,-303.06308,383.6285,408.5368,141.89194,378.29935,419.30505,-319.84332,536.58685,435.41302,80.6019,540.9944,423.2731,-224.42372,583.7408,421.55518,88.77842,588.66034,424.1718,-280.3656,592.3908,427.89758,57.330738,585.83984,394.09467,-264.43567,575.2539,434.44434,61.985317,569.2627,394.4247,-219.51866,142.99483,457.07724,133.86252,111.0037,469.01434,-133.31732,371.2453,466.56552,253.38373,333.58612,533.315,-154.76302,464.5186,501.72507,350.66324,423.91077,477.81393,129.46008,478.8123,515.1721,355.72537,441.07925,473.33127,157.73248,518.0591,471.08295,329.14175,471.4824,418.99316,157.13934
79-1.pngresized.png,164.95508,183.49626,11.173666,172.26462,179.10626,14.68129,172.60437,177.85303,14.711881,172.99503,176.65042,14.635254,172.18442,179.1218,-2.148393,172.70335,177.75838,-2.081991,173.13242,176.52057,-2.1258337,172.38527,166.35655,29.602776,173.07817,167.435,-45.828297,160.24992,178.69197,20.05383,160.58461,179.00569,-1.8300617,151.04172,155.42546,63.657444,155.8627,165.02516,-72.96998,182.2909,180.96123,83.86324,185.84035,195.85706,-78.44426,232.11415,182.32758,48.43935,236.08798,192.13632,-22.659006,243.11081,177.97389,46.49324,247.31873,193.56364,-30.829891,245.94763,179.80127,34.94722,248.57767,185.24168,-21.470446,243.48784,183.52312,41.07505,244.72638,184.64272,-17.64274,59.411304,172.54318,44.842697,59.21288,182.81508,-44.64351,143.54076,178.78676,68.46105,149.59145,186.62773,-7.1447854,222.7143,190.63718,111.08395,222.58652,204.13698,30.734846,233.24121,202.30069,113.43177,232.83714,214.52081,31.22987,258.4367,165.96466,93.12545,251.61816,174.05627,5.1680365
81-0.pngresized.png,398.81186,323.70334,-184.20316,408.0195,313.86404,-177.9807,408.11166,312.7718,-177.9117,408.15683,311.83545,-178.15909,406.45465,312.8789,-204.09897,405.7481,310.2977,-204.10625,404.89294,307.86588,-204.22328,398.4466,291.13986,-129.85237,393.76257,286.74106,-244.86017,383.97723,315.2546,-162.11966,383.11108,313.57657,-194.87611,350.8984,254.92291,-75.8677,326.8953,276.9231,-296.9724,395.48773,338.981,-94.342834,375.66824,395.00833,-353.8277,477.37695,387.50333,-184.8394,478.21616,413.81998,-370.09506,505.01175,395.24454,-200.66414,503.23737,429.05115,-405.7159,503.9049,391.33844,-209.03542,505.201,408.67737,-405.8443,492.08646,390.05743,-195.07169,495.51337,399.52344,-371.91013,164.94109,274.84644,66.467865,134.03151,280.50937,-65.831924,174.75885,344.66296,206.82603,92.2475,364.47693,-16.347792,124.46922,307.58603,264.59573,100.93982,311.47202,200.43132,117.07392,295.09927,274.06055,103.67286,293.01913,225.71901,111.59274,324.8918,329.59775,100.11228,331.72418,307.34097
85-0.pngresized.png,146.55249,64.36328,-101.06042,145.565,55.66146,-93.01793,145.56367,55.77378,-92.940315,145.68413,55.8505,-93.083244,142.19742,54.992252,-108.628716,139.69069,54.21577,-108.72575,137.21278,53.515194,-108.77066,133.22133,57.238014,-50.003582,122.389244,53.443916,-119.72066,139.36028,72.65916,-84.30811,135.10857,71.201385,-104.67559,110.65289,94.381386,2.9069972,95.59644,100.4041,-150.50005,158.42497,145.63094,-1.3899472,162.39876,157.86737,-153.32735,216.60484,179.91304,-18.703636,224.23238,196.87228,-129.75711,233.75203,179.4726,-15.223105,238.02562,205.70088,-158.62666,236.82092,183.97545,-36.975662,244.12675,200.03253,-151.3467,229.1802,186.61214,-29.164333,238.06155,198.18091,-128.91264,51.037647,182.21252,46.397766,34.11312,193.51683,-46.387398,133.2729,179.41095,79.53485,133.09134,196.81596,-37.342735,207.09116,202.87318,140.75424,222.36339,217.1893,7.1325727,218.11513,211.67976,144.93138,234.43054,225.5816,8.739257,233.15088,188.42664,112.08423,256.41638,194.4692,-46.361103
86-0.pngresized.png,256.91974,345.15073,-39.571568,246.07465,344.47974,-60.352295,246.75775,342.09402,-60.283756,247.45055,339.63763,-60.527122,241.95279,343.62326,-26.390205,239.62357,341.7962,-26.144732,237.58727,339.7275,-26.110165,251.60387,320.8822,-133.00864,237.46193,321.35876,22.06046,267.72562,332.07922,-67.20605,263.51743,333.94724,-22.16997,293.04984,293.41226,-202.11581,263.25885,270.8399,60.37109,210.24416,360.70328,-286.4206,185.29803,328.44162,86.1838,86.48097,385.44232,-290.74915,77.210915,363.6403,32.494034,58.676003,389.98373,-330.50354,46.339657,361.94855,28.007406,52.464367,384.87912,-316.32956,44.06456,364.67978,2.7893493,62.55639,387.76376,-288.68906,56.90199,366.63242,17.331577,501.5445,296.3254,-99.55835,480.3164,288.16623,100.1749,328.68088,379.16522,-163.35437,296.1608,376.38202,94.61741,450.59216,377.31577,2.0633163,378.15268,407.8809,213.28453,462.49075,365.0406,21.051237,386.80228,403.7391,218.73097,480.3818,381.28113,102.9467,396.48853,429.4566,257.64618
87-0.pngresized.png,372.4672,300.48712,-101.69601,385.19827,296.99078,-91.20519,385.27673,296.0664,-90.92457,385.44373,295.21783,-91.07599,384.7232,295.34363,-120.044586,385.0553,293.0801,-119.98436,385.17737,290.99063,-120.048225,379.19995,280.1256,-30.341623,378.69244,277.6613,-161.17136,360.67346,293.68063,-72.90863,360.67404,292.0656,-110.022545,336.94852,245.51964,52.265476,327.1205,276.76822,-214.06935,408.53537,299.06934,98.36426,404.05618,347.28568,-291.93698,503.43216,298.2171,70.73963,509.51593,325.80472,-253.95929,524.8929,294.87305,49.476994,530.5686,333.13763,-295.94247,521.54755,294.59323,44.4043,528.7261,315.69095,-303.13766,513.7484,298.55826,59.451187,520.2831,309.6819,-257.76566,143.13918,270.93774,78.39718,125.69265,296.1304,-78.15739,313.35095,323.9767,114.92129,294.55847,362.30667,-45.383266,449.7928,374.10684,172.95087,436.90033,413.44113,56.998135,461.7848,388.6956,176.99614,450.22974,424.0303,62.62425,511.2082,370.76584,102.67781,502.9323,398.9298,-22.04394
89-0.pngresized.png,194.66437,249.88771,-210.02446,192.1266,233.72711,-224.37178,195.75604,230.65395,-224.3319,199.35094,227.533,-224.46753,184.5768,235.93837,-201.06549,182.04851,235.50206,-200.90187,179.79466,235.09886,-200.99146,217.74643,212.70107,-240.21739,191.60857,220.90038,-132.19496,216.08342,245.74753,-213.5913,206.45946,250.70824,-182.91588,291.6579,230.02931,-273.72787,236.81966,229.43178,-59.00397,257.83926,358.21744,-322.99475,192.05989,320.41464,-70.81636,135.35854,365.7881,-295.8744,99.25918,358.58932,-166.16997,106.04483,376.34717,-326.56744,71.653145,358.8455,-172.33751,101.28256,349.98593,-322.89407,70.57715,357.03946,-191.83249,112.13727,348.56363,-293.6877,83.9596,356.509,-178.81831,434.96588,263.18646,-66.14283,405.53848,267.49353,66.789894,305.75897,276.61652,-142.3735,287.05258,273.01086,34.54529,209.13611,315.65717,-153.53383,201.36081,306.58325,29.725897,203.50041,326.0713,-159.63904,194.26479,322.35184,25.358622,142.83897,302.27737,-225.89708,143.03223,285.38562,-9.252867
90-0.pngresized.png,318.89563,280.00058,-11.1192,327.20053,277.18915,-0.20566641,327.42947,275.46234,0.024916572,327.66513,273.83716,-0.1401541,327.5385,277.616,-27.352757,328.56494,276.36224,-27.232368,329.36697,275.17783,-27.248154,328.6016,260.4074,49.56255,331.05417,264.23575,-74.983185,313.79865,271.77362,11.363623,314.9915,273.29587,-24.427156,306.81296,223.47571,95.65995,304.35794,258.06754,-125.703896,381.17776,259.57504,107.66933,372.9938,309.6721,-199.11288,455.85565,279.92728,33.449753,456.6515,312.12842,-157.0007,477.60867,278.43616,19.410067,479.24472,319.3344,-185.40628,477.2341,281.8312,3.8453274,481.7967,305.9867,-173.66559,470.33405,285.4823,22.003607,473.42117,302.05365,-152.07146,139.39255,214.67664,68.501526,135.72711,237.48824,-68.233864,237.19186,267.60367,126.71987,265.48975,285.76172,-13.449511,318.8388,295.80664,206.87103,347.45993,330.856,66.394035,326.439,303.44348,213.25339,354.86398,333.4932,71.2995,356.15118,300.38525,170.24208,388.09164,340.7783,23.314358
92-0.pngresized.png,180.75673,175.47601,-107.934814,187.62561,171.82147,-107.67734,188.82431,170.81898,-107.60043,190.0101,169.90265,-107.622406,184.74324,171.7342,-125.403625,184.1603,170.61142,-125.39819,183.47519,169.55019,-125.40749,191.63522,158.81914,-94.73981,182.04901,158.75142,-173.47134,178.08568,169.24864,-99.82349,175.86325,169.1492,-122.29696,185.05344,132.33472,-70.86119,157.18124,147.53735,-195.97604,217.43773,171.96848,-47.06481,200.4915,197.65501,-252.34447,270.74533,187.99617,-102.539085,268.74774,201.77965,-262.86264,288.3858,188.5756,-127.09724,283.25958,206.4048,-288.07333,286.72272,186.71309,-132.20157,285.24298,197.30034,-289.48874,279.7839,187.09142,-110.15145,281.69254,193.97105,-265.50693,92.038284,135.62973,37.984512,70.79681,145.1861,-37.69494,128.008,158.30983,90.77023,76.36888,170.34584,29.417774,159.29488,166.7486,208.20401,87.39784,183.12338,131.72058,159.82552,165.17226,218.3658,86.27215,178.09491,140.77763,179.20592,181.19513,201.14409,94.315765,201.69302,113.77432
93-0.pngresized.png,95.332794,126.542786,23.31363,91.140144,125.69007,17.613762,90.70209,124.92736,17.624239,90.24929,124.13201,17.574247,91.958694,126.75984,26.08212,92.12574,126.983025,26.087162,92.311935,127.17826,26.078154,90.31906,121.042496,-0.097477056,93.10681,125.09347,39.402363,97.50511,123.89954,18.014225,98.54997,125.71894,29.332401,102.39389,116.587,-29.500683,108.308624,116.380974,55.463387,125.066635,112.92589,-70.74553,129.92778,112.843124,65.627266,135.75293,107.80154,-102.63078,134.28035,109.85658,57.430965,138.31845,104.1844,-112.304375,136.08066,108.41666,57.878174,137.50699,105.4255,-109.051186,134.13081,110.222786,52.522568,136.98634,106.3546,-102.69132,133.30054,110.52997,54.721016,150.89606,127.35206,-29.91478,152.67496,125.40129,29.888266,181.7977,138.21924,-34.04839,183.61572,136.55421,29.86846,206.1748,125.12933,-12.102989,202.02716,125.38263,66.721596,208.14986,120.95494,-9.490802,202.90375,121.395676,70.31763,219.7099,128.41179,-20.253832,214.96985,130.14539,64.18087
95-0.pngresized.png,293.2693,412.30237,-153.19989,279.1748,402.1146,-191.26602,280.58633,399.237,-191.14662,282.05362,396.22534,-191.23581,273.58124,400.7279,-149.1721,270.59113,398.08844,-148.8243,267.94803,395.3354,-148.64415,292.13928,369.9943,-296.6414,273.0035,369.33737,-101.44915,314.37988,399.21054,-190.85172,307.66327,399.4937,-133.68195,382.1121,350.77863,-379.1584,336.77313,348.25238,-8.854151,340.40005,511.6248,-394.7906,302.09845,485.1499,39.083813,211.6544,531.0851,-256.38373,222.51978,563.2309,-24.521645,174.65047,542.1346,-286.56186,192.42998,578.7486,-31.77207,175.6533,517.6454,-295.45612,191.85924,574.16046,-47.305054,189.09822,512.7096,-259.13135,206.52484,568.0231,-38.78412,644.75336,350.07266,-98.414894,602.0337,361.86777,99.23261,564.93854,459.65067,-202.05206,410.49976,461.34442,92.007545,564.3911,434.085,98.298325,329.55505,511.82104,151.13171,561.80096,414.6487,131.02606,324.3226,520.79236,149.54759,564.44507,453.0875,144.66466,285.12518,521.60425,103.17254
97-0.pngresized.png,239.20837,293.44952,-135.75018,226.75635,287.1245,-165.28658,227.54384,285.40088,-165.21788,228.33713,283.60437,-165.26758,223.12128,283.68207,-134.1652,221.06755,280.74344,-134.10954,219.31894,277.79874,-134.30376,232.65971,263.47797,-238.74883,219.77933,253.5288,-95.59303,251.6737,282.67947,-158.50093,247.73653,280.84283,-117.58762,286.06406,251.19962,-277.8856,250.00443,225.94919,-23.738886,218.79272,353.80923,-367.41748,197.80739,312.44556,14.416528,101.30263,363.60056,-307.7706,105.9214,332.2877,-58.81876,69.414055,362.59357,-349.0122,76.40695,327.7855,-65.94893,67.90184,350.67236,-339.71823,77.22936,326.1311,-88.67544,80.274734,351.22528,-306.87982,88.606224,330.59857,-73.25517,430.9694,266.90884,-79.44771,409.65878,255.30176,79.67829,278.27744,305.24738,-105.09312,244.81374,305.32574,-16.476562,131.48192,349.35318,-161.3698,119.12945,366.56677,-139.38495,112.476295,366.08463,-171.70386,101.341324,389.11166,-154.73305,60.990337,318.58066,-258.6931,53.261856,331.45102,-230.47487
