1-2.pngresized.png,57.493347,109.94546,-83.88417,57.932632,99.95438,-94.04373,59.736404,98.39507,-94.09349,61.42888,96.83731,-94.10064,55.28653,101.55543,-79.067856,55.118942,101.46387,-79.152794,55.06331,101.34189,-79.16582,71.482956,88.81261,-114.60388,62.946503,95.33118,-49.01597,68.076385,109.26899,-90.96464,65.13536,111.54514,-72.21115,112.45462,92.56836,-130.1149,95.47287,102.42058,-6.4360995,133.6655,155.73903,-127.44133,113.53245,149.99191,4.879933,136.70645,215.35269,-114.78648,125.60139,202.47176,1.6759192,138.19203,228.01204,-139.75928,123.095764,212.72842,7.205563,130.37463,228.4999,-128.76003,122.87639,212.81679,-14.86937,130.70755,223.8729,-112.178764,126.647964,208.98349,-6.711414,188.82455,60.018867,-41.468555,175.27014,68.32488,41.832497,174.09027,134.23503,-21.910627,165.9669,136.47748,38.039528,175.05096,203.6947,6.575214,168.44069,202.3632,66.944405,181.42223,216.76671,8.049833,173.75388,214.10686,69.46905,146.1881,220.39278,-25.129253,142.55331,216.32442,46.47743
10-0.pngresized.png,126.729294,158.38516,3.882814,129.85292,164.18169,9.4382925,130.79945,163.77347,9.52599,131.67032,163.43628,9.461379,130.17093,165.13344,-8.397316,131.45827,165.69814,-8.394857,132.61934,166.1288,-8.428637,140.91478,159.59799,30.779758,141.11723,162.77888,-49.09523,131.364,151.02649,14.591587,131.6787,152.75424,-8.588059,149.13478,132.94923,64.945435,152.32855,138.86693,-85.57231,125.50277,185.53394,99.609695,118.40789,187.28566,-137.79453,119.93623,235.77489,69.73525,114.46296,237.28917,-120.65465,124.34695,247.15018,62.799374,112.31438,247.98872,-138.9604,121.940216,248.28488,46.351334,120.729385,247.84215,-131.86496,118.65378,245.07518,58.416416,121.152054,244.38785,-117.17416,132.49692,41.595173,45.806644,130.50108,40.163963,-45.711414,118.632256,136.06952,44.330566,112.91035,132.26637,-32.543106,107.30615,219.1,48.790977,99.20268,219.84312,-14.72908,97.63235,229.77519,48.49971,90.74414,230.96396,-15.487658,128.99892,248.18471,15.771721,128.99765,248.908,-59.74931
11-0.pngresized.png,235.31236,263.15848,-115.78268,233.9791,267.30792,-149.3071,235.8793,265.70837,-149.21869,237.71149,264.11093,-149.36858,224.91164,269.8425,-127.47273,220.55049,270.37878,-127.29054,216.17517,270.63022,-127.300995,234.82468,251.14586,-233.32336,203.58621,259.83887,-132.97224,239.31824,249.1546,-138.82617,229.82289,251.67595,-110.090775,273.8,204.25764,-237.51306,164.08583,214.9494,-74.4492,328.61398,292.23657,-279.44516,163.81885,282.70883,-26.793877,294.96796,407.49866,-251.97627,145.5154,381.53043,-115.41272,288.3059,434.23413,-304.20395,127.495384,402.0868,-150.6429,272.14224,435.51602,-305.04175,133.27289,405.54544,-187.62488,273.5619,426.05008,-256.3475,146.08527,398.51575,-135.67049,307.55652,64.43202,-70.839966,250.5448,67.515335,71.38242,307.27576,222.76686,-94.752045,239.40364,230.01869,44.868477,299.4107,376.59714,-5.5188293,245.73631,374.05698,151.31801,304.45245,397.8734,-3.0040393,256.7057,398.49332,157.21481,256.874,445.71878,-88.01739,211.56514,436.40082,79.29369
12-0.pngresized.png,36.645916,91.360214,-68.14558,37.29465,79.45836,-79.83307,38.853916,77.80396,-79.88588,40.28325,76.10008,-80.158394,36.10999,80.53635,-58.187515,37.055992,80.037994,-58.441578,37.970364,79.466515,-58.524384,53.613293,67.857414,-104.77083,50.640484,72.572205,-11.746067,49.097164,92.32126,-76.50732,47.81535,94.36802,-50.117386,105.87997,80.80769,-140.43225,107.022705,85.27114,53.060043,141.77222,150.57744,-137.30229,134.98235,144.87381,69.146355,163.37425,221.55475,-122.532906,156.05096,209.21135,75.12712,167.26022,236.72879,-150.33029,155.28372,221.657,86.495834,161.1083,239.45467,-134.88538,154.51056,223.67561,63.136936,161.89009,233.3964,-119.05828,158.15439,220.24445,64.14773,214.74414,36.856712,-64.753975,208.58478,42.07784,65.037506,209.3307,133.92786,-35.605858,204.49951,127.042564,70.37277,216.93428,243.85022,-4.2193623,212.27708,219.69043,122.16014,226.1832,269.40912,-6.2918973,220.19324,239.71152,123.786476,169.55623,257.12057,-71.477585,170.41937,232.16478,84.9578
16-0.pngresized.png,47.65688,128.16963,-51.586906,45.430035,112.86593,-66.93457,47.46173,110.71133,-67.00974,49.30933,108.44585,-67.27838,43.370083,113.71854,-35.790745,43.869186,112.81857,-35.916862,44.56108,111.814026,-35.945515,66.23261,96.75483,-109.569176,60.02425,101.383194,25.916435,65.630035,128.5865,-66.44853,62.754135,130.8563,-27.617718,137.31482,114.5735,-173.41232,144.05823,117.54702,112.489006,153.79222,221.51666,-193.29889,161.08241,218.9613,125.08666,152.17912,319.88715,-167.76363,165.40697,310.77557,98.93696,149.05629,342.61465,-206.48706,158.05475,326.65543,116.38504,142.2067,342.04007,-177.59674,156.87918,329.15207,78.76348,146.44394,333.6895,-158.03253,163.48125,325.79932,82.13419,311.50485,61.924023,-94.24301,304.07516,66.85814,94.648994,292.30576,196.02809,-36.789314,289.15744,188.74649,118.77369,297.58987,333.8896,44.804913,296.3677,316.611,185.5616,311.26794,362.62784,47.86281,309.0684,342.41156,190.02588,229.41888,357.59958,-26.427502,235.47449,337.89432,143.68024
17-0.pngresized.png,270.55405,299.99802,-140.05042,276.14127,305.80008,-185.61383,281.37674,304.7228,-185.11075,286.4856,303.6634,-185.06754,261.41837,307.13425,-177.31311,256.20956,307.50485,-177.25558,250.8525,307.58096,-177.20992,292.1395,291.98697,-283.87698,240.05702,296.7184,-250.33302,277.78815,289.69855,-166.43489,262.3154,292.21594,-156.5841,345.49002,246.1597,-209.04623,184.39302,254.02335,-197.46225,373.42255,350.10007,-138.9213,177.84825,356.2879,-94.91706,371.9334,473.6636,-96.510086,210.64174,469.27402,-53.399483,386.48703,505.68436,-145.58116,207.58064,503.09042,-90.14251,365.6395,504.6871,-161.66624,227.22202,500.421,-103.67205,355.25116,491.8772,-108.649155,234.95932,489.00125,-62.529095,308.93634,89.08004,-1.04588,211.3684,94.707306,1.2498095,327.392,283.8659,-2.473616,221.40288,302.6868,5.3565726,333.2423,452.51187,138.58311,246.57579,475.25797,164.63678,330.4236,473.29984,145.82092,255.94064,496.32272,172.23395,332.01584,527.285,14.762353,261.22,552.959,39.607613
18-0.pngresized.png,310.39407,421.59534,-190.85953,298.50076,435.9109,-213.54036,295.77158,436.18552,-213.63579,292.89853,436.42505,-213.5995,299.23932,435.78384,-168.8499,297.67673,436.51886,-168.51955,296.03616,436.85336,-168.44324,270.8367,428.43216,-265.4331,276.18533,428.08328,-58.88691,300.40244,404.73926,-211.52515,302.16058,405.53113,-151.42796,250.64197,353.56573,-370.91415,283.19247,363.2319,9.25639,360.7688,403.08142,-450.83185,351.51947,403.1956,-77.82601,412.86002,494.40067,-317.5781,390.3912,484.34207,-174.70456,430.94525,521.3386,-348.50165,392.95557,508.32993,-189.95337,418.29794,516.65985,-342.8338,394.81073,512.9764,-204.58925,411.96515,505.56335,-313.0412,393.5865,502.77432,-189.02737,291.7764,104.25484,-111.69959,313.32794,132.30911,112.44128,394.02728,256.41376,-337.8739,372.34677,313.24942,212.221,370.3429,215.30421,1.5600462,406.90112,312.33334,259.64474,360.1719,201.76642,36.790184,412.6573,304.1652,260.99698,391.01477,243.75659,55.267796,411.4907,346.73236,247.60423
19-0.pngresized.png,221.25545,260.20236,-111.204865,225.71742,268.5675,-99.30709,225.5609,268.6775,-99.17328,225.25444,268.96234,-99.31738,228.77156,267.66843,-118.42756,231.0711,267.17834,-118.44407,233.1967,266.52716,-118.587135,234.08818,261.28323,-37.737843,243.954,257.92896,-122.095894,222.91647,250.65935,-85.638245,227.36324,249.37206,-109.85393,240.24988,228.98907,19.5925,252.32407,224.4174,-146.04141,211.81221,310.48257,-6.1335297,226.31253,311.04196,-219.08833,217.81497,386.79367,-84.43821,259.8713,391.7437,-240.759,219.88257,404.9993,-104.36757,260.25244,408.51132,-268.93683,223.89378,405.13083,-112.52812,265.87125,404.56866,-271.0455,221.58595,398.14386,-95.30066,266.33994,397.01636,-243.38322,210.2391,105.76241,51.407204,213.53741,85.04695,-51.08042,188.95204,221.47824,10.578422,169.75082,164.97734,-115.544395,155.38667,342.2803,-61.53921,172.7651,255.5756,-84.65535,142.61551,349.4311,-71.724236,166.55846,262.79123,-82.341,167.34096,406.74393,-87.62189,202.33272,298.61548,-117.90456
20-0.pngresized.png,194.46497,163.16626,-74.3649,199.81615,159.95752,-64.08236,199.7679,160.05058,-64.04395,199.6895,160.28572,-64.10746,199.68913,156.56425,-74.63624,199.62325,154.40082,-74.67153,199.47278,152.22882,-74.74041,193.26761,153.84622,-17.10473,193.29646,143.73755,-63.822742,183.88228,161.51929,-57.74117,183.60709,157.5754,-71.291565,142.90305,138.898,35.866844,150.81888,129.02328,-103.57872,109.10469,187.91127,39.639324,106.68451,183.08687,-120.317825,96.282005,237.68616,17.795492,87.44145,235.6579,-110.83099,100.74932,252.43497,17.527817,84.39103,248.0371,-137.4671,99.22307,250.89404,2.103869,91.012794,248.3948,-130.32037,96.51426,246.55908,9.56215,91.68067,243.66098,-109.69776,78.75357,52.03863,45.633434,79.59162,41.316315,-45.586323,74.77149,151.62534,64.38859,61.0253,132.7413,-42.205566,63.952843,213.28809,83.19348,70.3184,200.70139,21.645756,57.061424,223.67433,84.31127,66.2958,211.9067,27.217518,87.46612,237.35648,53.421112,103.13445,226.23375,0.07874776
21-0.pngresized.png,224.71666,290.58932,-26.491169,223.71152,296.5031,-47.37877,223.81001,294.81442,-47.40593,223.75769,293.11957,-47.60892,218.97437,300.48575,-26.192371,215.95045,301.8439,-26.058908,212.86293,302.92328,-26.0249,217.29199,282.66925,-115.024414,201.3675,295.62015,-18.318512,223.7054,277.23535,-49.31753,219.62904,282.01395,-22.162542,221.92615,229.54282,-164.2488,182.80464,251.08383,19.628767,264.609,305.05072,-212.30367,183.57693,324.17923,51.74675,243.91508,397.08484,-172.03319,169.59846,411.02206,-8.946678,237.63971,415.83005,-210.95782,157.34018,428.68524,-16.63472,228.51872,415.13687,-206.12157,158.47113,431.18875,-42.44504,233.12553,408.67297,-173.40529,166.70259,425.76828,-24.052853,262.873,69.616,-72.414986,243.39594,79.491554,72.935135,280.70023,227.01666,-62.8624,257.1657,240.87437,39.404274,308.43655,371.68488,-51.533855,294.8446,372.58002,98.13298,327.63904,395.31418,-56.330708,315.8199,395.648,100.51125,254.68835,432.47766,-128.73483,250.5461,434.9079,34.804173
22-0.pngresized.png,240.49704,276.8598,-30.357193,239.04008,289.7231,-49.23552,236.83432,290.39346,-49.250183,234.54266,291.1388,-49.343803,238.97815,289.8931,-17.239508,237.1781,290.8691,-16.984884,235.39264,291.5147,-17.046606,217.36479,291.32043,-116.432724,218.42818,292.60904,32.057976,228.75237,268.76514,-55.19227,229.21098,268.47208,-12.590901,193.75642,255.86165,-212.03653,197.44496,261.0157,68.77187,270.29266,319.1497,-336.31653,249.81764,331.66486,87.01434,304.29657,414.93497,-291.57724,278.05008,408.15283,21.472597,313.54666,439.89276,-324.17358,275.42532,432.79785,12.440107,304.26727,445.96252,-317.6685,275.87177,435.6141,-12.816243,305.97574,434.7748,-289.3806,278.40704,425.49722,5.978291,240.03781,73.90138,-96.133224,245.75879,73.10761,96.049,269.09814,258.86646,-129.16603,274.0435,248.07784,40.7908,311.97766,400.7554,-193.55145,321.9015,401.7981,40.686222,329.7953,414.3072,-205.81627,339.24097,419.11353,36.526604,281.7911,474.33884,-304.9284,299.1916,479.90933,-48.7866
26-0.pngresized.png,334.85977,468.37872,-121.23511,322.25198,484.02954,-147.95279,318.82205,483.24692,-147.75949,315.28348,482.44904,-147.91124,323.97775,485.91382,-114.22041,322.70828,486.89453,-114.08442,321.36273,487.5389,-114.13708,294.118,466.63077,-201.435,300.48434,474.79608,-46.78311,323.67514,444.94385,-137.42488,328.63464,447.75098,-92.714424,298.61948,363.54385,-247.41447,290.2259,384.3562,56.062744,407.72467,392.2164,-287.48715,405.6159,426.26187,138.31929,395.19046,528.7674,-221.81519,385.8607,543.8347,106.974846,392.02585,563.30023,-258.38055,372.77966,572.85736,98.24889,372.70078,566.09375,-266.55225,362.5497,577.1802,96.618675,373.37585,551.7607,-227.40651,370.4689,564.6846,99.16753,315.50116,101.69553,-94.301125,307.60556,117.994156,94.65962,376.59717,308.1087,-54.47204,370.00708,324.31668,119.53584,424.1072,373.1905,102.76387,421.3339,388.38718,231.50722,429.63882,376.38177,114.15822,433.39038,397.55154,237.57127,432.2613,420.988,49.602623,423.16672,426.08847,184.38127
27-0.pngresized.png,131.94897,194.50337,14.508552,126.237076,200.46245,3.2748272,124.97568,200.55936,3.2552688,123.61196,200.6534,3.1429443,126.47432,200.05573,19.273022,125.38059,199.9111,19.300121,124.299355,199.60922,19.25971,114.48338,197.29538,-29.89173,114.83409,195.85402,44.625557,128.71976,188.35939,4.484366,128.90193,187.88863,25.9337,122.3022,172.4044,-63.37979,108.6253,164.78941,80.7009,185.78143,203.39195,-62.916252,159.96252,202.8826,118.35499,191.25758,236.5104,30.29052,186.02257,247.23427,101.49289,191.76631,248.40631,26.458694,186.6768,259.5456,111.33127,186.61024,246.86852,35.252857,185.86006,260.0784,102.9429,186.70401,242.38718,34.81153,186.96875,255.41121,96.95218,164.75415,64.17184,-49.82204,154.72151,60.667553,49.971237,187.07474,147.88612,-30.827885,163.9165,148.05966,104.67379,190.02075,225.44078,17.01419,175.98297,215.86952,128.75468,193.50128,232.15044,20.040516,182.34901,223.2413,130.11243,169.3946,271.17767,13.360301,159.36597,256.26028,117.94297
28-0.pngresized.png,296.71756,385.6764,-128.47723,282.23398,394.4644,-154.68962,279.34586,392.41116,-154.82817,276.40353,390.3782,-154.90198,281.9531,398.386,-112.78415,279.57495,399.5764,-112.566025,277.21686,400.43805,-112.74087,255.90704,373.53348,-227.54713,257.1348,387.27704,-36.664776,289.96677,363.5642,-154.93481,291.5889,368.64758,-100.59487,260.36386,290.66913,-310.4232,278.55484,323.3559,47.435318,353.0713,365.967,-382.15402,374.65378,395.83884,85.69224,363.1969,485.10675,-286.1142,394.80563,494.853,5.427758,363.78857,519.824,-321.47498,388.88907,524.71924,1.6488134,350.2459,522.3785,-307.04755,386.99997,524.34033,-25.853313,353.5186,508.71356,-282.2614,390.81052,512.8971,-13.147717,311.5998,95.925865,-117.95482,326.8892,117.08549,118.599754,325.84305,264.70334,-159.67043,328.14362,287.46884,21.595974,367.826,398.16086,-156.00475,376.06955,421.46024,-71.2977,387.7994,412.67978,-162.83719,399.2481,438.99573,-86.26137,326.04822,474.3999,-253.25623,325.26712,495.65326,-161.57605
3-0.pngresized.png,370.85614,381.91202,-33.120735,385.2294,395.69382,-22.82088,387.8822,394.67758,-22.75184,390.49646,393.90598,-22.81776,383.13794,396.22293,-70.020836,385.39902,395.75476,-69.98974,387.3998,395.12842,-70.02286,406.58243,378.06436,38.575867,402.5008,380.21997,-175.6353,373.3967,362.6668,-1.9244293,372.1336,363.5313,-62.5759,415.9259,308.7288,160.22794,384.14465,316.22076,-271.76492,364.03894,429.45502,292.567,331.67014,423.6424,-428.16577,353.54507,466.73544,342.70114,378.95688,443.70047,-288.8512,348.12088,469.7866,340.4716,386.1393,444.91037,-298.73874,355.6837,459.43018,333.0396,389.7089,431.32657,-305.36777,352.82965,456.87064,336.85812,387.90283,426.7543,-285.73508,267.48526,114.112175,152.77074,236.6409,106.89041,-152.48453,271.52997,314.0102,238.77632,220.65245,315.11783,-150.41347,257.97693,529.3618,308.644,235.6029,533.18005,-149.80766,230.4046,558.6611,313.51074,215.11545,566.41833,-154.4693,332.54117,620.4989,267.93823,325.09714,611.3921,-245.6963
30-0.pngresized.png,211.66148,287.79025,-64.24534,201.65588,293.51508,-90.713326,200.75247,291.69797,-90.79468,199.71674,289.8416,-91.010956,198.43988,295.89706,-58.8821,195.78279,296.23163,-58.790867,193.22072,296.3469,-58.782158,192.15672,275.90576,-162.36209,181.93837,283.85785,-17.1737,213.9693,271.9474,-86.21882,211.58266,275.4739,-44.7261,224.19525,225.47343,-224.18521,194.10042,230.37917,81.125,289.3087,303.88275,-305.53748,237.7065,291.66574,142.19441,277.3546,413.49106,-265.7164,241.33536,372.55313,42.5891,270.48724,438.95053,-310.0689,234.66966,389.08502,37.696632,261.75085,440.46976,-294.0386,231.60759,390.50647,0.24211872,265.8683,430.69348,-262.4175,237.3944,384.8295,23.14156,313.60794,73.59074,-105.74087,295.16037,77.202965,106.03106,307.6599,241.938,-81.2564,274.43243,238.46808,98.53035,328.9777,380.3356,-14.79067,282.6077,357.67554,171.10579,343.49783,403.57727,-14.723016,295.38495,381.04868,174.35945,278.52148,428.34772,-103.20881,235.02322,400.78268,105.819275
33-0.pngresized.png,193.83667,245.1387,11.276107,187.05772,255.49196,-7.9674826,184.69258,255.58215,-7.9903274,182.21149,255.7061,-8.148285,187.95685,255.57343,20.679358,186.83205,256.01257,20.881348,185.7279,256.1539,20.821259,167.60104,251.28674,-62.279133,171.79416,252.70969,69.73618,186.16145,235.4475,-6.3808603,188.19926,235.78023,31.420994,157.82388,214.18515,-124.09143,175.46129,214.62352,109.6598,202.87048,285.10858,-212.01971,211.81071,277.00168,152.51233,204.76405,368.61386,-193.37152,221.54668,353.91315,87.539925,201.17801,390.1542,-219.32384,215.21236,372.93918,81.558,198.27803,389.9474,-206.694,213.67111,375.62286,61.853317,202.60925,381.7227,-188.25572,216.8521,369.67072,75.310616,211.72548,71.170494,-80.7685,219.77654,72.01845,80.942696,236.854,214.03333,-72.09572,249.56644,218.8725,54.21391,274.16223,335.1957,-98.07246,286.89883,336.21826,49.88572,287.52124,348.77805,-104.86156,299.653,349.89612,45.622444,249.26466,387.19397,-170.44907,270.06042,389.81204,-14.200475
36-0.pngresized.png,151.97725,191.84286,-28.343607,156.06615,196.65086,-20.449667,156.99313,196.30034,-20.359892,157.86487,196.02563,-20.425827,156.06673,196.85104,-36.195496,157.02899,196.89194,-36.16546,157.85127,196.82455,-36.224518,165.26587,189.48773,6.2063413,165.09303,190.25737,-64.538734,154.71892,183.21146,-16.30562,154.79802,183.55418,-36.71743,170.09538,158.72887,41.029537,163.55515,155.53635,-99.29335,142.21849,201.59888,47.482006,122.9278,194.47922,-133.2148,142.7647,250.96808,6.083073,135.22926,252.51439,-107.67495,145.90216,263.02335,-0.26483482,132.09068,266.2992,-121.45955,146.17876,263.4482,-10.543993,142.55396,263.196,-120.07025,142.81566,259.34686,-2.282035,144.83353,258.14383,-106.00778,144.28229,57.67244,43.889046,139.31055,49.938286,-43.606018,126.54887,146.95401,66.96414,122.22252,139.47179,-30.59958,106.46716,225.2507,107.93032,109.27656,220.8585,6.8166747,93.188034,234.23479,110.2662,100.72356,230.78076,7.6111546,131.46387,266.63947,89.13483,139.13434,259.6915,-27.357227
38-0.pngresized.png,157.6635,251.12863,-32.70676,150.3951,260.9731,-48.803722,148.38637,260.71936,-48.810047,146.27354,260.4416,-48.967903,151.18196,261.46393,-29.530546,150.2027,261.8415,-29.468464,149.2572,262.00983,-29.463999,134.73523,254.62643,-84.94959,137.89806,257.03036,5.7017837,152.64531,240.5419,-42.2654,154.58716,241.43726,-16.430338,143.06711,215.13615,-116.54969,135.27058,214.11287,67.84382,202.12192,262.16467,-143.9168,186.78694,257.22382,124.34363,180.50665,320.86038,-48.77786,178.47173,313.4085,97.16288,171.30814,339.14325,-58.341675,170.75552,326.68716,104.42756,163.84686,337.0431,-52.998047,166.58183,328.54495,94.902596,169.00865,329.6813,-46.083664,171.33536,323.57605,91.30313,190.1576,63.795326,-64.75784,183.30429,66.9221,64.88273,206.25381,165.62836,-53.337986,196.51381,178.75972,68.22041,232.0674,280.68423,-5.4713554,220.50917,272.4223,107.66004,245.38351,295.81284,-4.626819,234.07343,286.47354,108.68648,197.6852,333.2904,-44.205994,191.67932,318.3349,76.27461
39-0.pngresized.png,390.6278,565.2464,-271.90863,398.3884,585.9355,-257.23697,398.78384,585.78094,-256.95337,399.0696,585.7926,-257.08536,402.97388,586.60803,-300.83102,407.74557,587.5946,-300.84735,412.12088,588.2705,-301.10895,426.48648,574.9663,-170.20844,442.50104,575.79016,-367.05316,404.24582,541.9651,-232.57507,410.07425,543.4626,-289.33282,439.25302,492.54608,-95.540245,485.81863,471.70386,-424.17188,322.1459,553.83154,-83.94487,329.5835,539.5859,-545.80176,320.84305,691.61066,-59.330734,307.47293,706.0907,-518.2499,320.70065,724.8949,-78.44989,286.09055,733.36475,-562.7901,329.18735,724.9959,-77.48875,309.2863,731.4376,-573.42,329.14868,711.6318,-70.89829,320.33936,721.77026,-520.2121,392.34097,196.16711,81.00146,420.03247,165.27829,-80.05095,327.3853,431.294,130.0581,345.4185,404.67316,-60.449104,271.72623,642.50305,163.60518,303.5631,636.0499,-85.34305,243.34474,662.8679,163.48924,283.11063,664.65674,-100.95875,308.14954,734.2617,82.872215,345.85748,722.3543,-212.813
4-0.pngresized.png,194.07071,272.89258,-36.100586,205.41586,277.12915,-24.193562,207.06673,276.41727,-24.18757,208.68687,275.796,-24.250378,204.96683,275.99393,-51.578625,206.61815,274.68918,-51.617798,208.1303,273.2794,-51.614418,217.91028,261.5898,18.999382,217.1105,258.52856,-102.61453,192.97133,259.1273,-17.926216,192.57283,257.70715,-52.7431,203.88467,204.49637,83.92683,187.45079,195.90225,-166.059,131.61937,233.44734,98.85296,90.96477,219.82408,-176.38719,121.308395,289.75742,79.68661,105.18006,295.4108,-117.93414,122.37501,310.53925,86.17843,99.74107,315.71945,-143.3515,123.252365,307.6845,79.66807,116.99322,310.48193,-147.73291,120.83079,299.84747,72.28116,120.5351,302.48428,-117.85093,156.8597,68.721634,70.467255,146.05403,62.57375,-70.12056,144.25114,174.38153,116.19127,134.19102,185.24739,-32.015163,130.49454,272.30185,193.85391,115.97988,289.0619,42.610058,116.66602,284.0318,200.64915,103.66246,302.80246,46.527496,153.18542,324.3413,178.73932,151.2144,334.80362,8.47012
4-1.pngresized.png,186.33301,233.43895,-74.47684,185.48767,239.75575,-95.203285,185.15208,238.854,-95.17525,184.76726,237.90813,-95.18887,182.63805,242.9242,-76.69652,180.8248,244.27118,-76.55583,178.90228,245.51497,-76.55964,177.83745,230.97028,-154.41467,169.27448,241.26236,-68.00878,182.87071,222.9273,-93.95519,181.49858,226.31047,-68.59767,185.94202,190.55432,-202.6314,142.49782,215.80096,-17.520313,239.22992,221.68066,-236.7532,185.8555,233.2315,7.854287,229.8957,291.8132,-213.06813,200.02316,278.63638,-25.456303,228.16495,310.13605,-244.9347,198.72958,291.53992,-28.146893,216.52745,311.20944,-241.88474,199.73662,290.5527,-47.20623,217.3902,303.62024,-213.37,203.47491,284.52655,-35.799843,178.36993,61.539066,-64.600266,156.63148,80.23084,64.994675,237.90054,154.3351,-98.29151,209.69048,190.66455,71.72802,226.64786,134.91371,43.972797,222.77554,177.43665,149.1234,220.10777,132.42992,59.200146,225.49435,175.3235,153.55731,224.12636,144.70021,84.582794,219.5933,187.61691,157.45647
42-0.pngresized.png,136.86519,164.81197,-23.094679,139.9512,171.37106,-16.743006,141.24461,171.19618,-16.704313,142.45181,171.079,-16.745031,139.05101,172.321,-35.190372,139.90575,173.06134,-35.182037,140.64328,173.6765,-35.291557,151.71843,169.57779,9.834957,149.09164,172.68341,-74.62676,142.35223,158.80338,-11.035108,141.43335,160.26721,-35.323875,158.58914,146.73361,37.45348,155.18759,150.43007,-111.51451,124.951744,186.54218,63.545303,109.77354,190.09097,-162.6006,109.01213,226.7333,26.890144,86.28321,232.12444,-139.24821,110.67491,236.45944,23.268959,79.8524,240.80861,-156.78435,109.043945,238.70993,8.209249,86.18807,242.62906,-147.2409,106.27641,235.8783,17.640879,88.55567,240.01398,-134.7272,145.08824,53.845512,45.436802,142.58786,47.669918,-45.22221,122.88989,133.6769,60.95482,109.51847,122.24492,-36.17051,92.38227,210.36966,63.345413,78.10021,195.01057,-17.90902,78.64566,215.91837,62.445404,67.463005,202.05101,-19.143032,109.39662,257.18243,39.344315,98.17869,236.265,-55.238365
43-0.pngresized.png,77.16183,166.02542,-37.368515,73.90385,155.86015,-54.236546,75.58481,154.37698,-54.23079,77.07533,152.84862,-54.334404,71.45293,155.6648,-30.213093,71.39164,154.53888,-30.259813,71.48036,153.23355,-30.283092,88.42641,142.66356,-92.93417,80.82327,142.71837,14.049303,90.79538,165.06372,-50.075542,87.78161,165.78355,-19.362717,143.48138,142.9256,-133.72554,136.47734,142.82582,74.43894,155.63644,230.28401,-164.13089,148.89943,226.33527,82.170845,152.07788,301.31274,-131.89694,155.07503,296.17538,36.133484,147.50171,317.9576,-164.7513,150.99438,308.2288,43.507175,142.779,314.16278,-143.4074,148.1441,305.51416,7.4511366,145.47809,308.09564,-127.27652,153.04137,302.53122,20.377787,260.4406,51.021164,-77.437126,247.90018,53.27345,77.739746,251.05803,174.03252,-35.802097,231.6373,171.7087,75.69331,239.24878,302.36935,6.3849087,227.54189,282.45267,122.968376,246.51404,328.00424,6.1980762,234.82799,303.66766,126.63709,181.6616,332.67642,-64.296936,181.3918,314.50662,73.42813
46-0.pngresized.png,176.08339,224.92787,-81.16749,171.18977,231.59418,-96.923775,170.1384,230.3043,-96.97783,169.01447,228.99223,-97.07566,169.38239,235.08084,-80.26586,167.64748,236.51337,-80.18754,165.89497,237.77075,-80.21685,159.42505,221.22813,-140.69743,154.35165,232.95535,-61.76189,172.34105,212.93478,-95.53747,172.05713,217.22446,-73.09365,165.41435,174.56598,-171.01591,147.19565,201.37149,-14.182213,228.70651,222.38753,-210.23492,206.9669,246.11382,5.1155467,215.40005,303.82178,-157.58852,223.56456,305.5022,-61.168396,210.8465,326.7682,-183.61285,222.6307,323.20294,-63.873833,200.27727,326.30215,-176.77992,220.44505,321.86057,-84.337654,203.14026,318.44226,-156.9587,223.06377,315.14117,-73.15072,194.82965,60.47996,-59.472355,185.25061,74.59493,59.84571,213.70395,169.08029,-64.75496,200.85869,181.97112,28.87909,244.56837,253.62294,-46.854244,233.9033,257.43063,67.387924,258.46136,264.30658,-49.74673,248.5925,268.1598,67.95518,213.83792,298.26685,-104.67306,209.56299,299.97357,25.621714
48-0.pngresized.png,391.33398,411.93445,-125.1031,375.59854,428.67178,-153.85194,371.4465,427.16605,-153.89511,367.1828,425.67697,-154.01152,377.6771,432.44214,-118.67725,376.21664,434.18652,-118.556145,374.77716,435.65826,-118.57685,344.5838,410.43903,-219.4006,351.00433,424.9516,-57.611076,380.34116,387.68756,-144.62892,385.47208,393.0479,-98.33361,364.3181,322.24808,-273.11942,336.63486,337.7456,44.541054,516.81433,353.10602,-324.36447,462.59323,371.22815,140.45905,516.1239,505.064,-243.67441,508.88254,497.2431,93.28912,516.6785,545.8012,-287.98047,507.85132,532.8785,82.335846,495.05737,551.4712,-284.241,504.68082,537.4093,58.910355,495.81348,536.5953,-245.41006,506.52347,524.6971,76.33848,404.134,100.93213,-105.39829,383.5714,107.03794,106.03427,436.9859,312.85532,-81.54974,407.01883,329.46094,82.50238,476.93546,526.7199,13.493054,456.11246,507.89468,188.35625,497.04462,552.9531,16.151173,478.6131,532.61664,191.85828,425.85953,622.73376,-81.30082,410.05258,593.78284,103.580315
51-0.pngresized.png,225.92603,294.78775,-83.03357,218.015,305.0239,-103.97159,215.8186,305.12387,-103.86488,213.54518,305.15585,-103.912,218.31056,305.44406,-79.1028,216.78632,306.21838,-78.87107,215.29283,306.72794,-78.6808,196.51804,301.82733,-151.88226,198.27986,303.78137,-35.5598,217.9845,285.3814,-98.84789,217.76593,285.8427,-65.00114,186.2057,258.4558,-199.03485,191.09695,268.74902,18.147377,255.84746,337.14603,-255.668,241.18143,332.02887,31.477726,263.44897,430.4717,-220.11702,270.6567,411.0923,17.664047,264.4291,458.40414,-241.513,269.2537,434.81866,22.824135,256.01355,454.95816,-235.25679,271.17023,436.54007,17.09652,256.77594,445.43567,-218.64711,269.9988,427.5557,11.788388,246.34372,81.434525,-58.698772,247.26334,111.85807,58.99419,311.1196,142.60931,-220.2093,270.89642,252.00914,89.66355,279.82043,216.19208,1.1434809,275.6945,346.3802,76.58415,268.0357,224.19241,25.658453,279.40463,355.4811,72.49598,281.78076,263.82803,32.653385,272.2835,400.43576,46.429394
51-1.pngresized.png,242.73068,289.5846,-66.3403,234.27293,302.4373,-91.95179,231.99686,302.00735,-92.00148,229.65865,301.5404,-92.07172,233.05083,305.06738,-61.769413,230.79712,306.8079,-61.667774,228.55167,308.32693,-61.68904,210.15088,297.94424,-164.67021,207.2653,307.36212,-24.627186,233.04391,277.90778,-91.3578,232.54268,281.13144,-51.007145,199.93024,239.79657,-215.3572,186.72786,264.3775,30.58914,314.15378,264.89056,-252.0872,265.57663,284.1337,76.695076,320.09683,345.78326,-152.76468,298.7769,331.79636,61.748516,323.94064,371.00677,-170.53156,301.97748,350.37106,63.802853,309.7068,368.6902,-169.68175,297.92975,350.26184,56.803078,308.2985,360.48395,-150.90141,296.96603,342.17453,55.304893,233.42656,76.17313,-70.25124,225.50626,99.32437,70.72908,297.35245,170.339,-140.70331,263.96246,233.05048,78.32659,299.69742,254.38023,-22.668877,288.15125,332.95856,60.669567,299.76077,261.34012,-11.837273,297.67657,343.62378,54.903664,290.56644,307.0972,-60.87452,274.9316,386.2469,0.20014457
55-0.pngresized.png,49.827515,91.88042,-46.36861,48.301743,83.93168,-58.660324,49.247322,82.74484,-58.740208,50.088577,81.49973,-58.899517,47.4217,84.125496,-38.88784,47.806717,83.488464,-38.96145,48.28437,82.80156,-38.960445,58.717995,74.03961,-89.16762,56.2909,75.49396,-2.848918,59.45896,91.050644,-56.109337,58.418327,91.85566,-31.255816,99.1847,79.855316,-117.371994,97.86475,81.033875,55.088478,109.8148,139.90622,-123.25117,104.52802,134.1409,74.98212,103.5042,197.63489,-102.074036,102.08889,184.13336,60.689533,101.78202,210.76569,-123.869804,97.6742,191.85938,70.80169,95.729225,209.90826,-108.83753,97.17688,194.96805,49.456543,97.517525,205.13275,-96.423325,100.91136,193.38797,51.372044,190.41306,50.492596,-56.074368,183.41652,54.26571,56.33936,185.19737,127.15845,-27.70799,179.74031,122.446945,66.65513,191.78928,201.15927,11.895476,191.30345,195.23639,108.31529,200.56042,216.38028,12.930207,201.22841,209.72757,110.8044,155.1041,217.93372,-31.00344,155.96754,211.64697,83.05196
56-0.pngresized.png,204.99979,256.88556,-119.59354,198.835,264.11743,-134.96289,197.3485,262.86166,-134.83461,195.80746,261.56378,-134.92363,197.84563,267.96182,-117.0708,196.50658,269.73145,-117.030556,195.14896,271.28564,-117.108086,183.51305,254.38037,-173.57108,180.73125,267.77557,-89.1827,198.93913,244.34343,-132.53014,199.20963,248.91425,-108.24061,183.04034,200.97961,-192.8509,168.25148,238.53548,-49.516396,267.98068,234.90527,-239.85783,235.8577,270.50073,-45.247414,272.46396,332.62845,-215.07349,255.51576,334.43887,-98.14596,276.2536,356.89398,-237.08743,255.12878,355.51804,-104.940704,260.4653,357.3959,-237.8194,252.56137,354.14365,-113.47749,258.87546,349.0074,-216.00201,253.90042,344.81152,-105.75652,192.57771,83.902214,-38.516937,189.17393,106.216324,38.811523,211.9821,168.68019,-149.42653,213.24535,208.16566,-15.980517,223.42924,256.5026,-79.6383,246.44035,280.2304,-56.486958,226.3833,266.77295,-74.61398,258.08246,287.68106,-64.428154,213.84476,306.0846,-123.073,231.74365,324.37064,-111.756905
58-0.pngresized.png,153.94092,157.40077,16.270756,151.86131,163.50244,8.6235695,150.83711,164.22093,8.61739,149.7267,164.98555,8.5171385,152.04434,161.39622,26.456694,151.12796,160.75558,26.588398,150.17754,159.88469,26.617586,140.38329,164.32721,-18.16268,141.10484,157.8556,64.484276,148.74442,153.6924,7.1051264,148.62695,151.05055,30.98356,123.63204,142.86443,-59.305107,139.73097,133.50172,82.543076,150.65877,196.17638,-79.64939,152.52843,187.55048,111.95385,156.37833,230.85312,-9.600108,157.13968,232.49365,86.64426,156.86118,240.9928,-15.406632,152.7534,243.19437,86.04412,154.44727,238.32222,-10.447746,152.80815,245.39485,74.43785,155.7774,234.69548,-5.760547,156.55428,242.11795,80.79949,154.23647,36.64229,-51.794285,161.50882,34.968174,51.780296,157.30896,137.11107,-71.9626,174.53563,134.08257,51.34987,177.43906,210.90266,-63.786457,202.44449,223.36406,85.41637,185.99611,215.87796,-65.195114,212.3133,231.02953,87.29898,161.62924,251.30289,-107.84296,191.63263,270.36548,54.36977
60-0.pngresized.png,178.98059,282.68756,20.412302,170.59744,291.1501,2.610231,168.79564,290.73096,2.6321597,166.83328,290.30963,2.409956,170.48547,291.28244,24.586535,168.92596,291.1874,24.589321,167.41402,290.84113,24.53241,155.08752,282.004,-46.045826,155.55025,282.79095,57.0601,175.71732,270.71338,6.4024596,176.4914,271.1571,35.77889,167.8383,238.1007,-81.27127,159.45508,229.23625,116.50625,235.92096,292.84222,-84.13315,213.76309,285.08282,176.95537,211.39355,356.4128,35.25172,203.26761,351.19003,141.5687,202.8184,376.41232,26.98281,195.21234,365.72104,151.09285,193.41418,372.5095,30.615608,189.82289,366.8497,141.59352,198.44577,364.25943,37.192917,195.16035,361.86575,135.48007,217.48648,72.01002,-73.66965,209.18466,68.617226,73.63428,238.62086,196.35329,-34.859207,227.42584,201.40309,89.493645,272.53183,323.54532,9.990391,258.19064,312.82938,136.17137,289.4727,341.89233,9.76772,274.697,329.42905,138.8411,232.84326,380.98538,-34.158527,227.90062,368.49228,105.07252
62-0.pngresized.png,321.05865,165.47516,-26.979046,333.43472,159.22496,-18.846127,333.444,157.77823,-18.71088,333.57043,156.5075,-18.82998,332.80417,158.10593,-49.43149,332.83612,155.62195,-49.60901,332.79907,153.14076,-49.816208,327.355,140.22772,21.044188,327.15207,135.54677,-110.030525,307.373,158.23604,-6.201509,307.2793,156.34306,-45.057487,250.92699,122.03644,112.394646,252.29047,115.76872,-172.92068,182.43044,185.94562,145.20581,176.14127,203.38391,-169.66548,145.96078,254.55489,134.09914,135.39627,290.24164,-98.160126,143.66821,268.662,155.51636,125.946884,309.45316,-134.76062,145.6926,277.04507,116.74196,132.65898,317.29337,-111.38096,142.7746,271.53528,118.74275,132.89331,310.62228,-90.20024,101.74378,74.714836,86.10105,93.54886,66.550095,-85.744995,119.37903,203.62395,136.55609,118.735634,211.88078,3.046223,135.15878,319.01236,222.68706,132.95717,348.1023,95.27177,127.25961,338.69028,229.06705,123.17364,370.03333,97.9295,186.26683,349.63535,173.71117,189.2319,388.3158,14.265915
64-0.pngresized.png,47.79489,52.868202,-24.78902,48.064194,44.816593,-35.69234,49.133957,43.74252,-35.756126,50.155197,42.588932,-35.851948,47.229324,45.36041,-18.089306,47.613922,44.88262,-18.179619,48.082657,44.428448,-18.217323,60.488144,37.431717,-64.29612,57.322372,40.872364,14.27583,57.470123,54.66523,-34.71263,56.27275,55.63578,-12.121015,97.56068,53.442627,-100.07032,100.91445,62.233585,63.342785,101.289246,109.727005,-116.10035,102.9815,115.60509,79.027534,100.865524,167.45456,-103.32257,102.523674,165.96252,78.349655,100.95315,179.98352,-122.293144,99.38203,176.55069,87.91717,96.52679,180.24652,-111.99557,98.42181,175.58704,73.693985,98.23371,175.69705,-99.32742,101.09771,173.00458,72.285515,193.73216,74.19586,-52.97103,187.98212,78.612755,53.184967,166.64975,145.31746,-31.086298,169.41986,143.77188,94.3069,170.91132,221.1641,34.311596,162.59877,221.36456,132.18996,178.74765,234.60484,40.174923,167.79642,237.3593,134.63013,135.51894,240.11024,-1.0450767,130.1707,233.58748,108.26786
65-0.pngresized.png,286.09848,181.87305,-155.92093,292.60855,174.24539,-144.56346,292.76862,173.19823,-144.48584,292.97617,172.29295,-144.66113,289.4928,173.11694,-165.4923,288.0677,171.10246,-165.55402,286.49725,169.12349,-165.6564,283.36728,159.84193,-94.80478,275.09354,155.68289,-189.15855,272.8013,177.97717,-136.98145,270.4866,176.72478,-164.54048,232.65038,151.50975,-28.04254,207.52933,142.57227,-237.41211,235.2212,240.11545,-4.6114063,184.17584,237.83589,-265.47446,255.54515,317.7051,-35.520527,186.26266,318.82053,-259.91324,273.39926,332.70447,-39.09192,187.29785,336.71484,-302.99905,269.5873,336.1503,-72.314,199.83604,335.40134,-293.45737,258.9918,331.21735,-52.053833,198.93045,329.84125,-259.61084,108.22301,70.114296,72.27742,92.69484,56.94585,-72.283646,109.45646,180.54895,89.98504,88.66398,172.54166,-51.17292,105.05892,278.74542,161.64423,87.5032,292.58154,-1.3965653,96.17812,299.8292,167.48373,79.484474,316.26935,-1.540237,138.39279,303.89615,127.94423,131.90439,319.69672,-74.427376
66-1.pngresized.png,154.79079,164.77948,-31.738644,161.34845,169.63464,-26.382315,162.37097,169.39597,-26.317244,163.35027,169.24107,-26.3781,161.3598,169.60999,-43.546944,162.62679,169.45897,-43.565136,163.7705,169.25072,-43.567635,172.865,164.35138,1.8525598,172.61067,164.08432,-74.693596,157.8838,157.87038,-18.856318,158.00761,157.95389,-40.974045,171.46736,141.81691,36.96554,171.49435,138.7777,-102.40473,130.9019,173.06873,38.404976,126.99288,170.84967,-130.91774,126.172386,217.53001,11.038487,123.82131,226.00066,-120.86771,127.701355,229.02142,3.73041,118.80274,238.31865,-141.2561,128.22134,229.83429,-2.838066,128.06787,239.47017,-140.32349,127.11992,226.57985,3.8574,130.36172,234.94504,-121.09583,142.18709,63.14338,40.357883,140.25282,55.500103,-40.283646,132.14659,133.96144,38.935528,137.90878,126.28087,-35.11945,123.149635,207.75252,26.958702,141.97705,197.59793,-26.59279,114.29469,217.81819,25.092749,136.00417,207.84937,-27.942629,140.80232,237.54587,1.9502944,170.91289,222.1003,-67.34443
69-0.pngresized.png,199.98384,260.11545,-76.58599,193.58841,270.40167,-98.85012,192.67473,269.459,-98.908905,191.7032,268.50998,-98.96399,190.46895,273.09338,-74.90934,187.96477,274.44043,-74.81594,185.49101,275.57452,-75.00844,181.29257,261.4888,-153.18143,171.1346,271.45096,-44.947815,196.64433,247.53468,-93.768524,194.71393,251.11195,-63.198883,196.76746,217.1585,-200.4646,164.38167,229.68546,27.52211,270.50287,268.85596,-240.3092,235.70665,282.09143,52.968624,246.82645,345.01303,-133.90921,256.79315,349.73938,-25.40882,239.12175,369.62024,-155.68803,256.06256,371.89236,-36.79406,229.01218,368.2792,-154.03662,252.74007,370.1338,-53.7044,232.77415,357.31116,-133.588,255.64299,361.531,-36.888832,221.16614,76.877945,-76.883575,204.51018,81.10024,77.31059,232.23859,198.37453,-64.243805,220.29529,212.05565,0.9508259,255.28123,325.33212,-91.52766,266.0316,325.89087,-91.21349,270.42755,342.57477,-99.337494,286.087,341.79877,-105.12509,212.82507,385.36792,-177.15074,226.68736,386.16275,-177.51765
70-0.pngresized.png,258.38824,302.7276,38.061268,255.52403,313.68558,18.460495,254.19934,314.24185,18.50923,252.73724,314.83813,18.245844,254.41295,313.2399,42.062267,252.416,313.75504,42.16765,250.36931,313.9008,42.076317,238.59584,312.97882,-41.99016,235.34554,312.4348,65.73695,250.5613,294.8549,18.24317,249.49234,294.30505,49.221348,226.93182,273.59244,-94.51459,219.6156,273.13336,88.41712,292.4692,347.25204,-151.81174,259.23706,351.59348,122.381386,300.14554,454.48172,-95.344284,281.414,450.2239,51.986317,300.08676,484.13904,-118.57718,276.06744,476.42328,38.15187,292.32452,484.72537,-109.47179,277.84268,480.51828,19.30745,294.24768,474.30017,-93.51844,282.16824,471.9048,38.06202,272.22952,88.8474,-63.963673,264.85507,88.696,63.974712,291.90677,261.89374,-28.00781,298.9865,264.79785,68.80082,329.2152,419.18515,10.617379,344.85968,415.31332,113.33867,342.0471,440.47168,10.628899,359.96063,435.99396,114.494446,304.30328,486.66577,-49.87422,328.73932,483.293,49.679916
72-0.pngresized.png,134.89055,176.87668,-15.837776,138.51595,184.45798,-10.307502,139.38159,184.62787,-10.289433,140.21185,184.85474,-10.332778,139.73877,183.89966,-27.29669,141.4643,183.99068,-27.306713,143.07951,184.01802,-27.351768,150.33788,183.54176,19.909506,153.63242,182.58987,-56.74111,139.34016,170.8219,-1.8769786,140.12936,170.95038,-23.933676,159.03873,156.89977,58.038185,158.4101,155.25432,-89.728485,116.80556,183.68411,62.206966,108.09569,183.03696,-117.370056,106.920555,229.81653,27.497652,99.85494,234.26492,-88.61172,109.161095,243.0665,21.714668,94.77094,247.18666,-109.51236,108.92136,244.08559,11.982201,104.671906,248.3272,-104.42534,106.59418,240.51756,20.13021,106.916046,243.7858,-86.42569,132.98686,58.78271,43.45445,129.17303,53.596275,-43.29446,129.39389,149.78804,66.86507,126.1905,149.25507,-18.3764,112.08176,219.39087,121.60281,113.99118,218.87483,40.718746,102.76579,228.24245,125.63639,108.04319,227.68034,43.934322,130.31184,252.56422,87.87812,136.02585,250.15169,1.9085661
74-0.pngresized.png,148.71327,150.96619,11.199225,154.03268,154.83923,15.451584,154.94876,154.35068,15.470673,155.8306,153.9542,15.390091,154.20424,154.9352,-0.024236115,155.47385,154.68167,-0.08516211,156.65945,154.40143,-0.18418217,163.62695,149.05136,36.4108,164.04622,150.33139,-32.61656,150.77286,145.13379,21.470758,151.04549,145.9711,1.3164716,161.04106,126.91809,71.90735,163.0544,129.89136,-59.969097,137.23535,169.99507,89.976234,129.05136,171.85475,-87.455635,128.51366,216.51065,60.24961,121.75502,222.54984,-77.1973,132.7813,227.09454,60.666245,120.5852,235.42688,-94.62957,130.11761,229.11426,44.29166,128.83467,234.92056,-83.17425,127.60628,226.09583,51.31681,128.58588,231.5696,-73.02922,115.255424,56.94565,44.29962,111.87391,56.70116,-44.12225,114.2023,130.90604,45.441467,112.65509,133.6575,-24.030157,112.248215,198.45442,70.91604,105.64631,207.0352,-4.218015,105.53542,208.21544,72.236275,98.147804,217.68732,-4.012779,134.83528,222.73302,43.627407,135.81454,228.15587,-39.564796
74-1.pngresized.png,139.97424,167.08307,-32.89832,141.93599,169.24408,-48.932022,144.29364,168.69162,-48.815563,146.58928,168.14177,-48.83612,135.9379,169.41965,-46.117065,133.7737,169.34113,-46.08435,131.58289,169.16263,-46.0193,147.72586,160.90112,-85.044395,125.78136,163.11978,-73.97077,141.4914,161.42267,-43.195423,134.96207,162.29956,-39.86732,165.96437,135.13808,-47.135807,101.34839,136.39565,-61.52392,164.19888,175.22057,4.4563327,86.10758,168.25226,-12.041049,147.18753,214.8998,12.112166,88.2785,209.14589,9.532313,150.87181,224.60414,-5.6537004,83.75896,220.8978,-9.799838,143.05116,224.01779,-18.436243,93.194664,220.38495,-12.141092,138.99007,220.27437,5.3872075,97.1217,216.6589,6.9941263,141.92477,56.87706,8.855884,104.42807,61.927597,-8.679589,147.90964,129.80121,35.5474,105.85099,142.43385,4.4282174,145.6955,201.0141,97.024666,116.067276,207.3757,65.09889,143.5865,209.7436,100.89474,117.94243,214.20934,66.7761,147.0381,231.59877,50.482708,122.63062,239.20459,15.312811
75-1.pngresized.png,191.98093,102.17148,-21.731672,199.35571,99.77176,-22.541618,200.16534,98.47012,-22.49873,200.96487,97.25554,-22.613455,197.47635,99.9346,-36.01529,197.26614,98.827736,-36.03612,197.0087,97.73799,-35.990948,200.43399,86.962814,-14.077691,196.17282,87.52552,-75.50701,186.4213,95.940674,-15.5912695,185.1478,96.70543,-33.177437,176.53278,64.42378,28.1373,161.24072,73.460686,-96.30161,171.75476,122.0176,58.742645,153.41957,142.2646,-103.7908,173.89844,173.60918,25.234724,178.56316,200.72963,-85.40906,181.8078,181.3783,22.58685,187.77145,215.6494,-108.04983,179.88086,183.47449,2.90072,196.22443,209.16174,-96.144325,174.61694,182.11952,16.66301,192.764,203.52342,-82.658936,78.078995,53.694214,43.887684,67.09199,58.727352,-43.757664,121.05603,103.831345,130.92265,114.91115,131.20468,7.9171357,92.11273,147.26405,243.28218,86.36397,175.17712,137.18497,83.08921,149.98944,255.20195,77.001945,177.54004,151.23495,104.07309,168.64917,257.5463,102.46067,201.27046,162.36366
77-0.pngresized.png,133.9938,167.22804,-14.230319,129.72078,172.90334,-26.359974,128.83873,172.43945,-26.285347,127.89541,171.95988,-26.228867,128.66437,174.89021,-11.230123,127.536156,176.03035,-11.177006,126.402664,177.11229,-11.210516,120.57404,169.59976,-65.74496,117.555504,176.35234,3.2306256,131.10783,160.20221,-27.219797,130.43042,162.92653,-7.4837832,119.239525,138.73552,-100.12687,115.39172,151.68744,30.601828,178.92284,139.17352,-101.65362,164.13626,140.77011,16.425419,166.40874,197.45682,-56.21617,163.8664,161.01515,-21.800346,167.33337,214.73398,-62.13413,164.08067,169.16565,-22.633104,154.90186,210.61957,-68.08889,157.2907,169.70305,-15.894947,153.23206,204.32684,-57.31567,157.27814,166.00203,-20.532799,124.31732,48.963398,-31.500257,128.33865,59.347736,31.915941,167.7578,54.813385,-121.696724,166.4103,94.565475,99.12728,142.44753,87.364914,-3.7486088,146.51448,122.36814,111.01023,136.72873,93.77221,11.072047,144.09303,126.73412,113.38318,142.5588,96.87099,25.456326,143.79471,131.02847,118.7331
82-0.pngresized.png,74.140305,115.66759,-9.638661,68.194275,104.6261,-33.673473,69.05529,102.627335,-33.742214,69.94426,100.43862,-34.00008,67.78712,104.13248,-2.1800294,68.105965,102.266205,-2.3212903,68.528175,100.45401,-2.3715534,83.499306,85.828766,-101.90937,80.59743,86.52557,41.433132,90.58439,113.07602,-33.885323,89.56598,113.35685,7.527221,155.34093,86.01596,-180.55371,153.24577,99.239975,120.91549,178.12367,188.69186,-212.51431,179.00073,174.70891,138.90205,157.42888,297.0296,-200.16324,166.69672,250.96011,123.49788,160.05217,323.64932,-234.78232,161.28539,270.48856,134.09084,147.02847,326.26334,-225.21573,155.8392,269.9221,114.66682,149.60222,316.20825,-197.45084,159.83736,265.7007,113.51236,304.20505,160.92435,-81.57433,293.5094,173.52672,82.16567,221.34145,234.33734,-131.13286,242.62743,249.17877,86.62779,283.22653,354.6523,-71.32383,275.95416,364.03314,41.986263,303.48056,368.94058,-64.33701,290.5047,376.55237,35.818165,263.3411,407.5673,-99.57884,259.43298,416.69055,-0.7058615
83-0.pngresized.png,396.2198,123.54061,-59.885666,403.7646,115.33618,-45.162464,403.15796,114.83943,-45.11012,402.6803,114.49483,-45.333035,402.5053,112.01218,-72.05165,401.41876,109.08924,-72.13107,400.34705,106.21773,-72.14917,387.37735,103.57483,12.640435,385.8352,92.82088,-103.403786,377.28183,123.233604,-35.83979,376.2154,118.787506,-70.469,291.51315,90.08397,94.9234,297.2446,112.06524,-177.72272,195.43277,155.53548,117.219246,209.16135,200.35126,-161.12822,134.04872,244.15433,74.76811,157.40189,298.69058,-89.758804,126.43078,264.45325,82.34076,146.7271,321.9284,-117.52428,125.488235,271.08466,52.564507,154.4302,327.0013,-107.52929,125.19973,263.01572,62.663635,153.87395,316.82602,-85.605965,108.15617,104.366325,83.99247,95.762955,115.25928,-83.61591,158.63718,233.32935,157.52444,153.5677,264.81976,-30.952505,140.87712,365.0326,236.33945,139.98047,398.9,113.82448,124.570786,378.58884,241.19508,120.02901,414.80157,125.96188,181.4477,416.2628,219.50836,200.817,448.64996,102.42348
85-1.pngresized.png,175.66278,170.20618,-113.857285,174.94006,173.25136,-112.334564,174.93999,172.91261,-112.306435,174.83453,172.54765,-112.37477,176.35083,173.92316,-119.27149,177.39291,174.39401,-119.21791,178.3794,174.75839,-119.23884,181.01308,169.02374,-89.1433,185.90906,172.14734,-122.941864,179.74037,164.43303,-103.25734,181.76154,166.35019,-112.53262,207.58607,160.49965,-74.707375,204.78212,151.10364,-132.36375,201.05782,212.91597,-80.46587,177.57263,202.77023,-167.30167,185.15282,258.9199,-102.64468,179.01328,263.8916,-185.5705,183.47374,273.99844,-116.10839,173.42831,279.67206,-205.26077,181.3309,271.44553,-114.99247,181.35681,279.87787,-203.85371,181.82738,265.90207,-104.67691,184.83362,274.65213,-187.76434,196.40883,74.00723,24.59539,196.24747,62.199566,-24.236183,165.89622,69.31826,100.120186,152.75554,54.816536,52.460083,163.50966,49.739594,184.76155,157.15854,39.176067,150.63483,167.08311,45.490208,194.79323,165.07547,36.282276,161.95007,151.70113,46.006462,198.41512,136.39172,35.000008,162.84277
86-0.pngresized.png,105.360054,206.64758,-70.43561,96.94389,198.8085,-92.04734,97.70376,197.10638,-92.082436,98.293144,195.3707,-92.21398,94.718315,198.04776,-59.828617,94.09197,196.35782,-59.881203,93.634445,194.50941,-59.925087,105.26522,179.9957,-146.52682,98.80622,178.34143,-1.4922543,118.61804,200.13217,-87.84413,116.39622,200.36868,-46.166836,168.24211,163.96304,-203.37988,161.08093,155.91254,99.97365,223.83351,244.31375,-243.63635,204.76596,224.414,147.87148,234.0879,327.3558,-212.36357,216.03726,302.19897,95.38266,231.11539,348.0747,-252.76744,209.7348,316.77438,109.09343,224.48997,345.87247,-225.34045,209.44878,320.05457,71.50209,226.64485,337.50552,-204.91322,215.21947,316.2705,78.066765,284.04926,61.569057,-101.3981,273.0545,62.549236,101.66661,263.07062,184.5059,-37.74902,252.07495,185.6389,126.80025,250.20164,294.00146,76.41755,250.22614,295.66208,214.21852,258.4577,314.49615,81.45931,259.07245,317.67828,221.61229,191.98903,327.27353,3.592955,200.76448,329.99353,173.13307
88-0.pngresized.png,352.10422,189.85808,-252.86592,358.25323,176.0275,-233.52074,358.41293,175.25888,-233.37381,358.68253,174.7321,-233.5988,353.72552,172.64935,-260.89325,351.20874,169.12457,-261.00183,348.58624,165.68962,-261.09494,344.543,157.68369,-148.30672,332.0588,146.26251,-272.92377,335.57782,187.98871,-221.73734,331.91837,183.34875,-258.3962,285.44742,161.72023,-68.25957,251.02858,145.44511,-291.36865,272.92603,269.40005,-58.82095,232.12779,267.90115,-306.05005,287.23663,376.9819,-97.62748,252.83406,377.92725,-294.20096,308.54068,401.00977,-108.03913,259.54156,401.94656,-347.25174,302.31488,404.15024,-146.7481,276.05048,400.8496,-339.51898,289.21057,394.79382,-117.80097,272.25317,394.17056,-295.8748,138.46426,93.87376,73.803795,108.84705,72.00216,-73.71828,166.77167,216.6238,33.87505,109.22203,212.30988,-92.29166,174.88303,352.75974,14.24621,107.88858,362.7262,-72.689964,163.03792,379.5481,5.907383,97.779,394.3151,-77.04297,223.42265,385.2957,-52.320698,157.5539,388.49426,-171.51065
89-0.pngresized.png,240.6278,55.151173,-41.551823,243.13286,48.907684,-31.84089,242.92503,48.9386,-31.806221,242.79507,49.051388,-31.876144,241.4814,47.03861,-47.62271,240.2526,45.535934,-47.701,238.99814,44.079014,-47.725334,234.00667,47.975983,7.5075717,229.66399,40.457718,-62.21741,231.4958,60.128956,-25.341148,229.48456,57.686245,-46.04682,185.02646,71.18238,62.71209,184.36102,62.12947,-108.78607,144.2077,123.4885,78.886185,139.93103,121.42456,-112.54399,113.344086,173.80785,54.22273,109.015755,178.78752,-67.36886,109.312386,183.9941,58.166996,102.65759,190.32465,-84.42511,109.70636,184.08327,41.21741,106.69088,194.4014,-77.05693,109.310646,180.01903,47.107944,106.777534,190.95964,-64.6552,76.76723,91.15543,55.856853,71.8836,84.00221,-55.42753,104.75356,159.44556,120.08748,101.25127,161.21431,-31.153997,97.16673,229.08676,206.48943,101.90279,240.75717,49.915237,87.55119,240.44476,213.30963,94.01637,254.06967,55.434795,127.68053,248.03363,199.85051,135.60606,261.08307,25.873915
9-0.pngresized.png,75.13652,183.40033,-68.77486,70.44541,174.06654,-84.414764,71.56467,172.00142,-84.525116,72.57334,169.84792,-84.77186,68.9721,175.22646,-57.374237,69.09251,174.40225,-57.43473,69.39402,173.50967,-57.379475,83.16701,156.649,-127.67462,78.90279,161.44775,-6.436442,89.537834,178.49065,-82.957664,87.950645,180.28242,-48.406925,145.32948,150.61195,-183.12535,133.78508,152.48557,67.01405,176.91048,243.76727,-212.85957,158.53963,229.99338,86.859215,183.97174,324.0081,-195.98012,161.75404,301.25055,51.71863,185.23271,342.2294,-232.09637,154.26126,314.43112,65.01563,175.08626,340.04016,-209.03687,153.9001,315.41782,33.13128,176.79825,333.3217,-188.75488,159.87798,310.83218,38.252632,278.8892,79.50653,-76.99829,263.38763,88.62946,77.470085,274.28375,171.06898,-136.07379,257.1664,170.93416,100.65365,294.22162,272.81546,-24.368774,271.68073,241.95212,180.23334,307.2738,291.89072,-16.661417,283.05786,256.70557,186.20612,251.30952,300.8869,-81.423134,234.49979,261.88928,148.46878
90-2.pngresized.png,141.53891,120.60845,-63.045532,150.92839,118.051125,-57.10616,151.40186,117.39346,-57.064312,151.93558,116.84254,-57.181393,150.4189,116.20755,-77.14459,150.88565,114.17638,-77.25393,151.29948,112.18495,-77.26632,153.06714,104.08869,-24.763155,152.71751,97.68112,-112.660355,135.56416,112.72567,-49.78181,135.4576,110.781296,-75.54207,118.94999,88.28707,15.032329,111.96306,73.151695,-136.16438,73.46533,132.08054,16.989143,59.465763,129.77191,-139.3642,60.071148,187.79164,-6.7175627,42.76376,189.64764,-121.573654,65.64154,202.77687,-7.2524934,39.506214,204.25533,-147.32983,64.19604,207.71011,-25.667084,47.80271,206.45311,-141.68573,60.79935,201.39267,-17.023643,48.213123,201.41245,-121.244804,43.595707,53.251648,44.001213,32.445293,38.36183,-44.021843,54.537487,137.01193,39.61334,45.129837,133.4899,-39.512424,54.467518,215.60095,71.4257,48.872856,222.5642,-22.172222,49.577164,229.75699,73.298836,43.934948,238.88675,-22.061071,76.35949,234.19206,38.80104,78.935135,243.71051,-73.24078
91-0.pngresized.png,396.59335,520.89606,-178.06859,387.7738,536.011,-204.51657,385.2643,535.0025,-204.41243,382.66562,533.99445,-204.4984,387.00592,539.7053,-172.4255,384.87463,541.9266,-172.27724,382.68408,543.7221,-172.54128,362.61566,525.87964,-265.59604,358.6315,539.25,-117.66681,384.7892,503.39398,-198.39792,385.79123,508.3068,-156.29607,366.54636,452.34323,-314.83417,332.85196,482.74194,-57.421627,482.4969,570.04266,-424.3364,422.5544,581.31915,-21.15632,495.91397,752.3661,-378.8188,476.68518,727.2951,-100.267075,499.41724,799.31995,-429.11966,473.34998,770.91394,-120.145355,484.78275,806.0461,-419.86758,477.6445,772.21454,-151.27539,484.38538,789.63916,-379.37476,478.50345,756.8652,-121.96721,422.82187,221.60973,-86.88025,403.60266,237.4751,87.32318,453.56,436.2779,-50.900356,416.51785,451.44095,20.933594,473.7213,627.7558,13.883963,467.69336,635.54926,68.20075,479.76917,648.269,11.5568285,485.3916,656.1003,61.910614,446.40985,723.7793,-107.78965,444.39484,730.9327,-49.68944
97-0.pngresized.png,410.6228,456.3967,6.2590384,422.52704,474.1055,15.09534,426.6848,474.50366,15.285104,430.68658,475.12054,15.004745,420.32877,472.73737,-32.70259,423.40317,473.03128,-32.648895,426.1062,473.15674,-32.6197,461.9295,471.36533,70.719666,453.0022,470.3388,-145.13733,427.90762,443.36932,35.955868,424.341,444.01184,-26.83895,498.1935,420.6272,147.57756,463.5638,420.54388,-205.96815,406.58145,536.64954,149.907,361.3239,522.3156,-268.3983,371.07324,679.5711,38.41686,337.1115,674.95886,-211.90988,379.68777,716.9514,28.360407,324.277,713.09656,-260.07184,369.8802,718.9034,-4.0951815,350.03473,716.75995,-234.97336,361.84918,708.1035,16.871546,354.33777,705.3017,-202.799,408.83252,163.60535,110.35539,383.56754,154.89941,-109.63818,360.425,395.14175,131.47173,369.92322,399.2276,-80.979485,335.22186,621.3307,137.11258,350.528,614.8946,-85.65363,310.6527,648.9491,134.77289,326.39648,639.6642,-92.28279,395.55,721.89874,82.04409,444.69592,710.5631,-180.8322
