10.jpegresized.png,165.63895,193.1952,-7.1397605,169.78456,193.77821,-3.1046395,169.88422,192.94534,-3.120879,169.97096,192.21873,-3.2026525,169.7951,193.70747,-14.250566,170.24792,192.92764,-14.218794,170.5616,192.16745,-14.272136,171.62662,187.45221,16.238028,172.40823,187.09912,-37.679653,163.90327,189.08382,1.0078318,164.48416,189.27293,-14.744368,170.52731,169.15146,28.762144,167.94206,178.09943,-42.262318,207.36707,183.13304,61.25797,205.04915,196.77968,-69.66264,240.77356,188.5424,31.476484,246.0871,199.63974,-54.981396,250.09816,188.2516,36.746857,257.02432,203.22438,-68.18144,251.32745,189.52017,19.995337,258.6005,201.35866,-53.366035,248.24652,191.27557,24.469852,255.33235,201.36461,-49.77876,84.581215,159.01253,35.3068,78.94444,166.0287,-35.158203,140.77197,187.10078,59.690212,132.58112,196.36665,-37.929405,78.647736,189.41264,90.923645,72.70345,201.04268,8.057678,75.23705,180.01566,89.45684,71.097115,189.9813,11.078515,54.45468,195.91954,114.847664,50.18582,206.3292,40.954823
11.jpegresized.png,216.49934,205.72093,-6.497177,223.17831,201.70085,1.5487502,223.12123,200.44908,1.5488719,223.05635,199.31381,1.4753157,222.62808,201.42941,-17.950047,222.41818,199.91107,-17.928709,222.07118,198.4441,-17.951365,220.49202,190.15254,30.98451,218.87108,188.76315,-58.48571,209.69609,201.22719,5.119303,209.51895,200.76189,-20.481043,195.9256,170.7591,60.02124,196.23515,178.19025,-85.20132,232.68376,183.18408,110.40292,242.44547,204.82901,-133.6472,274.3974,193.88799,75.83984,291.85208,206.17723,-120.70703,288.31433,193.73053,85.50755,305.17984,208.78973,-144.64958,288.55905,195.65807,65.34475,307.2145,204.99123,-127.12532,284.04868,197.11458,65.45077,303.1125,205.04066,-115.907135,92.30947,168.50613,53.062992,88.48467,175.21904,-52.8911,134.83698,181.39943,113.8083,135.30238,201.10953,-53.39657,75.58921,191.76096,142.485,70.94361,195.04369,16.449434,71.73924,184.27692,141.25502,66.83187,185.09523,22.842985,43.959335,197.66344,159.69736,41.428078,193.77783,49.819805
6.jpegresized.png,133.55197,157.64854,-27.047571,129.15137,159.56935,-38.046555,129.09435,159.18007,-37.973698,129.0436,158.74246,-38.063297,128.49026,158.79942,-25.504251,127.95613,158.15347,-25.504473,127.54851,157.35706,-25.613947,128.25134,153.21878,-69.61024,126.17658,152.02295,-10.4948435,135.24112,153.21976,-36.79043,135.00102,152.95152,-19.389915,138.387,136.22748,-86.41056,126.5401,129.43828,11.3221445,95.1495,154.13506,-130.58092,93.73633,146.10538,27.724768,62.345535,162.45839,-132.58493,61.32457,150.89616,-16.72561,54.629963,168.30478,-152.63101,50.53601,149.29936,-20.456556,52.253197,162.65314,-144.45123,49.822124,152.9196,-36.907078,54.637585,160.86098,-130.91383,53.85985,153.93565,-24.774939,217.6404,123.75702,-41.665134,207.87221,119.49196,41.706367,168.73906,160.45042,-49.319984,162.49516,154.76392,68.32744,212.57538,156.17557,25.27276,207.36263,154.1589,122.99319,216.59692,151.54315,32.995823,212.11803,150.57986,127.49565,221.77837,158.0844,71.21678,219.59322,161.77132,157.45299
7.jpegresized.png,174.5078,201.08452,-14.194029,181.26204,197.44481,-8.006204,181.41281,195.73402,-7.9887533,181.54263,194.1479,-8.037643,180.50652,198.5352,-27.365896,180.43648,197.53976,-27.379921,180.21896,196.58661,-27.432161,179.9248,184.32188,18.644894,177.75266,187.55533,-71.34853,169.41855,194.95518,-3.2512212,168.94652,195.9187,-29.296041,163.69293,162.29556,41.877888,159.49097,176.49057,-88.511604,208.10715,179.1768,83.23976,207.07617,196.38976,-134.83595,254.53113,186.68439,34.594666,261.6609,195.69719,-123.71485,269.10147,186.61592,38.493114,276.9113,198.78249,-145.07164,269.44077,189.09445,16.630539,277.9042,194.46692,-129.72968,264.2033,190.96988,23.00037,273.16354,194.07608,-118.99295,61.837345,151.47745,52.594307,55.17576,160.53067,-52.431713,116.916595,184.79678,82.73813,111.42025,198.7845,-64.94426,47.731945,187.444,139.503,42.776035,198.7406,13.877283,43.16386,177.59198,140.60085,39.57422,186.65321,20.343369,20.497772,195.26743,171.82489,17.838911,201.48355,53.99849
74.jpegresized.png,78.215675,172.5063,-0.8407783,69.68952,169.99211,-11.001836,68.996796,168.41936,-11.04977,68.26313,166.80568,-11.128274,70.64408,171.20183,9.288733,70.59111,170.67464,9.340153,70.57634,170.06276,9.394609,68.03881,156.7139,-40.876884,71.16637,161.48796,52.85974,83.05305,165.30176,-11.191163,84.42078,167.36967,15.641476,103.17814,144.55032,-95.67208,103.724846,139.22061,102.68433,168.44383,153.96913,-114.89169,159.89597,144.49362,122.518906,223.9626,174.5441,-66.31795,206.02567,160.15742,70.04367,236.01012,176.55917,-82.86967,217.06258,162.91768,65.31178,236.72534,181.28798,-76.32378,217.03162,161.10645,49.02662,232.98967,181.49863,-63.397274,213.3175,160.86485,61.201187,207.94012,127.08358,-65.45725,203.2643,125.763145,65.62289,134.13261,181.89401,-83.00933,134.57196,176.53851,70.04726,215.70761,167.93265,16.979473,214.48201,171.8338,127.50903,221.85278,158.80963,28.076975,222.87909,163.21829,129.68387,248.96434,169.50864,73.261,245.77074,183.12149,143.98987
75.jpegresized.png,125.47257,207.0671,-13.932268,120.35314,206.76045,-20.42921,120.03589,205.96544,-20.404453,119.73259,205.12126,-20.449976,120.4966,207.1528,-7.7875185,120.28027,206.874,-7.785332,120.154816,206.46652,-7.8396573,119.306305,199.72148,-38.970284,119.94405,202.06255,20.09989,127.295265,203.08992,-20.466251,127.68199,204.4138,-3.0816243,129.28148,189.14323,-60.93022,128.79877,187.53813,47.125538,103.17701,205.5958,-102.64551,103.953064,200.08804,68.55525,75.62693,211.11168,-86.0568,79.98908,202.42552,23.46356,68.56153,213.87164,-99.24102,73.633644,200.88774,24.931723,67.46772,211.34312,-88.505394,71.96185,201.27937,11.752173,70.32988,210.76665,-82.08826,74.265465,202.54193,17.02128,194.74496,180.9478,-40.884148,192.06296,178.81947,40.983738,155.14383,206.75815,-52.80425,151.31184,208.32378,60.483704,199.26877,203.50848,10.946331,195.05135,203.30238,105.69475,202.84445,199.29942,17.817894,199.38237,198.72948,109.033905,213.61316,204.79211,46.348904,209.3821,207.95305,128.3467
76.jpegresized.png,172.58478,203.68742,10.847957,180.51022,202.30602,13.701853,180.87314,201.09424,13.738371,181.21541,199.99902,13.697266,180.32727,202.7884,-2.0399685,180.9,201.86885,-2.075068,181.33444,200.97781,-2.1796877,183.85794,192.21906,36.322254,183.75162,193.42628,-37.406166,170.08156,198.18002,21.509592,170.28421,198.91548,-0.04659523,173.89871,170.54926,60.52024,173.32814,182.89203,-47.05483,210.49365,189.82848,96.27389,209.31712,205.89294,-81.210365,252.08649,200.77469,53.775352,255.39352,209.1999,-62.19559,265.27628,200.12126,58.539314,270.4852,212.33095,-78.17678,265.99527,203.20773,38.938828,272.57962,208.14088,-60.402916,261.34793,205.28503,44.53646,267.49646,208.28076,-56.32047,67.235756,153.59688,44.5461,60.284157,161.47604,-44.338737,134.96431,194.87506,72.70314,122.54363,206.33743,-49.76466,58.637314,189.34093,109.56645,49.597088,207.2394,12.654661,52.738422,180.03807,109.36394,46.37567,195.9015,17.89134,33.32623,193.90454,136.66325,26.107983,212.47816,46.511055
79.jpegresized.png,150.50659,148.90524,4.0657263,154.31941,148.86334,8.018119,154.45749,147.83907,7.9942284,154.58546,146.91078,7.9257426,154.33482,149.55005,-4.287516,154.77608,149.1226,-4.2305484,155.08963,148.70042,-4.274699,155.91675,142.83061,26.853252,156.75949,144.87186,-31.231289,148.9463,145.43102,12.414135,149.4247,146.4114,-4.509221,154.5064,125.96772,44.65623,152.06242,140.08128,-40.97062,182.01129,137.89767,85.62174,181.0571,154.90584,-70.30292,208.34349,141.6809,61.16672,214.71727,159.89331,-52.104084,215.47726,141.07399,69.00615,224.07698,163.00053,-64.02295,217.27818,142.29112,52.122677,226.00456,160.67397,-49.520897,214.34276,144.28592,54.73829,222.87306,160.78886,-46.47017,74.95461,113.74474,40.56329,70.93174,122.67483,-40.443203,123.65454,142.95248,65.76003,119.2492,153.73222,-42.929527,70.94475,145.31506,107.53853,66.090775,157.08911,8.280914,67.96552,139.56136,108.12488,63.83492,148.60756,12.165634,51.238113,147.59964,134.85342,48.33935,159.7542,39.75844
8.jpegresized.png,144.3864,157.4758,-52.618267,149.38437,157.20874,-51.862823,150.1022,155.92188,-51.868843,150.7894,154.73253,-51.833794,147.47893,158.92476,-65.82205,147.18149,158.81763,-65.8354,146.75694,158.73985,-65.9105,150.72795,149.06473,-40.961452,145.79297,154.11082,-107.22782,142.7296,152.73401,-46.89784,141.04318,154.75415,-65.974106,153.16554,129.77522,-16.722383,132.56648,144.49028,-127.56979,180.89935,148.67441,-10.485788,161.19069,169.35901,-180.13757,213.1014,155.8421,-58.21259,204.7341,167.03165,-211.08772,223.50163,158.36671,-59.73974,215.63933,171.92677,-233.39302,223.64049,157.44983,-76.06378,215.15468,163.55911,-226.4408,218.82736,158.71103,-66.66296,212.59067,161.03677,-209.8592,76.00769,122.30119,45.850212,62.005276,130.96964,-45.565617,115.92775,157.0128,69.2474,103.43355,169.2964,-53.59398,69.713165,148.82951,141.07875,60.162537,162.36583,25.953442,65.57684,142.88998,146.04945,57.82566,153.54726,34.151535,54.266445,151.72508,185.02795,44.876343,164.55118,74.90665
80.jpegresized.png,165.63895,193.1952,-7.1397605,169.78456,193.77821,-3.1046395,169.88422,192.94534,-3.120879,169.97096,192.21873,-3.2026525,169.7951,193.70747,-14.250566,170.24792,192.92764,-14.218794,170.5616,192.16745,-14.272136,171.62662,187.45221,16.238028,172.40823,187.09912,-37.679653,163.90327,189.08382,1.0078318,164.48416,189.27293,-14.744368,170.52731,169.15146,28.762144,167.94206,178.09943,-42.262318,207.36707,183.13304,61.25797,205.04915,196.77968,-69.66264,240.77356,188.5424,31.476484,246.0871,199.63974,-54.981396,250.09816,188.2516,36.746857,257.02432,203.22438,-68.18144,251.32745,189.52017,19.995337,258.6005,201.35866,-53.366035,248.24652,191.27557,24.469852,255.33235,201.36461,-49.77876,84.581215,159.01253,35.3068,78.94444,166.0287,-35.158203,140.77197,187.10078,59.690212,132.58112,196.36665,-37.929405,78.647736,189.41264,90.923645,72.70345,201.04268,8.057678,75.23705,180.01566,89.45684,71.097115,189.9813,11.078515,54.45468,195.91954,114.847664,50.18582,206.3292,40.954823
File1.jpgresized.png,341.64722,282.6125,49.9848,353.419,279.4369,60.036995,353.6188,277.6079,60.00345,353.80096,275.9719,59.819054,353.92282,279.50397,31.777538,354.97208,277.8277,31.927832,355.79297,276.13535,31.87058,353.27762,263.58212,98.00118,356.352,263.2073,-35.316135,332.63605,274.96866,66.22393,333.61966,274.53915,28.379887,317.71393,219.1215,146.53233,321.33102,254.18121,-83.55401,347.79532,251.55356,260.33917,364.02722,314.40906,-90.4746,413.25333,247.24623,319.90286,440.11566,279.92435,81.13795,428.57495,248.26906,353.38937,458.73544,279.0516,78.77216,429.95853,243.85701,342.06802,457.5879,274.8286,88.64483,423.32492,244.84671,317.81894,448.09558,275.14957,88.87456,122.2433,187.42331,90.51627,112.243614,206.79677,-90.32879,217.84372,266.50113,172.33627,208.85242,304.67343,-91.28435,92.25933,260.7404,229.77963,82.94772,285.13098,41.202915,79.12612,245.7894,230.36087,72.72863,265.0791,55.61062,53.120255,274.89368,275.33508,42.856625,296.2335,127.70903
File10.jpgresized.png,392.7224,231.03134,-34.91999,405.31088,225.92921,-26.286697,406.30048,224.12317,-26.266817,407.28784,222.41565,-26.232029,403.93488,226.83784,-56.151608,404.33896,225.42401,-56.1464,404.71594,224.10143,-56.111694,408.2735,206.33379,12.969117,405.14456,208.3045,-119.78414,385.5454,221.36845,-17.641012,384.81946,221.20706,-55.831978,363.83725,168.18082,75.424225,350.99417,187.14468,-174.59984,271.94907,180.18698,107.863045,247.56558,205.49603,-189.90863,206.26088,211.01894,67.77701,176.42676,234.72667,-123.76968,193.30293,217.18883,60.995567,158.65292,240.98302,-142.13992,193.20831,218.09218,38.537155,163.61905,245.30405,-137.02495,195.34937,216.06659,57.191982,169.07893,241.54193,-119.05957,221.48582,156.70071,76.406624,212.82153,166.76727,-76.01024,333.65915,219.19853,80.16509,349.58295,240.65358,-81.5761,215.28139,222.34587,230.32536,211.81503,225.64774,88.99222,199.33723,217.7284,243.5372,193.24023,217.0948,104.95194,188.25702,242.46077,256.65042,179.97304,242.44402,131.26527
File11.jpgresized.png,504.13446,709.43134,-93.507904,479.6224,707.5346,-116.513535,478.68866,702.43585,-116.50698,477.87213,697.16754,-116.83763,477.27603,711.90344,-62.339027,474.63693,711.3194,-62.16513,472.46234,710.1354,-62.181232,473.9009,669.43964,-194.57335,466.49915,687.5248,58.201023,513.36743,686.47815,-123.9881,511.5198,696.03546,-49.4582,519.90216,614.49414,-272.50974,507.1459,608.67206,150.78305,370.9798,724.27655,-425.7343,373.69705,685.0582,244.68044,216.71564,751.88446,-371.17444,251.94403,732.4508,107.38002,176.88544,766.77997,-431.5201,212.9455,729.9147,129.21791,168.9242,753.4643,-378.11572,209.72852,734.40857,81.35576,183.8794,754.69775,-354.02347,222.8659,738.0286,84.092445,831.4442,588.60754,-170.24158,815.7494,579.705,170.9579,621.9064,721.9946,-208.72844,602.0034,725.38007,270.8746,849.33856,720.97656,-22.69079,822.9146,732.4502,419.1617,866.438,704.0053,-1.1760118,842.5663,710.91406,425.46695,924.10394,724.0945,166.33493,898.3168,770.96277,546.353
File12.jpgresized.png,211.36171,246.01839,-8.41757,219.47014,247.46283,0.008174242,220.6763,245.94576,0.010446082,221.86977,244.57889,-0.043978665,217.70638,247.47856,-25.273596,218.22949,246.1672,-25.276306,218.526,244.87286,-25.420218,228.25945,236.67145,40.079422,224.0792,236.51393,-77.796616,211.74844,238.74261,8.604421,210.6838,239.34653,-25.88541,232.89325,206.48824,70.804214,221.88849,219.17824,-89.10985,289.39395,238.74515,134.56956,278.55792,246.23218,-151.02177,339.0243,249.88797,70.37363,344.45657,256.62863,-126.905106,352.29532,250.23912,76.803635,361.6875,261.5203,-145.72029,354.95795,249.95374,49.326843,364.63766,258.063,-118.546295,349.92282,252.782,58.020138,359.45535,258.05423,-115.25072,90.94068,185.39636,71.99093,82.943794,194.87526,-71.774086,185.39441,247.27104,99.68318,175.25555,246.36203,-81.259865,81.91266,250.57071,184.94266,70.255714,259.60992,18.20521,75.5027,239.50516,187.18593,64.84481,245.50792,25.506254,47.71715,257.55383,224.5772,38.726116,269.19302,62.93843
File13.jpgresized.png,187.92126,173.24832,12.128259,196.77823,170.6073,16.699293,197.43127,169.1484,16.728971,198.09924,167.7619,16.712406,196.15686,171.37321,-3.7914424,196.66708,170.2669,-3.7752733,197.15677,169.22353,-3.6800246,199.32645,155.54562,39.33256,198.16068,157.49985,-51.7581,183.12427,164.88828,22.645924,183.0521,165.21286,-3.706987,169.35803,124.65476,73.07304,165.0682,142.00392,-87.498566,111.922806,141.89642,84.92261,105.875015,164.4227,-106.60981,59.70941,162.78865,57.93438,55.043365,179.86447,-69.44476,48.016,167.52722,56.594257,42.65068,182.8878,-80.15809,46.457947,165.36249,45.07605,43.51185,184.49103,-73.19373,50.10212,163.94464,52.734814,47.196617,182.49156,-65.28563,65.480316,120.2699,48.84357,60.725346,129.15752,-48.60817,137.67421,156.76266,60.623253,140.08342,175.31032,-47.63871,61.842957,164.94424,132.82297,57.27983,171.52466,57.315918,52.777267,161.73814,139.15643,45.81404,165.6803,67.25821,38.23611,179.6903,150.4742,36.846245,183.37875,85.77753
File15.jpgresized.png,491.93845,752.16644,-199.90353,476.80273,744.97327,-223.52234,476.45343,741.60364,-223.4289,476.20312,738.09985,-223.66026,475.94275,747.6233,-180.92796,474.354,746.7643,-180.59485,473.1778,745.72864,-180.34866,482.04327,713.5005,-286.15005,478.26837,722.35864,-78.19307,508.54602,736.307,-223.97144,506.85834,739.4434,-163.75583,576.32666,678.1458,-397.19342,537.3701,696.95557,-43.162426,569.0733,812.49524,-427.5482,508.39746,782.32385,-223.60312,446.2223,814.8208,-295.81668,424.20618,797.1874,-474.8595,413.6998,826.7414,-314.2577,401.8953,803.0504,-500.43704,423.1047,796.3138,-328.9723,398.62552,789.5281,-489.58844,434.8899,791.0413,-296.13788,410.00186,786.85205,-482.1423,861.2692,697.844,-96.19556,811.43365,717.9923,96.85928,818.3269,754.4396,-556.1957,666.4892,777.09204,105.0283,747.5729,781.08,-199.5889,606.734,825.1636,13.277303,733.7039,779.4658,-154.7223,608.12616,837.7823,4.828236,694.8922,807.4283,-134.11566,545.06195,833.31366,-10.181805
File16.jpgresized.png,187.49327,464.62512,-114.26749,165.11873,460.4896,-139.3468,163.65715,456.77808,-139.49374,162.04697,452.93488,-139.80975,167.62532,463.04407,-93.872856,167.42763,462.02182,-93.74538,167.30927,460.86462,-93.59695,162.48688,431.4037,-191.62631,170.44301,441.01312,17.962872,199.70004,447.46176,-131.08678,202.66516,452.90253,-71.331924,249.42245,385.36932,-303.34106,258.2741,397.09143,181.44092,422.97754,412.7771,-334.82538,414.75232,402.0113,232.38307,546.3267,493.9977,-181.89722,527.5568,456.95038,39.55767,578.0403,509.46085,-221.28827,552.82526,467.32257,2.6895032,576.4116,517.9668,-212.02032,554.16547,465.54086,-42.51578,565.28485,514.67175,-178.971,546.3004,464.6269,9.768306,512.7824,351.87863,-154.15152,494.07812,356.71582,154.6813,313.75784,481.02823,-192.87695,324.8456,476.1098,121.947556,554.04376,488.92557,55.770775,543.0246,465.53653,299.46884,579.0819,475.87595,79.86559,565.51495,443.68646,307.93652,636.5571,503.77655,113.20127,628.6525,494.0336,284.07178
File18.jpgresized.png,220.30606,252.22006,-90.04888,229.27304,254.17134,-83.52655,230.36127,252.60666,-83.545906,231.39392,251.18515,-83.57381,227.0419,255.20071,-107.61807,227.17517,254.22472,-107.664566,227.10599,253.38036,-107.77699,235.52187,241.62498,-45.9296,230.13089,244.60501,-160.1491,219.15387,242.85669,-75.39705,217.82759,244.04251,-108.53139,231.71814,210.97527,-9.615733,218.63257,216.0058,-186.29291,277.5507,245.12334,-6.7875695,276.91364,245.95926,-241.91441,340.63818,263.28583,-102.65301,348.39313,264.7116,-255.52907,360.5544,266.16943,-110.36156,366.94553,272.21823,-290.26004,361.33252,265.93478,-132.18062,368.95718,265.72305,-272.187,354.40237,267.2873,-117.5577,364.18558,263.18637,-251.04745,103.39612,197.3652,71.574844,90.43253,202.33788,-71.14631,201.4437,246.61084,77.6116,182.97624,252.05148,-99.72261,87.52684,242.87036,168.12413,76.4799,254.62488,37.90323,80.05648,231.41129,173.77814,70.1686,239.37737,51.958405,47.431263,248.64227,223.07954,43.96465,265.28958,112.87326
File19.jpgresized.png,301.48328,371.1869,-116.97994,290.87433,376.0506,-143.99896,291.46783,374.6883,-143.8411,292.12415,373.25134,-143.98703,286.6357,374.30252,-111.89712,284.20636,372.63083,-111.81299,282.0997,370.62106,-112.00555,291.14365,358.83936,-229.56483,277.2051,355.6925,-79.16159,308.2242,358.75513,-145.68207,304.79587,359.1204,-100.97818,324.7748,314.36102,-269.22275,280.4544,294.45197,-37.94517,226.43373,361.9538,-368.39133,198.19328,337.10577,-1.8228546,134.15143,380.2947,-387.3402,115.47858,358.71005,-81.53729,112.58772,394.11093,-442.0019,85.36441,356.08878,-89.893974,105.84823,380.88733,-422.4566,86.606636,365.63818,-126.013756,111.435165,377.50006,-385.93927,97.176,367.61142,-100.53604,515.07086,302.08566,-103.939644,485.97455,289.83566,104.2631,390.88776,393.9594,-128.90384,365.47736,374.55765,178.14827,517.3515,374.91516,36.179188,495.25012,373.04187,299.85614,526.46204,361.79337,55.18238,506.62534,360.92398,310.03195,555.2,377.46817,169.53767,539.5345,396.47488,400.85696
File2.jpgresized.png,353.35257,346.16617,-10.685016,364.6258,337.4698,0.6654756,364.31772,334.99908,0.6976285,363.9838,332.78314,0.6061505,364.13052,337.96692,-32.987995,364.14246,335.55908,-32.946762,363.876,333.16843,-33.01715,357.11398,317.0652,55.93331,356.20056,318.21844,-100.02023,341.17758,339.96442,12.262996,341.27414,338.96906,-32.81617,314.30942,285.9198,111.71849,313.37814,310.80057,-138.8991,390.12314,316.31845,202.75174,391.80423,352.45068,-225.68636,471.25677,330.77258,107.32056,477.70255,351.6074,-176.86635,496.84024,327.41727,116.912186,504.4142,354.3699,-210.26764,498.15903,333.67416,73.14158,506.8043,344.10333,-178.54875,488.55115,338.63647,86.612526,497.6919,345.3647,-165.44533,105.94368,252.01627,97.6124,96.77711,268.33957,-97.379776,228.80998,329.93237,139.9867,221.28987,350.109,-109.01109,89.36082,329.77795,241.726,73.36665,354.09692,24.507904,78.87043,313.9147,244.55801,62.65184,336.10855,35.236675,34.88417,345.06305,300.8207,23.940205,356.97046,91.19747
File20.jpgresized.png,163.14581,260.5373,2.4353187,153.01213,259.16574,-8.978498,152.2652,257.44702,-8.957453,151.53857,255.62563,-9.094238,153.57245,259.79553,13.443682,153.16481,259.03674,13.49248,152.93985,258.05908,13.451674,150.8052,243.10425,-48.465935,152.8946,247.1497,55.380898,167.46497,251.37982,-12.336315,168.34311,253.73871,18.259247,174.67212,219.17384,-76.41156,178.32426,217.70541,86.113884,112.728165,264.39142,-111.05024,122.91851,240.39552,139.36037,60.03139,271.53665,-39.995117,70.460846,250.2172,107.14609,44.82579,277.4755,-51.22193,55.565216,246.4116,118.27303,42.66591,270.11575,-33.984127,52.369236,248.91061,103.13554,48.510597,270.20605,-32.80026,57.65512,251.38956,100.71404,324.66672,201.62396,-64.739784,321.48505,200.84467,64.8856,245.41917,273.2433,-84.37431,241.56685,268.54517,113.43731,348.68646,261.89456,-18.702019,343.14908,265.05536,162.71411,358.28656,251.95618,-10.95594,354.2383,255.05922,164.10774,381.11722,265.86264,56.350155,376.91168,279.14212,209.84396
File21.jpgresized.png,464.2336,574.8392,-12.528547,480.39383,568.12744,7.5039973,480.59677,564.637,7.406201,480.8282,561.4554,7.360481,478.65353,568.638,-40.028835,478.52716,565.50073,-40.052597,477.9624,562.4781,-40.385025,477.57416,543.8281,84.16932,473.5732,543.6855,-135.46503,451.15735,565.10834,17.94092,450.25586,565.3985,-45.841663,437.4072,501.68515,155.69699,431.66516,527.50616,-197.6885,552.04456,554.1312,282.58127,540.7004,582.8159,-332.09854,658.9657,573.1336,161.40637,671.2811,602.70074,-276.9835,693.1786,573.79913,190.25252,709.6724,613.8204,-329.58615,698.0217,579.10223,124.495125,715.28015,604.96924,-274.20645,686.55634,584.9822,132.44092,703.6604,604.8391,-257.05408,170.54227,497.3105,146.21617,158.40242,519.72424,-145.94467,360.81412,556.9657,230.00902,350.17557,597.5119,-173.09291,178.02571,582.8076,385.03168,165.86575,624.3043,12.050076,160.80118,558.8796,386.18573,152.40897,589.66766,25.458755,121.65302,603.089,476.07352,110.19342,647.3074,122.2165
File25.jpgresized.png,151.7676,393.91577,-21.496038,134.97668,386.21744,-25.513733,134.0541,381.70166,-25.685667,132.96097,377.0539,-26.128443,135.54942,395.00696,3.5324388,134.923,397.4859,3.841549,134.44766,399.85068,4.0633554,132.06734,358.72177,-1.1498319,132.89532,390.85733,132.45908,162.66373,379.4216,-12.192685,163.01784,391.7356,25.4439,190.15915,289.70288,-38.633717,206.68988,397.9228,194.57558,299.5927,258.41245,-74.73428,317.0787,375.44473,190.39606,398.83823,250.80353,-139.9348,397.3972,365.14752,93.89733,421.94403,241.41254,-153.58186,416.93512,362.72797,93.08025,423.1638,254.36754,-179.95154,422.52542,367.31323,49.883507,417.03586,260.22644,-145.31325,418.02347,361.629,78.05658,404.87534,279.66702,-60.696136,409.53903,341.38034,61.87773,345.2754,312.17004,-320.91443,334.77768,402.6873,-227.88116,423.29504,348.96582,-411.27634,456.329,393.08337,-437.33102,436.7068,349.32416,-420.16125,482.4217,382.25034,-464.0532,444.08667,387.50232,-514.69586,474.5217,407.75278,-562.0636
File26.jpgresized.png,198.33913,238.43808,-22.096933,189.91547,236.25276,-33.273403,189.95265,234.51328,-33.26245,190.02016,232.68233,-33.402233,188.37587,236.85649,-11.927351,187.31589,236.00574,-11.880543,186.41881,234.9522,-11.903286,192.80191,220.76695,-75.618286,187.91498,224.77837,22.401037,205.78465,230.1656,-38.6355,204.38034,232.74112,-9.717497,222.60788,198.04031,-112.817764,217.6695,200.0148,55.82847,161.23578,236.32016,-170.87167,162.85387,228.60072,98.03754,102.00665,253.05397,-152.40204,116.04733,241.53185,55.952625,86.89783,260.37003,-174.11261,102.02115,239.69188,63.32048,84.21993,255.52202,-156.68065,100.376656,239.99887,45.77292,89.85892,254.76294,-147.46877,105.6653,242.29698,47.346817,351.48932,178.93112,-68.0899,345.92075,178.90198,68.42647,279.09888,238.78873,-67.1171,269.17892,245.88289,114.34483,371.16443,235.51906,1.9644412,361.70026,242.98248,171.91092,379.03296,227.22955,9.613774,370.60828,234.97267,174.8579,398.73544,239.9255,78.25874,391.38788,252.34024,226.07135
File27.jpgresized.png,586.5954,753.9089,-22.3349,604.5484,750.01886,-2.1273499,604.7772,747.1257,-1.9665685,604.94,744.49695,-2.0656102,605.8862,750.93994,-50.766205,607.8069,748.53973,-50.799133,609.37384,746.23,-50.97119,608.7438,723.6596,90.737755,613.9124,725.47394,-137.40482,578.18567,738.323,15.254363,580.7323,738.8169,-50.734882,582.1847,679.46063,155.29161,579.01263,693.3717,-181.88472,678.32196,727.99677,232.93343,681.29205,739.6094,-303.19574,783.45325,751.386,82.86785,807.2855,755.60754,-253.25993,814.3244,753.6892,83.70013,843.65,766.45197,-296.14713,816.67523,756.5902,43.005726,846.9671,756.75183,-257.22443,806.1322,758.85913,56.89908,834.5036,753.09174,-239.51399,334.8125,647.45123,127.7282,315.86044,657.31573,-127.40355,494.2793,733.1535,210.2089,479.257,749.10583,-144.35844,306.02643,734.4342,319.11154,290.76517,748.65106,71.066345,290.4933,721.0668,323.35776,274.52942,726.949,90.74875,246.43187,733.04663,345.9759,243.46945,763.0213,119.16002
File28.jpgresized.png,317.5178,258.21747,-15.055658,331.9474,253.67184,-9.906697,332.91455,251.8754,-9.858053,333.86673,250.19044,-9.875035,330.90814,254.33452,-41.578518,331.65158,252.6853,-41.51928,332.33218,251.11673,-41.45226,334.23376,234.55972,28.64428,332.42062,236.16342,-111.30914,308.7606,249.34857,3.7346885,308.46793,248.48691,-36.56954,272.95627,194.81505,105.865265,273.64517,218.6518,-168.4578,176.11081,214.25748,152.78705,174.23601,241.52039,-159.49538,100.167885,244.56496,113.404236,90.840706,255.6885,-34.40285,81.40203,248.66057,108.70448,70.99353,257.88785,-31.441372,82.550606,248.34201,91.37975,72.139046,261.95804,-25.548134,89.32142,246.403,106.01686,78.453995,261.09528,-27.04125,107.50254,154.18121,87.10612,104.2429,166.3122,-86.58344,199.96033,255.88048,130.23286,205.83656,268.96497,-84.33784,90.86706,239.57233,226.92282,78.520515,258.22974,110.694466,77.310295,228.52063,234.70135,60.177254,248.30067,129.91779,60.696655,261.02386,236.26663,51.15398,278.9917,140.51822
File29.pngresized.png,297.86868,609.382,-118.64647,267.2506,604.52,-140.0852,263.82224,598.1466,-140.31078,260.256,591.68805,-140.66734,273.72208,613.20245,-99.09654,275.3878,615.1837,-98.9593,277.22025,616.90967,-98.89914,264.1937,560.08594,-170.71703,285.54382,591.3695,19.22989,314.24875,578.6023,-126.80946,323.76556,595.5965,-73.27882,407.37732,497.65668,-278.8643,384.4365,505.8928,150.8261,651.1919,593.1349,-306.43054,558.2983,534.8815,224.41501,790.01,671.309,-228.24286,672.20056,562.17566,163.26411,827.1263,684.81396,-282.69553,707.577,564.5958,160.92003,812.9015,689.85474,-273.86252,702.9637,564.6616,114.03307,801.83057,684.3443,-225.46828,694.36176,562.2529,143.71544,746.48425,402.83105,-145.6173,714.26373,411.66562,146.2794,481.6798,613.3902,-220.42606,469.05798,596.3071,92.697945,754.98065,567.94476,17.558893,738.7913,564.92737,251.08873,789.09436,534.1948,40.30105,772.76764,534.05475,258.51624,833.43933,614.8028,117.99155,828.44336,630.8716,297.989
File31.jpgresized.png,278.69614,264.43936,-144.35172,285.33755,262.05698,-149.58984,286.1202,259.74222,-149.50526,286.82175,257.57507,-149.38647,281.71045,265.9549,-171.51361,280.5558,266.28317,-171.55023,279.18845,266.65765,-171.85628,280.31778,248.53622,-140.87076,270.537,260.84314,-245.72633,271.77783,258.3617,-135.81747,269.03326,262.39734,-166.02983,275.868,216.9926,-81.41616,235.58003,254.14551,-281.0432,338.05374,239.23279,-71.0144,294.51373,298.7014,-378.6719,408.86942,253.24959,-158.69356,376.15494,306.5395,-465.13992,428.96854,255.54756,-169.5088,394.53595,316.27942,-513.3688,426.87253,257.26996,-194.76414,395.71326,300.11426,-510.9792,417.00262,260.19415,-172.92877,391.28592,294.70877,-468.3366,153.51009,181.18556,78.418526,125.84289,197.59592,-77.891716,192.4495,250.851,134.98625,165.71799,280.20383,-83.28328,125.90343,226.72868,313.7938,108.48884,248.66116,121.90261,116.9626,218.90459,330.6127,106.824875,235.52802,144.50519,109.16937,233.4577,388.83887,85.60469,251.8143,206.9957
File32.jpgresized.png,271.04733,474.62646,-17.69459,256.55652,473.59955,-37.305508,255.98402,471.41815,-37.167095,255.45891,469.05695,-37.41621,256.44797,474.18027,-7.253499,255.64783,473.14273,-7.259987,255.16873,471.7442,-7.359167,255.84082,453.20938,-98.77356,255.52946,457.8122,42.750416,278.69403,462.78934,-37.089607,278.85352,465.24445,4.5541153,288.0878,419.81903,-131.91318,287.9897,409.48053,102.40643,180.62302,471.34668,-223.13666,189.81824,441.36456,172.68547,93.11779,483.05884,-178.67117,97.195435,443.30237,91.29722,69.62616,494.87354,-208.25601,68.73024,434.2248,99.51153,64.18629,480.83392,-182.70062,63.767014,441.6541,67.99023,73.96931,477.32468,-169.36392,75.10651,446.92612,76.16144,520.4475,368.7897,-91.57286,512.56885,360.55112,91.65314,416.03265,463.5112,-88.297966,403.56326,451.4789,174.87479,566.00085,449.9396,27.31718,551.3059,447.06924,267.79156,581.1858,436.0683,38.56805,568.1148,434.51227,273.65085,606.8475,459.03915,114.23385,596.2994,467.77298,342.5673
File35.jpgresized.png,197.04544,246.02573,-113.336426,207.00053,247.18863,-113.87491,209.41779,245.30202,-113.90844,211.74933,243.59392,-113.809814,201.34839,248.68265,-140.03206,200.4356,247.93002,-140.08089,199.27321,247.24666,-140.22429,216.35243,232.07388,-103.76561,200.67581,236.50635,-225.87192,197.68382,235.94916,-106.23027,192.48337,238.26419,-141.4785,230.27672,192.17564,-69.01853,179.04564,206.14072,-259.78995,269.13306,243.66513,-73.15029,224.14124,264.7553,-347.38693,317.4825,271.36826,-170.70819,305.78903,280.85965,-401.37326,334.40143,279.26718,-181.08443,325.62305,293.50348,-442.009,334.05237,274.90204,-206.0231,327.4699,276.9969,-431.8968,325.6195,276.03986,-185.01268,324.0643,271.6779,-400.01733,88.75982,155.69928,81.756584,55.322296,163.98146,-81.14535,162.36046,255.13818,107.23462,126.934074,260.9683,-101.89812,71.4103,219.321,258.58072,47.947018,230.67322,80.30955,64.526924,203.96628,270.6104,45.974678,210.96913,100.31082,42.481354,225.98592,348.01086,21.169971,237.24748,188.75502
File36.jpgresized.png,532.96576,540.7882,-18.477694,553.94104,529.0395,-7.688922,554.8512,525.67957,-7.5909643,555.79596,522.4996,-7.620513,553.13934,530.62915,-55.580227,554.1685,527.83105,-55.519615,555.1269,525.1963,-55.30533,553.8435,492.14865,55.647163,552.4765,496.13943,-154.17122,517.6922,523.3303,10.331191,518.0444,522.8408,-50.369633,464.98907,436.97495,142.7057,453.6199,463.86182,-231.16583,314.21326,464.63297,184.85388,288.68854,488.1886,-243.65262,180.42906,507.84668,138.55649,161.91628,519.5845,-146.3952,151.34427,515.76355,126.90231,131.89377,527.09326,-169.6548,149.28464,511.51138,99.0234,135.5775,530.5282,-157.62965,158.12773,507.97366,125.620575,144.54915,526.4251,-137.63,206.27046,402.24863,105.10979,199.19109,412.32797,-104.42189,400.45,506.2621,115.28728,423.27994,524.39764,-105.31913,203.54218,496.76767,274.93063,198.8488,487.04214,133.35896,182.92758,488.02878,288.20673,166.66212,469.77945,154.20021,145.95526,516.0573,314.87012,151.50221,512.3823,192.1098
File37.jpgresized.png,490.3861,491.48706,-4.6162505,501.93195,493.30743,9.114285,503.0523,490.08557,9.006775,504.12842,487.18094,8.757742,500.77618,495.6366,-35.451015,502.13425,494.435,-35.19006,503.08057,493.2321,-35.34347,509.7278,475.61807,70.01928,509.79785,481.89304,-138.94254,487.15692,480.33862,21.393929,487.9037,483.07016,-39.013786,507.3736,414.52524,129.88715,500.329,462.1389,-183.60522,588.2131,450.00558,267.79788,594.7668,505.43527,-271.2183,676.4621,465.10803,176.76141,702.89105,527.4197,-188.87047,699.4915,464.48886,198.84933,730.62476,535.66986,-223.29308,706.4259,466.31454,148.01022,736.93195,530.5892,-177.62024,697.2893,472.1104,157.02199,727.6781,531.0015,-169.13957,243.87946,368.64832,145.75894,237.1234,398.10156,-145.35962,394.6095,462.62045,223.8688,388.47485,497.62988,-139.54993,236.48198,472.5481,407.37613,221.28201,504.68936,63.392918,225.868,458.1208,416.68945,211.9874,479.93585,80.20101,179.31975,486.6303,515.04,164.1579,516.7205,178.52393
File38.jpgresized.png,821.767,1035.2947,-463.8043,848.0649,1033.6708,-471.9767,853.8398,1026.099,-472.22122,859.58575,1019.0193,-471.92627,828.2003,1043.0248,-546.6654,822.5384,1041.9457,-546.882,815.97595,1041.1873,-547.35913,858.11127,990.0769,-473.0042,802.38745,1013.6832,-836.2402,812.7243,1009.77057,-454.2427,796.08295,1021.27277,-560.116,888.8618,892.5432,-442.68164,698.0714,943.15594,-994.02637,1087.2653,1011.9371,-582.93567,816.23804,1082.0519,-1386.3611,1296.3846,1064.9373,-967.962,1016.30365,1087.8934,-1752.3745,1374.0146,1088.1735,-996.23364,1071.796,1114.0844,-1925.6952,1364.481,1077.3027,-1119.5157,1062.3782,1075.1506,-1896.1189,1326.223,1084.744,-1029.076,1051.9468,1069.0873,-1755.853,459.58075,826.15375,256.84277,343.22144,870.008,-255.49884,727.60895,1066.3491,349.962,601.2232,1156.2794,-371.9766,415.42853,1034.0983,802.2949,319.11804,1108.2896,134.28888,407.2858,991.1424,831.6481,320.8559,1046.766,186.58806,274.03424,1058.5696,1097.5928,202.8082,1106.1682,484.40994
File39.jpgresized.png,366.1035,326.29337,35.11092,382.43433,325.129,39.615223,383.2822,323.8674,39.66953,384.13422,322.71405,39.593987,383.21124,324.72726,13.818937,385.11084,322.76343,13.841287,386.9781,320.8933,13.9644165,388.08896,306.7532,65.6737,392.0065,304.66043,-47.40379,357.64606,315.53403,48.782005,359.65485,313.44617,15.930045,330.42682,253.79794,124.708626,335.52768,283.3986,-112.3622,218.49821,283.6133,149.07986,217.0217,322.8099,-127.99963,118.73108,317.25775,130.94386,113.12431,341.227,-28.929651,95.42247,323.3118,135.47604,88.72723,345.14044,-33.251575,94.25712,318.53983,120.66572,87.73165,348.59937,-15.839438,103.40613,315.98016,126.50523,95.098,345.8358,-17.892376,136.99963,219.48886,66.16209,134.40842,233.6681,-65.797806,245.73947,331.79697,124.88199,249.5977,342.06104,-54.964996,112.81338,316.36978,168.13716,103.38312,329.62292,85.86487,100.139984,309.31094,172.00908,84.34577,319.81854,99.99829,75.46417,325.70724,179.15956,67.446266,349.66086,125.796135
File4.jpgresized.png,1781.1493,2130.1868,-429.44708,1718.6283,2151.1685,-581.2527,1717.5292,2145.2627,-580.4284,1716.594,2138.772,-581.4559,1711.2572,2140.3745,-407.89844,1704.7734,2131.0833,-407.80432,1700.0621,2119.7915,-409.17758,1708.9906,2059.8765,-1008.59546,1686.3405,2043.5143,-192.36787,1807.0708,2069.1055,-561.2954,1805.7008,2066.4731,-320.82016,1860.8529,1837.3467,-1221.7354,1712.8257,1739.4319,111.585365,1293.063,2084.2615,-1803.5696,1262.8516,1952.4652,341.49747,839.14197,2192.4314,-1805.9275,828.67725,2003.079,-233.08446,725.36005,2272.5752,-2076.5605,679.64764,1976.2355,-270.79205,692.4068,2193.961,-1955.814,670.9781,2028.1981,-487.55286,728.14886,2170.0586,-1780.8494,724.8365,2045.368,-339.33954,2927.2727,1691.8866,-562.61206,2800.1162,1629.8958,562.9655,2250.9468,2153.715,-675.97266,2167.8906,2078.618,935.93713,2884.8442,2089.7527,327.77728,2809.9573,2067.9565,1640.5944,2940.1196,2026.7113,432.97495,2874.3828,2017.0371,1700.938,3031.3928,2114.3496,982.06415,2990.9265,2168.7214,2141.198
File40.jpgresized.png,241.98135,361.04553,-13.255807,234.50014,361.1226,-25.08825,234.39458,360.36252,-25.033392,234.30943,359.51303,-25.10871,233.65509,360.54675,-6.110406,232.96054,359.71555,-6.09252,232.39742,358.67264,-6.189151,234.96346,353.8179,-61.277668,232.95787,353.10764,26.049932,246.18976,357.4673,-25.179434,245.5365,358.24963,0.34923416,251.91385,346.00385,-96.74826,249.5579,331.24094,76.185524,210.00531,370.42642,-147.10059,213.474,354.4045,130.89478,161.79865,375.48434,-111.9816,175.76428,363.25537,94.66989,149.23737,381.28085,-129.32664,163.65071,362.63647,103.9009,146.68355,375.70865,-116.42303,162.33148,364.94388,84.13813,152.43927,373.73044,-106.22359,166.78285,366.88785,86.28598,357.17212,319.76196,-67.438835,352.01785,308.52386,67.5337,302.88486,368.80994,-69.06903,287.43808,367.297,123.389534,374.2731,354.04623,30.139872,361.5996,348.56763,198.2524,380.22675,346.5868,40.708813,369.22458,340.2042,203.74287,395.59467,356.13504,91.365845,383.79855,354.39502,245.78282
File43.jpgresized.png,449.87592,509.59506,9.023109,464.32944,505.91693,24.418621,464.20474,504.6658,24.483126,464.0635,503.60394,24.388227,465.03485,503.53165,-10.844534,465.8731,500.4137,-10.763205,466.4566,497.3556,-10.927325,461.27588,488.42468,93.27751,463.8338,479.80746,-71.24136,437.7033,501.14838,35.960667,439.04657,497.20984,-10.637386,410.45886,456.8079,148.56723,419.33087,448.644,-122.388374,452.93207,498.52872,255.44485,474.00027,506.48004,-189.44833,518.9343,522.0635,239.50908,533.31366,512.6992,-81.9274,537.606,526.977,252.67784,548.05786,519.237,-97.94829,539.13165,526.89136,221.94409,549.0287,512.57275,-79.895874,532.2344,526.6678,225.36319,542.57776,512.0328,-73.844215,191.9632,420.8114,109.53912,184.82504,424.08453,-109.39435,326.12143,495.03827,165.82845,343.80106,515.8684,-114.65981,168.33394,500.8199,262.3628,163.64178,522.27905,35.190903,151.07755,482.94745,264.78842,144.6261,500.24194,48.83064,111.351036,521.07776,293.707,104.89825,547.2787,103.38662
File44.jpgresized.png,374.58386,301.78156,11.899945,382.60745,303.1377,19.626633,383.17963,301.84372,19.674883,383.7295,300.6912,19.568008,382.46014,303.37946,-4.1545506,383.48065,302.26843,-4.1034784,384.32306,301.1009,-4.1496644,386.6872,292.93304,55.43685,388.03754,292.81573,-56.030518,371.39673,294.77228,27.440498,372.14673,295.10257,-4.812523,375.65863,259.11517,103.61266,376.56567,272.05942,-92.70218,417.28442,287.59427,198.51616,419.6031,312.0962,-159.4241,455.28745,301.34354,165.71013,469.7496,324.9142,-97.03775,467.26752,300.71927,175.08153,486.97287,329.26282,-110.939476,470.32263,300.83606,150.21835,490.0066,324.12067,-88.65546,464.95456,303.09988,154.91002,483.0453,323.52362,-86.76623,238.12477,224.6492,75.920364,234.01973,231.29213,-75.88344,276.28867,301.7377,125.80839,277.60785,311.7545,-74.98452,196.24069,298.38766,207.44785,190.11002,302.05304,28.608511,189.16904,289.44662,213.25757,185.03705,289.4541,40.39947,166.94768,306.7084,237.28763,155.27591,309.10403,77.18498
File46.jpgresized.png,347.25314,422.3387,54.972496,330.87137,422.83603,30.931932,329.99957,420.7212,31.03462,329.13,418.42493,30.854597,330.33728,421.94962,65.93426,329.0798,419.87103,65.97783,328.1706,417.39313,65.866646,328.19077,400.06088,-54.39638,327.90735,401.43805,110.08987,355.79617,409.9846,26.390404,355.87155,410.87158,74.666695,366.8575,363.72424,-119.0626,362.8692,351.38867,172.13994,264.26874,428.7629,-219.50874,278.3148,408.11868,256.33728,153.33739,438.18234,-159.71483,182.87138,414.02832,176.65855,122.948326,444.2554,-188.34871,155.83572,405.31107,189.21211,118.72665,431.63712,-165.2757,149.76566,406.4795,151.38168,131.6901,431.3645,-151.42708,161.33151,411.886,159.43161,634.0432,312.14578,-114.33371,624.15265,299.4593,114.556625,462.98438,423.33606,-133.88791,450.0232,417.93646,195.06792,635.6751,427.6493,39.956665,617.455,415.07037,316.79523,655.67017,416.7593,55.779938,638.38165,402.46927,324.76117,667.3323,443.07843,163.97446,654.7127,437.73416,419.98932
File47.jpgresized.png,590.0576,607.1004,22.14013,606.9071,598.4055,38.489437,605.5969,595.1856,38.41871,604.30835,592.16455,38.332253,607.61383,600.2202,-17.219692,607.8938,597.73694,-17.007114,607.86664,595.34827,-16.80329,589.8304,569.9613,124.54507,594.41785,574.8744,-134.07611,568.29236,597.73975,57.445,570.4673,596.5055,-15.6402855,512.224,510.6029,263.09164,497.86896,559.3269,-248.87617,589.75745,571.21735,409.32028,479.3234,648.1747,-265.44327,696.6644,631.6988,389.32214,547.0853,646.1922,21.236603,728.11633,644.68097,392.7379,565.8229,658.74384,9.563905,730.7632,646.15247,366.80368,574.71277,641.85034,16.206131,718.29517,646.4397,369.3194,567.91815,637.6523,28.144611,178.073,504.1936,189.76291,174.16206,536.326,-189.73347,407.1239,576.60394,227.1792,450.33197,607.00903,-242.24094,164.62993,616.1543,399.22055,163.0878,645.1368,-30.318523,138.83989,599.6691,410.58835,130.44913,630.68774,-4.066538,65.233604,669.46497,470.71942,59.865807,680.1556,90.57145
File48.jpgresized.png,382.37173,485.70438,-38.672825,365.46542,486.13675,-60.709877,364.57126,483.28268,-60.656395,363.7072,480.27582,-60.88582,365.35828,488.35626,-23.828547,364.29898,487.80936,-23.815102,363.57727,486.83084,-24.021667,361.1316,463.48984,-129.94649,361.18497,473.68393,45.178352,388.3026,471.8956,-61.936142,388.7865,476.97217,-10.583984,391.71835,428.10468,-186.47205,385.84558,422.0606,124.52461,287.86865,485.28864,-301.83267,303.8307,474.70096,196.51476,198.72215,501.49658,-271.60648,217.74945,483.8706,79.72282,175.1034,513.16266,-316.52502,191.68513,479.58145,87.720024,170.03365,500.6604,-284.081,187.0795,482.97913,46.127632,180.07341,498.16656,-261.0691,196.87494,486.23013,59.919846,623.05597,411.5704,-120.031555,612.07526,402.11508,120.26133,465.74353,499.7638,-140.9123,454.9584,499.35126,191.6781,620.1543,495.43768,29.241156,607.3078,497.05173,302.69754,633.44586,484.28116,46.15182,621.006,486.05157,309.67322,664.8646,495.75455,151.19803,655.3066,509.86548,388.47327
File49.jpgresized.png,655.326,865.32574,-62.533657,628.4036,856.49695,-103.28417,630.2052,851.00446,-103.160164,632.2028,845.21075,-103.592674,619.8402,857.34845,-33.51676,615.30005,853.8356,-33.147095,611.4554,849.6839,-33.146534,646.07495,808.6386,-257.2545,618.12933,818.12134,64.99407,685.8835,842.61426,-122.29746,676.3824,849.48584,-27.30482,769.48065,755.15955,-409.90768,723.6546,744.8888,192.73988,595.8873,892.5972,-569.2002,532.77435,864.578,292.4976,382.95712,955.2966,-478.22922,331.6313,941.8181,146.19688,321.12384,981.0881,-565.7571,264.14847,938.62213,165.3104,307.64996,957.32825,-499.70654,261.2125,941.0488,86.77725,329.32855,955.1943,-460.83267,285.6423,945.46783,104.72727,1237.2845,762.59625,-229.38284,1202.0902,748.39905,230.83879,940.7445,952.69666,-292.1253,897.42615,921.48474,372.4954,1279.5326,945.12225,-1.0470748,1235.7906,943.26495,556.9319,1314.4791,914.3933,30.839005,1274.4941,916.6358,565.79724,1372.043,972.41846,257.57208,1335.1143,993.96515,724.0714
File50.jpgresized.png,195.00156,456.0637,-8.955107,175.54755,453.03735,-33.532974,173.43138,449.64697,-33.589756,171.2316,446.16455,-33.71183,177.8942,455.97607,15.122742,177.51111,454.9944,15.136381,177.18994,453.85132,15.160518,164.85504,424.0219,-102.63378,172.1238,434.6472,120.408745,201.20924,439.22214,-33.183235,204.69998,443.46402,31.04122,228.90428,384.32248,-211.13907,232.67,385.98575,229.19038,361.4653,411.785,-241.07912,353.98932,395.14114,273.46887,462.93378,456.219,-127.09092,449.05182,426.9676,130.80725,485.2176,460.54694,-168.7201,471.758,432.7561,106.9654,484.4609,469.55225,-160.25499,470.14377,429.5976,70.91329,477.05856,469.622,-123.50375,462.2713,428.46835,109.152145,440.9773,358.5595,-149.21477,434.6314,360.91122,149.55888,279.43445,457.73724,-191.81918,295.27057,460.59277,155.76926,462.83463,451.77606,-9.995443,456.0446,458.84933,281.0361,480.07034,431.4258,11.360487,473.69226,439.29385,284.56335,532.1615,470.87402,82.579414,521.2247,493.9364,291.0868
File51.jpgresized.png,402.62378,550.8686,-6.406576,380.12088,550.5753,-43.107334,379.4921,547.56714,-42.89812,378.92078,544.3274,-43.18212,378.95175,549.7384,6.0660267,377.45477,547.6013,6.0066543,376.38287,544.93524,5.7842946,380.01672,523.0877,-165.25542,377.33182,525.17,63.588276,414.7228,535.99097,-45.67204,414.02744,538.53973,21.378511,427.92322,485.20062,-243.35838,422.4798,457.2941,164.51837,281.64203,554.28156,-388.74048,303.7341,513.4896,294.9406,134.20685,580.3495,-341.33487,187.24307,518.2578,199.64157,95.54559,598.6439,-389.2553,151.85905,510.943,219.73044,89.46696,581.25256,-354.71414,147.16664,518.9181,172.1431,106.60805,574.8629,-329.45328,161.11504,524.8056,178.78711,748.611,439.65866,-154.96573,740.2416,417.44086,155.358,579.2048,556.64886,-148.58261,557.48285,541.5432,281.22885,788.31525,542.9155,29.807215,761.96515,530.2204,424.43427,808.3853,525.3525,46.934433,785.5323,510.59207,432.8528,850.07196,553.0445,186.58191,820.7233,563.75574,556.2977
File52.jpgresized.png,271.4929,251.0891,39.577034,283.2028,246.6027,45.99976,284.1747,244.56,45.99392,285.15872,242.59444,45.921432,282.31744,247.96727,17.835932,282.98904,246.69064,17.865004,283.63156,245.52786,17.98888,287.36377,226.7082,70.70448,285.12738,230.88564,-53.311577,266.07962,240.63254,51.456802,265.75577,241.27814,15.438982,245.48363,191.47086,111.013596,243.74835,211.71169,-114.180084,166.92041,214.52538,128.25548,153.29977,233.88515,-132.81256,106.8262,241.33368,89.18321,89.37019,255.85643,-90.629135,92.09312,247.34268,86.2998,73.09215,261.582,-102.41397,89.91493,245.99493,70.404594,73.82581,262.0435,-95.45108,95.13495,244.04678,80.81016,79.41831,259.37808,-85.64668,106.124435,186.80205,63.770306,105.23406,195.89043,-63.425034,219.78416,242.236,72.59793,232.7922,240.57545,-56.71305,111.13389,242.1345,159.86617,107.177444,243.86362,74.75645,100.5649,237.0251,166.84738,88.30124,237.14644,87.183365,79.2387,255.32437,174.56876,82.32836,260.90573,103.23593
File54.jpgresized.png,282.77878,327.3921,-51.65406,276.42398,334.63046,-89.122375,278.1394,334.205,-88.90766,279.86993,333.66168,-89.05634,269.20416,331.02585,-60.419086,265.94305,328.82217,-60.386856,262.85934,326.16138,-60.593605,284.7064,322.9439,-202.99248,262.51038,312.9736,-71.605934,293.3445,318.12097,-85.51277,286.9225,316.2439,-46.789978,323.04346,299.9988,-260.96024,254.80559,238.51662,-9.4215355,222.46423,397.9557,-365.75616,179.77023,298.30896,88.42892,112.16422,457.92578,-402.4386,97.545685,330.7133,54.904545,92.34023,483.66257,-464.41983,69.02239,333.07962,57.158447,77.711395,465.08105,-448.64203,73.318115,344.1706,5.4214487,84.76746,454.2891,-400.38126,85.51676,347.67157,35.24237,520.52344,179.58481,-107.11699,476.60815,144.59674,107.30044,427.50327,334.3157,-98.72288,385.3636,283.01556,228.87938,537.0568,298.7352,155.14783,495.6983,253.03358,439.81253,547.78,287.21295,181.4666,508.73566,245.72937,458.86563,544.2608,301.9103,291.23816,515.6295,264.5448,552.06024
File56.jpgresized.png,329.44843,373.81903,-5.5766635,342.46097,374.6908,1.3263131,342.30923,373.1661,1.4185009,342.1069,371.91968,1.3205383,344.36243,373.4939,-26.396723,346.27557,371.16052,-26.340809,347.88245,368.8768,-26.4528,345.62955,358.04565,53.660416,352.763,353.44675,-80.00524,322.72534,362.54953,17.613249,325.8775,361.4561,-21.279264,334.29544,314.38962,93.31252,333.59192,328.0484,-90.70192,421.9067,359.20215,160.3496,419.24362,384.25082,-160.43121,498.1395,376.1815,87.029236,518.1017,385.45532,-111.326675,519.02,377.37537,96.57052,546.24036,393.47803,-135.51462,521.0137,378.52362,64.6539,549.7508,387.6928,-102.97566,514.7374,381.19733,71.476974,539.84503,386.79193,-98.90474,113.817444,281.68903,79.472916,97.69887,290.26346,-79.27125,246.96504,373.22092,142.18663,220.80081,386.6756,-80.4986,89.54204,361.1581,202.51508,70.98446,389.82227,33.957047,76.93875,339.76544,199.17857,63.227745,364.48782,43.3225,39.605972,371.20575,239.82042,25.141468,406.83377,96.40164
File57.jpgresized.png,152.93985,168.99638,-26.655605,159.9025,168.38026,-20.062647,160.211,166.975,-20.075953,160.4982,165.67499,-20.115108,159.42693,169.23003,-40.34079,159.83809,168.3299,-40.362556,160.09737,167.48729,-40.43465,162.51646,158.1148,11.71455,161.80075,160.25005,-84.02582,150.54582,162.81377,-13.70405,150.72552,163.53584,-41.589504,157.48196,138.57556,37.835827,151.45114,147.43439,-98.186134,200.8388,157.4196,79.0421,196.77254,165.77473,-149.05577,245.5322,166.62694,18.733084,249.24388,171.52084,-140.5518,259.18375,166.97441,19.605574,264.02594,174.45537,-162.68384,260.4756,167.94766,-2.7946136,265.16544,171.10635,-143.44568,255.55602,169.21745,6.8806276,260.85876,171.3114,-133.80638,55.16216,131.27187,55.61615,49.338932,137.78917,-55.35563,122.688675,168.69296,65.668686,120.88036,170.6961,-73.360634,41.605694,167.36037,134.84479,37.90878,177.82835,11.523686,38.23798,157.58302,137.17091,34.358303,167.44836,18.254045,6.9064736,172.1383,166.80516,7.0438185,181.18985,52.33347
File58.jpgresized.png,329.42474,496.64935,-8.432986,314.79758,499.41284,-34.303425,314.8722,497.76462,-34.11551,314.9961,495.92145,-34.348083,312.4331,498.47836,-2.8482406,310.65512,496.84897,-2.8490188,309.21423,494.76654,-2.9448276,315.23578,480.95883,-119.93023,307.71616,479.81738,26.963896,338.23386,484.52243,-35.67106,335.96783,485.2363,7.4946346,354.1222,443.11844,-160.49446,334.84558,412.9966,82.29053,237.11081,503.92538,-248.38911,235.54774,451.61417,158.90782,126.3295,526.151,-208.37796,135.16777,460.32977,77.31973,97.58677,544.48676,-247.26546,102.41904,454.42905,82.493484,90.28374,527.1151,-227.16211,98.87378,464.72784,45.520386,101.919785,520.4487,-202.4557,111.98446,468.9838,60.453148,610.50037,380.7313,-97.94719,592.33105,360.0138,98.24804,483.95825,487.95892,-97.978546,460.34875,459.568,188.95605,644.96136,479.6194,56.005524,625.8712,462.2013,293.88742,664.3181,466.70596,70.12739,648.084,451.3257,300.40942,674.4118,494.11298,162.83015,661.2602,489.17792,386.18008
File59.jpgresized.png,795.22064,490.29742,-405.8857,824.30133,498.6601,-363.19946,822.98206,505.89618,-363.02228,821.7253,513.3115,-363.0817,828.656,474.8918,-399.22525,831.16266,463.58698,-399.2848,833.52606,452.594,-399.31183,809.07544,496.336,-133.98096,824.4544,423.34702,-295.14542,763.10254,491.0968,-313.39703,769.8839,457.31442,-360.16785,684.7086,391.18262,125.86416,657.87366,420.5744,-383.73868,451.27304,413.75732,213.22984,388.69397,476.88004,-417.7934,269.88852,500.14334,207.0622,191.04715,552.2381,-284.8264,223.06787,525.4862,220.15224,126.00528,565.1606,-327.33084,219.91457,523.12823,162.7632,139.13152,580.3415,-310.69083,225.7359,513.7583,183.92368,156.51575,567.6366,-271.78644,315.36545,331.13275,144.7065,286.6311,351.6838,-143.8495,597.34296,464.30725,220.70306,609.06635,538.09534,-156.22786,330.6533,497.9284,536.07605,322.78125,498.79535,239.27727,283.91904,491.33188,564.6312,271.66687,471.93292,276.89267,289.23993,547.3948,632.6653,289.62677,554.2162,359.51688
File6.jpgresized.png,435.73395,256.22226,-20.494781,448.39746,261.75815,-14.2490015,450.4505,261.2433,-14.280911,452.55353,260.817,-14.298962,446.01047,259.57266,-46.161472,447.102,257.3809,-46.175327,448.17188,255.26608,-46.200455,462.3681,250.99373,14.643221,458.06027,242.98466,-128.00624,435.5509,246.44456,-5.717057,434.69583,243.78937,-46.92092,442.85364,205.56969,91.85465,434.1658,208.01723,-193.39932,342.08438,233.02487,153.28566,332.64365,231.79214,-180.93486,273.77505,267.92386,170.71497,256.34,269.82278,-81.653145,258.51392,278.0931,178.1675,232.29819,275.9728,-81.77151,255.54874,279.76797,160.85622,238.54196,282.61273,-78.288666,260.0069,274.94492,163.17876,246.92862,279.90244,-74.34482,296.21976,192.88176,90.07921,288.27872,193.07983,-89.586006,413.44064,262.75247,109.70124,426.89517,266.73804,-90.82181,309.13916,275.23453,230.06616,301.20627,265.4298,97.23683,296.6127,270.90295,238.85683,282.49637,256.07437,115.06215,278.6775,292.46588,242.19516,272.88892,289.49023,146.32178
File60.jpgresized.png,478.6522,557.10754,-60.8161,465.787,566.6306,-104.95976,467.06958,566.10016,-104.70738,468.4077,565.4709,-104.90652,458.68933,561.25977,-74.498535,454.93707,557.9301,-74.33316,451.5254,554.11,-74.50415,471.03308,548.49255,-229.37155,448.05917,535.8108,-88.90627,489.83652,543.47595,-97.46791,483.73352,540.1406,-55.99838,514.42426,512.72253,-278.01666,442.83963,436.66,-23.04645,386.70938,602.9248,-414.8519,345.53546,521.92865,50.411774,241.29327,649.2835,-457.63586,227.49457,574.27673,-16.479763,210.23859,672.12256,-527.41077,185.13818,578.55664,-24.975443,196.33813,652.66254,-512.4849,186.93842,590.8403,-77.849976,208.17334,643.6903,-459.33524,206.34686,592.7641,-39.508987,780.66077,405.74377,-110.81508,735.73376,363.44177,111.49041,603.09283,541.21875,-145.02568,554.9853,501.11224,225.92552,777.05725,457.19046,124.19034,743.00446,457.34714,435.86185,792.52606,431.63754,152.51399,763.5671,438.55994,453.95175,813.8283,455.8589,297.15515,787.0964,474.22586,580.3829
File61.jpgresized.png,205.14319,520.0111,-82.08676,180.06392,518.5833,-116.30365,178.30501,515.304,-116.39247,176.45879,511.90253,-116.524185,181.30653,519.58246,-67.79076,180.45328,517.6475,-67.60195,179.73085,515.41675,-67.4688,172.53355,489.50995,-202.52228,177.54207,492.8294,22.899242,216.94644,502.02222,-107.36402,219.53383,504.95654,-42.657013,274.94434,471.33044,-297.35507,245.0005,396.67178,168.97057,473.7108,494.22845,-320.92236,417.90372,397.82712,288.58636,629.5062,543.6749,-166.07133,546.043,461.74655,319.20517,664.4428,550.3422,-198.34079,572.67834,472.33707,329.3218,664.27625,555.2518,-181.59943,578.0401,476.03564,291.21283,652.96594,552.9681,-157.64908,572.4484,476.95786,300.00244,595.4115,414.46823,-152.84872,565.95734,375.90646,153.26672,369.5071,552.27716,-130.39178,371.40378,510.61884,184.18144,623.7495,507.1886,79.585556,613.1138,508.32068,321.13785,649.556,483.17615,100.29475,642.6312,481.8655,325.54285,710.41693,522.32166,230.73752,687.7698,554.3586,383.32382
File62.pngresized.png,691.70764,571.1481,-12.522041,716.3205,559.4087,-1.8878864,716.7864,554.8542,-1.7029808,717.3132,550.54254,-1.7456634,716.711,561.71796,-61.350998,718.41974,558.1742,-61.26447,720.0399,554.82227,-60.88854,710.6901,510.14236,72.66799,714.19354,515.7144,-190.45332,666.3907,545.35046,22.076092,668.9555,545.6681,-53.988056,587.47974,411.33548,196.08485,570.1592,475.37906,-293.88953,384.58517,464.07993,258.43088,357.25735,558.65955,-304.2011,211.67365,531.5106,210.24261,183.99132,601.2269,-139.13683,175.39964,543.3548,203.81221,144.67476,609.4778,-160.75829,170.61009,539.1219,172.29237,148.65198,611.2739,-141.572,181.49402,535.69775,196.88007,160.23398,603.40466,-126.18007,197.87125,390.31473,151.25993,182.76938,412.55862,-150.35762,442.9396,563.8614,215.12329,444.89514,567.7581,-168.41927,180.2055,548.90247,386.67514,165.94539,547.77765,175.62756,150.90147,530.7596,400.8821,121.43574,524.37396,207.87257,108.7295,581.7245,428.20932,116.31539,597.4518,255.41591
File64.jpgresized.png,957.6592,1126.5288,-252.33267,929.4275,1138.1578,-318.44983,929.72577,1134.322,-317.78244,930.07697,1130.1443,-318.3096,924.4652,1136.0568,-240.84383,920.9164,1133.1611,-240.9116,918.29834,1129.2106,-241.81863,931.35474,1090.9374,-497.87845,914.5654,1092.3494,-128.82985,974.5728,1092.6438,-306.51102,972.11523,1095.8577,-197.9712,1017.17084,973.21606,-592.7578,928.64056,935.5765,-6.24255,701.1518,1121.2572,-907.5998,682.43475,1055.3389,83.112465,440.43723,1197.1833,-994.4801,405.9107,1083.907,-202.46545,383.07074,1242.2623,-1150.7782,317.99738,1070.966,-234.72151,361.587,1202.17,-1100.5719,312.61038,1100.7871,-352.01706,379.9866,1187.2192,-991.39325,345.75287,1108.4457,-260.37057,1593.554,877.5815,-259.74222,1520.9208,855.2142,260.20554,1249.739,1143.9126,-342.2601,1187.4852,1094.162,439.98,1576.4269,1113.9492,174.13364,1527.8079,1076.5375,817.4937,1608.3479,1079.8347,228.85783,1562.9125,1053.1868,850.1318,1645.1637,1132.4153,489.44006,1626.2303,1115.1664,1068.7429
File66.jpgresized.png,364.9646,305.5438,6.4596825,376.44867,301.59753,9.640397,377.11365,299.9151,9.6861725,377.70624,298.36597,9.532101,375.26392,302.0805,-14.073389,375.37094,301.2491,-13.963548,375.28998,300.41675,-14.192138,372.4963,287.60727,32.43836,369.58002,290.77557,-70.47661,353.7403,299.8683,17.094204,352.7678,300.01743,-11.697269,320.86505,249.16975,82.51538,319.41602,279.39966,-141.75388,373.80823,265.9178,198.88736,353.61108,302.73178,-198.37547,401.86462,288.83075,299.1706,391.27502,278.8413,-101.00106,406.7688,289.59735,310.34805,400.65613,276.2192,-102.60541,404.47922,291.22012,296.6438,398.89404,269.1995,-105.07753,400.32373,293.47696,294.87454,392.67145,267.4815,-98.40367,106.12092,205.73602,74.384094,94.951996,219.85748,-74.06832,198.21541,304.57306,178.73264,179.00378,350.01694,-50.090202,77.399506,274.40823,251.01517,67.09631,303.75272,217.51962,59.486202,261.59116,259.1804,51.503456,284.4321,248.89484,54.68524,290.24655,279.69913,49.66723,326.2595,309.22592
File67.jpgresized.png,175.78862,266.6019,-22.467312,166.88277,264.56335,-34.060753,166.1172,262.87946,-34.14562,165.3304,261.135,-34.212883,167.71599,266.1148,-13.1948805,167.6234,265.75662,-13.1324215,167.58295,265.30023,-13.123468,164.14998,251.06004,-62.952785,166.89471,256.5514,32.620125,179.82921,258.84442,-31.727942,181.2668,261.40247,-4.0323725,197.89998,239.41124,-97.387566,195.39554,227.40814,80.16665,260.20023,255.84274,-111.64827,248.19078,228.91353,147.33414,310.48328,271.73468,-51.50252,293.52155,236.01111,174.97313,321.71036,273.55487,-61.957058,305.1794,235.52531,182.69696,321.54233,275.64566,-54.33934,305.12363,234.75903,167.67296,317.94543,275.63055,-46.496674,301.17273,236.06639,169.04164,300.24036,218.87943,-60.60604,296.25406,213.46579,60.710426,225.28198,261.84253,-72.99662,226.12692,262.67172,62.938457,313.0449,259.38763,25.666552,310.19644,264.49817,123.61953,320.47675,251.87863,36.8346,319.6699,257.38156,125.99499,346.84363,263.45764,83.08927,340.1341,274.54755,141.52156
File68.jpgresized.png,264.72772,275.57538,-37.395824,273.10162,275.0168,-30.878002,274.0852,273.38232,-30.911186,275.0243,271.86804,-30.948215,271.17798,275.91626,-55.378815,271.3059,274.83954,-55.34665,271.27957,273.81247,-55.369305,277.56723,261.5337,2.8117125,272.469,264.23346,-111.52399,262.2646,267.45026,-23.333143,261.0043,268.31006,-56.253593,269.05072,230.77455,35.275074,257.0541,246.08456,-134.42693,306.06784,253.86232,88.826836,301.31573,273.19388,-194.55151,357.29834,273.20593,27.605518,354.22714,285.12387,-189.87703,373.73822,275.03867,27.284178,368.22162,289.94952,-215.73654,374.95914,277.29007,3.458674,370.80008,284.2694,-199.37007,368.56625,278.40564,15.343827,367.14032,283.183,-184.31192,145.09448,212.17511,69.24281,133.52068,220.77817,-68.932335,204.55162,267.9741,104.6194,191.65497,282.90002,-75.47982,130.31445,258.8956,189.26599,117.56568,271.59854,42.270615,125.21483,248.21497,194.26088,114.43828,258.2929,52.931076,102.07068,266.59775,232.82109,90.38456,275.944,99.189766
File69.jpgresized.png,331.3859,546.5696,-136.25346,349.30652,554.4739,-180.75204,355.87274,550.3047,-180.82666,362.06808,546.372,-180.6775,332.73846,560.6655,-206.17192,328.28683,561.8097,-206.54106,323.3645,562.8479,-206.95135,365.646,524.921,-275.5606,315.5891,546.9275,-396.86438,331.2087,524.9557,-155.64464,315.17975,534.7479,-190.21944,418.36945,449.3192,-186.97337,235.1364,466.58316,-478.69855,544.3826,561.96204,-148.74185,212.53104,591.0593,-699.4018,652.4321,630.0793,-291.0371,392.78372,691.74756,-956.6525,687.31805,644.70984,-316.04242,427.7739,731.9331,-1043.98,681.21185,635.15216,-358.62973,449.21036,700.371,-1041.5713,656.1742,634.04944,-311.53198,441.9733,683.48663,-960.8753,217.43259,285.47208,121.50657,120.80014,295.2564,-121.03703,287.3118,448.5835,323.9898,191.5267,491.05402,-56.385876,188.72067,371.98044,761.7265,148.97696,362.52887,401.58032,175.73743,354.58057,808.90533,151.97856,330.78516,454.23294,168.91626,387.59305,918.4512,139.44464,380.82135,554.1531
File7.jpgresized.png,299.12396,653.9303,-86.93228,269.26556,646.7464,-115.24656,267.35443,642.40155,-115.32166,265.24493,637.9399,-115.466866,273.34967,648.5742,-59.26678,273.7223,646.41187,-59.18936,274.2345,643.91846,-59.246426,269.13757,606.4585,-189.89151,282.52087,615.60223,73.29116,318.9829,631.62024,-110.31029,324.15643,636.4684,-35.1587,411.2696,583.21985,-341.07635,399.24146,530.69464,237.87233,658.2863,602.1105,-342.19003,624.33923,550.0005,250.54144,822.30566,661.8488,-23.984406,808.3883,620.874,42.987984,858.0178,671.8141,-39.75809,853.31305,635.8594,17.518862,852.28156,680.89056,-30.6324,850.19745,626.0532,-30.65406,842.1641,677.2856,-14.795449,836.7563,624.9612,13.500575,791.55676,498.8963,-187.82787,763.7615,473.35046,188.17635,492.1147,669.24426,-174.35495,494.1253,658.0967,214.79733,722.6802,633.048,256.2142,736.55457,645.73224,460.9057,746.17084,610.9316,295.7915,765.396,620.0786,471.35687,791.0706,646.82056,425.64792,805.12195,688.7749,531.74634
File7.pngresized.png,408.78046,388.99832,51.66676,415.77908,385.32602,58.490814,416.2123,384.94193,58.53359,416.66138,384.6235,58.44994,415.2435,384.93643,42.14586,415.6338,383.9927,42.305702,415.91144,383.01404,42.29333,416.3018,378.14313,88.580986,414.72418,375.92877,14.985678,404.0742,387.1686,62.903214,403.79303,384.9631,42.623543,389.1625,363.99924,126.64594,394.08563,366.87946,-35.691017,404.69858,392.8732,222.5185,395.07898,405.97635,-8.600225,438.80457,403.5143,308.18137,418.90564,391.13077,145.58931,447.57004,402.8889,323.51593,425.42432,387.00906,165.10359,447.03076,401.5166,321.99042,427.13837,381.89752,162.1658,442.96164,401.89227,309.6557,424.0184,382.1045,149.0698,258.21307,326.14056,71.2706,258.4167,327.06842,-71.32588,303.80792,435.34268,63.766167,326.06302,445.09186,-110.54013,206.14812,399.30322,5.6023397,194.83742,423.96884,-91.65765,198.47197,386.62543,1.9285945,179.8235,406.627,-84.21607,168.03925,403.37146,-7.608363,148.19289,450.44843,-65.39825
File70.jpgresized.png,312.70673,451.4463,-14.00418,326.5862,450.3261,-7.0614004,327.23248,447.5018,-7.0484767,327.82916,444.9005,-7.1394157,326.02908,452.24774,-42.265713,327.1192,450.83368,-42.212467,327.8856,449.481,-42.296318,332.36578,430.2373,44.164448,332.1883,435.0762,-122.247536,308.3528,439.31436,8.289881,309.08646,441.23877,-40.08577,324.85574,387.46808,83.6894,314.1632,414.09338,-146.12416,409.24023,428.28018,132.71925,400.43884,451.1776,-217.20013,497.66425,450.48666,12.714573,499.83884,457.7605,-178.88943,522.87427,451.44785,12.362234,527.5969,464.73517,-214.97653,525.1488,455.2201,-25.988956,531.6926,458.0628,-182.78911,516.25653,458.60458,-6.5027466,523.3166,457.71545,-167.74968,109.92358,366.16696,99.88454,94.559975,385.2531,-99.460014,264.8461,456.73138,131.30156,251.42947,464.58047,-118.99151,101.37667,442.17905,250.4974,85.672775,468.05444,21.613255,92.170425,421.51566,253.32051,77.427345,444.7021,33.22368,39.38141,446.60834,312.78162,30.236841,473.84833,96.27073
File71.jpgresized.png,686.06836,850.1713,-152.70396,712.61786,849.1094,-123.62566,713.27594,843.6835,-123.75727,713.8607,838.8177,-123.94364,710.95465,851.16693,-206.11104,712.517,846.9051,-206.02048,713.3399,842.77576,-206.21468,716.1038,811.4768,24.272148,715.7943,813.54205,-362.36798,671.4887,828.1736,-93.96078,673.2049,828.43835,-205.7047,688.5904,735.7612,155.3777,663.6438,765.8206,-444.5171,858.50037,834.55914,319.22037,853.0834,839.11163,-664.80695,1034.2825,866.89026,60.989117,1061.9191,857.93555,-618.2865,1087.2728,866.33655,77.805534,1121.5234,867.61383,-721.3012,1096.2817,868.1213,-16.496508,1131.4293,853.21436,-641.7899,1077.7618,876.3617,14.424671,1113.1439,855.05334,-592.058,273.46674,694.79785,265.6854,239.98624,722.0999,-264.8547,576.56714,900.9192,338.21005,542.6738,905.3148,-347.6702,258.54614,869.28296,621.31445,226.50905,886.43756,28.325418,240.66325,820.0726,631.12726,213.16417,830.3223,64.770966,129.06389,882.4482,772.9107,106.21192,882.73987,257.88968
File73.jpgresized.png,560.9975,745.6708,-67.97579,529.31067,751.19214,-108.305565,529.1459,745.6826,-108.194016,529.12787,739.85046,-108.76633,522.5671,754.75525,-44.14067,517.61884,753.2202,-44.047707,513.2336,750.78,-44.222942,524.94855,707.16876,-267.7871,504.2281,724.67084,34.048637,576.51416,717.3732,-124.521164,570.5163,726.07086,-35.54919,597.485,616.22534,-387.1466,550.5569,605.38635,149.82121,390.04037,719.5034,-572.22186,363.48126,706.52655,283.11755,185.39287,759.8915,-508.80917,191.31001,750.0857,129.44513,131.87039,790.8432,-583.81055,131.16278,748.4715,149.76927,117.932045,766.91797,-529.7741,128.03932,758.86096,84.119385,137.13278,760.67584,-491.4232,149.61151,761.34106,97.00283,1073.7639,549.8961,-221.93842,1038.1616,534.2445,222.96552,810.8737,767.65826,-227.30574,770.0446,724.92914,402.87076,1080.9478,759.9278,110.74119,1036.9293,721.0485,642.4633,1107.6705,735.1508,143.17082,1065.4989,697.39264,656.13654,1138.9473,779.4474,361.47272,1107.1205,763.18414,834.852
File8.jpgresized.png,576.85376,795.90125,-173.03407,550.48737,797.0709,-212.72623,549.001,793.10516,-212.50562,547.609,788.9025,-212.80806,550.5236,798.5504,-146.07675,548.91406,797.01355,-145.81137,547.87335,794.83105,-145.98886,541.5946,761.8624,-317.23798,541.5865,772.37726,-4.1696644,583.2941,774.6089,-208.5791,584.65063,780.7179,-115.858116,574.9847,703.17554,-426.74634,563.6862,686.5851,146.93297,399.98596,783.5083,-662.0319,409.53644,753.30865,256.05283,259.87146,800.4551,-634.18286,276.68808,777.27075,62.918663,223.91502,811.54755,-717.3601,239.51599,769.6819,74.92735,220.1136,799.8001,-655.83887,233.56865,772.9055,8.915012,233.33092,799.5868,-614.7152,246.83586,778.58466,31.906958,902.9187,681.5886,-228.68335,883.602,663.4411,229.39151,671.38574,826.095,-284.61688,653.5597,811.7441,360.08417,909.7444,807.1868,13.571766,888.84344,811.23254,571.4986,926.38275,783.59125,48.81463,909.0132,790.0156,586.8003,995.9276,810.7254,241.72165,973.77795,837.363,724.12695
File9.jpgresized.png,256.36185,338.75494,-1.4573166,245.82274,339.1962,-16.194191,245.64626,337.68234,-16.12859,245.47675,336.04535,-16.257252,244.02357,338.94797,4.1339493,242.55125,337.84964,4.14284,241.29297,336.48166,4.010236,245.26051,323.85196,-68.29579,239.75697,326.08633,28.01932,262.13916,329.94086,-19.923725,260.5508,331.44467,8.591879,266.4238,298.34683,-98.67966,257.77975,290.6321,56.252773,181.60515,334.69968,-172.05122,192.06223,326.17038,105.20404,112.52764,342.63525,-136.63506,127.48987,337.81912,67.467316,94.93328,348.39813,-153.78061,109.09589,333.7677,74.29855,91.51418,340.7472,-140.23158,104.75879,335.27066,54.90615,97.9482,339.90854,-132.46497,112.51903,337.81918,59.084034,424.6663,261.47385,-66.635635,416.29175,254.13641,66.87618,329.99338,341.2773,-80.55762,312.77258,326.5265,109.750336,428.82755,326.82947,26.419207,414.50098,316.52588,187.81232,438.26724,315.60327,36.445183,427.19733,306.19394,192.80463,452.28998,335.22552,99.77189,438.62775,330.83087,245.91461
bfsm.jpegresized.png,179.29587,186.88309,-29.463272,185.96214,186.95981,-23.448528,186.06807,185.46864,-23.465748,186.14957,184.0926,-23.514093,185.96773,188.21399,-43.69841,186.58318,187.55945,-43.703053,187.03053,186.94554,-43.786137,187.53705,176.88379,9.856293,188.69075,180.32297,-86.19991,176.42165,180.63954,-15.947614,177.3173,181.74426,-43.860825,182.42271,155.20645,40.74088,177.47838,166.53627,-105.39679,227.48569,173.38486,72.98849,224.67148,182.99646,-156.79396,275.30365,183.11519,7.9737425,277.19864,189.26593,-152.0394,289.3366,183.27165,7.4324937,291.89163,192.95679,-177.61612,291.0389,184.93753,-15.799806,293.61917,189.41994,-159.58089,285.9625,186.71268,-3.930306,289.32114,189.37212,-146.23055,69.42489,144.28659,61.677166,63.44135,151.89886,-61.43441,142.82617,188.32231,72.92772,141.6196,189.02309,-81.97717,56.596367,184.78934,154.41003,52.517143,194.58415,14.087411,51.969555,174.90894,157.8029,47.558006,183.739,22.3539,21.278286,189.59067,189.17928,20.538319,197.44199,58.754303
jdhvs.jpegresized.png,204.45314,194.7106,1.7208354,211.48088,193.05891,5.3778343,211.84477,192.29185,5.437735,212.18484,191.62665,5.4082303,211.01834,192.7262,-8.980796,211.39215,191.59512,-8.960049,211.65933,190.44734,-9.024254,212.83652,184.58022,30.038624,211.96375,183.01465,-36.287064,200.65343,190.64803,12.406454,200.58597,189.77588,-6.697373,196.54262,165.03473,59.47788,195.68034,172.42162,-58.49046,223.23164,190.44554,91.81784,222.00723,202.0067,-86.96401,259.27832,200.34932,52.148827,259.16705,203.10184,-30.074406,269.87454,200.3168,52.950775,270.68985,204.44348,-36.812675,271.2695,200.05988,41.64982,272.41434,200.92221,-27.495071,266.9284,200.90027,46.05708,267.6933,200.76076,-25.407837,101.808556,136.99222,42.835888,95.530815,140.29016,-42.77611,129.9116,203.83824,65.96875,121.363434,213.30861,-50.993477,69.34549,193.30196,102.92736,62.15607,196.30081,16.772802,63.232395,185.56607,105.56261,59.098328,186.0141,25.391148,50.446423,199.50497,120.75031,39.59641,199.81496,53.4244
mnsmfbm.jpegresized.png,139.2843,197.44241,-6.565829,133.69804,196.5238,-12.961913,133.3803,195.5438,-12.92399,133.06662,194.51117,-13.001864,133.9183,197.1295,-1.7481424,133.71814,196.87943,-1.738365,133.63083,196.49619,-1.7523258,133.23149,188.20244,-32.00284,133.93872,191.1612,20.971546,142.00003,192.72919,-12.764149,142.39482,194.30353,2.7800584,146.27963,178.64473,-43.50557,145.54108,174.57123,42.14077,111.7028,198.58179,-78.03492,116.67534,190.1917,67.73738,77.93869,202.76581,-66.30202,86.39933,195.11243,37.734894,68.902115,205.20851,-76.67567,77.9208,192.82152,41.435535,67.45515,201.30025,-67.65031,76.13033,194.07161,30.159035,71.32493,201.03482,-63.329308,79.88357,195.70895,32.50148,227.96756,168.51224,-34.54288,224.35602,164.71684,34.590214,177.68604,200.96976,-39.286785,170.67238,198.52718,59.193626,233.41136,198.41928,1.7675092,227.55626,196.92435,91.21791,239.01819,194.03139,5.795383,234.21555,192.15845,93.21697,248.77226,201.57195,41.46898,242.99973,204.1349,124.63924
msdv.jpegresized.png,145.93059,206.98933,-6.240651,152.57224,205.83894,-2.226373,152.95193,204.61671,-2.205455,153.31499,203.49722,-2.2620804,152.13971,206.55681,-18.617636,152.55597,205.78065,-18.621193,152.84828,205.0438,-18.682875,155.7441,196.01942,22.85374,154.86333,197.85104,-54.06213,144.0895,201.31721,4.7957687,144.0972,202.21303,-17.622887,149.97668,176.3048,45.6652,146.31328,187.91574,-64.99343,184.31908,195.82043,75.95488,183.01128,207.32678,-101.07202,224.13014,206.31873,28.083292,226.87384,211.4212,-82.65411,236.65782,206.01735,28.577599,240.45691,214.35805,-97.73648,237.82016,207.98558,10.823176,242.39818,210.15732,-82.34452,233.3997,209.68912,18.88014,238.22237,209.95169,-77.1974,54.058636,170.49529,45.21705,46.76711,177.6253,-45.013718,115.41464,207.9485,64.13574,108.098145,212.65121,-51.366997,49.0485,202.44875,105.94054,42.75989,213.58194,15.300485,44.85897,193.76746,106.4018,39.204216,203.79893,20.40928,24.38385,206.75594,130.7937,22.164011,216.65213,46.3942
sdbf.jpegresized.png,161.4851,142.22192,56.269302,167.05354,139.41592,62.344402,167.02495,138.1486,62.337425,167.01138,137.00392,62.22786,166.96556,139.8423,46.638657,167.19391,138.93205,46.74147,167.27942,138.01318,46.704815,165.57202,130.66776,80.54899,166.31244,131.51349,5.7588964,156.78358,138.83165,64.26436,156.97623,139.07088,42.863018,147.9045,109.415886,95.83715,151.85153,130.18494,-18.26873,173.64272,113.50473,175.762,185.97427,152.0428,-29.720291,205.96643,110.78997,194.06839,227.39525,140.97731,53.98775,213.75273,109.27089,212.20998,239.11632,140.56323,46.57525,215.44179,109.6003,195.11517,239.57344,138.00182,57.450977,212.18542,112.09477,188.57445,234.64612,139.19159,59.017567,47.733353,106.27461,52.119663,44.27402,120.41766,-52.029625,109.74042,142.35596,95.17542,110.659,165.95415,-57.57688,36.655056,150.732,130.50468,34.61322,170.36713,2.9838557,29.020662,142.00143,130.48312,27.935892,157.87549,9.230091,11.386447,161.51549,153.6217,9.298048,181.54602,42.4414
smdfmh'.jpegresized.png,165.63895,193.1952,-7.1397605,169.78456,193.77821,-3.1046395,169.88422,192.94534,-3.120879,169.97096,192.21873,-3.2026525,169.7951,193.70747,-14.250566,170.24792,192.92764,-14.218794,170.5616,192.16745,-14.272136,171.62662,187.45221,16.238028,172.40823,187.09912,-37.679653,163.90327,189.08382,1.0078318,164.48416,189.27293,-14.744368,170.52731,169.15146,28.762144,167.94206,178.09943,-42.262318,207.36707,183.13304,61.25797,205.04915,196.77968,-69.66264,240.77356,188.5424,31.476484,246.0871,199.63974,-54.981396,250.09816,188.2516,36.746857,257.02432,203.22438,-68.18144,251.32745,189.52017,19.995337,258.6005,201.35866,-53.366035,248.24652,191.27557,24.469852,255.33235,201.36461,-49.77876,84.581215,159.01253,35.3068,78.94444,166.0287,-35.158203,140.77197,187.10078,59.690212,132.58112,196.36665,-37.929405,78.647736,189.41264,90.923645,72.70345,201.04268,8.057678,75.23705,180.01566,89.45684,71.097115,189.9813,11.078515,54.45468,195.91954,114.847664,50.18582,206.3292,40.954823
snbdf.jpegresized.png,135.71475,210.24841,-58.561222,138.55649,210.34749,-58.33963,139.31712,209.23648,-58.35889,140.0632,208.20702,-58.347015,136.1962,211.78473,-69.63109,135.6292,211.72026,-69.61602,134.9377,211.67282,-69.67732,139.87805,204.37508,-52.388073,133.4884,209.0803,-106.38592,135.17407,206.76556,-55.481983,132.95024,208.50652,-71.0927,142.74031,191.13089,-39.463722,128.0326,200.65884,-123.66451,174.15756,203.3601,-44.226364,158.39546,209.34926,-164.87154,201.04193,207.4572,-84.30757,186.13548,213.88242,-203.4292,207.78372,209.0382,-88.997635,192.68227,217.8199,-227.02428,208.07834,208.72668,-103.44315,192.5614,214.36304,-222.80823,204.77005,210.11118,-91.45445,191.0704,213.17967,-204.22447,84.97564,181.20183,38.812744,74.28326,187.53879,-38.649258,120.57027,207.88763,59.200237,107.69371,217.30933,-43.698334,78.46897,207.64575,111.02299,68.95108,213.37909,22.39691,76.7953,202.82127,114.06216,68.37163,205.55215,29.05378,60.732254,212.58981,142.53677,53.462822,218.04555,60.585842
