1-0.pngresized.png,134.16989,42.263332,-191.7585,138.24199,31.78598,-184.85498,142.21353,31.606153,-184.79741,146.29887,31.356869,-184.87587,127.11233,32.160694,-184.65062,122.5949,32.107136,-184.60115,118.09267,32.13451,-184.56418,149.71942,36.15449,-123.56922,110.7354,36.671925,-118.596245,140.71893,52.58033,-167.8608,125.27365,52.84775,-166.47876,172.18219,88.52652,-105.48734,79.46955,89.21047,-99.83187,200.87828,158.02904,-120.101364,61.009327,166.4031,-107.68191,239.65205,217.51465,-158.93578,32.244,224.71945,-162.25998,258.19592,234.1959,-155.27472,16.09002,242.25719,-167.23653,251.89525,238.16725,-180.14723,24.0757,241.94574,-190.13461,240.46152,234.36562,-167.32587,33.845585,236.69305,-171.45259,145.69046,207.47174,3.2378006,91.09293,208.88672,-2.8269987,228.32074,227.73842,-161.0268,35.795525,236.762,-200.10298,120.217545,239.03204,-47.404713,122.672775,240.6589,-50.88171,108.444855,227.4066,-29.80604,128.60484,229.40193,-31.102804,81.990746,245.92346,-33.422626,162.2853,242.72165,-37.153156
11-0.pngresized.png,269.595,106.79171,-205.27443,271.16898,90.52998,-181.29453,276.81235,90.95573,-181.0717,282.80527,91.17624,-181.32767,252.26218,90.19044,-195.93863,243.95271,89.93119,-195.7309,235.69026,89.840866,-195.61873,279.5606,104.072205,-46.945198,212.17662,103.110245,-105.62209,275.0135,132.91745,-155.58078,249.09438,132.00381,-172.94768,329.3819,233.93753,-61.4044,132.87373,234.25925,-117.74099,415.45108,369.96854,-113.48519,116.011536,399.04553,-199.15973,518.89105,485.46106,-259.2029,84.92354,532.8941,-415.36548,564.9289,522.6558,-274.002,56.60014,578.4718,-448.78357,539.9568,527.0514,-322.65228,82.54986,575.793,-501.12305,513.6986,518.88727,-278.1857,100.308334,563.1024,-437.41928,302.07397,517.52325,32.995014,182.27031,536.294,-31.996449,498.8836,531.38916,-314.34375,140.5076,605.9002,-502.5912,261.663,595.9112,-103.83931,320.63434,605.7695,-199.67514,228.0106,577.25006,-70.26141,325.9306,581.8591,-158.22205,197.8195,619.9852,-59.565903,423.26373,599.2379,-168.59209
12-0.pngresized.png,223.43124,73.970505,-156.30568,231.26471,60.778374,-136.64456,237.43716,61.25721,-136.6426,243.78267,61.631397,-136.81763,213.24469,60.389606,-137.54855,206.42464,60.253635,-137.3919,199.63406,60.247147,-137.38776,250.05118,73.82948,-26.608013,188.37585,71.44527,-20.889967,233.68015,93.9899,-116.757706,209.25583,93.22686,-115.699684,287.09027,181.98605,-17.240837,138.52728,176.72516,0.5228914,303.3288,306.3496,-56.140545,127.036285,302.6152,-43.207417,363.29306,349.77322,-251.77676,77.00275,351.26468,-246.95177,387.4198,362.64044,-272.0054,53.971634,368.24902,-258.13327,393.2439,355.41135,-313.30417,51.35817,359.0934,-303.13977,377.27893,351.3704,-271.53366,65.49429,354.18115,-268.07852,266.64285,383.89902,-7.138915,171.5053,388.74762,8.393547,409.43878,400.31174,-263.07904,46.302887,393.4204,-297.74924,256.4404,432.13242,-59.442528,234.88716,440.6866,-143.20035,243.15074,413.4573,-30.96436,245.18935,419.34912,-120.65184,198.40085,431.39038,-51.10882,323.21878,444.34445,-166.54974
13-0.pngresized.png,154.06204,66.09966,-113.71939,157.90271,56.485332,-98.71526,162.06645,56.093857,-98.71011,166.34703,55.648026,-98.83821,145.91043,57.81738,-100.525116,141.32591,58.27925,-100.557915,136.74767,58.797764,-100.62551,171.30751,61.800316,-24.16093,130.00131,65.74256,-27.721603,162.43997,77.521255,-87.62213,146.52614,79.18087,-88.66678,196.2145,123.91236,-25.014303,106.39359,128.23975,-6.9708066,224.61658,195.51617,-56.700394,81.895676,204.2714,-34.610867,277.65045,227.41142,-144.94127,36.766254,233.86555,-128.82172,297.4983,231.52222,-150.22194,18.95035,239.02356,-133.06483,299.39322,228.2899,-175.11127,16.004213,232.69118,-158.01915,289.1941,229.83301,-158.48584,25.228685,233.8773,-142.41617,185.63205,257.84467,-3.9161797,126.831985,260.07983,4.4575768,250.2922,275.87888,-168.66867,66.94223,273.0171,-169.96838,160.68497,302.92383,-59.855515,158.28416,309.09985,-79.8018,151.80421,295.71594,-44.848194,164.37912,301.32724,-67.58267,127.84086,303.92316,-70.50382,202.22067,316.1956,-108.95743
15-0.pngresized.png,195.41069,53.413345,-106.76042,205.4555,43.895218,-104.18807,210.06715,44.016834,-104.167404,214.8153,44.07175,-104.16746,195.26659,43.581154,-92.13815,191.89973,43.303715,-92.1914,188.48206,43.078796,-92.205475,227.56998,50.70957,-68.527954,193.30582,48.099976,-13.0439825,206.8004,65.467445,-93.26316,192.41862,64.65035,-77.56016,259.29132,114.25225,-86.41377,181.26793,108.44728,29.700808,259.6846,208.28568,-90.80946,146.39326,182.67499,22.818172,244.68217,262.91858,-110.18522,90.5745,223.20955,-20.852808,244.9601,280.54227,-123.51218,70.73945,233.92447,-15.255537,236.02995,273.28326,-139.74724,70.82131,231.15195,-34.81103,232.40181,267.04916,-116.06442,82.83525,230.11319,-30.121439,226.86256,259.51093,-45.566208,184.64705,244.16467,46.01119,143.76878,300.5445,-108.16214,92.44897,238.34218,44.18853,182.98624,302.8225,39.100986,166.613,297.04117,63.345535,196.09564,297.43582,57.782005,184.15326,300.83228,66.50526,171.54501,313.55734,89.37549,163.25879,320.8859,69.13273
17-0.pngresized.png,181.17444,55.671627,-125.417145,187.44633,43.637417,-116.77876,192.66492,43.233326,-116.69589,198.03568,42.750458,-116.91386,173.66791,45.06886,-113.36178,168.53691,45.56894,-113.2406,163.42421,46.179745,-113.248116,207.76549,50.201603,-45.665073,159.32698,54.02319,-27.168213,193.24449,69.10663,-98.10845,173.9752,70.788635,-92.99049,244.41295,125.02951,-36.190178,129.28976,119.099915,-23.901276,279.15378,206.6403,-61.638092,89.1007,195.32292,-43.38324,326.64822,270.95706,-149.14105,38.24782,275.85974,-132.36145,349.83707,291.01718,-154.85712,13.130225,299.7095,-139.7521,340.46225,291.50354,-184.83542,25.786007,302.41132,-175.63431,327.00076,287.83484,-160.08817,39.91291,297.32538,-147.41493,214.80913,286.59735,2.6250145,146.4644,285.1064,-1.9727117,323.5335,298.11374,-210.62082,53.68707,297.2033,-233.96196,166.39491,339.73267,-128.0415,201.10315,337.92062,-120.60214,151.4065,325.9123,-111.88084,211.94785,325.8813,-103.26778,102.66968,349.7932,-145.05327,266.5496,342.97946,-139.81876
19-0.pngresized.png,236.28651,104.80988,-186.76839,242.60606,88.995514,-174.74384,248.39967,88.08424,-174.6872,254.39209,87.071556,-174.8623,226.51068,91.38398,-171.94458,220.46622,91.9659,-171.87833,214.45789,92.660904,-171.9026,264.081,93.06898,-78.54586,207.88055,99.513855,-58.771725,249.2026,118.45053,-151.02878,227.30472,121.22561,-145.12878,307.90674,175.35226,-55.22486,171.06316,182.48615,-32.77631,356.48105,276.95908,-99.80063,132.31308,286.00003,-83.25623,430.64505,346.7333,-220.57864,62.26768,337.72275,-254.39558,462.32306,361.7485,-226.43202,32.533413,353.1856,-266.3904,459.55893,362.55478,-267.33582,36.0127,345.56192,-307.32123,443.21826,360.32922,-239.72922,51.254696,343.73804,-274.51535,284.66602,374.00958,-3.3951182,199.86856,378.9581,4.235776,409.94403,388.4848,-244.28381,82.840065,374.78506,-265.67422,251.89163,417.54367,-70.376785,252.93655,421.69147,-133.18214,238.18312,398.92468,-45.353603,264.15387,403.59274,-113.36411,192.65846,419.06186,-73.64332,332.40616,426.9171,-167.73186
2-0.pngresized.png,147.91942,43.490055,-81.03975,151.85455,36.15004,-66.34878,155.4315,36.013287,-66.3067,159.10977,35.836163,-66.470024,141.41,37.10876,-66.74956,137.62755,37.52942,-66.62106,133.85507,38.050575,-66.61635,164.41943,42.75722,13.761231,128.86201,45.32104,17.550768,155.373,54.55913,-52.252674,141.74042,55.684757,-51.472073,190.27974,103.86687,24.612993,103.50666,102.38143,26.06711,200.85149,169.93507,-18.9276,93.73304,169.1953,-5.419123,222.30179,206.02896,-175.32446,66.63565,204.15121,-145.87154,234.84592,219.48476,-200.90535,52.463375,216.08113,-161.45299,229.59685,215.78804,-224.7652,54.32979,212.24445,-191.3048,221.3833,211.98691,-187.58162,63.859962,210.33505,-159.15157,171.54108,229.81279,4.4446545,115.62777,228.6663,-3.8338091,249.9025,234.02122,-265.49133,58.243404,232.23352,-244.65605,124.236465,276.64313,-173.9738,172.75948,269.85352,-137.87604,110.921165,267.44913,-157.09242,182.61794,262.88153,-121.200935,76.544205,289.06976,-205.24016,224.33212,276.6534,-173.49544
20-0.pngresized.png,220.02443,66.06219,-291.88528,228.36452,53.6926,-276.07175,234.23125,53.651745,-276.00174,240.21434,53.54213,-276.0067,213.13696,54.424335,-270.42035,207.59943,54.63953,-270.5494,202.04497,54.94941,-270.76523,250.70615,63.077454,-187.78267,198.89207,64.37618,-154.58478,232.92421,81.389595,-259.7837,211.88866,82.06549,-249.61887,285.58615,141.89584,-141.99495,171.109,136.71767,-133.15736,312.2519,236.68616,-161.94913,134.63335,231.63155,-148.4898,353.37277,307.82474,-203.87585,84.039604,298.73264,-211.2851,373.42334,324.119,-199.51376,61.83168,315.25027,-209.71864,372.2647,325.74478,-235.77046,64.089516,316.02945,-243.43297,360.5501,323.78088,-219.15375,77.139175,314.5592,-226.41103,251.92453,301.6222,2.9639633,183.04243,294.14288,-2.3210654,296.0851,372.7757,-272.6735,138.28993,353.13278,-271.3261,218.8568,424.95074,-103.55896,198.73041,431.872,-123.53314,211.03621,426.2695,-86.29318,207.32774,435.66602,-107.95665,189.3372,441.67746,-166.3947,222.57074,462.70404,-178.33823
21-0.pngresized.png,212.9408,56.066887,-121.32803,216.90569,45.33997,-102.863235,221.86049,45.08173,-102.99997,227.01674,44.761528,-103.49366,201.91826,47.146294,-104.12441,196.32765,48.005596,-104.0174,190.80942,48.95171,-103.89858,233.39835,54.812363,-4.8639584,182.9787,59.543438,-4.316301,223.70409,72.57688,-86.67584,204.43286,74.6179,-86.938576,274.2625,151.43672,-2.0404408,150.15569,152.11539,6.0292673,310.97015,260.97165,-29.604383,117.25103,261.93054,-33.188946,369.03418,338.79123,-143.56825,56.57684,311.8439,-180.02184,393.11368,356.2122,-148.73514,31.453266,325.54166,-188.12059,391.99008,356.474,-187.73634,30.666445,317.49567,-226.46315,378.83105,353.54843,-161.5293,42.842293,316.34357,-198.76328,244.72354,351.30475,0.29184306,164.38222,349.77228,0.7407637,366.8683,368.2457,-254.6393,61.082935,350.0706,-262.47974,212.06192,384.10388,-86.46525,218.35031,387.5511,-96.60293,201.46321,365.2119,-61.918694,228.46664,370.616,-74.09256,145.44038,372.5642,-83.66007,292.05554,382.17078,-109.66124
22-0.pngresized.png,202.92029,78.473206,-53.18528,209.76033,66.24815,-39.491856,214.8737,66.466,-39.504955,220.02568,66.598625,-39.473465,195.8742,65.697235,-41.566868,190.37906,65.245964,-41.617958,184.92413,64.89011,-41.657623,224.64323,72.2712,39.1042,176.48369,69.74226,33.47779,210.65918,92.451515,-24.758835,192.35667,91.53948,-26.363369,248.76851,131.34146,58.17806,144.00687,128.74823,40.43038,292.99228,208.14323,-25.12842,100.34662,205.05324,-71.095406,244.0715,181.00664,-144.71838,175.71591,173.05824,-145.87288,226.10876,179.1881,-149.60461,202.81328,170.56265,-146.26991,223.50276,162.27744,-130.54987,202.09105,152.8821,-122.63868,225.79471,168.4858,-134.14409,196.15402,159.33347,-132.85028,229.40869,279.35526,-0.84323007,165.35643,282.80978,0.8973505,270.9734,229.88683,-110.932816,112.542206,262.5763,-131.39388,219.6629,316.06793,-105.17779,198.41241,318.4672,-80.821976,212.93571,330.0539,-102.552986,209.43237,321.41724,-71.465546,194.59558,330.53577,-161.65733,230.09016,335.40198,-111.81956
23-0.pngresized.png,238.12709,84.123924,-106.348076,252.74277,69.59557,-116.92923,257.7987,69.322525,-116.85442,263.07336,68.99163,-116.89195,245.49767,70.24831,-89.620224,244.93129,70.3028,-89.53517,244.2607,70.48922,-89.4745,289.11966,79.96614,-118.9382,262.02237,80.809044,8.66495,254.40945,104.50431,-107.308846,243.08434,104.73871,-71.31478,344.66803,182.01384,-132.09512,255.38196,192.80342,72.9054,352.27185,310.10733,-148.85863,217.60452,313.11703,73.39789,315.941,364.1194,-283.3016,142.2107,374.95306,61.02069,312.6653,381.5399,-294.23514,115.77605,393.26498,105.05889,302.68427,366.66632,-314.7866,109.18776,384.74503,85.83812,304.71573,361.97348,-288.9251,120.91617,380.85516,56.515602,333.123,404.83594,-49.623672,269.9836,386.02814,50.36809,330.48093,452.77057,-424.45517,140.19432,382.57544,131.52184,160.44688,474.31055,-260.60806,203.70425,465.51154,150.3556,144.8906,471.474,-235.66458,219.97577,472.76843,153.02568,69.751945,448.38165,-288.66275,195.68457,478.07785,109.28265
24-0.pngresized.png,178.61064,58.51946,-122.30725,185.41052,48.935658,-106.704155,189.76634,49.309483,-106.70543,194.25845,49.613247,-106.82143,172.80928,48.367264,-107.37905,168.18217,48.05383,-107.30773,163.55994,47.84033,-107.31398,199.60022,57.174034,-18.083508,156.88263,54.160896,-16.568966,185.98497,71.98489,-90.88817,169.18604,70.98504,-90.66447,223.9351,126.54936,-3.0330312,121.202866,129.30386,2.5816293,246.47763,207.61293,-30.987757,101.48657,217.92407,-39.3374,294.21423,249.03995,-159.77408,51.19969,244.08951,-162.58159,314.39334,258.10046,-174.5564,31.499361,250.5218,-169.63339,317.3835,255.81332,-204.94759,27.200191,241.11406,-199.19011,305.53625,254.68066,-176.3209,37.04157,240.28706,-178.08641,207.32008,276.0864,-2.380224,141.48586,279.40997,3.2645192,305.96887,279.3571,-211.48338,48.830963,271.91708,-221.19446,173.4688,312.32556,-89.1931,183.83337,320.19653,-151.5931,160.88402,300.513,-71.62668,194.24292,308.5878,-139.42188,123.26825,312.66345,-97.93776,242.58781,325.1519,-188.75566
25-0.pngresized.png,133.3859,44.26802,-24.0264,136.50177,36.14442,-12.319219,139.95323,35.631878,-12.333856,143.46303,35.083847,-12.40936,126.763275,37.913162,-12.139651,123.106636,38.58974,-12.13588,119.46554,39.355232,-12.225741,148.68816,39.379295,50.134262,115.29669,44.871124,51.737446,140.9324,53.348793,-1.6026995,128.62076,55.559834,-1.2558672,175.96701,91.337265,54.568962,93.90474,90.35655,56.19846,187.82448,160.61742,9.01902,83.96262,158.24756,39.94083,144.72212,133.76753,-59.413574,121.775345,133.4501,17.0417,133.95688,127.41001,-70.95105,133.27238,129.69443,18.603989,133.68144,118.906944,-53.516964,131.58148,118.592316,24.963266,134.09962,122.631516,-52.26112,130.89073,121.659065,23.1094,158.55112,200.536,0.4438185,107.254295,198.37859,-0.22938463,203.3531,199.96048,-241.32278,57.134796,196.71611,-226.8574,108.17269,247.1842,-179.36555,158.96106,237.06209,-151.11134,98.38295,247.12123,-166.2731,169.8069,234.60991,-136.71576,69.86051,252.75958,-210.07047,199.11916,246.16043,-180.26324
29-0.pngresized.png,257.14758,101.24783,-193.8946,263.00278,87.22882,-178.97241,268.79913,87.07687,-179.03125,274.73984,86.80777,-179.21956,246.87074,88.49133,-180.09457,240.32074,88.95599,-180.18906,233.82208,89.5134,-180.4522,279.86,97.560455,-80.546875,224.03432,100.67319,-82.81205,267.46387,120.105225,-158.67252,245.1145,121.245575,-159.26332,316.49265,195.91573,-47.697113,176.35594,192.54066,-58.983974,371.33417,305.66388,-59.597195,126.22769,298.35193,-86.38188,472.2625,307.46094,-151.65494,49.720306,314.44293,-205.41118,504.562,300.62762,-148.93369,21.51944,319.95395,-209.69565,515.1304,285.62808,-191.42044,19.112808,299.33878,-240.82857,499.08112,291.77637,-172.73367,30.360062,300.51053,-222.16629,283.89563,384.11636,-2.3132653,196.67682,382.95947,3.2810721,438.8899,348.2844,-139.71155,77.79457,330.78204,-157.00105,281.581,407.5641,-88.32224,224.20488,426.45572,-120.82499,256.95645,401.683,-76.181816,244.88182,427.78204,-114.77845,243.00357,417.58633,-118.26485,266.55634,442.66656,-174.59343
3-0.pngresized.png,299.18884,136.40721,-297.98886,308.56448,112.931435,-274.9381,316.67004,113.57633,-274.75894,325.02792,114.06473,-274.9672,284.91858,110.52155,-287.78326,274.94168,108.969215,-287.635,265.0357,107.54169,-287.59836,325.6104,121.80575,-98.92777,242.53914,112.19983,-152.30696,306.88007,158.1826,-228.60152,275.1957,154.63036,-244.66382,365.30292,234.51312,-53.94694,159.80878,224.27164,-128.02087,424.076,395.23843,-62.24459,148.8874,397.40198,-138.13652,519.96344,513.4835,-248.3942,134.66946,543.01855,-320.52826,559.6212,547.5395,-262.3536,112.40617,586.68195,-351.88824,554.9725,551.9059,-324.61322,131.70662,585.8591,-409.53162,529.0964,542.58844,-273.62082,149.34038,570.9982,-344.34933,337.22794,506.2058,28.952093,216.25027,517.8282,-27.781416,544.54425,567.73944,-360.0068,133.66028,604.6775,-566.61786,313.37433,585.39545,-113.34502,331.87524,573.1477,-145.37982,287.43234,553.6295,-70.02044,342.62064,539.9953,-88.09166,230.37434,617.79364,-62.265396,428.28342,575.3172,-77.87447
30-0.pngresized.png,138.80609,45.16838,-49.251236,142.65836,38.67853,-29.970629,146.2833,38.451023,-29.906359,150.00046,38.19574,-29.958311,132.55978,40.35004,-28.736725,128.9179,41.165943,-28.765972,125.302895,42.06793,-28.86592,156.96124,46.08174,44.538517,122.05749,51.13694,51.885994,147.70001,57.17346,-25.325151,134.50563,59.16037,-23.307533,186.47806,110.80762,26.533186,99.551765,110.96834,26.04334,219.75685,165.93117,-84.354454,70.091225,175.94116,-70.527275,161.01234,157.02538,-193.22282,128.36516,159.52739,-177.4344,144.56888,155.43729,-205.67873,145.27356,156.2147,-189.78099,142.42339,146.10374,-183.56734,147.65308,143.87871,-174.03424,146.31609,149.87254,-184.4559,144.80354,148.09718,-169.70845,172.00288,240.0613,6.448517,113.98491,240.15443,-6.246085,238.76688,239.8906,-266.9438,58.05461,247.83087,-239.63593,123.872375,284.1637,-162.92918,175.92067,284.4975,-146.74358,111.65481,278.2408,-144.56279,183.27576,277.18936,-130.50865,81.260826,291.2741,-192.91988,236.54607,291.14224,-189.86067
31-0.pngresized.png,150.85709,50.483177,-93.58004,156.21922,42.007187,-81.581535,160.43538,42.277122,-81.57177,164.7707,42.484646,-81.69462,144.62325,41.984108,-80.77851,140.24785,41.965977,-80.64562,135.90108,42.063797,-80.635216,171.10602,50.729088,-14.792545,130.68356,50.014595,-5.5384455,159.2869,63.945816,-70.13513,143.00003,63.524914,-67.750404,200.70174,119.306656,-8.298627,98.88385,116.78889,-9.219913,213.89528,188.45192,-28.622993,82.468254,192.13205,-48.328117,242.22029,220.84714,-134.4133,58.65739,218.05005,-177.37599,257.0241,231.77615,-142.98082,45.20718,229.8076,-188.49533,254.46404,229.76183,-164.4233,51.008385,223.92523,-213.10222,243.67746,227.68962,-144.40239,60.708702,221.55919,-187.94283,175.5168,255.62311,-0.7625048,113.16361,255.0153,1.4410546,250.3729,265.7412,-206.7811,57.27624,241.96121,-212.74686,115.90355,307.8506,-135.94307,189.94159,312.27734,-169.94499,100.9031,300.25937,-121.36676,202.27919,307.01846,-159.22287,71.25062,317.1822,-143.02159,249.44527,330.4301,-204.95499
32-0.pngresized.png,263.37555,82.19766,-116.84214,270.62445,66.33163,-99.97698,276.99585,65.87605,-99.9339,283.56226,65.32865,-100.16666,252.04735,67.91955,-102.26454,245.0909,68.37041,-102.20931,238.19995,68.96283,-102.27431,291.6906,74.576195,8.044527,228.42474,78.57022,4.9985037,275.76318,100.1412,-76.94503,251.2183,101.95938,-78.263985,331.07367,182.51265,22.037386,183.5836,178.52055,20.99228,357.8171,304.51788,-19.591913,150.27716,299.88272,-10.952018,430.59583,349.46402,-190.86469,78.37138,349.67108,-172.8019,461.05212,359.4848,-205.39609,49.511387,364.36386,-178.42865,466.63782,357.63748,-246.48578,48.923435,357.0757,-229.21053,449.4427,357.4504,-212.16147,65.25386,355.56424,-195.95859,296.53345,394.7535,-2.1344159,206.29828,395.26654,3.0614417,415.0301,402.26678,-277.3457,76.826416,399.20135,-282.2616,219.35855,435.5297,-121.53639,286.76297,449.59448,-169.43939,206.43967,415.26468,-96.12702,303.82672,424.36835,-148.09727,133.87186,430.9181,-131.02295,379.7397,461.04065,-191.77747
33-0.pngresized.png,311.0121,65.692375,-94.50762,325.61508,55.527008,-90.19372,330.70505,55.88553,-90.02503,336.01782,56.148663,-89.98234,315.68137,55.5754,-67.96759,313.25894,55.507763,-68.079895,310.7299,55.58279,-68.01824,353.72403,69.41263,-47.799644,320.67706,66.61981,53.126312,323.01425,84.87201,-82.96336,308.50632,83.7505,-54.503246,382.38583,155.27507,-119.33079,298.96765,170.4265,117.80031,358.61996,260.99615,-200.08646,219.78528,254.74934,101.22817,309.54733,340.9727,-352.89606,116.69339,293.71463,49.317738,310.6425,370.35526,-386.1995,82.78705,307.70947,57.753036,287.73962,365.01038,-413.60306,87.45663,300.88306,34.788353,287.4855,358.58862,-363.65115,103.31189,299.51102,38.45846,348.19846,372.2378,-78.74673,301.27176,362.3614,79.16513,231.27118,351.05975,-279.02704,150.99571,310.21677,204.99475,188.18478,404.1802,-55.602318,257.5524,420.35666,93.69612,197.65941,412.18997,-23.620089,287.259,432.05164,84.55049,126.55181,393.4257,0.013560793,240.14897,441.665,68.508484
36-0.pngresized.png,275.73102,71.77932,-10.9292755,286.9117,60.28444,7.000538,293.11722,60.130493,7.009958,299.4389,59.929955,6.9274683,271.0345,61.796635,19.77644,265.96664,62.414856,19.748701,260.88666,63.19234,19.59259,315.93204,69.14765,96.421455,262.6809,72.131805,154.93903,291.0942,88.40637,19.294909,271.12097,89.85161,36.212715,358.90433,161.33469,83.14851,226.76196,151.29172,156.11818,361.75247,268.0609,21.331259,181.97133,251.93456,61.84239,286.86005,214.35431,16.099123,238.20888,206.64137,-69.02753,266.8199,198.80644,12.688136,253.69322,196.87492,-85.16004,269.9256,186.16498,40.314144,255.2461,181.61792,-63.268707,272.34576,193.14561,31.091515,255.57329,188.73131,-59.4376,305.56018,346.55536,-15.921577,221.7909,332.9738,16.164543,369.7885,378.20255,-403.21423,103.76368,325.82602,-280.43097,190.7595,429.05383,-264.45523,274.6182,412.26096,-222.1396,175.61877,423.08762,-239.35852,294.63364,405.16687,-206.78735,118.12856,430.6064,-314.0408,342.2382,439.94196,-284.99173
39-0.pngresized.png,333.89154,148.23524,-399.62057,348.40704,125.27925,-386.98035,357.8802,124.92057,-386.87366,367.45975,124.38973,-387.10092,324.97943,125.86926,-376.8911,315.9921,125.411194,-376.82452,306.98965,125.08696,-376.70892,384.42664,132.00777,-251.88055,300.7292,131.89145,-207.36028,353.65033,168.00453,-345.88675,320.0744,167.97594,-332.38733,450.87708,225.61688,-222.72583,245.15114,222.09433,-117.51917,559.9225,355.82285,-254.98775,156.92456,339.98813,-51.06645,508.42407,486.5828,-357.13098,161.78613,436.82193,-218.75911,510.0513,533.8738,-394.72665,157.25838,478.4345,-261.8528,469.6395,519.3391,-407.87332,181.35825,461.40353,-293.3743,468.3031,505.60632,-354.58035,190.43764,450.72183,-229.50168,398.00763,477.2532,-18.5748,281.562,474.11267,19.62397,523.05096,522.6132,-486.78156,110.42874,492.2895,-357.88657,233.11694,601.32605,-399.73444,379.57483,615.1911,-353.97144,208.12578,583.89386,-372.5698,412.6921,603.29755,-342.4645,109.89724,624.9214,-463.48352,479.10977,657.1555,-448.19073
4-0.pngresized.png,231.67229,70.754486,-236.27028,237.25682,55.027477,-219.9778,243.91046,54.381824,-219.99533,250.7168,53.67358,-220.18341,218.53818,57.32401,-221.81941,211.27313,58.168915,-221.69489,204.07594,59.156094,-221.78978,258.85345,64.504745,-111.53105,194.15361,71.43772,-111.558174,245.3018,89.71059,-196.56926,219.53207,92.4139,-196.4633,301.80478,173.26114,-81.12843,151.5311,172.6201,-86.784874,313.14944,302.35336,-126.73111,129.39275,300.96924,-129.26508,365.3625,314.44983,-295.52676,81.496864,312.99524,-310.108,385.30246,319.27695,-306.16086,61.414993,321.73907,-315.35767,392.6055,307.09268,-337.3615,56.521408,305.33817,-352.50632,377.7308,307.33615,-310.67203,69.856735,304.83594,-325.3606,264.50464,368.72928,0.4222166,173.96666,368.41193,0.5317114,383.2243,340.90198,-308.46625,68.286476,337.73962,-281.63858,182.72719,427.85425,-223.76875,254.2542,427.45734,-190.62044,163.88608,420.4058,-204.18275,270.7813,420.829,-172.14554,102.44526,429.15717,-265.33682,331.74182,427.59488,-242.718
40-0.pngresized.png,348.26297,126.370895,-201.32103,364.36166,105.93434,-186.72835,373.99973,106.382034,-186.55634,383.91315,106.6819,-186.899,340.092,105.01172,-177.86508,331.8151,104.43187,-177.71164,323.48752,104.10327,-177.70158,405.71603,121.2399,-45.13729,319.76492,116.31149,0.101574585,369.05634,154.09065,-146.51608,336.4931,152.91862,-133.81543,477.50046,265.81244,-14.6172085,255.47333,256.27136,25.866812,539.68677,450.81757,-54.76161,214.99586,456.12534,-2.7643912,639.72986,571.48145,-218.98296,127.90427,565.14325,-231.4422,686.1754,604.0344,-216.86818,86.917786,594.3054,-236.76031,679.9227,602.36206,-284.3561,91.78093,584.7312,-305.3983,653.42804,597.7564,-245.91931,116.96422,581.79425,-259.9489,437.50626,595.9755,5.124115,297.52838,594.6974,-3.6639729,622.89874,592.0026,-507.8053,123.70715,606.8225,-523.982,305.29865,700.5627,-375.26242,416.45566,684.89136,-300.5454,271.90555,680.47314,-343.8612,442.21573,663.87897,-264.62347,189.3101,716.89325,-426.6623,538.19196,687.82745,-350.72037
41-0.pngresized.png,336.31564,101.60363,-97.95565,355.44525,84.045555,-108.82328,361.25354,83.63819,-108.85748,367.33142,83.107475,-108.926636,347.20673,84.680786,-77.20075,346.6357,84.443954,-77.26106,345.90262,84.332634,-77.11176,398.29462,92.5409,-111.3566,369.2831,91.81917,32.502026,354.30804,123.43386,-100.03129,342.9817,123.260315,-59.840206,457.0054,216.98596,-182.27171,359.22934,222.4186,111.20316,438.20078,403.60025,-187.25005,288.11234,374.55063,114.87295,362.75897,504.15985,-226.466,178.87727,459.98407,104.44264,356.45245,530.0415,-250.83534,141.29591,479.16028,131.9621,335.9624,520.5459,-276.235,138.26363,473.17212,103.87537,335.81058,512.5272,-235.5852,159.34534,471.65222,91.439705,428.9588,511.71494,-99.309906,364.62592,483.9048,100.2906,230.12274,548.57434,-302.08533,163.34608,468.3728,293.59268,259.41312,554.34656,72.474434,279.73444,568.6686,149.92487,278.8907,552.48413,121.2331,307.09265,579.58093,138.32721,215.81998,532.0644,243.72487,273.6788,583.10724,162.59694
43-0.pngresized.png,156.24864,69.08109,-174.62967,156.38823,56.116074,-150.20457,161.10477,55.651974,-150.27415,165.91582,55.091377,-150.48354,142.07068,57.887936,-164.64679,135.651,58.587345,-164.50757,129.30597,59.37638,-164.59819,164.90707,64.599075,-33.22515,114.91335,70.75351,-92.8396,163.75531,84.64343,-133.0465,143.2172,86.84306,-150.33205,196.193,153.1246,8.070706,72.30802,149.09123,-110.02524,221.34406,251.6705,-23.662088,72.26213,242.88164,-172.66621,285.4995,265.257,-197.75409,88.55095,268.7706,-330.61966,308.3032,270.50455,-209.71727,88.572395,286.1259,-360.81378,314.1398,262.3133,-238.75465,98.69812,270.66684,-375.1378,297.28766,262.3571,-213.18663,102.94921,264.31323,-335.48526,179.20255,302.0765,32.495438,105.281906,315.61154,-31.587255,316.93753,287.44577,-215.65247,77.16659,310.36755,-393.58176,176.88388,358.77582,-143.34013,241.50153,359.0382,-244.9288,152.98058,351.47726,-127.00187,252.15399,355.3541,-220.7233,145.04434,388.8703,-162.346,322.48383,358.71854,-283.2233
44-0.pngresized.png,286.27798,91.54455,-184.21198,294.7007,77.82752,-163.57,301.41885,77.53036,-163.62784,308.41318,77.1323,-164.02678,275.5385,80.20169,-160.24774,268.6927,81.287224,-160.23982,261.94135,82.47503,-160.31644,320.47745,91.52424,-48.77866,255.27887,97.46099,-26.43023,301.60788,113.07182,-144.0441,275.9311,115.6368,-138.14381,370.94247,217.75096,-38.303524,215.16417,219.387,-11.356755,417.47223,355.484,-60.384953,161.10594,353.02698,-47.34336,506.28143,428.34854,-222.91943,68.91447,420.61115,-220.3297,540.1482,441.70908,-237.70741,33.58317,437.81552,-228.02434,543.17017,438.14795,-292.06415,33.787807,430.0318,-286.57214,524.9515,437.84573,-249.04112,51.121754,428.4597,-247.9857,344.34995,458.7657,-8.871313,244.44296,460.561,10.3475,509.02158,473.4641,-316.66507,94.071236,457.2827,-276.44138,315.0052,498.14682,-67.50497,307.07065,508.3008,-100.36122,299.96942,473.82373,-33.223145,319.3595,484.32733,-75.29441,236.32086,487.99365,-49.647224,404.10443,507.5743,-111.32129
46-0.pngresized.png,276.37674,84.72469,-130.0299,276.19333,72.64804,-112.64766,280.31155,72.16453,-112.589066,284.66245,71.576256,-112.83135,262.4514,74.74736,-122.30465,256.4759,75.62066,-122.258965,250.5439,76.60134,-122.24652,284.37344,81.35128,-16.111523,236.12903,87.61202,-53.86836,283.4192,101.380005,-95.398796,264.63766,103.941574,-106.544,320.06995,176.54903,-22.74875,193.49956,177.29326,-42.917454,373.48926,279.02264,-59.751953,139.20059,276.43607,-77.448586,446.62482,358.72272,-140.54059,65.91046,362.24097,-168.24243,476.03287,377.61105,-138.93413,32.097828,384.98062,-169.82356,469.25656,378.60556,-178.17702,43.704388,382.61407,-207.60846,454.66614,375.74487,-157.92667,58.537685,378.45026,-184.27094,295.1715,386.239,9.756286,216.28098,388.4909,-8.994078,429.23624,389.51608,-212.09196,111.8387,382.97678,-250.53236,269.61786,420.99942,-91.34454,270.66107,427.0699,-106.13453,255.11516,402.3229,-70.728455,281.54355,410.38922,-86.69834,211.30446,420.36877,-91.27206,344.98386,427.75177,-133.25064
48-0.pngresized.png,266.36288,95.1409,-226.1828,274.73416,79.72011,-206.86105,280.87546,79.18001,-206.64471,287.27094,78.49601,-206.61362,257.41553,82.06586,-203.01727,251.06073,82.81171,-203.22705,244.72385,83.68064,-203.70302,298.07385,88.55192,-97.49203,238.48515,94.164024,-71.50476,279.7946,112.801895,-187.04732,256.4903,115.34123,-179.46683,344.2077,188.31963,-87.98701,196.09798,196.35544,-57.293198,402.29776,300.62064,-133.08228,142.20247,307.58353,-106.24432,477.37805,400.52698,-273.7226,65.4111,401.94122,-266.5584,510.72043,422.6277,-290.43436,31.193085,428.25775,-288.9212,502.65396,427.52792,-339.59174,43.539062,428.48013,-338.3241,484.2062,424.38348,-297.12134,62.620476,423.26642,-289.99738,314.0751,416.42783,-8.866722,223.71404,419.4878,9.784266,452.11353,457.38702,-324.15463,108.274506,415.92844,-320.6815,296.04904,458.34006,-59.09509,282.94296,474.5893,-149.41063,283.88605,434.2567,-23.633324,294.77856,458.52652,-126.17928,232.72606,454.19415,-35.396812,359.81808,480.62494,-186.2172
49-0.pngresized.png,200.35307,76.13361,-121.615456,204.03008,63.131542,-90.82854,209.53165,63.013798,-90.91199,215.2217,62.77326,-91.137985,186.9915,64.34771,-99.18984,180.00368,64.81979,-99.01245,173.06544,65.406425,-98.960236,217.80292,74.623085,34.904377,159.22237,78.14917,7.491396,209.86142,94.63079,-78.24273,186.25253,95.962135,-86.887276,254.3445,176.33951,35.495785,114.82763,181.05992,2.82376,294.3097,281.57095,8.5711,114.699104,300.15955,-50.69296,365.58127,346.711,-150.59682,82.664116,371.9403,-197.90158,394.8375,362.08658,-159.00232,64.66981,394.90915,-214.42957,395.94385,362.82956,-200.58432,69.892456,388.0933,-247.5515,377.93695,360.1347,-170.21074,81.76093,380.3922,-213.38611,240.65056,376.5304,3.2141485,150.28537,390.14874,-1.9966704,377.39096,400.00037,-294.27078,72.88441,416.40292,-407.24014,243.91164,424.19373,2.7748063,245.90298,456.81598,-167.70212,228.72946,408.3106,41.066143,253.83264,440.93436,-136.23323,201.91653,435.3759,32.586216,330.6373,465.5302,-196.91435
5-0.pngresized.png,123.10955,44.51848,-102.603806,127.54654,36.2659,-91.65129,131.05411,36.091537,-91.71368,134.65764,35.87233,-91.90211,117.70745,36.98709,-90.24087,114.14936,37.183807,-90.113174,110.62911,37.44806,-90.058464,140.50563,40.76947,-26.560837,106.61559,42.46599,-15.277241,130.49603,53.72693,-79.509766,117.36659,54.42627,-76.491554,165.48573,96.50229,-16.744497,84.03405,95.673805,-4.352589,177.01318,162.03424,-46.883114,77.89685,162.76932,-34.585625,209.59167,188.41841,-156.48668,50.781624,189.4741,-158.66829,223.30934,194.51443,-165.0939,38.964912,198.20587,-168.50981,225.43637,192.541,-186.64,38.111664,193.70604,-193.3126,216.13792,191.66255,-166.62347,46.80162,192.16005,-170.31793,150.18178,205.71188,-5.2565274,100.30664,207.60165,5.9380574,206.86945,215.34454,-193.71135,49.121193,213.30165,-197.59387,108.54031,232.83325,-75.8663,149.18332,238.05795,-100.52538,100.2088,223.05202,-58.18722,154.3783,228.64499,-85.3226,66.975555,231.47037,-69.67804,196.77817,237.07101,-112.85387
52-0.pngresized.png,129.04857,57.781357,-91.44099,133.40225,51.186066,-82.77826,136.25739,51.365555,-82.74813,139.19438,51.495193,-82.79437,125.28507,50.875824,-83.49635,122.24195,50.658142,-83.48623,119.21032,50.492783,-83.51559,142.44153,55.691498,-26.202122,114.799095,53.860672,-27.968462,133.69644,65.93172,-70.63576,122.848114,65.337265,-71.133224,158.47859,97.0402,-14.390812,91.133865,97.19787,-9.682145,179.91098,149.4121,-33.19673,75.78267,150.85715,-27.14664,215.51611,172.81302,-97.80425,44.737137,164.41133,-98.02509,229.85661,177.22658,-105.246635,32.327187,168.41582,-104.1787,231.52734,175.36829,-123.20974,31.08863,162.04788,-120.099495,223.4389,175.06079,-107.07428,37.07257,161.24469,-106.41419,145.45737,189.45717,-0.8287296,103.48718,189.53313,1.3724173,214.65799,192.4527,-114.81334,44.397324,176.30923,-119.66878,130.86118,209.98766,-45.436684,126.79814,211.77827,-78.49125,122.692116,201.97128,-35.18904,134.7188,206.81287,-71.70832,98.100555,211.02924,-54.840584,160.60158,215.02602,-105.4136
54-0.pngresized.png,190.29727,48.969044,-257.63113,198.74864,37.274612,-244.16327,204.26988,38.613102,-244.1357,209.91624,39.876804,-244.21118,184.09193,33.935936,-245.95512,178.04395,32.517605,-245.85631,172.02849,31.233587,-245.8378,213.93349,50.368378,-151.89362,162.05324,38.637646,-155.11792,197.38751,66.39571,-222.65596,175.72253,61.77968,-223.93294,238.02652,125.76559,-117.13359,110.15818,112.22167,-141.22884,260.77505,218.34433,-108.35929,80.10966,210.25656,-127.48012,297.24164,293.9364,-156.32196,70.621826,300.1313,-157.54425,315.4863,316.53256,-147.29237,57.206825,326.44952,-159.04147,314.11337,319.49997,-179.60066,72.663826,329.98767,-185.6032,300.21448,314.50827,-167.84212,84.717415,321.32324,-165.75912,207.06638,278.33688,5.0703597,132.83195,281.39594,-4.1790423,310.9734,271.77158,-279.8503,67.829956,269.85202,-321.5522,165.0119,334.26666,-164.55847,232.1971,337.01993,-242.41718,147.23114,328.9186,-143.95618,247.8375,333.3699,-226.74498,114.12471,355.34695,-182.00978,300.904,350.20868,-293.95676
55-0.pngresized.png,181.04211,71.26859,-110.54449,190.3945,58.34263,-108.85572,196.24132,57.745434,-108.78085,202.25403,57.080826,-108.83945,176.8808,60.069992,-95.46051,172.38208,60.54718,-95.46182,167.90248,61.159172,-95.58514,219.74596,64.13314,-49.11345,172.7542,68.57995,14.47531,197.96501,84.63851,-87.82287,178.89479,86.71727,-69.3413,269.87497,140.70578,-23.010803,153.36258,140.73735,23.22004,288.70642,239.3323,-51.89962,126.72423,240.56337,-6.4161577,332.45712,259.4057,-144.77182,64.80782,259.28604,-124.39759,353.62088,265.95795,-140.28049,41.464592,267.2847,-117.14064,354.73837,259.34747,-170.36403,37.21042,254.70995,-150.80289,343.21664,258.9867,-157.79158,49.591026,256.21796,-138.898,246.347,310.54044,-9.11254,177.07443,311.0765,9.728133,329.61685,268.8057,-252.31735,82.846954,291.6514,-214.40454,165.71028,345.91614,-164.59615,240.74281,351.77496,-126.535515,151.04498,343.35773,-146.1696,255.91823,341.50043,-109.59709,102.51822,351.58978,-181.0007,310.22086,362.90872,-150.38826
56-0.pngresized.png,228.87904,74.33486,-141.45717,235.18007,61.054184,-118.307236,241.01721,60.886494,-118.24404,247.01971,60.65652,-118.50212,217.73659,61.813255,-120.39965,211.30827,62.01999,-120.2278,204.91942,62.363087,-120.20376,254.36766,68.472336,8.980243,194.90804,70.31202,7.5827565,239.46289,91.32286,-95.2099,217.82487,92.27593,-96.05917,293.68167,166.76897,29.389671,149.31416,163.3522,21.93389,303.50748,285.51614,-25.350918,137.78276,287.65158,-35.164757,347.37674,334.86667,-274.89114,98.671585,328.2521,-276.64706,366.1295,348.67206,-313.856,82.788124,339.98914,-301.6326,366.26904,340.38522,-347.32916,78.47897,328.8575,-347.55035,352.69424,337.74506,-294.33496,91.28957,328.06705,-297.1601,261.89523,373.80667,4.6774817,168.85013,372.78662,-3.7165937,365.97858,383.63034,-377.1921,87.05957,393.9043,-366.9549,169.05731,437.05328,-246.99492,258.66415,421.60126,-160.75299,151.18492,423.17825,-222.50867,272.0518,407.12936,-130.26645,90.681465,436.9799,-296.68372,335.47372,412.90128,-186.41943
59-0.pngresized.png,122.03882,76.506256,-38.02602,123.009224,73.908936,-30.281574,124.52303,74.07042,-30.301567,126.09042,74.20206,-30.37178,118.25937,73.93532,-32.283333,116.318825,74.055244,-32.274452,114.39152,74.20153,-32.30125,126.321815,78.70915,1.618624,110.20336,78.75533,-5.5003023,124.37254,82.845375,-27.603632,117.67431,82.80376,-29.701986,136.96158,111.54956,1.0764762,94.83421,109.97539,-7.0047073,149.8992,143.58678,-3.3984244,91.53027,144.35915,-14.687607,170.94727,159.11903,-39.50587,83.89288,153.75673,-62.59641,179.08255,163.10117,-40.246605,79.64894,158.47383,-68.82762,179.64273,162.86937,-52.003105,81.47101,154.44089,-76.11657,174.7044,162.4066,-44.88536,83.95416,152.77081,-66.04565,128.41245,166.60902,1.9672,101.34058,168.30267,-1.696624,174.42871,166.8157,-79.23933,71.9771,169.84323,-98.33624,118.1128,181.60771,-37.82571,128.50302,184.34386,-52.862457,112.32,175.87138,-30.592161,132.0677,180.16452,-45.43793,94.88061,186.88809,-36.912014,152.50925,183.76643,-60.36594
60-0.pngresized.png,127.27912,49.525146,-83.23298,129.28336,40.71971,-72.30169,132.27312,40.59323,-72.30319,135.35359,40.39917,-72.36106,120.180244,40.885284,-77.423454,116.26936,40.732742,-77.37071,112.38765,40.63324,-77.38226,135.58496,43.779068,-10.228235,103.955635,44.051285,-30.278635,131.37112,57.993668,-60.04884,118.89416,58.140793,-65.95114,151.58592,90.356514,4.611006,77.3488,89.52535,-34.009586,176.72806,147.44508,6.866657,71.2051,153.30113,-48.17458,214.8383,185.56013,-53.42239,64.851746,200.9568,-114.724335,229.75429,195.17851,-54.53334,56.34694,216.82495,-129.60889,228.00967,195.93887,-75.434746,66.424324,214.52953,-141.78375,218.62396,193.44392,-62.092426,72.935745,208.48909,-119.70772,142.97208,198.50534,9.4428,97.54429,203.51755,-9.020039,227.61618,206.88615,-98.52049,52.94422,221.54906,-184.96806,144.09903,222.84001,-2.6347532,132.51399,226.6936,-62.844273,133.2036,214.48743,12.328822,137.15164,216.77086,-46.10658,120.167206,231.7785,15.047928,171.7753,229.55594,-56.414333
61-0.pngresized.png,277.10156,96.176575,-184.35455,287.4696,76.520676,-164.38335,295.5029,75.93484,-164.27531,303.75467,75.245,-164.50212,265.20825,78.41291,-163.00728,256.95355,78.8817,-162.89868,248.72913,79.527664,-162.9561,316.7784,86.34864,-36.09408,239.71799,90.95634,-22.03884,294.07022,117.45033,-137.41171,264.18195,119.51165,-133.8469,366.5981,206.89514,-24.604366,191.69257,210.82607,-8.226089,409.69113,341.64633,-65.889366,161.00307,357.1961,-58.863316,486.82187,431.1235,-234.03326,88.441864,446.20636,-252.28963,521.84204,452.85968,-247.22693,55.830025,470.50488,-266.3507,519.1143,454.25464,-294.7172,60.722824,465.9598,-321.68286,498.74896,451.77042,-256.87332,81.0644,461.2211,-278.1948,334.3437,464.9421,-1.8011398,223.74677,470.2585,2.9516695,480.35034,479.08154,-342.09448,86.497116,494.3908,-341.5124,252.0418,521.05756,-147.35863,308.85458,535.318,-160.57097,232.38707,499.72458,-117.14125,323.0625,510.88904,-133.8681,161.81177,517.23737,-160.66243,414.60568,537.7826,-188.53905
68-0.pngresized.png,164.9507,48.81614,-136.30981,169.82341,41.37036,-120.80522,173.72597,41.53046,-120.79938,177.71643,41.635582,-120.901344,158.46364,41.76217,-121.13141,154.36818,42.001347,-120.97812,150.30386,42.335716,-121.000885,183.06007,48.973717,-32.621822,144.60475,49.57305,-31.281088,172.32535,60.88221,-104.70103,157.44296,61.16493,-104.440926,213.75975,113.35291,-10.410698,113.06614,110.564804,-11.049611,228.12776,184.69322,-52.709423,93.72073,181.75685,-68.45019,260.63843,205.37494,-221.93497,63.53814,198.45152,-246.74008,275.55954,211.85066,-252.70699,50.169807,204.42818,-267.88983,273.591,207.34972,-272.43213,51.016052,198.27324,-294.7727,263.47397,206.63332,-232.45206,60.877174,198.47414,-260.42212,190.8453,233.43065,0.340156,129.9337,230.10979,0.32142773,276.35486,244.28291,-278.71716,55.43329,215.79324,-249.50406,146.452,289.33524,-206.33504,182.47638,286.99808,-204.25491,134.25818,280.30884,-192.47673,197.51811,281.674,-193.51443,92.33292,298.49457,-243.63617,230.7159,304.87964,-247.4171
69-1.pngresized.png,261.96423,71.893074,-129.64786,270.16092,57.899822,-114.27391,276.7656,57.542564,-114.12017,283.55396,57.060654,-114.32662,251.91406,59.52261,-112.42413,245.0138,60.1238,-112.50899,238.16696,60.851425,-112.6858,294.04904,68.064316,-17.997746,230.6748,72.39318,-5.1700983,275.8976,90.88543,-94.34443,251.29909,92.74309,-90.695915,340.00748,165.20764,-26.527987,195.22047,165.14713,1.0383505,394.34085,274.88654,-61.71038,167.16342,271.4661,-26.683973,452.1704,365.7548,-144.6125,112.46238,352.38672,-176.2817,479.72498,390.8373,-143.97275,86.123314,380.96518,-187.01038,470.53305,394.15503,-180.7628,97.35678,377.11572,-228.80399,455.12717,389.38547,-159.99495,113.46567,371.52826,-194.01611,317.93002,378.86127,-6.128411,229.34575,378.57336,6.826081,388.09424,395.91623,-303.0307,117.75967,403.49594,-274.25955,204.82697,430.37436,-166.96605,289.04913,430.63638,-132.3942,188.9487,415.31113,-141.67677,303.86462,415.07388,-110.12588,125.89686,430.56192,-174.86047,357.55283,431.90063,-160.3767
71-0.pngresized.png,143.43127,41.001144,-216.37863,146.13174,30.246078,-207.27818,150.19528,30.307928,-207.2732,154.38728,30.299183,-207.37051,134.39694,30.124908,-212.25418,129.21948,29.967049,-212.24164,124.06682,29.87494,-212.31567,154.06326,36.548534,-134.9516,112.930626,36.010357,-154.2013,148.49278,53.28186,-187.33505,131.79022,53.08184,-193.05193,174.98186,92.176735,-93.864784,73.5354,100.39645,-141.82175,207.32785,166.44948,-68.8751,63.22331,194.81204,-132.63986,257.21848,215.27518,-104.43181,56.11693,273.10626,-154.68793,275.71844,228.23985,-97.57624,45.13129,295.7206,-160.1873,277.25656,229.8776,-130.95677,55.728897,294.83844,-184.17604,264.78067,228.4245,-116.3381,63.962807,286.0963,-163.17787,160.79665,223.31776,16.673092,99.82717,234.66017,-16.261078,281.07724,244.6038,-160.5634,54.156216,298.68143,-244.16238,138.74208,288.85562,-51.46305,157.89973,279.23917,-41.71042,118.77319,277.4744,-32.66535,164.83711,263.23514,-14.600488,96.36527,315.77542,-40.863297,207.55727,278.6725,-10.212164
75-0.pngresized.png,209.72202,66.7459,-88.7856,216.82275,55.60261,-71.236176,222.29373,55.829483,-71.1108,227.89798,55.968536,-71.205795,201.36874,55.968487,-73.82178,195.56674,56.0934,-73.63144,189.80086,56.37832,-73.64652,235.39568,66.442085,29.992338,181.91382,66.68285,24.352419,220.29964,83.88141,-51.833645,199.29895,83.93199,-54.03628,271.0241,151.25337,35.09804,142.94235,148.07047,14.02136,286.09174,232.6454,-17.846798,119.58736,228.86774,-55.76878,305.77856,273.9526,-221.47621,102.45273,271.5203,-247.77342,321.56253,294.3665,-252.91248,86.45724,293.65533,-277.58725,309.24335,290.9147,-278.2331,103.99481,289.7208,-304.80777,297.21936,285.91464,-232.93999,117.14911,284.0117,-258.95178,248.49037,328.36945,5.217243,170.24623,331.80045,-4.3837547,349.329,310.00284,-302.06076,83.12786,318.69217,-296.63425,182.02925,374.9225,-200.28871,267.40952,393.0276,-243.55031,165.63797,368.29944,-179.42024,284.78665,385.46646,-229.51839,112.84921,377.25,-222.78316,347.77493,402.85583,-296.82562
76-0.pngresized.png,143.3264,43.751137,-29.030415,135.9516,31.98162,-12.736237,135.88097,31.97662,-12.662239,135.95415,31.878092,-12.87158,132.22667,32.457226,-41.17178,128.67139,32.389126,-41.2408,125.12886,32.346138,-41.42061,121.26074,37.748775,36.894897,106.08872,38.710808,-77.74638,138.62587,57.1161,-10.413479,131.97806,57.303684,-44.15631,122.256996,109.48861,83.37221,69.659996,117.61355,-146.12651,150.60797,188.77628,111.55287,106.44693,219.77625,-123.91047,213.37909,214.65785,73.06954,213.538,232.06564,-40.953224,231.46475,221.72337,83.068146,242.00807,242.51442,-47.16139,240.51735,217.41301,59.877983,247.08432,225.36882,-47.189728,229.31577,217.71329,62.138985,237.29742,222.07826,-37.97754,120.480774,256.75314,71.69842,87.18121,279.10635,-71.17124,240.074,226.77475,193.55583,247.37149,271.67096,-103.67898,235.89621,300.74905,143.90558,244.05705,298.424,172.5658,224.50443,310.96677,137.70264,230.93163,300.6494,206.50937,267.54498,315.24637,156.44272,285.0921,290.17316,267.11557
77-0.pngresized.png,129.74106,61.439423,-151.0743,134.63507,54.0896,-142.67392,138.08797,54.132584,-142.62823,141.61433,54.115936,-142.64247,125.338684,54.463135,-141.11859,121.977974,54.583176,-141.0652,118.64862,54.778397,-141.21754,147.74965,59.382248,-83.35067,115.140915,59.962234,-74.72259,137.00122,70.64856,-128.92336,124.09172,70.845245,-126.410774,173.15729,106.98463,-69.80877,90.70363,107.63145,-65.989296,198.12817,159.70616,-87.00237,70.417435,159.05673,-94.904976,205.56915,186.15639,-201.83937,54.019386,188.93481,-209.00406,209.50299,197.85472,-224.26929,46.20324,201.85152,-228.43887,203.54762,193.41873,-238.3234,51.48494,198.09686,-250.74353,198.35649,190.63338,-208.39021,58.43081,194.28918,-219.09656,154.32574,204.17249,-0.44066733,107.0741,207.37866,0.96847177,219.83896,185.15486,-154.37401,49.185028,197.53532,-156.28687,126.39473,227.53842,-94.31768,146.04999,232.85966,-109.3044,117.586105,221.94853,-83.73575,151.66975,226.63336,-100.53927,86.72621,229.57724,-107.476234,189.86435,230.99744,-135.68172
86-1.pngresized.png,130.90605,67.5244,-20.271461,134.79733,63.088356,-27.792349,135.77293,62.842987,-27.760431,136.81953,62.584175,-27.75087,134.2561,63.45231,-16.534637,134.7073,63.489594,-16.560009,135.1466,63.56369,-16.510542,144.34006,64.39716,-45.32635,142.00142,65.41135,5.8775983,134.70085,72.43609,-25.674677,133.98381,72.8506,-11.111854,153.84584,95.21842,-74.60887,146.8218,96.398125,43.020927,138.15363,140.6187,-79.5546,135.99957,137.20387,47.305927,110.61467,168.23271,-61.05491,116.84247,161.89774,29.544239,106.511986,174.22028,-74.00903,111.67946,166.66185,31.305006,101.89051,172.63335,-71.87569,110.9966,165.16467,23.553684,103.69002,170.64282,-60.31429,113.54348,163.40083,25.264317,150.39183,179.14755,-38.175076,142.80313,169.65479,38.405396,83.57912,189.94884,-57.29065,92.6543,170.67825,95.497574,124.47372,192.07115,49.083145,110.40352,192.38382,90.454735,132.60895,190.78545,61.339046,115.36878,196.02986,90.52144,125.00273,189.68002,92.56371,105.45473,195.30154,103.13637
87-0.pngresized.png,184.22461,61.27151,-128.76779,192.64117,48.16066,-106.35994,198.95563,47.988102,-106.2812,205.41577,47.746273,-106.407684,175.40804,49.477013,-104.790886,169.02684,50.026817,-104.72801,162.64276,50.69173,-104.74146,216.20287,58.703587,0.1240187,155.90352,61.971447,10.340099,197.94603,79.32746,-91.52957,174.31357,80.8517,-88.63335,255.132,153.16473,-6.375745,118.08775,154.62143,5.8798895,282.1633,272.293,-34.75519,91.59782,277.25104,-46.12828,228.5596,338.86475,-146.54622,143.86893,338.8951,-189.08946,217.07559,366.8813,-171.92027,155.07895,366.8328,-218.13527,201.90305,355.75943,-174.45828,170.63052,351.3228,-224.24313,201.56602,347.04062,-144.72272,170.58731,342.53076,-188.96353,230.68907,361.80914,5.8525004,142.74501,361.95786,-5.3786097,342.71976,386.7172,-291.85513,52.57798,400.71594,-305.5336,170.62567,417.2401,-104.855125,206.5844,422.7836,-104.96736,154.60378,401.4946,-75.89658,216.16676,409.72412,-77.70505,103.21079,413.76315,-102.25475,276.90417,416.27762,-125.00704
90-0.pngresized.png,428.14102,208.20084,-549.9867,446.48004,178.762,-546.93274,457.5949,179.0164,-546.8483,469.03195,179.06976,-546.9832,416.60184,176.93109,-540.1409,405.26434,175.36278,-540.0825,394.00458,173.94452,-540.1502,485.40784,189.03766,-392.64307,380.81653,180.03134,-356.97104,446.73654,235.69527,-485.83313,407.18558,232.95471,-475.53674,551.919,323.36713,-297.24615,295.65012,314.67563,-291.58926,636.39966,520.0659,-373.68774,207.80623,511.5881,-338.10834,766.77435,645.78955,-619.87933,78.308014,632.0646,-543.4837,819.16516,675.381,-636.8862,22.006233,664.399,-559.1989,814.1185,670.7964,-713.4807,31.823454,654.6157,-629.3311,783.3064,663.8455,-653.87744,61.456917,648.6385,-576.4186,489.61078,657.79553,-6.997111,339.24396,650.9951,8.304193,742.19257,746.9093,-282.34082,91.27736,695.453,-287.07547,463.8212,719.5748,13.237033,386.92566,726.07855,-49.72593,428.6488,677.3281,58.63374,420.70743,692.86926,-15.863177,381.84933,736.1605,60.859203,489.7547,755.1819,-24.781229
93-0.pngresized.png,268.77963,112.21199,-173.56842,273.1471,98.835815,-157.27316,278.82578,98.21117,-157.44466,284.70575,97.496605,-157.85403,256.85223,101.45821,-158.41145,250.41844,102.64335,-158.33717,244.07854,103.91543,-158.46031,290.6932,108.5846,-61.578354,234.91011,116.56267,-63.449425,280.4855,131.29507,-140.62253,258.09482,134.43648,-140.98395,335.90976,219.38449,-37.735714,190.01791,217.03377,-45.304874,387.51532,324.70703,-30.046505,145.98184,328.31198,-60.510273,476.7246,320.3483,-156.52614,60.339302,307.45215,-204.35295,504.69995,318.41104,-161.68916,31.186914,301.79306,-217.5605,507.90622,301.3484,-202.8647,27.74641,279.06482,-249.36395,493.58914,305.4226,-175.12146,39.858086,284.40726,-220.1468,299.65518,400.884,6.222506,213.2945,402.57886,-5.0330715,416.24615,385.0994,-283.21564,114.825226,393.30276,-337.02298,229.98396,452.56296,-207.04646,295.3001,453.85147,-197.03568,208.08745,441.3304,-189.84013,306.9697,442.50378,-176.24277,164.10873,460.43073,-236.1284,383.744,450.14816,-240.56126
94-0.pngresized.png,338.73065,139.74792,-123.02469,353.75525,114.35219,-95.42936,364.5692,114.556564,-95.34478,375.5514,114.66777,-95.36545,324.8099,114.38452,-96.542915,313.50772,114.10354,-96.607544,302.21375,113.99524,-96.84419,390.59042,128.86453,54.93839,287.74,126.853386,54.831093,358.48715,168.76958,-68.10755,319.05313,168.20164,-68.4267,444.68924,263.4322,40.446133,224.38141,254.4685,44.697227,508.17157,433.38293,-93.98486,141.87747,428.60892,-102.686676,373.98895,412.46973,-259.38535,296.3171,423.9203,-277.119,333.86377,414.9021,-264.38107,345.2261,438.02844,-286.06393,330.0678,380.12454,-227.68188,355.5252,398.5454,-255.6213,338.98657,384.76712,-240.6303,345.04773,399.71902,-256.2109,413.74704,567.9942,-4.400699,277.18286,565.13043,4.626681,551.7902,613.7344,-461.7343,133.98386,589.81006,-391.91443,304.9975,632.2039,-177.60648,415.67963,644.58167,-207.51085,287.46164,610.6981,-132.20503,442.42468,620.8541,-172.958,199.43927,616.6681,-160.10913,530.1866,658.55914,-225.7436
95-0.pngresized.png,261.48013,92.65987,-322.9618,270.3569,73.614006,-305.24057,278.7049,73.58889,-305.16525,287.2321,73.47205,-305.28473,247.86115,73.738144,-307.0314,238.62349,73.57678,-306.92508,229.42413,73.55953,-306.95633,295.79596,85.56616,-178.8175,215.3349,85.21657,-179.9223,276.47452,113.17616,-274.5822,243.69164,113.09395,-275.2087,337.34857,185.71976,-156.76698,166.5615,186.23209,-135.2745,366.58197,311.6724,-118.72077,140.61105,319.50314,-120.214226,394.1157,429.04474,-178.74954,96.51454,436.50827,-161.66167,414.82043,464.857,-176.04237,70.65316,469.80435,-152.8442,401.64835,467.89114,-215.26079,80.14207,472.75742,-198.2725,385.7478,458.4189,-191.68372,97.824135,463.86493,-178.97939,296.29147,402.32874,-9.11465,198.77235,407.2534,10.10948,403.76,414.46924,-402.9416,92.67357,432.44302,-415.2348,204.10928,459.7819,-225.17403,306.43677,483.80765,-266.3536,185.28265,448.3573,-195.13612,322.96295,470.4348,-242.71799,123.33108,464.86368,-236.67099,399.1505,493.4201,-315.40222
