File29.jpgresized.png,449.63345,239.2084,-218.77837,459.90057,249.79642,-210.42644,460.12888,252.58015,-210.5648,460.6247,255.68773,-210.60927,459.08157,243.5162,-181.31046,459.19125,242.67636,-181.36464,459.18558,241.94066,-181.32877,454.68127,273.88733,-184.29007,455.3899,254.99994,-53.476,438.22845,251.5502,-211.94862,437.50555,244.70883,-173.86014,395.45895,339.16696,-108.39188,389.41626,221.05916,-115.470856,385.3093,415.33566,-86.31747,394.85803,139.39156,-179.04024,402.92422,476.61252,-228.70184,399.2751,67.3088,-302.26358,410.52975,482.87137,-260.9081,396.2544,48.144794,-347.5577,417.69812,492.9052,-316.28656,411.56213,48.988457,-356.4478,412.4577,494.12292,-256.63693,417.2847,60.452717,-321.89893,292.11057,337.7387,70.90106,245.77588,307.60828,-70.4145,362.13742,423.8629,130.93002,181.69806,395.33386,-171.66338,400.21863,523.14557,235.38763,131.27092,492.04617,20.962198,390.08807,542.1712,245.11165,129.41628,504.98987,33.115322,460.49783,559.0068,144.60294,130.53816,535.944,-156.242
File30.pngresized.png,445.32626,209.14188,-321.6013,459.7403,211.30975,-311.53864,462.78445,215.73769,-311.55182,466.05777,220.25697,-311.62265,452.28183,200.87047,-293.8173,449.97873,197.45178,-293.73776,447.6116,194.14099,-293.5674,467.82007,236.45972,-251.73991,444.37302,202.16083,-165.58803,442.96277,228.55133,-300.38162,432.96585,213.99153,-275.24542,430.76202,303.62897,-180.67471,393.19656,205.70604,-134.63475,424.8709,388.21072,-199.2541,373.98553,128.27495,-136.3138,437.3748,473.27682,-239.87918,358.46954,60.578182,-206.65042,443.8109,494.08722,-236.44778,354.1469,42.515053,-219.06099,451.65262,501.17715,-274.64902,361.99005,37.66088,-234.02283,446.18222,493.77982,-258.23157,363.79184,46.031178,-221.81203,317.06616,345.0887,13.302024,272.21637,311.69232,-13.171577,383.51346,427.7206,15.984092,217.43886,422.17703,-3.8509727,428.7298,503.02774,122.62087,180.07703,514.67255,127.20819,426.09277,515.07794,132.58249,177.2691,525.81915,136.75552,460.9522,538.315,81.358376,158.33298,557.7572,44.929012
File35.jpgresized.png,2221.4304,1367.0679,-666.47797,2249.2822,1397.3052,-660.6762,2248.4536,1405.6709,-660.6955,2248.413,1415.1403,-661.0458,2249.5808,1381.5211,-608.8587,2250.171,1379.0607,-608.71814,2250.2576,1376.8662,-608.5858,2222.0469,1470.4346,-537.99225,2229.1802,1413.6829,-319.48676,2179.648,1406.6075,-624.5372,2179.5027,1382.6168,-561.069,2014.9869,1654.9838,-247.56062,2007.4642,1321.0338,-406.1538,2075.3967,1946.9551,-284.61746,1993.6049,1029.8004,-546.8987,2146.7427,2235.2014,-678.90045,1996.9177,798.5248,-957.62134,2170.4438,2302.75,-691.9009,1998.1139,722.4592,-1092.9557,2188.4954,2329.477,-861.1478,2032.0874,725.61664,-1155.9048,2170.1047,2311.435,-764.7619,2028.8494,756.7427,-1022.9939,1557.225,1647.4095,192.89204,1457.1487,1510.3975,-191.97629,1790.9032,1920.5187,394.60376,1247.626,1874.719,-292.08212,1906.714,2276.9082,752.9446,1041.297,2248.1074,109.14474,1882.772,2336.742,778.02423,1007.37036,2282.0896,136.96173,2091.9836,2397.367,544.6719,1045.6627,2408.9756,-259.7236
File36.jpgresized.png,368.74072,238.5741,-178.64095,374.69333,246.48642,-173.26709,374.3011,248.19441,-173.34506,374.0866,250.17715,-173.43547,375.37622,242.57689,-162.36732,375.68573,241.99692,-162.39653,375.89078,241.4599,-162.38446,366.02176,260.92258,-141.97118,369.92032,248.80038,-98.973625,357.93112,245.6915,-169.06615,358.7321,240.58742,-155.98167,314.95828,295.2881,-81.41943,320.88727,216.48605,-130.6445,327.13208,370.29523,-69.99964,327.10284,141.1082,-184.86531,356.2385,425.60455,-170.62257,334.14532,77.19533,-269.45917,366.6517,437.59137,-186.3114,334.31226,60.170383,-300.98056,370.28796,446.41635,-222.5107,343.7567,62.329723,-318.37448,364.2106,443.5018,-191.76173,344.3438,71.161316,-286.24426,220.1419,286.60803,50.74753,187.95804,258.79877,-50.512276,299.2872,345.3973,100.88803,126.47146,344.6577,-105.93671,351.68527,436.1741,169.85844,72.134315,424.31802,-23.192345,348.03894,456.55106,175.02156,65.86753,434.69913,-18.285002,404.1974,458.24637,116.369576,69.52695,449.6155,-135.95958
File39.jpgresized.png,1924.8289,1943.9167,-584.7898,1904.8928,1944.3068,-449.78122,1909.1815,1943.434,-450.1011,1913.3156,1941.5817,-450.44138,1894.0988,1968.6119,-599.3179,1890.2181,1980.8798,-599.57666,1886.8307,1993.0208,-599.42285,1935.2816,2008.3564,55.770386,1914.6173,2080.7288,-597.0402,1975.4719,1989.5947,-394.25302,1960.4404,2012.6157,-583.9674,2172.232,2031.0458,-198.68454,2119.7727,2359.5737,-375.17163,2230.244,2244.178,49.019653,2025.6754,2703.9631,-503.74228,2285.2834,2448.8928,82.92978,2015.0681,2996.9446,-858.00806,2340.6743,2508.5261,-103.35707,1972.7015,3042.787,-886.625,2264.8877,2507.2295,-73.92004,1968.7068,3057.3179,-1050.7632,2236.2097,2492.65,49.957764,2006.9288,3054.8538,-930.81415,2945.5667,2233.082,-294.7234,2735.6118,2308.771,296.79202,3196.5637,2697.7588,-561.0966,2410.3042,2743.2961,317.40332,3438.397,3064.5554,26.220003,2114.377,3175.8757,664.6602,3469.1938,3115.4507,79.75421,2121.1145,3286.9082,699.0401,3369.6907,3166.0393,-533.2233,1820.6152,3246.3367,395.86566
File43.jpgresized.png,3349.1204,2276.733,636.6376,3398.084,2262.8262,390.38937,3391.545,2252.634,390.2453,3385.3845,2244.0237,389.9855,3417.9314,2307.8289,526.74567,3425.9778,2326.6055,527.7384,3433.5356,2345.7341,529.60565,3337.0125,2290.2627,-471.42667,3410.9834,2431.085,191.72665,3283.4502,2299.2017,353.25974,3300.902,2338.4639,547.42365,2983.0627,2244.4487,-679.51404,3140.0657,2862.088,-3.9195065,2899.9038,1832.0316,-830.26154,3050.6323,3368.881,-59.990013,3014.8672,1365.3635,-918.7844,3108.6206,3769.1672,-462.50186,2992.6018,1255.2688,-1016.4463,3144.4556,3867.5105,-647.9561,3063.2163,1231.3586,-1027.1611,3183.2126,3862.2676,-578.2691,3090.7158,1285.2959,-895.8682,3171.8616,3820.9575,-452.05347,2103.2002,2787.3926,-66.08806,2287.323,3004.9478,66.41202,1594.9896,3398.9897,-22.278057,2336.8398,3511.643,720.6554,1500.5062,4168.5913,325.04877,2342.2043,4048.145,1287.7539,1506.7926,4293.2,364.0295,2301.2234,4143.312,1322.5575,1468.8324,4323.3066,-32.85887,2506.8247,4143.2344,1106.2681
File44.pngresized.png,600.67285,316.67157,-141.41725,614.11646,328.18845,-144.98495,614.55304,332.6233,-144.84288,615.2552,337.37796,-144.95547,612.3663,319.60028,-108.297035,611.9079,318.1559,-108.40041,611.30096,316.7917,-108.395874,606.3166,361.86856,-151.58313,603.85486,333.59198,3.7537162,583.9118,335.50073,-142.87871,581.99176,324.78705,-98.87279,526.09216,446.9035,-83.38341,518.8635,312.49353,-34.06946,540.1348,566.99884,-87.09404,538.6805,226.04158,-59.6872,563.4479,682.83813,-208.63498,560.2374,178.89108,-125.89786,577.64233,709.0865,-214.08453,560.1496,165.17577,-191.5911,581.04193,719.2133,-274.98212,570.1178,167.8808,-205.48561,570.40393,710.74365,-239.85722,571.1545,176.82664,-150.05766,345.3774,466.84857,50.451885,292.4307,423.95953,-50.481575,457.26447,570.2,138.924,213.78589,577.62317,-120.5075,516.5219,721.84875,250.61038,149.29852,743.8736,-35.403572,513.55444,746.9981,260.51263,140.26471,762.0653,-25.980886,582.4648,758.7328,191.20683,148.78342,790.1715,-172.81989
File45.jpgresized.png,280.31552,232.19946,-96.09809,283.72568,237.07817,-84.44891,283.89133,239.03203,-84.44841,284.15323,241.10179,-84.50896,282.73114,231.98448,-76.1805,282.47333,230.51984,-76.085815,282.14618,229.06662,-76.00597,280.61896,247.99738,-34.636803,279.69894,232.85336,5.1837525,274.7733,238.24037,-78.372375,273.67807,232.33302,-67.91173,249.85614,268.01257,25.57161,248.93721,222.9052,-17.773235,240.80815,311.4182,29.937328,245.02888,179.21744,-45.294983,239.48741,343.2435,-22.902008,245.9602,139.01968,-81.218605,243.17697,350.9362,-26.189573,247.61578,125.985374,-93.325836,246.44798,349.6314,-51.151352,253.05307,125.2647,-96.97928,245.24294,349.13785,-34.939327,250.99503,130.47058,-89.25925,174.06683,259.62625,56.94874,172.8352,249.16495,-56.710823,135.34444,302.29123,53.532234,219.82573,292.0777,-108.25307,103.295,331.72052,99.99788,225.65732,347.1083,-34.517788,95.696945,333.5279,102.942696,221.14217,356.49884,-28.481516,103.1881,349.26697,77.40009,251.90157,364.90533,-67.21147
File46.jpgresized.png,996.78674,575.02673,-120.08571,1007.3949,571.9643,-129.63957,1006.7747,570.7207,-129.64182,1006.52783,569.92505,-130.15492,1006.06354,576.2511,-138.4338,1005.35144,577.5923,-138.47011,1004.4749,579.0879,-138.61081,991.3329,581.80835,-100.998985,990.24664,593.3136,-138.29488,980.37396,587.226,-105.21571,978.74036,589.36053,-116.777145,892.9359,617.947,4.329802,904.55975,624.60443,-196.79666,902.6944,581.37946,6.6788654,920.61676,634.8006,-212.9595,921.28467,512.89734,-102.28994,941.69446,655.90643,-337.6021,923.01587,498.41235,-118.73588,948.3468,662.3402,-386.94165,932.81024,489.35077,-148.08385,957.6202,656.75415,-397.18542,931.6574,505.37454,-119.82987,950.007,654.74713,-344.71002,668.9855,721.25696,125.121895,614.9678,713.96356,-125.75943,833.8515,824.0407,186.57832,422.3826,839.5974,-218.3972,892.08356,980.61633,325.82153,253.9716,974.1766,-106.59247,882.0336,1010.8018,330.43695,230.44711,980.2529,-102.25282,980.8572,1025.811,223.73866,229.78581,1053.7906,-303.44583
File47.jpgresized.png,492.6834,251.37175,-131.746,495.82544,246.56993,-131.56078,495.06448,246.75266,-131.47578,494.58276,247.01076,-131.61992,496.31424,246.69652,-136.88826,496.22147,246.50638,-136.9827,496.06213,246.45485,-137.09293,489.7782,253.38448,-109.37758,490.6188,252.9791,-120.49005,485.74576,261.78625,-122.025505,485.80084,260.45663,-125.56515,463.64435,305.55707,-50.158264,436.78552,284.11374,-142.54681,509.55762,291.48523,-31.411833,457.15186,282.57962,-151.58199,543.3779,272.295,-91.46254,498.57172,283.46387,-193.70995,553.847,262.73373,-109.82414,509.24747,281.17267,-215.0449,553.7126,258.6982,-135.88603,513.10675,272.63617,-221.3491,550.8157,266.1511,-107.375534,509.93353,274.63712,-196.82176,363.4484,429.03683,37.89216,314.15744,421.24637,-38.17081,462.67334,478.5166,24.694885,192.41045,487.3292,-39.259598,538.23376,568.66406,84.174675,87.57913,553.68066,44.28457,540.5713,588.89825,86.107635,72.5,564.4217,49.210033,580.05804,573.96826,41.325336,58.91894,570.80896,-45.548016
File51.jpgresized.png,2428.6125,1189.9689,-898.5198,2505.0703,1219.6135,-865.5873,2515.2983,1237.9288,-865.62463,2527.3047,1257.2208,-866.15344,2477.8542,1186.7195,-714.7698,2470.435,1180.5433,-714.9168,2462.416,1175.0605,-715.4048,2516.7695,1381.1051,-721.8257,2440.7234,1263.3248,-29.090202,2391.1265,1295.511,-863.2065,2354.9114,1247.4946,-661.5466,2243.771,1855.4177,-469.461,2071.4434,1263.366,-255.09605,2306.495,2343.614,-675.22644,2190.8071,773.04,-521.88354,2420.0056,2779.1277,-1378.4102,2248.9963,419.50116,-1214.5426,2463.1536,2878.4028,-1445.1926,2248.759,286.37912,-1495.3599,2493.632,2908.0789,-1760.0756,2309.3845,302.73465,-1547.0173,2457.9404,2880.062,-1531.0209,2320.6965,362.98016,-1321.4994,1519.8984,2027.1521,177.95877,1220.1155,1840.5463,-176.88478,1956.2269,2555.9475,440.85684,874.17175,2459.2732,-416.94873,2281.4124,3151.6824,911.37897,623.8386,3107.683,332.50104,2259.5195,3268.4753,948.63025,608.9552,3191.3228,382.46463,2594.5833,3291.4626,495.96805,563.011,3287.8022,-413.79605
File52.jpgresized.png,442.62234,331.38837,-164.46756,447.56223,338.23245,-164.37718,447.40842,339.69397,-164.35953,447.38373,341.4164,-164.38786,446.947,334.70236,-141.46933,446.85867,334.3023,-141.50694,446.58548,333.85727,-141.4188,438.41064,352.3261,-142.74742,440.95544,343.07782,-32.203182,432.50342,337.9085,-154.46646,431.77,334.7937,-124.8782,389.6431,396.02612,-49.211433,389.8577,307.20752,-61.868744,393.07883,459.21756,-71.79474,386.87332,231.44206,-99.36479,386.00214,494.61337,-206.54033,387.39206,159.63634,-175.79825,391.60373,500.67078,-236.74161,386.281,139.42778,-200.87971,392.51004,503.11356,-270.80365,395.09973,142.06654,-214.99844,390.04587,504.9209,-226.31438,396.15103,153.9376,-192.56767,278.4548,372.07108,80.92294,260.74167,353.1304,-80.64766,281.06342,457.3408,68.59598,272.1799,430.7768,-186.39459,310.2014,542.04065,134.37111,291.743,526.3729,-45.555557,304.65643,564.0731,137.42026,294.02032,540.8895,-31.162449,367.26352,561.5354,99.29848,322.6004,554.8136,-126.21257
File54.jpgresized.png,573.20197,339.40506,-204.9503,587.42523,353.48383,-196.98265,588.06903,357.6857,-197.05998,589.071,362.2957,-197.17018,585.56616,345.04315,-162.79895,585.44714,343.78238,-162.86563,585.1737,342.65753,-162.9042,581.6172,387.99924,-164.958,579.6771,360.92667,-10.549057,559.4742,357.7792,-197.0666,557.37134,347.30048,-151.7583,515.4248,463.33527,-74.653564,500.06552,332.6509,-102.63665,525.5371,573.05945,-128.42488,525.065,227.19603,-200.19022,539.3388,648.469,-333.01187,533.0487,147.69907,-372.61737,546.17816,664.01196,-375.15668,529.82855,121.396996,-436.9467,547.4479,671.8755,-428.9228,546.0578,128.39821,-446.9178,538.841,667.8301,-364.8554,549.5468,142.91852,-396.6913,367.49384,465.5381,80.71882,305.31085,426.8568,-80.33386,479.0858,575.7811,132.71263,224.035,542.4026,-193.82803,552.1764,702.86523,241.08345,169.1503,677.9139,13.617015,542.80646,725.11816,249.91832,164.43391,695.4118,30.775728,633.25226,749.0451,131.40617,163.88991,730.38464,-156.74426
File56.jpgresized.png,465.77713,259.66406,-28.192537,473.24823,261.11404,-25.696468,474.1607,262.4142,-25.946774,475.32028,263.8983,-26.324293,470.24847,259.14078,-1.6646682,469.47015,259.08484,-1.4113249,468.65088,259.1725,-1.0320964,473.70938,278.20242,-12.944736,468.01947,271.85062,102.01311,460.30167,272.34134,-24.004097,457.08713,270.26212,7.9918623,434.82367,356.5489,28.041142,411.91516,270.82004,46.018543,424.73273,433.74933,-32.16944,405.11694,195.22453,-9.680262,429.36206,494.94388,-151.34396,407.83295,122.275986,-97.02693,433.9048,505.43002,-166.77611,403.92206,93.68122,-127.52056,436.33368,504.92282,-212.9474,417.56058,95.81406,-126.039185,436.30774,503.6055,-172.39719,418.9781,105.51657,-109.38618,297.03342,379.85132,57.76774,283.89014,356.57562,-57.06948,225.71408,487.26843,14.624156,326.5294,440.69293,-188.96605,165.82976,563.5896,71.01855,364.5299,557.006,-89.63434,155.87785,570.8416,73.57177,370.06604,581.6975,-81.58197,158.98645,589.506,5.8091884,402.48288,572.40204,-172.90549
File59.jpgresized.png,885.7454,545.77313,-345.96143,908.4488,555.0669,-333.39188,910.9942,560.1064,-333.4964,914.0695,565.3592,-333.61148,902.2587,544.3221,-290.9843,901.29865,541.86926,-291.10596,900.2355,539.60345,-291.0586,914.38934,594.7671,-280.07425,900.77155,559.9313,-84.34856,875.847,571.5225,-328.46884,868.6955,558.30005,-272.29767,847.4376,716.48456,-158.77728,779.62054,550.5072,-139.08983,807.80536,827.72943,-153.00784,719.72003,444.74612,-221.77611,809.5726,944.82526,-338.91385,692.324,330.59793,-389.85693,813.57745,968.9582,-370.06854,678.6083,298.35062,-431.9713,823.59686,986.7127,-461.6535,700.2429,286.7928,-461.59534,816.41315,978.7997,-383.8407,709.3462,302.44034,-420.91098,650.5159,791.3795,86.19721,567.3592,754.1446,-85.48619,771.2551,958.01733,134.18019,503.8761,920.60284,-155.38191,851.765,1123.4215,256.70502,439.92648,1095.9678,75.54053,842.5443,1158.3403,268.33707,435.79117,1118.6343,87.725655,949.374,1177.0316,161.02664,448.12762,1158.9324,-156.97453
File60.jpgresized.png,462.9702,330.23575,-278.33597,471.25378,340.4217,-278.69647,471.5011,343.48026,-278.63748,471.88596,346.80508,-278.58145,469.929,334.01135,-254.15147,469.77255,332.72263,-254.02637,469.38425,331.4413,-253.96785,465.1033,364.04382,-246.14912,464.72864,343.21527,-133.85335,452.51096,342.2906,-265.95465,451.1823,334.38187,-233.57721,416.3493,410.866,-115.02316,413.60077,312.5082,-171.69962,405.71732,482.1562,-108.45906,416.4173,239.0476,-219.33792,398.99716,542.9535,-234.26819,427.84958,165.2742,-282.37558,404.42844,558.93787,-254.47205,432.9445,140.22298,-301.18295,407.49655,558.38,-296.88388,442.91272,139.1341,-319.67236,404.46902,554.0273,-256.20477,440.43893,151.70226,-300.18796,300.53052,379.8439,102.57266,287.14105,354.15836,-102.26149,270.68716,450.37973,201.58405,341.6365,459.84088,-225.27475,264.67795,476.06046,368.67383,344.4582,524.5985,-86.76515,259.30426,474.9754,382.51434,336.77786,534.1613,-74.15389,272.79108,508.34116,376.01907,380.2537,557.6887,-114.27955
File61.jpgresized.png,361.4842,293.09943,-190.10033,368.49356,300.271,-184.81271,368.20764,302.9311,-184.79651,368.1152,305.736,-184.83755,369.30734,294.25827,-170.644,369.8856,292.6332,-170.61592,370.36832,291.0533,-170.58514,364.9021,315.81702,-148.4654,369.2441,295.86536,-83.73735,354.38208,300.58755,-176.70667,355.62747,292.92725,-158.41832,333.81085,349.1842,-93.932755,333.21002,272.62894,-80.24389,331.97025,402.80872,-102.53644,335.50662,225.00226,-98.08137,341.04382,460.88596,-177.87627,335.32703,181.53831,-170.33243,344.7705,472.5898,-179.44287,335.64932,169.05383,-190.82152,350.94202,480.9191,-213.34303,343.13385,166.27397,-204.70895,347.9527,476.63022,-193.42491,343.6207,172.62627,-183.37448,263.4816,352.87265,26.414503,236.11894,325.92358,-26.285734,307.27765,420.2963,8.070549,184.89758,398.1471,-46.97011,333.0341,494.7631,47.46949,143.68307,460.7527,59.37485,330.2511,507.41357,50.13638,141.33832,465.88803,66.20963,365.41885,517.16205,-10.934396,133.49635,493.43896,-37.25441
File64.pngresized.png,404.84555,234.90599,-50.308563,410.91846,245.58162,-39.486286,410.50943,249.44922,-39.356106,410.31894,253.48967,-39.261368,410.7346,235.9517,-15.60556,411.04675,233.41562,-15.285588,411.2058,230.91211,-15.027372,401.47006,267.71158,12.355819,406.3681,238.12999,131.95015,393.44968,245.13167,-32.536057,393.4176,233.1189,-0.46536854,343.78162,312.24615,72.37102,358.45,201.51819,72.02483,333.28036,383.1146,19.42693,348.36774,121.80016,16.611612,342.53882,452.66876,-107.538704,372.4514,41.84818,-46.037636,348.94974,468.09912,-116.30961,377.0782,21.743673,-43.770504,352.75854,470.62415,-162.26588,387.6907,16.411346,-58.033577,350.44235,471.70596,-127.8506,384.37015,25.711315,-61.01476,198.7951,268.9275,100.66503,196.79422,240.25359,-100.25116,116.46768,370.3323,86.373405,274.94174,340.17407,-155.11969,41.575836,446.60995,111.240425,327.5488,449.4619,-136.56685,20.649847,449.40826,106.60941,321.0779,474.28302,-138.36844,38.908157,496.8741,74.529785,391.09387,471.951,-223.94931
File68.jpgresized.png,1760.9048,1145.4082,-525.7003,1795.3125,1171.3853,-511.22876,1797.3911,1179.4048,-511.65915,1800.205,1188.3666,-512.1129,1790.9851,1157.5974,-448.21448,1790.6178,1156.3351,-448.3472,1789.9735,1155.3511,-448.162,1788.2747,1246.351,-434.07895,1778.6951,1199.4349,-147.37994,1732.6173,1188.3141,-504.43726,1726.5924,1168.7449,-419.33197,1626.9308,1426.5248,-197.40674,1606.5778,1151.2697,-322.27835,1600.5914,1674.6581,-260.5692,1598.1847,936.1422,-479.60046,1665.273,1801.1825,-743.03937,1641.001,735.336,-860.4106,1681.925,1827.0016,-858.327,1639.9972,678.9798,-983.7277,1702.2277,1838.3086,-963.3081,1682.7251,687.1066,-1032.983,1684.0775,1829.7012,-809.3741,1684.8419,718.1328,-918.7405,1269.6665,1440.3354,177.90974,1146.1506,1356.0146,-176.76663,1552.7057,1598.5912,371.26605,900.3757,1595.1416,-362.85468,1731.344,1841.6252,644.5122,720.83246,1847.0562,7.6997566,1717.0793,1885.1693,666.2567,696.5864,1872.7915,40.50067,1885.1454,1915.7737,406.73892,686.9834,1946.2312,-360.94678
File72.jpgresized.png,765.61127,620.0143,-292.68878,774.4845,632.1996,-286.59637,773.9675,635.98004,-286.6051,773.68585,640.18005,-286.74435,775.3298,624.46704,-269.84494,775.72144,623.0659,-269.85822,775.9313,621.6742,-269.92584,764.1973,659.6798,-221.38976,768.76984,634.1956,-151.13829,750.467,634.36346,-269.34766,751.4946,624.16095,-248.94472,698.4586,715.1242,-111.28645,700.91614,599.5559,-159.27022,741.6185,818.525,-113.74634,715.2422,494.09042,-207.54434,787.952,906.4748,-250.53963,742.3842,400.95624,-348.17288,800.447,932.11835,-274.27676,747.8651,378.7969,-395.11258,805.28094,941.05225,-316.95523,760.99805,379.7421,-427.68112,796.8975,932.8373,-278.40286,757.8629,388.30884,-376.27792,526.4103,702.7534,62.421795,490.26852,648.6888,-62.2822,643.62305,801.78156,114.34908,405.74756,783.1295,-119.80569,716.56525,951.363,218.55702,337.95868,914.6166,29.550013,708.83325,976.96265,222.4423,323.36737,932.14154,41.709164,794.8253,987.0464,119.6717,339.57993,949.8173,-107.62737
File77.pngresized.png,569.91595,298.9314,-98.56472,578.80164,314.05112,-94.95034,578.74615,318.8319,-94.9818,578.9671,323.9193,-95.23704,577.39355,304.65308,-55.08242,577.1648,303.04257,-54.797077,576.7098,301.5165,-54.29615,566.9882,349.25476,-59.440735,568.3655,319.12277,129.83849,553.6666,316.23444,-86.79672,552.44696,303.8655,-34.08331,491.8295,427.68433,40.928112,486.60538,278.50946,79.60164,486.65656,529.5224,-45.70994,487.03592,168.05464,31.580765,490.81842,639.22015,-217.87636,507.54315,65.605354,-37.532394,498.66824,670.2316,-229.8774,510.01392,28.85643,-47.019447,504.9491,674.2938,-289.28534,526.20483,30.988287,-70.58068,498.66782,666.2132,-248.73222,521.8211,43.78297,-60.455734,305.69235,402.79175,101.56892,291.2936,352.92233,-100.79416,225.96927,532.3172,70.01096,412.28223,499.05746,-301.71158,121.504555,650.1908,93.529854,382.87732,667.6192,-310.15845,94.06405,652.24506,90.83167,363.42184,692.1117,-311.51086,108.42504,724.4203,15.283257,429.48184,728.31537,-429.7409
File81.jpgresized.png,454.33942,260.45282,-147.55797,469.27026,263.8275,-150.6287,471.34186,265.9881,-150.73422,473.70377,268.3219,-150.88924,464.76318,259.7801,-118.96585,464.0963,259.37088,-118.999825,463.39633,259.12747,-119.03911,477.38403,287.07394,-151.8198,465.98224,273.65875,-9.634668,451.1522,275.93414,-148.60667,445.73013,271.0165,-106.91356,441.42834,368.24765,-97.70359,407.159,269.37402,-71.85952,445.73605,445.04776,-105.55638,406.60052,186.838,-134.55093,462.2296,513.90125,-204.6158,406.88632,120.13962,-230.62453,468.17746,526.9623,-215.47778,398.29617,100.07053,-270.29126,473.5782,536.42896,-272.74725,413.7741,101.47518,-274.70038,467.9561,534.17487,-231.80295,420.14023,110.0457,-246.23955,330.21857,394.58606,42.88645,276.1067,371.28308,-42.302315,404.01752,461.0172,86.89887,201.46121,456.31534,-124.72348,467.16638,533.3129,158.15204,140.07224,549.99835,-1.143033,465.03052,553.1973,164.47386,137.2286,560.6865,3.731754,531.0084,543.4005,86.405975,133.82272,587.34283,-155.50357
File86.jpgresized.png,492.08127,292.4409,-166.41487,501.4124,301.48532,-165.35655,501.40503,304.5507,-165.35999,501.65668,307.85266,-165.39584,500.98502,295.96332,-139.50642,501.05478,295.01657,-139.56735,501.04977,294.15424,-139.56021,494.2958,325.61465,-152.3229,495.23456,306.8801,-37.779648,480.3784,305.64307,-163.51514,479.98334,297.6366,-130.20413,443.82025,380.02026,-116.42586,431.8959,291.6909,-56.025673,439.1454,459.32367,-131.83438,430.91483,224.65271,-96.55963,446.4192,523.0636,-241.8751,431.56387,168.03294,-217.7332,447.64252,536.3924,-263.43076,429.74045,148.30804,-257.02145,452.14532,540.1497,-306.47107,440.28857,150.19113,-268.0518,447.34088,536.21735,-263.13647,442.68228,159.94922,-234.17743,339.34143,393.3965,22.106972,296.06906,360.86502,-21.91607,414.83224,466.6865,52.009388,227.90343,446.2053,-79.98891,467.58673,563.8341,147.25977,188.9795,535.7011,91.14159,462.37048,583.3993,155.50063,185.88998,547.42126,103.57462,520.01666,584.9179,70.03186,179.03218,564.71564,-22.065323
download (1).jpegresized.png,188.15454,111.61151,-66.89185,191.35565,115.163956,-64.614075,191.26895,116.34963,-64.617134,191.28403,117.61442,-64.63394,191.28665,112.86599,-55.46497,191.32312,112.40622,-55.491108,191.32959,111.98573,-55.492916,188.16296,124.297485,-54.844368,188.92249,116.541336,-14.957773,183.53827,116.57236,-64.51042,183.5337,113.27183,-52.938175,169.28351,144.94194,-42.751053,164.5453,110.78828,-22.176172,169.67963,175.21368,-52.87705,165.24806,82.87126,-37.698143,170.7958,198.91924,-96.71871,164.35217,63.70049,-85.37561,170.98347,203.51051,-104.08943,163.86205,56.41153,-101.77186,172.45685,205.29457,-120.99277,166.89174,56.91496,-105.02332,170.89502,204.23146,-105.12425,167.83723,60.643295,-91.592865,129.36636,149.26172,9.597056,112.92967,136.92606,-9.527787,156.5427,176.99301,20.8196,87.10905,168.27315,-37.464508,177.0223,211.63202,59.78665,73.085495,203.31946,33.870136,175.68398,218.98099,63.11283,72.324196,207.76988,38.99511,195.88731,218.49098,29.2531,68.05219,213.73653,-11.101344
download (2).jpegresized.png,190.16054,131.24338,-57.744164,193.55948,133.45602,-57.13135,193.81659,134.13031,-57.151165,194.14981,134.90025,-57.165813,192.9732,132.18709,-50.925434,192.906,132.13808,-50.92698,192.80983,132.12442,-50.952274,193.0879,140.7985,-49.46781,191.76889,136.6571,-22.383366,187.48416,135.67166,-55.3857,186.68593,134.02068,-47.292442,175.13455,162.85455,-28.952274,173.26292,131.47609,-38.435585,175.10347,187.27634,-28.115055,175.09082,104.907364,-53.66485,181.9123,203.99493,-65.78869,176.78712,84.82368,-89.06581,184.56519,206.57669,-72.43657,176.62651,79.28913,-104.29343,186.7828,208.45474,-86.05899,179.46402,79.98864,-107.51111,184.93163,208.95132,-73.22647,180.15677,83.05756,-94.56878,139.06187,165.8971,16.577833,126.06656,155.26039,-16.484201,161.65605,185.60301,29.046421,104.83253,180.70131,-38.750336,180.02469,215.63455,55.38495,93.64511,212.3883,13.041659,178.9133,223.45201,57.23385,92.92155,215.42276,17.016186,200.00331,219.24324,28.0629,94.42824,224.50482,-25.547228
download (3).jpegresized.png,175.0543,147.65051,-101.69246,177.96964,149.2656,-96.06024,177.86748,150.2901,-96.05552,177.84799,151.36066,-96.07011,178.07056,146.37215,-95.35482,178.1739,145.32086,-95.34024,178.24161,144.29956,-95.33395,176.08794,153.26033,-63.332584,176.92845,143.536,-60.120735,171.82053,149.9708,-89.573944,172.07466,146.21982,-88.86228,162.26016,166.67923,-40.33592,160.83037,132.0797,-46.451714,162.64595,194.36964,-49.153797,163.5115,106.92112,-51.19064,165.58409,222.07143,-85.22457,161.23032,85.380806,-88.68041,166.19505,228.94542,-85.51107,160.68362,79.59327,-96.00179,169.567,231.53363,-101.03731,163.43562,78.26306,-105.93718,168.65128,229.15791,-92.39475,163.29568,80.63628,-95.42086,128.06825,170.15799,10.401203,114.55792,155.3742,-10.364116,148.96155,200.75047,0.3520336,88.03332,184.56992,-33.606106,162.47714,238.7587,20.485386,69.992325,217.66418,16.395966,161.20895,245.64748,21.636436,69.160034,219.75064,20.033274,178.74799,248.84872,-6.1123004,63.659817,234.59956,-21.2026
download (4).jpegresized.png,185.68262,136.04536,-42.476902,189.07912,135.37357,-49.588387,188.98546,134.6495,-49.54735,188.95468,134.01398,-49.619274,188.9339,137.45105,-52.618298,188.92874,138.00778,-52.60337,188.87308,138.57932,-52.5693,185.71516,133.41713,-60.56852,185.95444,139.7901,-72.92201,182.04852,135.43242,-44.858116,182.01964,137.13,-48.416027,167.31061,121.69544,-39.688736,166.32639,151.61879,-87.26476,163.57187,91.213974,-46.22018,165.7962,184.76134,-112.07803,165.0973,53.023888,-68.99796,177.44608,212.85553,-127.655304,163.13261,44.2054,-74.46781,179.479,221.09744,-142.0515,166.98535,44.058098,-77.7536,182.12195,218.19482,-137.99338,167.96698,49.28737,-70.93648,180.97844,214.63693,-126.55956,117.20984,149.85397,24.567364,106.63709,157.72868,-24.81032,153.78351,171.56471,21.56658,76.87498,188.34,-28.228954,174.41383,214.67181,35.70334,50.513187,223.93411,-3.0499012,174.54227,225.77896,35.488747,47.10617,228.19917,-1.6538706,196.5755,216.89102,15.799938,49.607796,234.23676,-31.751242
download (5).jpegresized.png,175.93613,118.139015,-137.14558,177.4087,121.05239,-136.87343,177.3559,121.687645,-136.88107,177.36183,122.40375,-136.93213,177.51184,119.665115,-129.73956,177.65575,119.50964,-129.70375,177.71591,119.34027,-129.5852,175.753,126.79369,-122.55035,177.21281,122.65489,-89.26135,173.48773,120.44199,-130.75777,173.58855,119.28073,-121.78895,166.64694,139.15288,-68.83476,165.6647,111.29228,-88.388115,172.16743,158.67923,-20.286715,168.93205,90.28583,-102.4634,170.03635,166.7109,-2.7238407,172.2576,70.29977,-137.97281,172.8872,168.14967,2.970926,173.34697,68.63717,-147.84877,171.94179,169.80086,-4.404849,177.30852,66.14485,-152.1211,170.3019,169.5334,-4.864101,177.28595,68.82398,-143.68822,138.56523,129.65347,26.29005,130.4013,124.12384,-26.178738,155.08199,151.22763,52.845013,114.26752,146.45375,-29.992802,163.75537,170.11925,96.62376,100.857285,169.09312,23.928492,161.49217,172.82605,99.57535,98.75631,174.82326,28.475481,176.21011,174.79832,77.20625,100.16411,173.56505,-16.390781
download.jpegresized.png,175.93613,118.139015,-137.14558,177.4087,121.05239,-136.87343,177.3559,121.687645,-136.88107,177.36183,122.40375,-136.93213,177.51184,119.665115,-129.73956,177.65575,119.50964,-129.70375,177.71591,119.34027,-129.5852,175.753,126.79369,-122.55035,177.21281,122.65489,-89.26135,173.48773,120.44199,-130.75777,173.58855,119.28073,-121.78895,166.64694,139.15288,-68.83476,165.6647,111.29228,-88.388115,172.16743,158.67923,-20.286715,168.93205,90.28583,-102.4634,170.03635,166.7109,-2.7238407,172.2576,70.29977,-137.97281,172.8872,168.14967,2.970926,173.34697,68.63717,-147.84877,171.94179,169.80086,-4.404849,177.30852,66.14485,-152.1211,170.3019,169.5334,-4.864101,177.28595,68.82398,-143.68822,138.56523,129.65347,26.29005,130.4013,124.12384,-26.178738,155.08199,151.22763,52.845013,114.26752,146.45375,-29.992802,163.75537,170.11925,96.62376,100.857285,169.09312,23.928492,161.49217,172.82605,99.57535,98.75631,174.82326,28.475481,176.21011,174.79832,77.20625,100.16411,173.56505,-16.390781
ds.jpegresized.png,188.15454,111.61151,-66.89185,191.35565,115.163956,-64.614075,191.26895,116.34963,-64.617134,191.28403,117.61442,-64.63394,191.28665,112.86599,-55.46497,191.32312,112.40622,-55.491108,191.32959,111.98573,-55.492916,188.16296,124.297485,-54.844368,188.92249,116.541336,-14.957773,183.53827,116.57236,-64.51042,183.5337,113.27183,-52.938175,169.28351,144.94194,-42.751053,164.5453,110.78828,-22.176172,169.67963,175.21368,-52.87705,165.24806,82.87126,-37.698143,170.7958,198.91924,-96.71871,164.35217,63.70049,-85.37561,170.98347,203.51051,-104.08943,163.86205,56.41153,-101.77186,172.45685,205.29457,-120.99277,166.89174,56.91496,-105.02332,170.89502,204.23146,-105.12425,167.83723,60.643295,-91.592865,129.36636,149.26172,9.597056,112.92967,136.92606,-9.527787,156.5427,176.99301,20.8196,87.10905,168.27315,-37.464508,177.0223,211.63202,59.78665,73.085495,203.31946,33.870136,175.68398,218.98099,63.11283,72.324196,207.76988,38.99511,195.88731,218.49098,29.2531,68.05219,213.73653,-11.101344
dss.jpegresized.png,180.6333,112.64368,11.272642,183.18439,111.72953,5.1921086,182.93347,111.45865,5.2363043,182.71317,111.25631,5.205769,183.51108,113.30878,5.9079614,183.5327,113.793236,5.891329,183.51544,114.32273,5.9321694,179.29688,112.30672,-12.410614,180.874,117.035034,-7.543671,176.0872,114.12724,6.7342315,176.55328,115.25627,8.101131,156.62477,103.3491,-5.3980465,163.75581,137.28284,-27.707476,152.50482,75.95125,-31.590645,163.57054,172.2197,-41.815582,162.6981,45.85569,-64.46887,180.15912,197.73988,-52.11707,164.19687,37.464813,-74.11994,184.38766,204.4418,-61.375755,168.64139,37.69847,-75.26467,187.84526,200.79942,-59.147587,168.8165,42.050194,-66.392235,186.20554,197.45102,-52.151527,106.36739,138.5608,25.696028,114.79165,151.61649,-25.83766,80.99776,180.7711,31.269373,149.23145,176.27959,-6.694271,55.25577,211.29163,78.74202,172.12274,207.70822,41.985058,51.399483,214.30968,83.49393,170.94624,214.5859,45.866055,53.024506,224.44437,65.08561,196.01984,207.67764,32.688065
imag.jpegresized.png,190.16054,131.24338,-57.744164,193.55948,133.45602,-57.13135,193.81659,134.13031,-57.151165,194.14981,134.90025,-57.165813,192.9732,132.18709,-50.925434,192.906,132.13808,-50.92698,192.80983,132.12442,-50.952274,193.0879,140.7985,-49.46781,191.76889,136.6571,-22.383366,187.48416,135.67166,-55.3857,186.68593,134.02068,-47.292442,175.13455,162.85455,-28.952274,173.26292,131.47609,-38.435585,175.10347,187.27634,-28.115055,175.09082,104.907364,-53.66485,181.9123,203.99493,-65.78869,176.78712,84.82368,-89.06581,184.56519,206.57669,-72.43657,176.62651,79.28913,-104.29343,186.7828,208.45474,-86.05899,179.46402,79.98864,-107.51111,184.93163,208.95132,-73.22647,180.15677,83.05756,-94.56878,139.06187,165.8971,16.577833,126.06656,155.26039,-16.484201,161.65605,185.60301,29.046421,104.83253,180.70131,-38.750336,180.02469,215.63455,55.38495,93.64511,212.3883,13.041659,178.9133,223.45201,57.23385,92.92155,215.42276,17.016186,200.00331,219.24324,28.0629,94.42824,224.50482,-25.547228
images (1).jpegresized.png,194.38406,114.62211,22.460558,196.91103,114.303734,11.023734,196.75604,113.5093,11.024712,196.62701,112.84041,11.022602,197.1206,116.77463,12.140222,197.24298,117.66797,12.176783,197.31006,118.54982,12.204021,194.58798,113.20464,-27.64619,195.85612,121.06785,-21.104694,191.43532,114.162506,10.872186,191.55983,116.66828,13.019714,182.1143,100.52246,-14.874897,180.4233,133.70738,-49.97375,182.69093,73.88945,3.9508522,167.87976,156.0486,-59.015804,188.73334,50.842464,4.7027307,163.36826,172.44888,-44.22748,186.99152,44.3165,8.063725,164.3916,176.41948,-50.93979,192.356,44.79029,3.646903,166.37871,175.32922,-44.543377,193.45412,48.746754,4.867077,165.82904,173.79855,-41.64029,134.0618,118.8952,34.134933,129.37427,128.94926,-34.362446,158.65256,148.32716,47.34508,107.37574,163.10635,-24.416843,165.13844,185.25217,88.08425,90.7599,191.00406,6.356899,163.33888,192.69006,90.96104,86.732376,194.66191,8.236027,179.0523,191.80206,77.463196,93.60718,202.08594,-17.860971
images (1).pngresized.png,182.70354,141.46303,-84.7991,184.32196,141.98833,-79.493004,184.11623,142.9769,-79.525154,183.96451,144.06079,-79.53779,184.487,138.65631,-83.705124,184.45557,137.26077,-83.70385,184.39134,135.87115,-83.72467,180.69292,143.50108,-45.27676,181.37202,132.69199,-65.7857,178.29161,142.97498,-72.2966,178.51242,138.44783,-78.181915,161.04243,148.50012,-19.225672,163.0625,120.95083,-61.17285,158.65334,166.7495,-10.846961,161.11658,97.78204,-81.58576,163.42421,184.68382,-20.405973,157.94241,72.76013,-123.01387,165.72115,190.34796,-16.750244,157.03969,65.985535,-129.86176,166.38364,192.73254,-24.545845,158.8724,65.79756,-138.41202,164.98381,189.93475,-24.142818,158.24818,68.54015,-128.58249,121.644844,141.82077,21.77666,115.40074,129.11871,-21.681143,137.78656,167.48961,39.6241,104.192345,162.32214,-56.816555,144.3039,196.69165,60.519012,89.960205,193.70694,-30.0673,139.54254,199.38187,60.713505,85.12579,196.03716,-27.808521,160.09822,213.2413,49.722706,93.43265,208.4319,-56.1086
images (10).jpegresized.png,179.7703,134.80449,-48.914112,182.10597,138.03506,-48.727936,182.08775,138.7776,-48.697227,182.13383,139.57956,-48.76566,181.89488,136.96278,-35.14673,181.94093,137.04118,-35.118114,181.92122,137.10294,-35.02517,179.44121,145.38393,-47.545616,180.973,142.54803,16.935017,176.0949,137.66403,-48.01811,175.8182,136.64755,-30.412819,162.0524,159.74074,-9.708527,164.35767,132.21213,-0.9283006,149.302,170.86467,-3.6309516,155.50978,109.48927,-10.375457,145.52258,167.8496,-19.53783,158.09341,86.33615,-29.638117,149.86612,166.1552,-19.075222,159.19458,78.145615,-35.034576,148.84634,165.09265,-30.12662,163.33072,76.59082,-35.7393,148.14812,167.47214,-24.166191,162.4484,80.94786,-33.92887,118.22993,145.58252,43.209206,117.06479,145.38239,-43.07211,90.18888,178.93431,45.800938,138.10199,174.93729,-66.98809,73.35875,201.7213,66.20611,134.92958,207.39232,-26.501324,68.144516,204.32008,67.71837,131.06975,212.53477,-23.166584,78.951126,216.1479,55.851658,151.22856,218.97649,-63.150444
images (11).jpegresized.png,185.95206,51.778744,5.7042794,189.74153,50.409107,-8.487572,189.54773,50.02782,-8.446099,189.36395,49.72094,-8.480803,190.98929,53.40823,-0.3878904,191.6074,54.72816,-0.33674487,192.19034,56.06097,-0.2771124,186.79092,54.360138,-45.92957,191.46106,63.664524,-11.049523,181.52567,56.107384,-5.2961125,182.72223,58.79325,4.7318554,155.55222,60.261745,-33.96206,179.1388,98.55234,-32.25983,120.106026,67.701,-43.283077,186.51459,143.07755,-32.007164,97.629,74.798904,-24.839806,206.0405,179.25839,-35.47584,91.1992,76.86227,-26.887896,209.84148,190.61874,-46.12244,92.8107,78.62305,-32.0185,212.46964,187.81308,-42.88642,94.98169,78.40755,-27.067291,209.77951,182.3227,-35.502552,94.29148,107.05995,13.71283,112.46333,124.258575,-13.645197,60.507168,152.61642,51.340412,169.71422,146.85574,6.668693,27.996704,186.4049,105.6328,203.96237,179.9684,35.473927,22.568527,190.6406,112.07725,202.28488,188.55774,38.09144,24.354088,197.29095,111.875984,237.10272,177.41469,39.077026
images (12).jpegresized.png,167.75775,115.08591,-51.439693,171.42798,117.007675,-49.489563,171.70517,117.78415,-49.520393,172.06891,118.62266,-49.56278,170.75656,115.40125,-43.704437,170.68478,115.11916,-43.699924,170.59183,114.87912,-43.72621,171.40022,123.658615,-36.257103,170.11537,118.37428,-12.188421,165.50142,119.0755,-47.11866,164.72667,117.072205,-39.984116,156.72002,143.17682,-19.81748,152.93054,113.53775,-28.337214,148.71213,166.45485,-21.223885,161.21042,85.554016,-48.07237,150.28947,188.30408,-57.863674,161.22438,66.78919,-83.847496,151.27515,193.12404,-64.30625,160.11244,60.495026,-99.51701,152.84598,195.14456,-80.63535,163.6492,61.677925,-100.77051,151.38966,193.26111,-66.08693,164.41248,64.30804,-88.97161,121.135475,152.75401,17.863308,106.61211,144.0955,-17.73642,146.03635,176.56776,36.98864,88.23885,175.56284,-46.148468,160.71574,201.89905,69.77244,82.129265,212.12975,7.367768,158.56212,206.88243,72.59622,81.8625,216.82445,11.692817,179.96461,208.74022,49.30648,84.297165,223.9858,-26.693785
images (13).jpegresized.png,178.35944,139.72227,-49.38626,180.62589,141.7857,-46.208874,180.7471,142.49408,-46.173225,180.93658,143.27377,-46.146168,179.98578,140.48123,-40.027225,179.7523,140.2889,-40.026928,179.49042,140.13148,-40.014946,179.08887,148.22055,-38.245697,177.79274,143.48018,-12.849453,175.40848,143.28642,-47.032375,174.71698,141.671,-39.67,166.77893,164.10117,-24.344557,163.11394,139.71136,-24.511705,167.99623,183.303,-25.793846,165.9313,120.07319,-29.263538,172.4748,200.61421,-64.28926,169.71953,106.50462,-54.814304,175.27383,203.29997,-69.11199,169.84251,102.990875,-71.12752,176.40628,205.0806,-85.110435,172.16985,102.89899,-74.44478,174.33403,204.54048,-71.76305,173.1107,105.81712,-60.165253,136.8548,167.59921,14.3749695,124.83554,160.83604,-14.430538,156.81212,183.36757,16.832617,106.067154,183.84872,-27.23894,173.25928,211.97061,36.521152,97.594696,208.14464,26.218838,172.31491,218.60309,37.836697,96.8805,210.87086,30.114138,188.84067,215.66055,13.89847,96.64216,217.19543,-9.8118
images (14).jpegresized.png,177.50685,128.26706,-148.02274,179.86752,131.59709,-147.93233,179.76976,132.8774,-147.94687,179.7169,134.28589,-148.01949,180.20328,128.3676,-141.96361,180.33202,127.51574,-141.94693,180.38434,126.62062,-141.81766,177.47198,138.66437,-129.75934,178.89487,129.2047,-101.23478,173.70807,131.51117,-139.53094,173.8312,128.14886,-132.10071,160.80794,148.82469,-80.5587,164.36813,115.303116,-93.534035,161.78654,174.57199,-51.560116,164.24577,88.519516,-110.18393,163.39734,188.46797,-51.193436,163.46631,62.688293,-136.95897,166.30377,194.14441,-49.31665,163.59831,59.085182,-145.88354,164.7941,193.36955,-56.811817,165.88579,58.120075,-152.6077,163.0953,191.21802,-54.0184,165.1409,61.24954,-143.55463,124.246994,128.82083,31.087484,115.40165,120.050255,-31.029053,157.62334,159.8616,42.18263,98.06739,157.81169,-26.68188,172.95831,192.64537,78.25985,93.50278,193.56165,48.651093,171.13866,195.58652,79.856705,92.02271,198.239,55.84992,190.13184,207.1525,59.872395,95.4339,209.02815,14.159592
images (15).jpegresized.png,170.32709,145.31413,-77.357765,172.88155,147.98564,-76.122055,173.02016,148.81772,-76.1397,173.24834,149.74438,-76.15952,172.38959,146.4847,-68.68528,172.29884,146.31178,-68.69036,172.16364,146.15974,-68.66514,171.15448,155.61816,-67.34871,170.37137,150.51466,-34.289524,167.02339,149.49074,-74.60268,166.3969,147.5685,-65.00841,156.47025,175.73209,-39.598907,149.63217,144.63716,-44.32023,165.58606,198.08835,-39.183212,148.26549,120.70106,-56.212887,170.8791,216.64102,-78.310715,148.20842,98.38165,-95.94366,173.31363,220.4021,-82.4772,147.52487,92.65611,-107.96836,174.00764,223.73422,-97.88395,151.89362,91.8932,-113.88591,172.23584,223.30695,-86.135345,152.51802,94.71935,-102.40845,120.21265,179.50267,18.613808,106.40098,168.87433,-18.538052,143.93298,201.04861,38.329327,83.81331,196.08151,-43.443073,158.40302,232.13951,65.86258,65.696785,223.9131,-7.9248843,156.20326,238.02379,67.454796,63.874153,228.63846,-6.01128,175.30618,240.12407,39.088722,63.7081,232.50461,-55.32938
images (16).jpegresized.png,177.29959,148.84552,-130.26424,180.53429,153.15738,-127.47066,179.45436,154.52908,-127.44598,178.46939,155.99266,-127.52217,183.70824,149.06165,-130.334,185.115,147.49501,-130.33383,186.448,145.92744,-130.31523,177.19698,155.67697,-88.019356,188.24141,142.20161,-102.111115,172.68445,148.63441,-114.028625,176.94263,143.48041,-118.353676,165.8158,158.71242,-51.72538,176.25188,114.519165,-82.23598,180.37007,193.91321,-52.55935,181.24681,72.52464,-106.65073,185.8256,227.93755,-66.98602,187.26125,32.648857,-142.6071,188.02798,238.81902,-63.227684,188.55177,21.451115,-144.91135,189.49652,241.3835,-73.68656,191.98721,21.198801,-160.12675,187.64938,236.41487,-72.37896,189.52788,25.426498,-150.61145,114.72486,146.46913,19.200758,107.15666,124.85648,-19.169092,140.42072,190.20688,14.425832,91.75429,173.25029,-47.325375,165.99408,240.9771,13.757218,87.90549,222.21968,-11.518013,164.07243,248.30241,11.837271,86.172165,226.4271,-7.287118,187.58485,257.1523,-5.8425107,87.821686,241.69862,-28.49456
images (17).jpegresized.png,193.72801,133.80437,-105.90235,197.60982,138.31746,-103.700775,197.81613,139.99757,-103.72748,198.08546,141.79622,-103.77646,197.16225,134.34409,-95.24064,197.10016,133.42928,-95.25453,196.98103,132.51912,-95.21846,196.06166,149.11108,-85.10723,195.653,137.43483,-46.87085,189.74258,139.74565,-99.23116,189.09918,135.32605,-88.13711,176.02536,166.24503,-37.461452,176.09097,126.18737,-64.777695,176.05849,189.46591,-34.294815,173.9346,96.827835,-87.070305,179.00761,204.31158,-75.768875,177.21075,68.35286,-128.20325,181.85289,209.541,-87.23494,176.71446,60.274162,-142.64038,180.73315,210.09962,-97.076065,182.4184,62.269413,-149.65286,178.86766,208.1192,-82.76102,182.95331,66.82403,-135.39154,130.11656,151.66684,32.479343,117.678535,137.63918,-32.42295,167.33984,181.55801,61.658978,100.314316,174.04883,-56.879684,185.88785,215.08838,98.558235,88.10049,215.14417,-1.8983201,181.76422,219.40123,101.239296,85.07432,221.63512,2.987724,207.06746,233.51637,76.09358,89.785805,229.39238,-44.20375
images (18).jpegresized.png,152.79329,112.941414,-34.285637,155.64093,114.087524,-33.643337,155.79723,114.85026,-33.642593,156.03781,115.65122,-33.68416,155.16188,112.59442,-29.006496,155.09613,112.195526,-28.991974,155.00043,111.81736,-28.985428,154.83725,119.64554,-29.23309,153.69458,114.27234,-6.467744,150.21344,116.698715,-32.77561,149.57346,114.48988,-26.329126,141.61124,137.44223,-21.6977,134.65695,111.24389,-9.325885,136.82173,158.23215,-28.840876,135.87024,87.315025,-18.09994,137.83366,182.6539,-49.524765,136.41609,67.38545,-36.398056,138.73402,188.8505,-50.26644,135.64787,61.07907,-42.78693,139.82993,190.65927,-62.804672,138.71614,61.395733,-45.654377,138.656,188.23889,-55.274513,138.62614,63.71452,-40.17332,108.52847,153.45029,4.101421,94.47856,145.71413,-3.9869766,127.79639,184.37552,-4.738959,80.0772,175.56671,-8.625617,141.56374,217.73993,10.936683,66.89955,203.38264,18.460344,141.32057,223.16003,12.397447,65.93992,205.94818,19.857151,154.60631,227.74654,-5.825601,65.03173,214.95277,-12.291461
images (19).jpegresized.png,204.0794,124.08912,-60.81462,206.5455,127.024956,-59.59603,206.39452,127.83194,-59.595417,206.30478,128.72847,-59.627205,206.71175,125.612885,-54.606365,206.76382,125.37739,-54.597725,206.76785,125.16915,-54.58527,203.02248,133.8534,-47.61464,204.16193,128.72911,-27.41889,199.69011,127.77412,-56.839256,199.82036,125.38348,-50.978065,182.21399,150.47754,-23.653286,183.13257,119.90564,-32.690582,187.35902,177.18283,-22.06177,181.68077,92.8966,-46.857357,196.47531,204.86426,-51.10355,182.84775,71.046555,-86.98934,199.34608,210.83493,-50.73391,183.1579,63.985607,-100.357666,201.61388,213.75421,-66.6206,186.34521,64.5177,-104.957985,199.7489,212.74425,-58.93618,186.35297,67.47017,-92.592705,141.8021,149.99336,17.132431,132.1888,137.52411,-17.056726,163.69899,175.21616,41.260242,109.79088,169.29611,-28.429428,176.87039,209.9708,77.77474,92.30221,202.22162,16.130005,174.65453,216.65361,80.746704,90.64278,204.80405,19.105444,196.26337,221.95908,62.675335,90.70074,217.61467,-17.337812
images (2).jpegresized.png,176.54199,142.4327,-25.919168,177.78377,144.84106,-22.528038,177.70834,145.47258,-22.525545,177.693,146.1632,-22.544195,177.46736,143.6492,-17.321344,177.34833,143.46292,-17.28589,177.1795,143.28592,-17.225098,174.80562,150.23802,-6.8716736,175.33481,146.46928,17.37509,173.48146,144.9429,-20.161343,173.17958,143.43318,-13.897383,160.75192,161.78339,20.306044,160.6616,139.25552,1.1571732,158.96255,181.23131,8.215965,161.29117,116.82548,-12.908082,161.51828,199.41174,-33.345345,163.52158,100.60694,-42.28811,163.92744,203.52135,-37.18088,163.8165,95.436874,-52.8284,164.8104,203.39427,-52.041664,166.90356,96.2892,-53.522785,163.97293,203.38359,-40.8326,166.47389,98.52821,-46.303,123.986206,154.32616,34.120014,122.27493,151.14165,-34.089764,105.467735,180.28996,42.02765,143.02379,173.46461,-54.66774,88.4876,199.3402,70.968124,154.07724,203.32928,-28.372501,84.566345,200.85794,73.02025,153.44464,210.95648,-26.780287,89.00704,209.78433,61.589546,170.31973,204.57382,-61.5486
images (2).pngresized.png,158.80481,130.55151,-50.74301,159.35759,129.33762,-58.258297,159.01607,128.71663,-58.228355,158.72081,128.1523,-58.22251,160.00787,131.15454,-57.034027,160.16959,131.71637,-57.06021,160.2996,132.27841,-57.059166,156.64949,128.43518,-72.62382,158.77649,134.0911,-65.619965,156.58835,130.64207,-54.14369,157.3427,132.3661,-52.281254,148.75694,124.798615,-57.33866,151.04022,144.1587,-52.21419,161.63751,114.05519,-48.55627,150.02913,160.79454,-41.018074,171.84528,108.43233,-52.421497,153.83423,180.08429,-48.929096,173.26321,106.36439,-56.637123,154.10756,186.24554,-56.989418,174.72026,107.74459,-61.018494,155.44562,185.07329,-56.817505,174.72493,109.26326,-54.435772,155.29053,181.60095,-49.298084,125.65795,148.99254,-3.2632546,129.95088,159.31982,3.1760905,137.16809,170.86829,-25.682941,144.02782,181.67535,9.174775,156.61539,193.99033,-15.459714,159.91931,199.79033,36.936237,159.1859,196.40855,-15.2567835,161.57272,201.33476,37.91594,164.37427,201.3262,-42.216858,167.9045,207.7293,13.30471
images (20).jpegresized.png,181.56349,136.41478,-88.20369,183.84364,140.18979,-83.56162,183.78651,141.2572,-83.594734,183.80045,142.42007,-83.638824,183.888,137.76941,-76.9432,183.9604,137.34811,-76.935265,183.98737,136.9507,-76.895645,181.14473,148.20554,-61.061996,182.1726,140.7111,-33.13764,177.6699,140.53137,-80.746544,177.71577,137.64589,-72.58295,163.50117,164.81564,-27.13252,161.0194,132.03821,-42.084206,169.4346,188.05423,-13.029168,163.31679,104.242905,-60.88495,174.22679,204.75725,-50.026707,165.22961,81.27452,-110.947624,177.30019,207.66847,-55.15529,165.45517,76.69118,-129.57713,178.00357,211.18677,-69.60803,169.42067,76.24564,-134.8926,175.74432,211.5402,-57.884407,169.7826,79.02987,-118.4946,127.68952,163.83604,20.506756,113.66083,153.69337,-20.349611,157.1257,185.35266,49.525627,92.6013,184.42392,-41.542053,170.59607,214.68692,92.51976,77.35421,215.89963,22.904945,167.24747,219.29517,96.023285,75.8707,221.51436,27.124414,189.05273,225.28706,63.100964,77.01667,224.272,-30.965155
images (21).jpegresized.png,188.06563,109.17242,-54.16519,191.65257,111.15759,-53.5414,191.96472,111.95258,-53.53136,192.35149,112.83469,-53.535652,190.78824,109.91885,-46.36266,190.61862,109.87329,-46.296833,190.40805,109.87476,-46.335724,191.19446,118.84121,-47.90769,189.01872,114.4507,-14.544196,184.86116,113.7268,-52.49395,183.97198,112.33301,-42.6339,174.56587,139.53287,-32.19402,172.72075,111.851456,-38.419086,170.49963,167.53192,-36.128887,198.08392,100.00221,-66.3934,173.15764,189.69751,-77.23522,222.17482,89.39281,-97.935486,174.89195,194.05794,-85.851135,227.48647,84.927155,-118.68528,176.52922,194.10294,-98.71464,231.73683,86.62353,-117.44117,174.72517,192.66483,-83.771,230.47942,89.0441,-102.30919,134.8189,146.66115,15.057308,119.87852,135.94823,-14.994121,152.25752,171.8004,32.491276,94.32861,168.37314,-25.796167,166.44426,199.38127,55.73283,92.80333,195.96756,9.468892,163.62004,203.79764,57.5127,92.53861,200.31548,12.02066,182.64532,209.8276,38.888893,93.84066,203.79053,-19.84235
images (22).jpegresized.png,145.3793,134.12737,-175.04266,151.39359,134.67165,-171.09492,151.86685,136.28824,-171.08551,152.42969,137.93533,-171.11931,150.34753,129.51064,-172.21825,150.23746,127.475365,-172.14471,150.05579,125.5083,-172.10144,153.18692,139.11824,-134.56721,149.86911,121.7508,-139.01437,143.18967,137.48718,-160.59285,141.94948,130.96278,-161.73706,140.65277,155.48947,-98.01502,135.60541,108.39309,-114.96788,141.89812,190.94499,-109.58276,149.79088,70.599815,-127.44328,146.46635,228.59502,-136.68517,157.83804,39.97396,-143.44818,150.6382,238.00377,-136.6381,161.1125,30.228453,-151.23744,153.91853,239.1736,-151.85252,163.60889,30.587292,-159.21227,151.44534,235.28653,-144.82362,161.52605,34.26009,-149.85754,108.569145,157.74986,12.514833,92.948586,142.4081,-12.483092,135.46298,188.56467,5.995027,97.30682,179.0069,-77.72138,153.74121,218.3956,23.893393,88.39771,205.17365,-9.331459,150.79272,221.7301,24.721598,87.39566,206.66533,-1.1794978,170.14949,231.92595,14.77549,84.8536,218.61073,-4.2704377
images (23).jpegresized.png,187.30717,113.17729,96.5098,189.78043,111.50774,85.12423,189.30301,110.250626,85.14656,188.85812,109.078316,85.15507,190.96617,115.35961,86.87916,191.4562,116.774475,86.88951,191.89891,118.18772,86.92175,186.04852,110.254684,30.964958,190.78339,122.61293,42.544468,183.82762,113.35307,78.33324,185.04407,117.30261,81.71935,164.2577,104.674805,15.835232,176.5108,146.16754,8.443982,162.82214,78.99842,25.823101,171.65167,177.13713,-11.83595,166.53725,49.86207,47.511333,171.4239,206.9936,-28.300518,164.8758,42.701744,46.763977,173.14775,213.24323,-37.56175,169.73825,41.269394,47.0956,175.30887,213.57797,-33.19082,171.72491,44.47641,49.286934,174.5496,210.66508,-26.54428,107.68514,142.8186,5.4472866,118.43598,156.55081,-5.4228964,75.65445,185.39897,20.945227,143.20245,188.10316,23.307306,59.867046,226.9407,69.174515,153.97208,226.50348,76.99652,58.40306,233.85933,75.33188,150.73146,233.59535,82.16568,58.65375,238.20883,69.21359,174.85153,231.73422,88.65284
images (24).jpegresized.png,175.46211,112.062614,-98.15437,178.12344,114.444855,-90.00928,178.2165,115.748245,-90.026535,178.39001,117.103966,-90.09911,177.41162,110.6192,-88.194786,177.1814,109.391174,-88.1586,176.93283,108.201614,-88.2026,175.98181,120.20116,-54.14812,174.61896,108.37421,-49.187664,172.22789,115.757965,-86.30351,171.46129,110.86622,-84.44312,157.68423,133.39708,-25.662262,156.52159,101.691414,-59.57659,155.23378,156.33313,-15.685027,153.59256,76.39162,-77.39369,161.87607,179.69318,-48.73579,157.62486,55.04187,-120.34621,163.5512,184.71355,-49.435802,157.37614,48.822876,-135.06581,166.0568,187.90117,-64.65881,161.21458,49.30535,-139.97374,164.49493,186.34206,-55.84219,162.05121,52.65042,-125.709755,119.13558,137.22382,24.748438,107.60057,128.12009,-24.546768,142.78183,153.18225,76.07223,96.80078,166.349,-47.690784,158.76927,179.35829,117.83763,88.39465,203.82086,-19.131073,156.19785,186.58334,120.630844,86.018166,209.94055,-19.303392,177.56218,187.48601,94.67731,92.48306,213.35028,-67.461464
images (25).jpegresized.png,173.55345,129.55254,-88.93591,176.6864,131.98996,-88.832794,176.8939,133.00185,-88.82888,177.16734,134.11829,-88.85757,176.01266,129.64873,-81.60881,175.80637,129.14407,-81.62139,175.54118,128.65092,-81.64442,174.92255,139.34773,-78.707214,173.48824,132.03511,-46.058025,170.07079,133.79019,-85.03412,169.17067,131.16295,-75.82458,157.30006,159.77052,-49.155342,156.52756,121.45366,-51.97714,166.98506,188.1662,-60.7179,160.30466,92.14857,-71.642006,171.66591,212.2159,-104.736534,164.86491,63.33893,-99.312164,174.2221,219.20436,-110.34808,165.6049,55.18217,-103.566086,174.12976,222.52899,-124.3529,169.77003,54.975304,-113.96284,171.87868,220.297,-112.93972,169.17346,58.532013,-106.72348,115.90949,156.53209,16.427467,106.254456,139.53738,-16.44666,136.54794,189.08499,7.8106303,86.81715,172.17432,-55.58001,154.03935,232.40613,17.837406,73.641106,211.1213,-9.783463,150.64552,241.91562,17.342691,71.732544,215.77936,-5.791839,180.00691,243.95453,-6.2949014,75.45149,225.91869,-45.844334
images (26).jpegresized.png,215.61559,63.917465,-74.68628,221.24573,67.78891,-78.80666,221.41559,69.45845,-78.80999,221.69144,71.22545,-78.870094,220.83806,65.11325,-69.41071,220.798,64.68042,-69.47871,220.70317,64.23666,-69.495895,218.8401,81.103836,-82.340065,217.79192,71.43969,-38.341095,209.08539,72.07324,-74.32763,208.38373,67.98493,-62.134136,188.04245,114.85398,-45.300507,177.64195,74.098564,-42.04709,184.31241,159.61174,-32.835014,146.70778,89.77911,-10.35062,188.3004,197.62909,-26.9849,118.313194,105.511,12.89724,191.11397,207.94054,-25.394278,111.91859,108.26638,6.8333087,192.02957,207.69934,-35.316574,113.791374,109.68041,0.5022227,188.84758,204.45744,-31.776657,115.959915,109.53996,8.709104,111.047226,131.28984,12.968865,93.80885,108.49703,-12.840999,154.09615,168.0403,30.554052,61.38933,151.71524,22.095385,169.5937,215.12775,67.09968,39.33873,188.26854,103.35304,164.26143,220.31422,69.22142,34.622105,191.09305,111.155014,191.46776,232.41833,46.54437,35.33536,205.08688,82.05146
images (27).jpegresized.png,187.57089,125.92459,-54.36299,190.78479,128.2188,-46.631004,190.72696,129.20496,-46.670307,190.76465,130.2664,-46.725483,190.66449,125.2971,-43.50976,190.71614,124.40294,-43.516674,190.75546,123.55706,-43.569557,188.06522,133.11308,-19.689053,188.72968,123.96798,-6.071012,183.84824,128.7134,-45.78744,183.82571,124.93359,-41.524235,169.228,147.64722,-6.5675898,168.35278,110.05469,-22.91017,163.76358,174.96593,-7.9026637,178.01578,77.23797,-51.67552,170.19968,198.2755,-54.875828,187.77888,50.63498,-93.877594,172.29288,203.23502,-65.75707,187.67136,42.051872,-107.702255,174.34154,205.53786,-83.34278,193.7985,43.60943,-112.819374,172.08774,204.06534,-64.24903,194.69185,47.577965,-100.3689,131.5017,151.18965,20.422522,112.03332,139.49037,-20.233847,158.63208,182.66843,30.72061,79.54095,174.92944,-61.887985,183.82529,219.55328,62.769924,64.236855,214.14955,6.188653,182.37633,228.51685,65.548615,64.05543,219.72589,11.500755,206.89984,226.1116,36.073193,61.051567,226.1556,-36.555363
images (28).jpegresized.png,181.13316,137.45282,-50.13649,184.39915,140.17694,-50.240852,184.5701,141.09581,-50.231194,184.8221,142.0853,-50.244186,183.97743,138.58984,-41.599968,183.94145,138.36221,-41.602535,183.87602,138.16402,-41.610107,183.6718,147.76962,-46.71374,183.16187,142.4477,-9.2284,178.35405,141.68916,-49.432987,177.82841,139.48253,-38.179153,169.92078,164.58714,-30.059494,165.49898,137.11385,-21.431667,179.42912,186.05357,-35.93746,166.15005,112.84346,-30.62521,185.85551,206.59439,-73.71174,167.69017,93.48498,-65.35817,187.99496,211.04163,-78.91015,167.43013,87.15338,-76.80562,188.46724,213.67781,-93.02215,171.08095,87.78485,-79.91412,186.47289,212.52695,-80.69749,171.80542,90.96177,-70.150375,137.25511,165.75711,11.469138,123.96624,156.69995,-11.368193,155.16312,185.40126,36.93646,99.7727,183.78328,-38.355957,169.02539,210.83264,61.108303,82.86597,212.0421,-10.062619,166.05803,215.96452,63.03563,80.03646,216.65367,-9.300995,185.44484,219.36781,39.403137,83.06002,221.8325,-49.299534
images (29).jpegresized.png,204.0794,124.08912,-60.81462,206.5455,127.024956,-59.59603,206.39452,127.83194,-59.595417,206.30478,128.72847,-59.627205,206.71175,125.612885,-54.606365,206.76382,125.37739,-54.597725,206.76785,125.16915,-54.58527,203.02248,133.8534,-47.61464,204.16193,128.72911,-27.41889,199.69011,127.77412,-56.839256,199.82036,125.38348,-50.978065,182.21399,150.47754,-23.653286,183.13257,119.90564,-32.690582,187.35902,177.18283,-22.06177,181.68077,92.8966,-46.857357,196.47531,204.86426,-51.10355,182.84775,71.046555,-86.98934,199.34608,210.83493,-50.73391,183.1579,63.985607,-100.357666,201.61388,213.75421,-66.6206,186.34521,64.5177,-104.957985,199.7489,212.74425,-58.93618,186.35297,67.47017,-92.592705,141.8021,149.99336,17.132431,132.1888,137.52411,-17.056726,163.69899,175.21616,41.260242,109.79088,169.29611,-28.429428,176.87039,209.9708,77.77474,92.30221,202.22162,16.130005,174.65453,216.65361,80.746704,90.64278,204.80405,19.105444,196.26337,221.95908,62.675335,90.70074,217.61467,-17.337812
images (3).jpegresized.png,196.71228,123.837776,-72.6676,200.01236,124.9138,-68.32571,200.21219,125.86174,-68.37626,200.49568,126.90995,-68.42128,199.21042,122.144806,-66.80817,198.88312,121.322075,-66.83084,198.52344,120.51977,-66.83828,197.32071,130.30092,-45.09618,194.7542,121.39123,-37.35215,191.99388,127.94068,-64.92092,190.82944,124.32707,-62.601616,171.91095,152.40768,-23.70804,166.00989,111.78011,-39.99139,173.17046,184.49838,-25.24177,157.0381,77.56994,-52.980503,176.79254,204.65784,-66.61853,154.53987,40.150276,-80.761345,178.56017,210.33589,-75.36145,153.1289,30.294062,-85.25986,180.83405,211.346,-86.26359,157.78561,29.207129,-98.279625,179.83495,210.27115,-74.10319,157.98291,33.19948,-89.015945,120.137634,158.8797,17.570671,104.864876,142.10138,-17.400955,155.34592,188.58337,26.573458,83.01927,178.1098,-28.01757,178.4407,226.15454,43.708035,62.380672,215.34914,11.338105,175.57802,231.76147,44.10135,59.41906,218.04878,14.918141,202.66241,241.45715,24.179472,58.908375,233.18842,-23.46021
images (30).jpegresized.png,176.21886,117.92463,-77.95471,179.54424,120.63549,-80.8111,179.75246,121.6287,-80.7908,180.01999,122.72613,-80.80351,179.00862,119.004166,-72.06893,178.91394,118.76803,-72.05689,178.76569,118.55037,-72.068146,179.07957,128.89774,-80.61505,177.95547,123.27738,-42.494335,173.26949,122.6396,-77.343834,172.67805,120.56773,-66.27811,163.55795,147.245,-54.84082,162.70865,118.34694,-48.0209,161.43039,171.75114,-57.139664,165.67976,94.65099,-59.501953,164.46237,194.18765,-94.73883,170.22826,75.281845,-101.72411,166.65915,198.83575,-98.28816,171.55989,68.99066,-117.92316,168.32881,201.15282,-111.54439,173.83784,69.96094,-123.83515,166.33081,199.43936,-100.79329,173.70091,73.8354,-108.04448,122.36683,144.32758,9.507579,113.700134,133.34477,-9.379724,142.06438,166.73154,34.88051,93.786354,162.49971,-20.545553,155.63753,197.51239,72.0534,81.69902,196.38268,21.949463,154.3692,203.42763,74.824104,80.46023,201.47975,25.008596,167.34827,205.8575,54.538044,77.049324,204.27977,-6.2097554
images (31).jpegresized.png,199.6817,151.38579,-115.97013,203.28036,155.68213,-102.84094,202.65991,157.92259,-102.914505,202.12659,160.25658,-103.025154,204.8301,149.73286,-105.96089,205.42323,147.45935,-105.904655,205.98175,145.19856,-105.82149,197.3388,162.40392,-43.42026,202.67238,142.81097,-57.871937,192.17267,154.94637,-95.21689,194.33838,146.41277,-99.482285,168.34744,164.66542,-8.169315,173.7009,124.4534,-44.266804,152.98203,196.50084,-1.8700414,162.39049,81.22676,-50.806225,159.74852,233.75378,-33.37698,165.46854,37.815044,-86.36444,161.5528,246.14276,-32.831112,167.26811,25.626621,-89.06441,164.57936,248.38626,-50.999718,171.03557,25.27148,-106.175385,162.28813,243.46043,-42.272263,168.28342,29.861456,-96.37968,96.92121,150.36888,28.688814,89.57166,133.92314,-28.55354,106.88187,194.98076,55.67312,91.34651,196.5312,-56.512295,106.51532,242.66997,94.029205,85.25423,247.70506,-8.365972,100.86402,244.929,96.191826,79.25819,252.51318,-3.5874362,113.43274,267.2434,83.318855,95.41037,269.58765,-24.907051
images (32).jpegresized.png,193.72801,133.80437,-105.90235,197.60982,138.31746,-103.700775,197.81613,139.99757,-103.72748,198.08546,141.79622,-103.77646,197.16225,134.34409,-95.24064,197.10016,133.42928,-95.25453,196.98103,132.51912,-95.21846,196.06166,149.11108,-85.10723,195.653,137.43483,-46.87085,189.74258,139.74565,-99.23116,189.09918,135.32605,-88.13711,176.02536,166.24503,-37.461452,176.09097,126.18737,-64.777695,176.05849,189.46591,-34.294815,173.9346,96.827835,-87.070305,179.00761,204.31158,-75.768875,177.21075,68.35286,-128.20325,181.85289,209.541,-87.23494,176.71446,60.274162,-142.64038,180.73315,210.09962,-97.076065,182.4184,62.269413,-149.65286,178.86766,208.1192,-82.76102,182.95331,66.82403,-135.39154,130.11656,151.66684,32.479343,117.678535,137.63918,-32.42295,167.33984,181.55801,61.658978,100.314316,174.04883,-56.879684,185.88785,215.08838,98.558235,88.10049,215.14417,-1.8983201,181.76422,219.40123,101.239296,85.07432,221.63512,2.987724,207.06746,233.51637,76.09358,89.785805,229.39238,-44.20375
images (33).jpegresized.png,170.32709,145.31413,-77.357765,172.88155,147.98564,-76.122055,173.02016,148.81772,-76.1397,173.24834,149.74438,-76.15952,172.38959,146.4847,-68.68528,172.29884,146.31178,-68.69036,172.16364,146.15974,-68.66514,171.15448,155.61816,-67.34871,170.37137,150.51466,-34.289524,167.02339,149.49074,-74.60268,166.3969,147.5685,-65.00841,156.47025,175.73209,-39.598907,149.63217,144.63716,-44.32023,165.58606,198.08835,-39.183212,148.26549,120.70106,-56.212887,170.8791,216.64102,-78.310715,148.20842,98.38165,-95.94366,173.31363,220.4021,-82.4772,147.52487,92.65611,-107.96836,174.00764,223.73422,-97.88395,151.89362,91.8932,-113.88591,172.23584,223.30695,-86.135345,152.51802,94.71935,-102.40845,120.21265,179.50267,18.613808,106.40098,168.87433,-18.538052,143.93298,201.04861,38.329327,83.81331,196.08151,-43.443073,158.40302,232.13951,65.86258,65.696785,223.9131,-7.9248843,156.20326,238.02379,67.454796,63.874153,228.63846,-6.01128,175.30618,240.12407,39.088722,63.7081,232.50461,-55.32938
images (34).jpegresized.png,177.29959,148.84552,-130.26424,180.53429,153.15738,-127.47066,179.45436,154.52908,-127.44598,178.46939,155.99266,-127.52217,183.70824,149.06165,-130.334,185.115,147.49501,-130.33383,186.448,145.92744,-130.31523,177.19698,155.67697,-88.019356,188.24141,142.20161,-102.111115,172.68445,148.63441,-114.028625,176.94263,143.48041,-118.353676,165.8158,158.71242,-51.72538,176.25188,114.519165,-82.23598,180.37007,193.91321,-52.55935,181.24681,72.52464,-106.65073,185.8256,227.93755,-66.98602,187.26125,32.648857,-142.6071,188.02798,238.81902,-63.227684,188.55177,21.451115,-144.91135,189.49652,241.3835,-73.68656,191.98721,21.198801,-160.12675,187.64938,236.41487,-72.37896,189.52788,25.426498,-150.61145,114.72486,146.46913,19.200758,107.15666,124.85648,-19.169092,140.42072,190.20688,14.425832,91.75429,173.25029,-47.325375,165.99408,240.9771,13.757218,87.90549,222.21968,-11.518013,164.07243,248.30241,11.837271,86.172165,226.4271,-7.287118,187.58485,257.1523,-5.8425107,87.821686,241.69862,-28.49456
images (35).jpegresized.png,160.96788,58.703403,-93.96106,165.16972,60.42719,-88.74986,165.80888,62.57697,-88.70994,166.48639,64.748,-88.669556,163.50352,54.769077,-91.10707,162.89008,52.509476,-91.08494,162.26,50.297417,-91.110535,163.54947,68.09104,-52.747513,157.94128,48.705666,-62.761208,156.1579,64.18909,-79.864716,153.99779,56.883423,-82.631874,144.54037,65.95006,-6.183563,142.63338,63.53401,-67.81722,137.34497,87.92363,14.783146,137.43771,81.363365,-61.075687,134.5954,109.084335,5.92281,137.35292,94.51521,-52.860043,133.79158,117.05368,5.3118825,134.72818,97.73505,-61.181538,132.90039,116.315346,-3.5698347,136.54135,98.38852,-64.52566,131.81854,113.852974,1.1549867,136.36339,96.48596,-54.296116,105.07579,78.235504,19.822256,101.34606,78.89245,-19.740427,126.58931,95.93597,44.453903,128.64993,97.1473,-8.00206,133.60828,118.28059,79.83647,136.23994,121.175964,37.55686,131.86714,120.72973,82.928055,134.4111,125.579094,42.27815,140.6812,128.39404,75.79625,145.5186,129.41309,35.768417
images (36).jpegresized.png,201.0297,88.89405,-88.99253,204.05246,91.86914,-80.49358,203.75476,93.40699,-80.472916,203.50891,94.98708,-80.47033,204.67381,87.50125,-81.63895,204.9671,85.87573,-81.60972,205.2215,84.25756,-81.59521,200.64789,96.49939,-35.93543,202.98802,82.03184,-42.463943,196.5711,91.324585,-73.099846,197.48184,85.269325,-75.16009,185.03993,103.75858,-22.107986,180.92339,70.26512,-19.180136,185.06001,127.729004,-26.075146,178.87769,41.53955,-30.555614,189.44904,156.54054,-65.92394,174.75275,18.506899,-75.663055,190.88693,164.5654,-72.57899,174.0457,12.424017,-88.04289,192.5479,165.27716,-85.21816,175.96301,13.101405,-97.74921,191.09152,162.28288,-73.37587,175.63922,15.902203,-83.210945,133.5315,112.73365,1.88863,125.51082,94.923775,-1.714594,102.64266,132.40587,-15.131858,91.76648,113.99433,-10.518739,71.63402,146.92099,35.489025,61.768326,128.90382,39.89799,66.267685,147.32343,39.073803,58.200653,131.76855,42.061634,60.027374,156.35336,-1.4048799,48.94382,134.38852,-3.6272142
images (37).jpegresized.png,165.79544,125.66875,-61.434326,169.60356,128.36487,-61.448135,169.84079,129.19968,-61.47645,170.1707,130.14014,-61.499653,169.08083,126.73573,-53.23175,169.09142,126.58564,-53.255768,169.07462,126.46111,-53.255135,169.24979,136.56805,-58.363785,168.23438,131.11703,-20.986317,162.92133,130.44473,-61.00421,162.26405,128.27504,-49.9563,151.7033,159.24281,-35.658585,146.18997,124.46075,-38.267708,152.19655,187.79803,-40.87487,142.7428,98.01886,-57.653763,155.49028,205.78891,-86.65473,141.38826,73.30991,-88.00186,157.40083,208.66768,-95.458275,139.86163,65.862724,-98.73739,158.83511,211.42085,-109.90831,144.24196,66.61106,-103.60933,156.7543,210.79468,-94.625824,145.42987,70.39137,-93.90058,113.38607,160.39137,13.893615,97.64971,149.65228,-13.770036,140.0731,183.71455,26.180876,74.34115,178.62123,-36.548916,158.87479,214.13072,53.353127,59.039566,212.40099,7.245394,157.25378,220.03094,55.370617,58.274532,216.66292,10.429776,177.92316,222.67018,26.588327,57.310646,224.2846,-34.412212
images (38).jpegresized.png,178.35944,139.72227,-49.38626,180.62589,141.7857,-46.208874,180.7471,142.49408,-46.173225,180.93658,143.27377,-46.146168,179.98578,140.48123,-40.027225,179.7523,140.2889,-40.026928,179.49042,140.13148,-40.014946,179.08887,148.22055,-38.245697,177.79274,143.48018,-12.849453,175.40848,143.28642,-47.032375,174.71698,141.671,-39.67,166.77893,164.10117,-24.344557,163.11394,139.71136,-24.511705,167.99623,183.303,-25.793846,165.9313,120.07319,-29.263538,172.4748,200.61421,-64.28926,169.71953,106.50462,-54.814304,175.27383,203.29997,-69.11199,169.84251,102.990875,-71.12752,176.40628,205.0806,-85.110435,172.16985,102.89899,-74.44478,174.33403,204.54048,-71.76305,173.1107,105.81712,-60.165253,136.8548,167.59921,14.3749695,124.83554,160.83604,-14.430538,156.81212,183.36757,16.832617,106.067154,183.84872,-27.23894,173.25928,211.97061,36.521152,97.594696,208.14464,26.218838,172.31491,218.60309,37.836697,96.8805,210.87086,30.114138,188.84067,215.66055,13.89847,96.64216,217.19543,-9.8118
images (39).jpegresized.png,185.95206,51.778744,5.7042794,189.74153,50.409107,-8.487572,189.54773,50.02782,-8.446099,189.36395,49.72094,-8.480803,190.98929,53.40823,-0.3878904,191.6074,54.72816,-0.33674487,192.19034,56.06097,-0.2771124,186.79092,54.360138,-45.92957,191.46106,63.664524,-11.049523,181.52567,56.107384,-5.2961125,182.72223,58.79325,4.7318554,155.55222,60.261745,-33.96206,179.1388,98.55234,-32.25983,120.106026,67.701,-43.283077,186.51459,143.07755,-32.007164,97.629,74.798904,-24.839806,206.0405,179.25839,-35.47584,91.1992,76.86227,-26.887896,209.84148,190.61874,-46.12244,92.8107,78.62305,-32.0185,212.46964,187.81308,-42.88642,94.98169,78.40755,-27.067291,209.77951,182.3227,-35.502552,94.29148,107.05995,13.71283,112.46333,124.258575,-13.645197,60.507168,152.61642,51.340412,169.71422,146.85574,6.668693,27.996704,186.4049,105.6328,203.96237,179.9684,35.473927,22.568527,190.6406,112.07725,202.28488,188.55774,38.09144,24.354088,197.29095,111.875984,237.10272,177.41469,39.077026
images (4).jpegresized.png,161.97075,155.17491,-95.51879,163.89384,155.00314,-101.56388,163.85869,154.79639,-101.548256,163.84341,154.63083,-101.53995,163.8948,156.01149,-101.63663,163.91591,156.33894,-101.61024,163.89023,156.68872,-101.5734,162.21597,154.52077,-103.60988,162.6166,157.4405,-104.45568,159.35013,154.89268,-93.75458,159.58658,155.90303,-93.789345,150.99924,146.54855,-65.05267,152.70583,164.61171,-100.293144,150.67445,126.867584,-61.05633,155.23384,181.06792,-101.61265,147.30615,109.36246,-79.02789,158.51642,202.96826,-116.48755,144.97195,104.716354,-83.44954,160.11967,207.10516,-129.22905,147.55466,104.306755,-89.460594,162.19531,207.0562,-124.99747,148.9604,106.635445,-81.41771,161.60211,205.17564,-115.116684,124.46845,167.69208,25.735996,126.00144,172.47284,-25.945421,122.578125,184.53215,30.284815,134.79875,189.6889,-75.32749,111.806854,202.77492,74.49844,136.76164,214.63536,-73.57367,108.87872,205.09021,77.98271,134.43204,218.68631,-75.05143,118.35884,211.1358,55.07445,146.6724,218.59352,-106.53271
images (40).jpegresized.png,204.6914,169.3448,31.051426,206.89023,169.06516,20.530684,206.92506,168.00499,20.581419,206.97377,167.00589,20.600367,206.50179,172.28117,19.882603,206.42537,173.4139,19.887457,206.2909,174.51158,19.920898,205.14938,166.77603,-7.958427,204.40923,176.81294,-9.792249,202.46207,167.98586,22.624426,202.13303,171.31389,22.1635,193.33441,156.14348,0.039538577,191.61343,185.232,-25.307774,201.99725,130.05992,4.003921,194.79137,208.69464,-36.327316,209.61006,108.74436,-14.635018,201.9936,228.66077,-52.704956,209.47934,102.8906,-19.948938,205.28712,233.26375,-63.54126,213.33287,103.366394,-25.156145,207.25948,232.46812,-58.18722,213.653,106.750175,-16.893879,205.83327,230.16263,-50.864178,147.15036,172.22063,15.906459,150.50551,183.27768,-16.008768,120.405136,193.64322,19.63741,149.52248,205.31282,-2.6939037,94.40762,211.84415,27.129692,130.06537,219.72604,22.280499,91.92027,214.29355,28.243923,126.924286,220.58156,24.516392,85.15691,219.31836,15.103022,126.64774,226.85472,22.815426
images (41).jpegresized.png,167.75775,115.08591,-51.439693,171.42798,117.007675,-49.489563,171.70517,117.78415,-49.520393,172.06891,118.62266,-49.56278,170.75656,115.40125,-43.704437,170.68478,115.11916,-43.699924,170.59183,114.87912,-43.72621,171.40022,123.658615,-36.257103,170.11537,118.37428,-12.188421,165.50142,119.0755,-47.11866,164.72667,117.072205,-39.984116,156.72002,143.17682,-19.81748,152.93054,113.53775,-28.337214,148.71213,166.45485,-21.223885,161.21042,85.554016,-48.07237,150.28947,188.30408,-57.863674,161.22438,66.78919,-83.847496,151.27515,193.12404,-64.30625,160.11244,60.495026,-99.51701,152.84598,195.14456,-80.63535,163.6492,61.677925,-100.77051,151.38966,193.26111,-66.08693,164.41248,64.30804,-88.97161,121.135475,152.75401,17.863308,106.61211,144.0955,-17.73642,146.03635,176.56776,36.98864,88.23885,175.56284,-46.148468,160.71574,201.89905,69.77244,82.129265,212.12975,7.367768,158.56212,206.88243,72.59622,81.8625,216.82445,11.692817,179.96461,208.74022,49.30648,84.297165,223.9858,-26.693785
images (42).jpegresized.png,182.8924,141.58617,85.79612,186.06094,142.65239,75.59879,186.15466,142.14188,75.58874,186.26349,141.68578,75.587555,185.95789,145.24902,82.62275,186.09251,146.44649,82.65791,186.17355,147.64545,82.72942,184.8718,145.12941,29.930305,185.50397,153.39787,64.58119,180.21817,142.75877,69.73574,180.0698,145.50227,79.76989,165.75027,137.73761,22.1409,172.59045,169.49117,26.727865,161.45622,115.53097,7.9294615,181.92085,197.18059,15.175997,163.22925,85.92491,-12.142814,194.80484,221.6622,3.8554742,161.701,79.13649,-19.135754,200.0784,226.3455,-7.3179083,166.08835,76.672874,-22.891161,202.72241,227.31403,0.4339908,167.834,79.73017,-13.024568,200.90549,225.2114,5.67201,115.125854,155.89848,20.695665,124.10392,167.51942,-20.815475,88.28781,190.76035,32.735706,160.39856,193.21375,1.6183224,63.68563,221.54202,78.31397,180.08241,227.42621,59.69071,59.95175,225.45169,83.90864,178.16022,233.1342,65.095215,62.241817,234.56917,76.473015,204.1456,232.91435,68.71934
images (43).jpegresized.png,170.51366,96.300705,-28.907093,174.35114,96.235214,-30.568352,174.88135,96.78938,-30.585072,175.51965,97.37073,-30.595821,173.34717,95.611404,-22.25931,173.28003,95.765175,-22.24347,173.22177,95.96364,-22.283413,177.3324,103.81105,-34.447723,175.59744,101.25708,3.3936837,170.6062,102.46084,-30.415306,169.54077,101.934715,-18.76287,173.45093,134.82625,-26.098118,156.88237,110.94712,-24.114395,181.98445,164.99149,-37.23874,155.71991,86.00168,-31.924757,187.6189,189.24776,-103.74435,158.95364,63.878334,-46.76652,186.97885,196.94818,-115.6242,156.64491,55.8629,-59.312008,187.20573,195.34909,-132.43597,161.43597,52.600563,-56.60274,186.21243,192.99655,-112.264885,162.96762,55.307312,-50.003773,144.30621,160.11371,21.795547,121.84961,162.657,-21.5168,174.02908,174.33917,27.476982,90.07233,191.52364,-43.88137,186.1348,200.2785,52.797188,57.836136,209.74477,3.9712172,183.1369,206.88449,55.142124,51.67617,210.33914,7.179065,206.8513,202.7796,29.532955,63.377754,219.18689,-44.372524
images (44).jpegresized.png,178.01437,113.94078,62.15011,181.34276,114.25134,50.7972,180.95927,113.95804,50.807667,180.59528,113.747345,50.847343,182.72906,116.52132,60.878735,183.39061,117.68291,60.891434,184.01422,118.892426,60.911076,178.14896,118.23213,3.846922,183.52411,125.633766,51.264965,173.75822,116.55992,46.219692,175.14328,118.77788,60.053402,155.54114,115.08442,18.461046,167.98727,152.40565,6.77954,164.74634,88.52863,10.3752775,161.1142,181.68875,-10.958555,171.87082,55.585297,6.0256147,160.31406,213.78055,-27.100039,171.14526,47.087646,1.1922296,163.07858,220.24316,-39.792286,175.78185,46.185974,-2.3594024,165.5366,221.28525,-32.71597,177.76576,50.33383,5.1925626,164.2486,218.493,-25.113655,104.07415,146.2635,25.610641,115.35565,157.73174,-25.735096,79.94559,186.04428,32.521305,154.36552,177.3532,-10.051495,55.868015,217.03145,86.02596,181.82082,208.88956,32.07827,52.576862,221.19537,91.31259,180.22946,216.66104,34.275723,56.22536,228.06532,75.697174,211.6426,205.97572,15.978569
images (45).jpegresized.png,179.7703,134.80449,-48.914112,182.10597,138.03506,-48.727936,182.08775,138.7776,-48.697227,182.13383,139.57956,-48.76566,181.89488,136.96278,-35.14673,181.94093,137.04118,-35.118114,181.92122,137.10294,-35.02517,179.44121,145.38393,-47.545616,180.973,142.54803,16.935017,176.0949,137.66403,-48.01811,175.8182,136.64755,-30.412819,162.0524,159.74074,-9.708527,164.35767,132.21213,-0.9283006,149.302,170.86467,-3.6309516,155.50978,109.48927,-10.375457,145.52258,167.8496,-19.53783,158.09341,86.33615,-29.638117,149.86612,166.1552,-19.075222,159.19458,78.145615,-35.034576,148.84634,165.09265,-30.12662,163.33072,76.59082,-35.7393,148.14812,167.47214,-24.166191,162.4484,80.94786,-33.92887,118.22993,145.58252,43.209206,117.06479,145.38239,-43.07211,90.18888,178.93431,45.800938,138.10199,174.93729,-66.98809,73.35875,201.7213,66.20611,134.92958,207.39232,-26.501324,68.144516,204.32008,67.71837,131.06975,212.53477,-23.166584,78.951126,216.1479,55.851658,151.22856,218.97649,-63.150444
images (46).jpegresized.png,188.61127,125.438995,-82.315155,192.61137,126.65911,-76.9221,193.07722,127.77924,-76.9484,193.63393,128.96284,-76.988846,191.15497,123.410225,-73.18238,190.75409,122.358986,-73.16935,190.33713,121.3551,-73.14915,192.46208,132.40027,-48.75208,188.78758,122.20504,-31.237381,186.59297,129.43115,-72.0969,184.82967,125.29858,-66.76194,178.33128,150.1433,-28.353203,169.76476,116.665504,-34.95864,180.51526,175.34573,-35.105373,172.3252,89.63796,-55.631218,185.27623,199.96213,-76.864365,171.44978,67.06066,-94.48464,187.31026,204.96893,-83.7696,168.92908,60.84438,-106.86301,188.91644,207.65973,-100.46266,173.46732,60.615517,-111.02665,187.08566,206.76419,-85.343704,175.13062,63.518,-99.83837,140.00375,160.39534,14.190331,122.70347,150.29565,-14.0961485,163.25842,191.8014,14.753032,97.90928,178.53236,-31.876371,187.80008,222.50902,43.149403,83.456055,207.21541,29.351631,187.72252,230.49959,45.715435,83.18611,209.35895,33.66127,208.91289,228.77097,18.24246,79.72831,222.27715,-10.713977
images (47).jpegresized.png,186.5786,101.55782,5.9432306,189.91487,101.000206,-8.378528,189.6639,100.99847,-8.346996,189.42905,101.08703,-8.342268,191.22432,102.47081,0.87560743,191.85222,103.34881,0.87093943,192.43376,104.2743,0.90896165,187.82437,105.76805,-49.98261,192.40862,110.286705,-7.165951,183.0611,104.831665,-7.0150065,184.14702,106.27643,5.699013,168.3599,107.26979,-19.952145,180.74446,137.11272,-27.91719,166.17606,73.658485,-26.564932,175.66039,164.96388,-25.030819,164.93733,46.44033,-34.074547,180.49457,193.32063,-36.707535,161.90623,41.10059,-37.135025,183.84639,197.88829,-45.74964,166.4842,39.487812,-40.59108,186.18413,197.5675,-41.717358,168.33463,41.870876,-34.39691,184.39587,195.37427,-35.18988,124.78612,148.93166,29.126947,134.2001,154.50603,-29.274656,118.41113,176.4422,71.5736,160.56339,172.58447,-49.31976,108.9306,199.01155,114.66616,175.0666,201.34738,-65.37892,105.73393,202.8267,118.67778,171.53018,206.66183,-68.55982,118.630646,209.1409,105.79369,197.91713,207.92857,-89.57041
images (48).jpegresized.png,173.58627,124.39735,-47.94436,176.53152,127.38346,-46.82086,176.59193,128.2289,-46.86669,176.73207,129.1616,-46.90878,176.45782,125.810135,-40.267548,176.55151,125.639244,-40.289467,176.6214,125.5116,-40.293663,175.12593,134.67014,-38.86487,175.4876,129.60146,-11.323378,170.27908,128.36444,-45.666035,170.21114,126.376976,-37.52062,159.26035,152.72241,-17.810116,157.22513,124.04747,-30.824604,156.22435,177.96536,-23.021404,160.07794,101.831314,-51.579807,159.8524,193.13097,-70.57885,162.27591,83.462326,-96.290764,160.05798,196.91512,-81.94411,161.5756,77.307304,-111.5786,161.47285,197.1316,-93.11029,165.50478,78.66302,-114.7964,160.08365,196.00958,-77.56271,166.03491,81.380646,-102.44315,124.9348,155.93079,20.562416,112.10461,146.16885,-20.42937,150.17796,175.15428,43.715366,93.291176,173.00336,-47.75819,161.8544,200.22023,72.02454,82.6715,205.13458,-0.3419963,157.5433,203.72546,74.54874,80.490395,208.96928,3.5961983,179.64435,212.39864,50.046947,84.07235,218.39323,-38.02004
images (49).jpegresized.png,196.33395,110.35412,-121.184296,198.559,113.838684,-112.13701,198.34517,115.38182,-112.15242,198.2161,117.02898,-112.19315,198.60126,109.66228,-111.37782,198.54033,108.45627,-111.40104,198.4165,107.26629,-111.416534,193.83131,122.093735,-66.46359,194.57745,108.951965,-64.72313,190.82767,115.45761,-105.2727,190.91333,110.156906,-105.017624,170.74149,139.2205,-25.445871,168.2161,98.06312,-63.54264,182.64766,172.86629,-29.482725,165.43417,58.57654,-84.42901,195.16866,204.61722,-90.81161,161.49088,23.981699,-139.36708,197.9253,213.67421,-98.56273,161.16656,16.227568,-150.0514,200.82593,217.47415,-115.94702,163.85355,14.173039,-167.07591,198.55159,214.94318,-101.65544,163.29271,18.041418,-150.35727,114.01254,139.6451,25.590906,100.49015,121.27999,-25.62595,152.90714,175.14308,35.0151,77.4059,166.52684,-47.856014,175.19315,222.14047,76.335144,58.617306,211.26387,15.843999,172.82892,230.45578,78.67476,55.208637,216.24203,21.427649,198.9063,235.56134,46.080967,56.53647,224.25555,-27.40405
images (5).jpegresized.png,188.6644,115.07598,-60.857788,192.906,118.06039,-54.530926,193.24187,119.63911,-54.554054,193.67242,121.27153,-54.595264,191.73825,114.20656,-47.725746,191.409,113.09684,-47.73182,191.05411,112.04382,-47.76329,191.564,126.91488,-27.987633,188.9693,114.712326,2.9775176,185.33865,120.49503,-52.180927,183.97336,115.45527,-43.074455,172.97029,145.26622,-4.537578,166.68436,107.94165,-13.277966,175.72412,172.48709,-20.849634,172.07059,77.64389,-35.971737,187.92722,193.46078,-84.56284,177.25494,57.72722,-89.4811,191.44852,198.26724,-97.35733,176.37405,50.29441,-107.61049,193.40166,199.80458,-112.94977,181.51816,51.54477,-112.14105,190.46938,198.60977,-93.751236,182.52286,55.191154,-96.480804,126.42175,147.8108,18.583109,108.64114,135.39537,-18.443834,152.52533,173.64388,29.46511,76.00445,167.12448,-51.021526,169.76291,200.09741,55.88893,55.844616,201.12918,-0.5564158,166.71736,205.90704,57.870068,53.84279,205.2755,2.6904068,189.02625,208.82635,28.2344,49.755623,213.35568,-49.68295
images (50).jpegresized.png,177.34888,131.12976,-123.34608,180.82736,132.35466,-120.33854,181.02032,133.36263,-120.330444,181.28156,134.47096,-120.369965,180.32294,129.57472,-121.432274,180.23042,128.54343,-121.40496,180.09128,127.5364,-121.43935,180.27237,137.09497,-92.13796,179.04704,127.82653,-97.56845,175.06734,134.50906,-112.30567,174.4359,130.65933,-114.01986,167.15727,149.01666,-49.459145,167.18864,118.04294,-92.69582,174.14774,172.97229,-49.104248,167.68738,89.6121,-108.484535,180.98976,194.85185,-89.034225,169.08157,64.21973,-137.4665,182.59506,201.34924,-90.30441,169.30788,57.668026,-147.08894,184.61052,203.87004,-102.56065,171.39287,56.62345,-155.35626,183.32224,201.27995,-95.85776,170.85995,59.852367,-143.26865,127.842834,145.84055,22.204008,118.36119,130.4624,-22.188976,153.99992,168.9168,14.018882,98.71188,166.88629,-22.286873,185.35168,208.57368,30.978985,81.76045,191.05875,39.91151,187.19164,219.29971,30.929228,80.62308,191.21413,46.06044,207.31973,213.1769,11.034844,75.34649,203.28214,27.200722
images (51).jpegresized.png,163.62035,116.8337,89.99247,166.25795,117.297714,80.21763,166.01848,116.682625,80.22985,165.77931,116.13347,80.28548,167.1992,119.98087,88.29095,167.70197,121.18205,88.3094,168.16708,122.42603,88.39643,164.6415,119.2973,27.863815,168.60788,128.0907,66.84961,160.65314,117.98325,71.29869,161.56665,120.98399,82.743965,147.35535,113.34766,23.136936,156.85472,147.31192,26.570457,147.69476,92.46036,21.373007,148.20717,169.7328,6.634532,151.52113,71.38036,21.0573,149.152,191.69724,-13.666648,150.02773,65.79547,16.104626,153.36412,195.04637,-22.332123,154.91791,64.86043,13.839508,154.78627,196.19275,-17.333258,157.01291,67.36961,21.07247,153.37325,194.76326,-13.070981,102.97137,138.98973,22.561779,113.93602,149.53555,-22.528727,83.48778,175.00386,39.045666,143.22641,173.25368,-4.487738,62.621098,203.63773,97.65671,158.43478,203.2019,61.17557,60.057575,207.01276,104.15334,156.48755,208.9703,66.94176,63.73894,215.2365,100.36385,180.31975,206.9161,73.61378
images (52).jpegresized.png,188.6644,115.07598,-60.857788,192.906,118.06039,-54.530926,193.24187,119.63911,-54.554054,193.67242,121.27153,-54.595264,191.73825,114.20656,-47.725746,191.409,113.09684,-47.73182,191.05411,112.04382,-47.76329,191.564,126.91488,-27.987633,188.9693,114.712326,2.9775176,185.33865,120.49503,-52.180927,183.97336,115.45527,-43.074455,172.97029,145.26622,-4.537578,166.68436,107.94165,-13.277966,175.72412,172.48709,-20.849634,172.07059,77.64389,-35.971737,187.92722,193.46078,-84.56284,177.25494,57.72722,-89.4811,191.44852,198.26724,-97.35733,176.37405,50.29441,-107.61049,193.40166,199.80458,-112.94977,181.51816,51.54477,-112.14105,190.46938,198.60977,-93.751236,182.52286,55.191154,-96.480804,126.42175,147.8108,18.583109,108.64114,135.39537,-18.443834,152.52533,173.64388,29.46511,76.00445,167.12448,-51.021526,169.76291,200.09741,55.88893,55.844616,201.12918,-0.5564158,166.71736,205.90704,57.870068,53.84279,205.2755,2.6904068,189.02625,208.82635,28.2344,49.755623,213.35568,-49.68295
images (53).jpegresized.png,161.97075,155.17491,-95.51879,163.89384,155.00314,-101.56388,163.85869,154.79639,-101.548256,163.84341,154.63083,-101.53995,163.8948,156.01149,-101.63663,163.91591,156.33894,-101.61024,163.89023,156.68872,-101.5734,162.21597,154.52077,-103.60988,162.6166,157.4405,-104.45568,159.35013,154.89268,-93.75458,159.58658,155.90303,-93.789345,150.99924,146.54855,-65.05267,152.70583,164.61171,-100.293144,150.67445,126.867584,-61.05633,155.23384,181.06792,-101.61265,147.30615,109.36246,-79.02789,158.51642,202.96826,-116.48755,144.97195,104.716354,-83.44954,160.11967,207.10516,-129.22905,147.55466,104.306755,-89.460594,162.19531,207.0562,-124.99747,148.9604,106.635445,-81.41771,161.60211,205.17564,-115.116684,124.46845,167.69208,25.735996,126.00144,172.47284,-25.945421,122.578125,184.53215,30.284815,134.79875,189.6889,-75.32749,111.806854,202.77492,74.49844,136.76164,214.63536,-73.57367,108.87872,205.09021,77.98271,134.43204,218.68631,-75.05143,118.35884,211.1358,55.07445,146.6724,218.59352,-106.53271
images (54).jpegresized.png,180.7254,150.53264,-73.626236,183.30173,152.5597,-66.4521,183.33322,153.77794,-66.4217,183.4312,155.06544,-66.4196,182.75438,148.88744,-64.96908,182.55511,147.61993,-64.892815,182.3137,146.36606,-64.830475,180.32767,157.35728,-30.203754,179.74384,145.86179,-20.512339,176.97618,153.2525,-60.582783,176.30026,148.46379,-58.440845,161.20598,167.64252,-1.051627,162.56439,134.2523,-19.433563,162.03563,191.77335,-4.4244657,162.14417,107.989685,-34.044388,159.1193,218.63322,-32.764675,167.35538,80.96655,-54.763283,159.14394,225.95752,-33.618584,167.60587,73.78998,-53.539406,161.00772,227.4999,-50.36389,170.98354,72.53628,-60.429356,160.36856,226.22719,-40.862453,170.0384,75.011375,-59.873398,115.12696,155.18239,29.44351,113.94513,145.32187,-29.331034,93.26613,190.76634,30.577833,133.78745,181.81284,-58.316547,70.897575,216.84694,62.92036,140.00098,222.83517,-30.754597,65.52479,217.5121,63.71649,137.73677,231.09459,-29.32456,67.92337,234.30945,38.917713,154.63654,231.66028,-70.43162
images (55).jpegresized.png,180.6333,112.64368,11.272642,183.18439,111.72953,5.1921086,182.93347,111.45865,5.2363043,182.71317,111.25631,5.205769,183.51108,113.30878,5.9079614,183.5327,113.793236,5.891329,183.51544,114.32273,5.9321694,179.29688,112.30672,-12.410614,180.874,117.035034,-7.543671,176.0872,114.12724,6.7342315,176.55328,115.25627,8.101131,156.62477,103.3491,-5.3980465,163.75581,137.28284,-27.707476,152.50482,75.95125,-31.590645,163.57054,172.2197,-41.815582,162.6981,45.85569,-64.46887,180.15912,197.73988,-52.11707,164.19687,37.464813,-74.11994,184.38766,204.4418,-61.375755,168.64139,37.69847,-75.26467,187.84526,200.79942,-59.147587,168.8165,42.050194,-66.392235,186.20554,197.45102,-52.151527,106.36739,138.5608,25.696028,114.79165,151.61649,-25.83766,80.99776,180.7711,31.269373,149.23145,176.27959,-6.694271,55.25577,211.29163,78.74202,172.12274,207.70822,41.985058,51.399483,214.30968,83.49393,170.94624,214.5859,45.866055,53.024506,224.44437,65.08561,196.01984,207.67764,32.688065
images (56).jpegresized.png,213.79572,139.4997,-51.811996,216.73311,140.79045,-51.907463,217.09106,141.41406,-51.894207,217.51453,142.1245,-51.95367,215.82808,140.07278,-45.48691,215.58003,140.09573,-45.45949,215.27982,140.13286,-45.44851,217.09163,147.11311,-44.95432,214.83205,144.41217,-17.646027,211.72829,143.55853,-49.36118,210.61156,142.48392,-41.356564,205.53139,165.98438,-21.671688,198.61682,142.37283,-20.68702,206.01105,188.27509,-41.278675,198.53426,119.961975,-8.478525,205.92741,210.09348,-78.77929,198.96123,101.25112,-5.0113916,206.6287,217.0701,-81.25442,198.36725,94.5583,-13.668208,206.92363,216.55333,-95.43299,201.31532,95.529884,-15.662274,206.05351,214.26813,-85.68239,200.94995,97.29425,-8.557805,164.32076,168.02603,18.053602,160.23553,158.38652,-17.993519,145.4197,191.0588,70.070175,176.06244,186.75752,-15.300303,133.83478,213.67601,116.88724,183.27232,216.62125,-9.044133,131.10477,215.72206,121.53591,182.06361,222.36456,-9.569747,133.47334,225.95111,104.205444,194.76727,222.73949,-39.24324
images (57).jpegresized.png,194.38406,114.62211,22.460558,196.91103,114.303734,11.023734,196.75604,113.5093,11.024712,196.62701,112.84041,11.022602,197.1206,116.77463,12.140222,197.24298,117.66797,12.176783,197.31006,118.54982,12.204021,194.58798,113.20464,-27.64619,195.85612,121.06785,-21.104694,191.43532,114.162506,10.872186,191.55983,116.66828,13.019714,182.1143,100.52246,-14.874897,180.4233,133.70738,-49.97375,182.69093,73.88945,3.9508522,167.87976,156.0486,-59.015804,188.73334,50.842464,4.7027307,163.36826,172.44888,-44.22748,186.99152,44.3165,8.063725,164.3916,176.41948,-50.93979,192.356,44.79029,3.646903,166.37871,175.32922,-44.543377,193.45412,48.746754,4.867077,165.82904,173.79855,-41.64029,134.0618,118.8952,34.134933,129.37427,128.94926,-34.362446,158.65256,148.32716,47.34508,107.37574,163.10635,-24.416843,165.13844,185.25217,88.08425,90.7599,191.00406,6.356899,163.33888,192.69006,90.96104,86.732376,194.66191,8.236027,179.0523,191.80206,77.463196,93.60718,202.08594,-17.860971
images (58).jpegresized.png,134.64783,110.464836,-25.685148,136.6665,108.53049,-35.38461,136.31493,107.822845,-35.317757,135.99525,107.17558,-35.351105,137.42697,110.97339,-36.90004,137.64357,111.7149,-36.925983,137.79424,112.4722,-36.869194,133.30023,108.16363,-57.4663,135.93289,115.238846,-63.965687,131.27313,111.53235,-31.432985,132.17867,113.59975,-33.31823,114.65814,102.69979,-50.54206,122.091354,134.09448,-76.84503,98.4718,77.64082,-53.101818,116.44355,161.62035,-87.508965,88.54851,56.89167,-72.945564,115.92839,177.21744,-97.82949,84.378746,51.641712,-82.62872,115.600685,182.36705,-108.984665,87.47962,51.634823,-84.876114,117.36881,179.03908,-109.49663,88.56546,54.953243,-74.72167,117.20099,176.59161,-98.48634,67.05672,132.73952,19.664282,73.23668,146.06439,-19.637363,73.9356,152.386,98.24535,77.87222,157.38626,47.433147,73.875275,172.62442,163.3719,75.15905,172.71475,103.77762,71.18715,175.66609,169.81555,71.98259,174.6322,109.22753,82.22181,180.60623,169.60599,81.45089,179.2503,104.24462
images (59).jpegresized.png,180.6333,112.64368,11.272642,183.18439,111.72953,5.1921086,182.93347,111.45865,5.2363043,182.71317,111.25631,5.205769,183.51108,113.30878,5.9079614,183.5327,113.793236,5.891329,183.51544,114.32273,5.9321694,179.29688,112.30672,-12.410614,180.874,117.035034,-7.543671,176.0872,114.12724,6.7342315,176.55328,115.25627,8.101131,156.62477,103.3491,-5.3980465,163.75581,137.28284,-27.707476,152.50482,75.95125,-31.590645,163.57054,172.2197,-41.815582,162.6981,45.85569,-64.46887,180.15912,197.73988,-52.11707,164.19687,37.464813,-74.11994,184.38766,204.4418,-61.375755,168.64139,37.69847,-75.26467,187.84526,200.79942,-59.147587,168.8165,42.050194,-66.392235,186.20554,197.45102,-52.151527,106.36739,138.5608,25.696028,114.79165,151.61649,-25.83766,80.99776,180.7711,31.269373,149.23145,176.27959,-6.694271,55.25577,211.29163,78.74202,172.12274,207.70822,41.985058,51.399483,214.30968,83.49393,170.94624,214.5859,45.866055,53.024506,224.44437,65.08561,196.01984,207.67764,32.688065
images (60).jpegresized.png,180.7254,150.53264,-73.626236,183.30173,152.5597,-66.4521,183.33322,153.77794,-66.4217,183.4312,155.06544,-66.4196,182.75438,148.88744,-64.96908,182.55511,147.61993,-64.892815,182.3137,146.36606,-64.830475,180.32767,157.35728,-30.203754,179.74384,145.86179,-20.512339,176.97618,153.2525,-60.582783,176.30026,148.46379,-58.440845,161.20598,167.64252,-1.051627,162.56439,134.2523,-19.433563,162.03563,191.77335,-4.4244657,162.14417,107.989685,-34.044388,159.1193,218.63322,-32.764675,167.35538,80.96655,-54.763283,159.14394,225.95752,-33.618584,167.60587,73.78998,-53.539406,161.00772,227.4999,-50.36389,170.98354,72.53628,-60.429356,160.36856,226.22719,-40.862453,170.0384,75.011375,-59.873398,115.12696,155.18239,29.44351,113.94513,145.32187,-29.331034,93.26613,190.76634,30.577833,133.78745,181.81284,-58.316547,70.897575,216.84694,62.92036,140.00098,222.83517,-30.754597,65.52479,217.5121,63.71649,137.73677,231.09459,-29.32456,67.92337,234.30945,38.917713,154.63654,231.66028,-70.43162
images (61).jpegresized.png,193.96773,118.24254,-71.984535,197.9956,121.205444,-69.1326,198.1911,122.0034,-69.1945,198.4755,122.928955,-69.24362,197.55301,119.36484,-62.198353,197.53369,119.144806,-62.21779,197.48532,118.95828,-62.254868,196.59892,128.96524,-53.348415,195.91821,123.36322,-22.742966,190.47943,122.69813,-66.83193,189.85445,120.42591,-57.657803,173.71616,150.25653,-22.164871,174.22227,112.95667,-46.92512,169.8108,179.69778,-27.367142,176.24863,77.47696,-75.464676,178.13728,196.54547,-90.04779,180.00012,47.218857,-120.82472,182.152,198.88876,-104.35274,179.43872,38.574944,-137.39456,183.82993,202.31131,-121.00538,184.51392,40.281105,-142.69424,180.95001,202.5751,-100.310844,185.27316,44.74257,-127.992584,127.87678,152.52888,26.564655,110.474434,140.07622,-26.518488,161.7354,182.5971,38.72767,75.70624,170.63606,-65.00214,185.32541,218.46222,70.45914,51.7428,207.86609,-10.206889,183.03833,226.91791,72.942924,49.34851,211.39417,-5.705957,213.00021,226.54875,35.338737,51.12404,223.63034,-67.9644
images (7).jpegresized.png,177.54187,110.49894,-94.234665,181.03253,112.78259,-87.16414,181.30965,114.241165,-87.18587,181.65822,115.79023,-87.21923,180.19592,108.69656,-85.66794,179.88062,107.373474,-85.61313,179.53432,106.07337,-85.59474,179.76428,119.80767,-52.468945,177.3667,106.83885,-47.083916,174.41818,115.25513,-82.062195,173.17924,109.94662,-80.43301,160.10768,136.72702,-25.888405,158.17957,99.68047,-47.52203,166.44072,163.82669,-22.28349,156.93666,68.290535,-64.26038,175.60545,192.28127,-59.214466,155.66495,41.106644,-103.884735,177.86165,198.60332,-63.114895,155.69383,35.782726,-114.646034,181.9422,201.76912,-76.17277,158.30373,33.746742,-125.34162,180.42114,201.3249,-66.54071,158.182,36.678093,-111.67926,117.78538,141.00735,19.689068,104.59444,127.80682,-19.617392,151.91595,163.32901,33.861458,79.05311,163.98369,-34.506645,171.59135,192.20746,74.13014,57.14236,195.46123,6.163737,171.1831,198.17093,76.07534,55.232708,197.81645,7.6653166,189.354,201.68536,48.736263,52.98628,211.78734,-41.54072
images (8).jpegresized.png,174.07344,125.31939,-60.568707,176.03113,127.57351,-57.3363,176.01997,128.43948,-57.27435,176.06245,129.37122,-57.252266,175.76273,125.83577,-52.213047,175.62523,125.44345,-52.23556,175.4649,125.07356,-52.22933,173.78987,133.77492,-48.14312,173.25743,127.64931,-26.998981,170.67424,128.84206,-57.880962,170.32166,126.31195,-51.70882,156.61948,148.16661,-32.164806,157.19676,123.54858,-31.924582,154.03204,167.13713,-34.627037,157.8181,101.48839,-41.622814,157.20354,186.82698,-55.917675,159.30347,86.23608,-67.768425,159.50815,190.2369,-54.271107,160.45842,81.47322,-80.14204,160.40498,191.96436,-67.54835,161.16986,81.513176,-82.711655,158.78651,190.75294,-61.725758,161.00476,84.38732,-72.13504,127.65204,151.44133,12.093722,119.34098,145.01747,-12.092864,145.642,175.08084,28.947046,105.96712,171.48901,-9.182837,150.49135,198.889,57.355232,92.257706,197.98041,30.84518,148.20728,200.80246,60.039608,90.55665,200.92937,34.623642,160.88515,209.01205,48.765953,88.60909,204.45299,12.836878
images (9).jpegresized.png,188.61127,125.438995,-82.315155,192.61137,126.65911,-76.9221,193.07722,127.77924,-76.9484,193.63393,128.96284,-76.988846,191.15497,123.410225,-73.18238,190.75409,122.358986,-73.16935,190.33713,121.3551,-73.14915,192.46208,132.40027,-48.75208,188.78758,122.20504,-31.237381,186.59297,129.43115,-72.0969,184.82967,125.29858,-66.76194,178.33128,150.1433,-28.353203,169.76476,116.665504,-34.95864,180.51526,175.34573,-35.105373,172.3252,89.63796,-55.631218,185.27623,199.96213,-76.864365,171.44978,67.06066,-94.48464,187.31026,204.96893,-83.7696,168.92908,60.84438,-106.86301,188.91644,207.65973,-100.46266,173.46732,60.615517,-111.02665,187.08566,206.76419,-85.343704,175.13062,63.518,-99.83837,140.00375,160.39534,14.190331,122.70347,150.29565,-14.0961485,163.25842,191.8014,14.753032,97.90928,178.53236,-31.876371,187.80008,222.50902,43.149403,83.456055,207.21541,29.351631,187.72252,230.49959,45.715435,83.18611,209.35895,33.66127,208.91289,228.77097,18.24246,79.72831,222.27715,-10.713977
images.jpegresized.png,178.35944,139.72227,-49.38626,180.62589,141.7857,-46.208874,180.7471,142.49408,-46.173225,180.93658,143.27377,-46.146168,179.98578,140.48123,-40.027225,179.7523,140.2889,-40.026928,179.49042,140.13148,-40.014946,179.08887,148.22055,-38.245697,177.79274,143.48018,-12.849453,175.40848,143.28642,-47.032375,174.71698,141.671,-39.67,166.77893,164.10117,-24.344557,163.11394,139.71136,-24.511705,167.99623,183.303,-25.793846,165.9313,120.07319,-29.263538,172.4748,200.61421,-64.28926,169.71953,106.50462,-54.814304,175.27383,203.29997,-69.11199,169.84251,102.990875,-71.12752,176.40628,205.0806,-85.110435,172.16985,102.89899,-74.44478,174.33403,204.54048,-71.76305,173.1107,105.81712,-60.165253,136.8548,167.59921,14.3749695,124.83554,160.83604,-14.430538,156.81212,183.36757,16.832617,106.067154,183.84872,-27.23894,173.25928,211.97061,36.521152,97.594696,208.14464,26.218838,172.31491,218.60309,37.836697,96.8805,210.87086,30.114138,188.84067,215.66055,13.89847,96.64216,217.19543,-9.8118
images.pngresized.png,158.80481,130.55151,-50.74301,159.35759,129.33762,-58.258297,159.01607,128.71663,-58.228355,158.72081,128.1523,-58.22251,160.00787,131.15454,-57.034027,160.16959,131.71637,-57.06021,160.2996,132.27841,-57.059166,156.64949,128.43518,-72.62382,158.77649,134.0911,-65.619965,156.58835,130.64207,-54.14369,157.3427,132.3661,-52.281254,148.75694,124.798615,-57.33866,151.04022,144.1587,-52.21419,161.63751,114.05519,-48.55627,150.02913,160.79454,-41.018074,171.84528,108.43233,-52.421497,153.83423,180.08429,-48.929096,173.26321,106.36439,-56.637123,154.10756,186.24554,-56.989418,174.72026,107.74459,-61.018494,155.44562,185.07329,-56.817505,174.72493,109.26326,-54.435772,155.29053,181.60095,-49.298084,125.65795,148.99254,-3.2632546,129.95088,159.31982,3.1760905,137.16809,170.86829,-25.682941,144.02782,181.67535,9.174775,156.61539,193.99033,-15.459714,159.91931,199.79033,36.936237,159.1859,196.40855,-15.2567835,161.57272,201.33476,37.91594,164.37427,201.3262,-42.216858,167.9045,207.7293,13.30471
jh.pngresized.png,196.982,127.510635,-25.248156,200.89597,128.48145,-20.815554,200.88455,129.1839,-20.770369,200.94485,129.99129,-20.755314,200.57297,126.30997,-24.809492,200.45471,125.39854,-24.762217,200.29886,124.51487,-24.77814,198.24542,130.9282,7.765909,197.6372,123.84171,-9.434374,192.40631,129.51062,-14.699782,192.08415,126.26277,-19.872768,170.7588,133.92833,29.850592,177.62027,115.36707,-22.009447,161.89792,152.9887,21.83132,173.14423,92.12842,-35.609867,159.15477,169.18364,-15.029718,170.08461,71.28357,-45.34051,159.75671,175.02335,-16.582344,169.42169,64.91553,-50.149174,161.48503,175.74573,-31.384737,169.62305,66.21812,-55.671597,160.41432,174.19463,-22.415411,168.69058,68.293945,-48.651234,104.98491,123.83001,34.03921,104.91528,116.11046,-33.969345,92.54587,173.46492,37.565147,121.3266,169.80862,-28.5646,70.85112,211.836,72.712555,138.56128,226.44861,-13.533832,64.313965,213.80716,74.168846,134.98306,235.40848,-12.674138,72.842316,233.393,54.34311,163.69774,238.48047,-42.62055
maxresdefault.jpgresized.png,916.5028,595.5681,-238.64706,928.43567,601.97003,-233.40869,930.2743,605.0531,-233.30437,932.4191,608.5143,-233.54065,923.17993,597.2472,-205.85573,921.6111,596.57495,-205.7387,919.7873,595.9467,-205.59203,930.3382,631.5728,-180.60118,917.40265,614.4309,-61.397804,908.43353,614.0232,-219.80125,901.9292,607.69403,-185.96529,878.9397,711.60547,-54.387756,857.69604,612.0487,-84.81224,877.34894,813.75305,-122.193085,856.8873,514.0107,-57.677376,877.74603,904.0921,-283.15646,848.8755,436.4829,-101.42168,883.9159,929.3379,-284.08447,848.1988,408.36807,-149.73303,888.5176,924.69714,-352.73975,859.1107,410.65332,-149.4515,885.22675,918.5199,-314.34174,855.56757,419.6355,-115.36372,700.60736,713.4936,102.35957,690.8916,682.2022,-102.1087,619.9934,816.21045,236.35255,768.7029,793.7653,-170.16808,562.3655,901.1572,414.6833,792.3081,929.84283,-102.754295,549.4053,909.0649,429.70953,785.70435,953.55835,-100.92169,561.46375,946.4621,347.2315,844.8129,961.9249,-241.55382
