0-1.pngresized.png,316.15524,44.023987,-141.84047,322.1756,34.3771,-134.2182,325.795,34.459538,-134.266,329.4715,34.50989,-134.37173,312.8259,33.83867,-131.18378,309.16095,33.49802,-131.25586,305.4895,33.213085,-131.27089,333.39597,38.961525,-63.694588,302.02533,36.783012,-49.41103,321.72498,54.7638,-113.378815,309.40585,53.9976,-109.77277,355.2485,98.58539,-38.816452,272.02783,91.0791,7.9733553,375.20233,187.80258,-80.47853,244.93768,176.49985,-61.50253,332.82043,157.36838,-164.91124,289.5699,153.55339,-193.39699,320.24872,149.14322,-180.44572,306.4164,152.63687,-207.93237,319.48892,137.23843,-166.89738,304.77817,135.58632,-197.67874,320.43613,141.6628,-159.23744,303.4427,137.93057,-188.42119,326.10413,238.3751,-43.468456,277.1977,228.11267,43.668346,239.47224,296.50204,-124.04699,166.69167,291.8449,38.689285,284.89343,281.6936,90.048996,253.04129,273.09186,200.15216,298.4775,273.04303,116.48168,268.5671,262.22278,220.23045,276.53415,296.0402,146.42068,265.54153,293.44946,258.58713
1-0.pngresized.png,340.56918,167.51508,-150.98108,346.5786,157.85292,-134.08144,350.98627,157.71373,-133.96138,355.47525,157.60492,-133.90587,333.84894,158.3594,-135.02487,329.289,158.35335,-134.89062,324.7884,158.50728,-134.99596,361.0979,164.61383,-39.469883,318.91763,165.39058,-46.12904,348.99808,178.44011,-115.70613,332.53003,178.66026,-117.37563,379.91928,207.42873,-22.250706,301.72974,208.52496,-13.907909,376.24786,139.35712,-46.296333,297.7461,128.16739,-59.746056,338.54504,83.761246,-46.97994,329.62054,76.55743,-52.295185,327.62503,73.94938,-72.68918,340.1342,63.979664,-70.75273,326.46927,71.41117,-58.20662,342.72156,67.23234,-54.842342,329.28387,74.56612,-46.0366,340.41605,71.15258,-50.667137,361.2929,358.35147,-20.92126,307.89133,353.9015,21.069284,339.86624,476.10178,-85.4291,250.83928,441.06982,-207.79935,336.03314,564.32196,44.67441,312.95728,488.5578,75.85891,336.13885,571.41046,52.201607,330.34448,485.5574,102.81446,320.92978,608.0811,-70.10065,299.53748,533.4848,51.433918
11-0.pngresized.png,431.3351,195.26735,-373.4591,441.3463,177.80174,-351.9997,448.95734,177.49371,-351.71625,456.69183,177.22394,-351.6349,420.99045,178.7289,-350.18756,413.22513,178.44609,-350.08023,405.52405,178.47188,-350.11093,466.52615,186.29517,-200.79794,397.45987,186.71716,-192.52547,446.75354,209.11806,-316.5829,417.97598,209.42363,-313.8146,477.84808,239.40541,-201.68161,395.20694,236.70946,-71.70583,471.9303,115.20605,-271.66446,389.63757,140.6808,-73.338264,439.0631,47.586876,-250.80342,427.21045,50.892826,-89.38414,428.01318,31.806322,-287.02817,439.32852,28.744492,-112.09391,430.98828,28.455671,-257.70807,444.6065,25.986214,-93.05361,434.98877,32.922043,-246.11565,441.0573,32.86688,-88.881836,449.4054,449.6337,-62.3789,394.70016,433.6644,62.414124,412.86588,594.56116,-170.72984,323.2355,529.1938,-224.5838,449.12332,666.32666,61.5359,413.8705,579.45544,52.447147,458.07687,662.7911,84.61538,437.03287,571.9959,83.47276,435.39636,738.4025,-18.850668,406.7832,646.5163,33.720535
14-0.pngresized.png,223.37764,44.025017,-107.11298,228.03668,37.32625,-91.744865,230.9935,37.09972,-91.76987,233.99202,36.851315,-91.85177,219.00806,38.148422,-91.31251,215.9821,38.322083,-91.25086,212.97635,38.581295,-91.283325,238.4499,40.9819,-6.305553,209.45715,42.57587,-6.3393083,229.25514,52.022385,-75.711624,218.58267,52.734184,-75.62435,258.91937,84.96418,17.341797,192.62993,87.2235,41.983784,271.40372,142.5048,-58.00658,185.37279,147.13496,7.3545814,237.45518,106.88335,-175.07309,219.91435,112.82408,-59.023968,228.68369,97.07961,-199.73543,230.12921,104.50306,-71.03678,231.68628,88.614624,-190.66507,227.4981,96.052315,-62.707073,232.70195,92.04672,-172.98409,225.9579,98.56132,-54.38603,242.13066,197.0094,-14.455321,200.83763,194.5887,14.560803,235.83862,275.8723,-23.353333,141.91508,249.00226,-79.655914,218.77411,351.39563,82.8381,211.17595,242.2985,119.33237,215.85612,360.52356,92.41389,222.84909,232.73503,139.99821,218.39008,380.9815,29.547998,225.40894,263.98743,143.04381
15-0.pngresized.png,485.67874,105.21462,-389.00107,498.32693,87.07497,-363.6803,506.6489,86.981606,-363.76395,515.10925,86.749626,-363.88156,476.1982,88.10653,-358.75482,468.1291,88.36698,-358.73178,460.0845,88.77734,-358.8505,528.9453,101.004906,-197.50914,452.85345,101.897934,-183.01059,502.6923,127.773544,-326.10446,471.76074,128.60535,-320.644,585.06036,211.44316,-103.56039,405.17862,219.5031,-65.59269,671.51984,314.269,-32.763924,309.2416,327.26166,16.609064,620.28345,407.95215,-81.28724,385.01556,422.9484,-91.57008,612.80817,435.77594,-116.33177,404.60574,448.41382,-121.08384,591.31476,429.10132,-126.68381,424.18866,424.46677,-140.24141,590.27295,421.37912,-82.962364,417.4497,420.3691,-95.42984,544.36017,486.6692,-26.866262,439.88647,478.9981,27.232786,505.15308,684.8976,-26.995892,313.72345,559.67896,-333.09302,480.1694,842.5388,159.49098,455.7052,572.26556,-25.992552,478.15826,850.97437,174.11679,478.28442,549.674,7.311192,462.3061,929.4963,29.61027,494.71658,628.69995,-23.76224
16-0.pngresized.png,285.5104,60.735645,-160.24025,290.8944,52.28902,-148.73238,294.35315,52.7271,-148.77707,297.8461,53.12575,-148.81322,280.0168,51.203735,-153.7493,275.83704,50.656033,-153.66518,271.6756,50.216423,-153.7355,298.47827,58.908424,-55.278324,262.50034,54.3975,-80.58396,288.98535,72.522606,-123.15889,275.64645,70.775314,-130.40224,314.65726,113.56162,-6.670812,234.0378,109.55384,-24.18594,328.79102,185.04616,-59.432976,227.13052,184.32094,-50.364357,304.67175,143.43257,-235.94449,263.36398,140.75945,-112.45346,297.4878,134.41824,-263.4038,276.89194,132.03192,-118.83917,298.9215,120.06093,-265.57645,274.2037,117.860535,-115.90147,299.16632,124.85301,-238.43054,272.84433,122.07606,-108.00567,293.60663,248.78653,-14.782548,245.27267,242.42365,14.739472,276.40582,351.40097,-3.9702146,159.57355,293.81592,-45.268166,256.1269,446.42188,66.16266,254.0783,298.51913,90.41333,251.92389,460.51273,71.96731,271.84772,290.31082,103.819786,256.24023,479.7197,5.3237033,269.69766,323.19922,106.873276
16-1.pngresized.png,144.69835,35.232452,-44.942245,146.02448,32.175316,-43.839817,147.12431,32.089645,-43.836708,148.25285,31.989212,-43.888107,142.82611,32.551125,-41.357765,141.79033,32.612442,-41.326042,140.76564,32.701675,-41.36316,149.69847,33.65828,-22.327248,139.68552,34.4349,-10.771967,146.8769,39.01925,-36.146717,143.18076,39.323387,-32.93531,161.40869,55.311344,-26.312532,132.12706,56.24945,24.199602,163.88734,81.81024,-36.123463,120.98387,85.03511,-5.0796857,144.65508,71.69458,-64.35094,131.99461,69.99072,-81.700554,139.98927,70.49016,-74.06789,135.70288,65.29327,-91.45133,138.71124,66.69069,-73.700226,137.14893,62.01661,-90.01883,140.29922,67.56914,-63.913864,136.7484,64.31659,-82.47522,150.88461,116.776596,-18.937925,133.6081,111.94945,18.896353,144.17732,162.15631,-23.475147,105.00727,133.30487,7.472389,142.8511,202.26074,5.060146,139.20096,134.3375,69.93835,144.67152,207.02676,7.4427676,146.5811,131.02441,76.10453,134.69012,217.73059,-19.936474,143.71135,145.31514,85.50652
17-0.pngresized.png,493.44916,223.7877,-168.56386,502.01266,213.68362,-155.81407,506.4503,213.76198,-155.60759,511.08118,213.88223,-155.70534,489.86475,214.32373,-147.19902,485.93832,214.30103,-147.17038,482.0684,214.56781,-147.20375,519.711,223.15305,-67.93884,480.7237,222.54684,-32.556217,502.39655,237.25032,-136.20474,487.58325,237.19287,-125.66919,540.88873,271.56598,-66.75682,466.29153,272.73862,-3.8660033,528.1987,141.097,-131.46199,471.93433,159.22255,-24.877481,505.0046,69.147896,-122.316956,486.21588,76.209625,-42.041836,496.921,54.947735,-164.67255,494.08853,53.48479,-71.9639,497.30823,52.112312,-148.57867,498.5745,52.781155,-63.372536,500.0632,57.121822,-123.98843,496.90082,59.839157,-45.628223,514.56323,468.4423,-31.88221,458.61954,453.41742,31.824505,501.6837,622.74744,-71.20855,369.8577,541.9104,-33.203094,507.50366,723.13,75.069336,449.17526,532.74835,307.15128,507.93674,733.825,87.596466,475.01907,524.4395,341.718,505.506,776.49884,-35.57713,425.05185,567.98016,346.78064
18-0.pngresized.png,302.0825,174.48985,-297.62878,309.78818,163.39673,-277.75284,314.78867,163.78452,-277.52377,319.98535,164.17691,-277.50095,296.4511,162.70462,-277.8591,291.50076,162.10033,-277.7785,286.58383,161.68758,-277.7495,325.99667,171.25732,-158.49826,281.22342,168.35713,-157.72905,310.74432,186.82161,-254.89432,292.32547,185.45056,-254.14587,339.89963,214.21788,-110.91273,254.96347,213.0567,-144.44041,360.30722,123.957054,-171.80396,246.49567,118.9791,-246.17947,306.68997,60.368355,-218.69882,294.85843,55.03861,-294.5931,292.87787,46.319626,-254.58156,310.25955,38.03237,-324.1499,287.11053,48.533154,-236.14696,311.62704,38.66143,-301.88016,290.8459,54.319695,-219.49092,308.4238,45.78858,-290.38342,342.00653,377.02768,17.353746,283.8193,390.66003,-17.009071,433.74518,436.3488,-147.76218,301.9845,521.0422,-32.442814,334.94098,452.7437,168.21669,313.01605,631.1701,126.399956,312.43814,440.00723,201.96802,315.29727,642.67926,137.26973,328.00958,503.01926,195.27199,318.1117,684.2834,19.614525
2-0.pngresized.png,214.88422,38.910755,-128.1328,222.3369,32.486416,-110.19899,225.96742,32.81297,-110.26052,229.7106,33.117157,-110.42348,212.46254,32.325462,-105.919044,209.25494,32.198383,-105.9334,206.04294,32.112934,-105.94219,237.3001,39.80202,-24.514542,205.00725,37.70862,-1.1462153,222.7927,49.786053,-98.75841,209.73518,49.08705,-92.084656,259.65268,92.824455,-16.851374,181.65848,93.72181,34.29608,263.7757,151.83922,-85.98373,138.84416,155.47891,-80.83592,202.12024,122.3358,-119.393394,180.56395,115.931946,-232.53394,183.82681,115.764,-127.19082,190.41931,104.01868,-248.77718,184.55855,106.024864,-106.560356,193.38649,94.58222,-229.25882,190.27356,110.12912,-109.675995,192.71077,101.204895,-225.73311,245.8542,219.93094,-2.5562036,197.1898,228.35518,2.6380346,309.26556,263.20425,-162.70837,208.50415,335.38776,-32.11986,234.26198,280.08014,69.51913,227.19832,428.3018,74.809135,219.14879,272.49078,94.618965,232.43459,439.68307,82.14636,226.09592,314.52954,84.50791,221.60837,464.96744,-3.0369325
20-0.pngresized.png,322.0618,148.26373,-141.3627,326.3822,139.29594,-124.9724,330.17218,139.01318,-124.89815,334.07214,138.7583,-124.92153,315.30185,140.3569,-122.5398,311.09332,140.61508,-122.46654,306.9593,141.02184,-122.54904,337.03436,144.44582,-49.035954,300.84894,146.81049,-39.095882,328.68353,157.59003,-115.18137,314.1833,158.67322,-111.70601,352.7201,186.74927,-107.09989,282.98407,186.8368,-37.72608,367.27087,125.64226,-247.1503,263.77432,121.23018,-94.91487,362.02347,70.13634,-312.1919,255.37036,60.69773,-99.818054,362.94,55.482914,-346.3023,254.89249,42.790615,-117.549446,358.62457,57.36293,-329.20718,258.8232,44.949516,-110.94958,357.54373,62.469925,-312.41577,261.118,50.17389,-101.63762,329.3832,317.258,-34.080006,285.1017,312.21036,34.248207,296.11313,411.87567,-75.25444,234.38503,375.656,-35.89784,313.7627,477.17255,26.209871,295.4406,380.32242,147.07205,320.5211,481.17035,36.179413,309.7049,372.71893,166.3608,300.09473,518.46,-34.068233,302.52646,412.7248,152.18304
21-0.pngresized.png,400.48828,230.36201,-225.73198,410.2751,211.87904,-208.79533,417.38052,211.49666,-208.46396,424.74945,211.13918,-208.48955,391.36206,212.90321,-206.0498,384.15332,212.64436,-205.94713,376.99194,212.61374,-205.96109,434.4039,217.21452,-85.95896,369.307,219.01697,-71.25582,413.86615,244.30045,-179.88153,388.026,244.84355,-175.47343,450.54773,273.2626,-50.24508,337.22522,269.8539,-49.01598,477.23026,154.51883,-162.6724,314.92746,161.99922,-145.40273,402.72092,73.32927,-189.5147,383.72733,80.74698,-150.3997,383.59402,51.022415,-212.46489,403.182,55.135754,-166.76662,383.1516,56.533722,-175.21567,405.66895,57.46772,-125.95492,387.71402,65.737114,-181.23376,403.40363,68.53498,-138.35048,432.99207,492.0237,10.2600765,354.0961,503.83423,-9.651251,564.6327,549.97,-254.66063,374.77414,667.41174,-60.15121,420.15048,569.4612,80.112465,404.98672,799.8128,109.477264,391.15247,550.42694,118.64319,412.22675,810.8769,122.3647,400.75613,630.07245,118.655106,409.59106,871.1975,13.524988
22-0.pngresized.png,404.8872,80.81621,-238.84181,413.46368,65.964134,-208.23401,419.16193,65.70818,-208.34822,424.89618,65.46529,-208.5603,395.15277,66.77891,-210.23688,389.46967,66.77225,-210.12117,383.77783,66.901535,-210.29285,430.9366,71.836624,-42.05643,373.41275,74.094795,-51.87324,413.52176,95.8753,-177.13896,392.59222,96.77289,-178.62497,465.42172,162.45609,25.86535,332.13898,158.30843,43.48411,488.38998,276.2108,-55.07991,342.67722,283.75708,-84.45642,400.60217,213.0828,-274.42676,384.19226,204.18854,-324.2492,382.61255,194.00026,-315.38843,396.74255,180.29718,-358.90845,385.65668,176.96495,-312.0222,386.0761,162.24521,-345.18927,387.83334,179.22386,-277.1818,386.02612,166.19507,-318.7577,433.25262,376.60394,-23.782177,358.34677,370.86325,23.571701,411.00854,539.8107,-30.213789,294.90158,502.31393,-65.74888,383.6938,677.21783,204.54327,407.4788,434.3984,287.313,374.58133,686.4926,224.73004,422.04123,405.6079,320.48105,386.62277,744.77167,104.01577,446.73785,469.1404,341.72162
23-0.pngresized.png,135.28293,54.105362,-48.533157,137.59712,50.572052,-41.734985,139.06761,50.612556,-41.758984,140.54921,50.64322,-41.792866,132.86609,50.581192,-42.324142,131.318,50.534943,-42.30879,129.77261,50.516327,-42.3363,141.7824,52.72564,-4.004285,126.60338,52.59018,-6.289052,137.1314,58.35753,-34.155037,131.66653,58.304375,-34.671318,149.7256,74.967705,9.895298,115.54549,74.9227,15.8980255,159.88971,101.75639,-7.980448,117.205635,105.32766,-11.739089,140.008,86.46684,-45.06541,132.47086,85.05552,-50.054066,136.5427,81.534225,-52.779694,136.89226,78.58499,-55.275257,136.21996,78.548996,-47.92726,134.54536,74.825516,-48.90371,136.08209,79.75115,-43.72673,134.08865,76.58521,-46.996517,142.66438,127.70353,-9.121137,123.09919,127.16985,9.160304,138.92825,166.00754,-12.19659,99.896805,157.82814,-8.812327,128.56519,203.46039,36.71181,131.43488,144.14284,59.875298,126.9993,205.94096,41.034664,134.39487,137.18845,66.7724,124.18624,219.96278,14.001795,141.94464,150.77083,74.55906
24-0.pngresized.png,626.31366,234.59161,-425.90018,640.0901,212.41534,-393.63495,649.8794,211.80771,-393.54953,659.8381,211.20584,-393.49747,614.32385,214.00032,-392.24124,604.6393,214.1473,-391.9673,595.07196,214.617,-392.02863,675.1078,223.16728,-197.87491,586.23065,227.0215,-197.8395,646.31854,255.06392,-353.06577,610.0723,257.08102,-352.41437,715.9307,308.73538,-116.690186,550.7195,315.77054,-132.84978,754.8653,185.3319,-122.56251,507.9272,171.36252,-223.61662,647.2133,110.29785,-126.97628,608.7397,91.08804,-158.05066,618.84576,90.694954,-162.37645,636.64484,67.83545,-191.87419,618.7452,93.83799,-118.68909,643.4664,78.057625,-134.48462,623.831,101.89857,-116.68266,636.00397,86.75356,-142.62416,696.18335,601.0901,-17.150242,582.8351,595.48096,17.796507,717.041,805.49396,-500.15347,496.71823,753.22754,-582.9705,688.5121,880.59717,-5.473123,605.2612,830.12213,-26.603142,682.696,866.0389,44.43542,625.852,814.43286,29.025743,670.79895,968.7129,-84.3928,621.64557,927.9038,-78.585556
25-0.pngresized.png,448.66797,77.01296,-279.87296,459.00958,60.573086,-244.57588,465.59744,60.095646,-244.66177,472.29904,59.611897,-244.85893,437.9993,62.268715,-245.49632,431.65344,62.537716,-245.41008,425.3624,62.97173,-245.63902,482.29642,68.14336,-58.10022,416.02634,72.69773,-66.53049,460.6144,94.22245,-210.4951,437.1739,96.04066,-210.11914,525.47845,168.44836,12.832106,371.4308,166.66785,36.713665,581.0482,285.10287,-77.40432,327.89337,281.10117,-109.23899,483.7496,254.77611,-259.9812,426.44238,268.78473,-322.61163,466.3646,236.84578,-308.5325,446.6319,254.7126,-350.43292,464.18933,223.27393,-282.155,448.941,243.00052,-321.11575,465.97745,228.0068,-255.62737,444.98422,244.78139,-309.85248,477.54004,410.69772,-37.856544,396.7945,400.47842,37.701775,459.82742,588.7717,-33.419785,301.17328,524.3075,-51.849796,441.96707,737.80756,234.67622,421.82965,469.5092,400.40872,427.23914,756.8094,257.22388,443.45108,446.55264,443.57693,477.58066,806.7397,109.5538,443.20508,519.165,459.22467
26-0.pngresized.png,268.75165,46.081787,-141.59927,274.22656,38.026928,-122.03361,277.97635,37.9648,-122.03397,281.77902,37.91954,-122.14469,262.37756,38.54719,-123.3166,258.33716,38.672237,-123.25632,254.33589,38.88816,-123.31098,285.7413,45.17739,-17.0233,247.4443,46.08107,-25.455482,274.81412,57.462467,-103.2929,260.786,57.938362,-104.6054,304.1342,96.963776,1.9255216,224.25897,102.82887,20.959946,333.96097,140.67854,-127.32145,192.3944,155.72739,-99.67143,278.44293,118.4015,-271.40625,240.4201,131.21841,-232.2885,266.94086,111.00473,-303.77225,251.7095,121.24264,-249.10826,264.95566,107.18089,-283.15848,251.22604,113.86491,-232.08127,267.66074,112.36778,-266.56357,249.59082,117.79886,-225.93839,282.53104,240.37253,-16.45153,237.5596,235.26868,16.385517,271.79327,339.97998,-32.373417,170.63054,302.95355,-68.966896,252.91222,439.59424,82.08744,245.15265,301.5925,192.4117,245.09506,451.5922,90.15196,260.49792,291.86365,218.40555,260.34595,479.06366,-4.3840046,250.49739,335.30518,224.81471
27-0.pngresized.png,132.95735,80.42927,-41.173412,135.57584,76.88349,-35.31514,137.18285,77.08217,-35.261375,138.89172,77.26808,-35.27267,130.85553,76.58565,-35.58865,129.03798,76.34398,-35.534653,127.23833,76.148476,-35.52847,139.85497,79.791245,-6.8641343,124.38589,78.244965,-5.006999,135.15854,85.816154,-31.23116,128.99934,85.100586,-30.746117,150.01898,107.30079,-19.462446,111.31703,99.258514,-6.0985537,150.19653,138.47374,-45.37601,108.135216,70.19926,-46.096638,117.159645,138.31418,-59.484985,104.60805,36.53727,-66.328026,105.033646,140.52724,-64.93256,102.81408,26.461712,-69.27556,105.49278,134.93112,-56.63118,104.10487,25.902443,-63.504173,108.641495,134.39801,-56.29337,106.47948,29.255152,-65.83093,147.39343,169.44887,0.78329086,123.11943,174.40451,-0.5708985,178.0148,201.55606,-80.53171,127.22412,228.60097,-19.636536,138.5705,209.90215,10.099635,133.61745,275.18744,2.9635875,131.65936,204.87767,20.580982,136.10254,279.68948,3.7397976,130.90602,230.51593,19.986094,130.84343,298.61566,-31.95191
27-1.pngresized.png,161.15018,77.04137,-45.22928,164.44067,72.02314,-43.27024,166.46054,72.092445,-43.281555,168.49776,72.1416,-43.33946,158.86244,71.84434,-42.624474,156.77904,71.68946,-42.616634,154.72101,71.582085,-42.6677,170.53362,75.111176,-12.59528,151.57,73.90666,-10.652266,164.05801,82.33771,-32.050938,156.73239,82.0062,-31.625782,176.56728,100.58914,-6.902319,141.53587,97.383995,1.1086255,167.93175,127.9479,-12.265397,144.49283,126.02084,-6.432725,152.61917,121.37957,-25.804745,176.30685,121.70102,-21.839119,150.09341,119.54203,-34.206863,185.29921,122.874146,-29.402275,150.67157,115.86817,-33.353146,185.43181,117.716896,-29.27997,151.64375,116.64293,-26.565111,182.75557,118.14617,-21.609911,167.24875,166.08119,-13.581032,145.00926,164.05785,13.555219,163.8362,212.31566,-21.254038,109.064125,196.61272,-5.5979667,159.6039,253.96237,7.6020346,152.81763,203.5776,64.3147,159.38751,258.41174,11.515627,161.31204,200.17567,72.78899,153.58194,273.14542,-13.717984,156.71466,219.42995,82.76428
28-0.pngresized.png,196.32028,106.9139,-157.89206,201.13754,98.47984,-145.14662,204.53693,98.63279,-145.09013,207.96986,98.82443,-145.07571,191.53743,97.80096,-145.39085,187.9285,97.21083,-145.25166,184.3643,96.77483,-145.24673,211.1811,101.4007,-66.69166,178.37102,98.52294,-67.86813,201.62582,113.297195,-128.69843,188.82237,112.08202,-129.04086,216.69379,125.12599,-66.49123,164.75662,119.21338,-48.117382,217.94888,69.26539,-122.965866,176.16444,74.06604,-90.56698,205.74286,28.697245,-121.213745,197.18587,29.603054,-92.3373,202.18481,18.58313,-138.8268,203.61507,17.296946,-105.44502,201.83325,16.579142,-118.67163,204.39215,15.82391,-93.10278,201.96097,19.836899,-116.931694,203.2955,19.62681,-89.55569,193.92183,232.4661,-18.42032,160.00983,223.46976,18.67521,188.98715,283.2212,-191.54137,139.27663,252.58351,-194.64201,187.66872,336.51538,-92.027176,185.62695,296.29782,-63.865852,189.84386,339.23666,-83.138466,198.01768,298.5346,-51.63683,173.89517,363.70963,-166.6561,179.33794,321.94827,-105.16184
29-0.pngresized.png,177.68419,28.445211,-68.48398,181.27394,22.48252,-55.705036,184.04333,22.283094,-55.725235,186.8498,22.049637,-55.757744,173.28958,23.374008,-53.88435,170.40318,23.671824,-53.868355,167.51683,24.02188,-53.919205,190.65323,27.244843,11.043813,164.17975,29.387323,18.405071,183.28146,36.228573,-44.13629,173.2781,37.113678,-41.653084,208.32562,67.04815,29.993402,148.69426,69.31187,54.912907,230.67934,108.25368,-29.138916,123.18851,109.661194,-6.860392,194.75424,97.5524,-103.26789,162.75853,96.84862,-119.633865,183.75983,96.54807,-120.07707,174.92711,97.51543,-136.70747,183.107,89.92927,-108.62961,176.96599,89.38344,-128.93066,185.25378,91.75016,-98.162605,173.73541,90.688545,-117.52395,191.47772,162.78352,-17.194834,156.17735,157.53256,17.387075,178.06483,233.43211,-34.656403,112.2105,185.35893,-194.41946,163.2519,297.16174,65.642456,157.42632,234.47171,-23.565023,160.48213,305.1291,72.91219,168.89578,235.44145,-5.6397963,161.58127,320.0116,-1.0920966,159.32675,265.02625,-46.819782
3-0.pngresized.png,434.25305,101.203125,-216.73947,446.4347,83.82887,-188.70937,454.5281,84.01573,-188.64128,462.80798,84.12793,-188.61195,424.16895,83.84961,-190.04926,415.94205,83.54751,-190.19322,407.6693,83.33156,-190.28032,474.0506,94.37124,-35.59218,397.43994,92.99209,-29.152536,449.37036,122.143456,-160.16873,419.33472,121.84243,-158.76524,517.94336,197.85976,35.059715,347.34937,202.67358,32.30886,585.9173,305.76544,-112.59087,285.98663,333.79187,-59.61986,465.8137,290.06192,-241.75137,412.1808,295.1864,-153.9527,432.47842,290.02573,-271.53906,445.63132,286.97827,-173.04189,426.66553,267.46207,-225.72441,449.14285,269.34775,-140.94464,437.24628,270.69025,-224.31088,442.63623,275.648,-138.31313,497.5374,460.19705,11.12813,392.60754,477.4648,-10.412775,622.25446,579.6255,-202.79295,421.58844,683.81256,-33.556786,476.50586,588.66077,263.9018,452.40005,856.2875,160.50917,446.7946,571.8383,313.67847,456.67636,872.12067,174.20601,464.6607,651.70764,324.39117,466.3348,945.5841,30.198187
30-0.pngresized.png,155.70268,28.839596,-57.395096,158.96942,23.27931,-48.04669,161.35893,23.145227,-48.056423,163.76581,22.994501,-48.11741,152.0352,23.84987,-48.06984,149.69908,24.03283,-48.061275,147.36794,24.275187,-48.07963,166.62097,26.84393,5.8155146,144.1579,28.35179,6.039844,160.06082,35.582794,-37.083313,151.27293,36.244072,-37.208782,184.2605,65.911804,21.472065,129.61705,66.85347,40.13157,198.0538,109.71177,2.6790547,130.86708,116.71736,0.399595,164.8992,84.41394,-57.85918,146.70045,83.910995,-87.33006,157.06496,80.237206,-70.21439,153.45161,77.53314,-102.48557,157.12097,73.35875,-67.723946,150.4655,70.29881,-98.5736,158.42528,73.99756,-57.312756,149.74011,71.921745,-86.44079,173.89803,147.50426,-13.349574,141.07452,147.01813,13.313975,161.55937,220.28882,-35.90671,119.440254,205.3231,-17.46931,161.06961,260.67407,72.9283,158.38089,175.03503,139.93234,160.63484,261.61084,84.46646,159.94688,163.47273,156.82045,158.17729,284.3115,57.129208,178.13617,182.36385,168.34024
31-0.pngresized.png,217.14842,122.34346,-137.31244,223.19331,115.826004,-126.65111,226.74507,115.99118,-126.485565,230.46002,116.18383,-126.53538,214.38306,116.24169,-119.82635,211.22093,116.331764,-119.78216,208.07385,116.579124,-119.725586,237.32416,124.10388,-70.29209,207.64334,124.45614,-36.65888,225.34381,132.62192,-117.92912,212.344,132.62863,-108.253204,251.12234,162.5198,-79.155876,193.75122,160.8293,-4.2607307,267.23035,108.3479,-122.35977,185.92549,98.019875,-23.517267,276.9267,40.65046,-150.02242,186.41847,47.602566,-85.12493,281.18262,24.54423,-167.59602,186.90707,34.83598,-104.73532,276.2733,23.7042,-165.15726,192.11575,34.962635,-100.86866,273.15417,30.675074,-154.05573,194.28717,40.43779,-89.41286,241.15694,282.57785,-21.776447,203.11597,288.78265,21.982079,296.57672,333.6509,-176.827,222.69746,373.75793,11.125308,250.34352,332.82318,47.784214,244.47116,437.4559,98.1546,241.76611,327.13858,74.464386,252.1051,446.18918,105.241394,245.86934,356.9979,102.11414,233.35974,468.72766,62.444134
32-0.pngresized.png,203.39725,83.18031,-224.99728,206.14928,80.20974,-213.5603,207.98636,80.554016,-213.53023,209.84908,80.88605,-213.50717,200.9459,79.50601,-216.45767,198.92148,79.21524,-216.37613,196.9479,79.013916,-216.3311,210.95085,84.31778,-151.0314,193.70445,82.17479,-164.22768,206.00444,87.99961,-201.96999,198.65047,87.01788,-205.67393,214.14944,98.49586,-114.88632,182.05617,98.270805,-133.7112,229.29399,63.24232,-139.19728,176.32443,71.76618,-162.98648,209.37456,38.319042,-154.06326,195.25674,41.28136,-154.07295,203.16154,31.643318,-166.74612,199.76529,32.521847,-162.24342,201.93428,32.020878,-153.31386,200.80862,33.120693,-149.79103,204.2583,34.14777,-151.58253,199.20515,35.837578,-149.79643,212.06482,137.95729,-1.3038298,193.5361,143.17474,1.3798409,217.05963,144.5188,-94.92796,196.57047,171.07436,-23.025925,224.46829,160.91551,-31.320047,201.3509,184.13672,80.88866,225.2256,162.06476,-26.19761,201.84698,184.90424,88.95774,224.20319,168.70926,-73.1426,203.51607,193.33647,57.859543
33-0.pngresized.png,585.4753,234.83072,-343.26413,594.2925,223.19019,-311.6344,600.62274,222.87236,-311.56824,607.1807,222.58173,-311.74954,575.18713,225.70502,-307.9064,568.61646,226.58743,-307.65005,562.18396,227.81161,-307.68155,616.0047,238.0644,-152.98949,554.0435,243.33878,-138.96553,597.87744,253.34421,-287.10812,574.43677,255.6532,-282.02313,638.5207,309.74323,-170.78267,536.91235,313.25507,-121.67336,631.62384,160.30072,-271.30713,541.0897,167.37737,-181.64636,593.3535,65.78649,-307.22192,571.3521,64.38179,-198.24977,581.4742,46.553577,-368.1801,584.3211,40.780724,-249.03978,577.5486,42.046173,-349.9633,591.4276,38.21022,-235.62027,581.89484,48.25928,-310.34888,588.08136,45.965305,-201.66826,600.6645,543.6906,-32.379585,525.0449,532.46466,32.312546,578.51013,722.04156,-56.826492,405.47818,622.78674,-193.12749,556.13934,886.10986,120.91009,536.685,629.7859,244.94632,547.9057,906.5065,135.3669,570.91284,618.2151,293.5847,561.3571,956.063,-52.160667,525.5042,679.4151,277.4988
34-0.pngresized.png,192.23077,92.229515,-175.34453,196.24332,85.17267,-162.80035,199.41525,85.258446,-162.7332,202.6354,85.352234,-162.7383,187.23463,85.00457,-165.35263,183.70409,84.70112,-165.25563,180.19281,84.51513,-165.22351,204.66937,89.62433,-88.02105,174.11674,88.05776,-99.626915,197.17944,98.99772,-147.3136,184.81511,98.29513,-150.37207,204.90096,111.960045,-83.715225,168.32463,109.112274,-51.72349,207.45503,70.475685,-116.60199,163.69643,70.403,-65.936554,196.88095,35.191795,-124.88548,188.1072,33.53207,-77.149765,193.94426,28.10461,-143.99251,194.86232,25.657297,-91.65177,192.79913,25.031229,-134.6849,198.219,24.5951,-83.96732,193.58498,27.646404,-124.36129,195.47093,27.52876,-77.08409,187.06946,198.77328,-13.133853,162.64381,188.94398,12.963374,183.09267,267.81097,-31.189194,135.45966,198.4982,-162.08635,182.30513,316.37915,37.16618,161.99182,239.88084,-49.49371,180.94472,319.62497,41.44122,171.01602,242.84857,-38.37805,178.88745,343.87292,-25.52742,155.13934,263.6032,-76.158905
35-0.pngresized.png,120.325874,71.15139,-49.919827,122.73841,67.69075,-42.569004,124.57369,67.63467,-42.459602,126.49911,67.58531,-42.46498,117.74818,68.370735,-41.62299,115.94956,68.59151,-41.5824,114.169174,68.89462,-41.5543,129.68546,71.383354,-8.934787,112.96041,73.19582,-3.4761128,124.5802,76.213036,-38.47364,117.73244,76.85844,-36.71669,137.57544,91.79182,-7.846666,105.44632,93.23955,-15.891624,131.7121,47.620422,-32.554127,105.97688,49.740074,-56.979305,122.37708,21.1581,-41.815285,115.704834,21.764584,-70.02291,119.74473,15.19363,-50.98654,119.38866,14.081562,-76.31224,119.33572,15.513847,-46.631027,119.37041,15.00672,-69.142136,119.66893,17.325207,-42.42936,119.32372,17.746418,-68.39099,138.34976,164.38806,3.683318,112.97144,168.74474,-3.4486315,182.76813,190.70096,-89.780174,121.7792,221.81152,-20.96097,136.83005,194.33157,26.772161,129.31482,271.428,20.361618,128.15446,189.34515,40.338394,131.41072,277.34738,22.934027,131.27075,207.75713,47.744633,130.12589,290.6261,-13.491289
36-0.pngresized.png,771.86444,426.95584,-151.66571,763.4192,410.9735,-197.33876,757.3119,413.32578,-196.9438,751.533,415.87698,-197.51779,781.7505,407.11877,-194.02582,787.9589,405.2515,-193.38754,794.4948,403.93076,-193.24901,743.92993,441.0616,-305.18658,805.0974,422.4239,-289.88474,764.9095,456.1718,-178.38602,780.7636,450.1441,-172.43597,690.2737,562.6116,-322.42642,884.4358,528.7842,-290.37988,698.4914,351.7815,-411.49854,864.8044,309.60733,-292.91083,746.7169,138.06087,-532.06195,797.54156,114.89649,-449.68457,737.3063,85.04132,-629.6636,797.7207,60.57246,-540.8868,761.1973,81.27424,-641.49713,777.1392,59.537323,-584.8605,770.41455,101.55749,-546.90454,767.9369,83.60819,-482.8508,758.5588,1038.8115,-6.9140863,885.9065,1007.1518,8.583748,790.3296,1376.2434,221.67528,1123.4912,1078.8572,258.0778,799.22473,1664.138,346.4026,968.6427,1250.4729,673.8694,801.8651,1706.3511,360.34412,925.9885,1262.6079,727.0254,809.6405,1717.9456,340.3337,946.69824,1312.0736,943.55554
37-0.pngresized.png,238.89183,50.08913,-147.98172,246.99884,40.510967,-137.9798,251.47668,41.127224,-138.0104,256.06802,41.704254,-138.06169,235.02957,39.328987,-138.9539,230.62607,38.76958,-138.96512,226.18675,38.245003,-138.98192,261.8965,48.343727,-61.60747,220.67801,43.40072,-58.11538,246.04826,63.472282,-118.42624,229.79817,61.60507,-117.54398,285.65125,110.25515,-18.139662,185.22145,105.816734,-17.064762,300.648,192.3932,-71.152,156.45375,189.7023,-61.196945,250.11467,160.26125,-174.52924,218.1773,167.83942,-127.622955,230.9538,156.08322,-188.28835,236.25395,165.06966,-131.13385,233.87503,137.51753,-174.58385,237.61684,150.34116,-121.1788,237.87767,140.06824,-168.59502,234.31905,152.90323,-121.102264,275.32843,251.52576,8.252843,213.74718,261.85425,-7.995587,359.79523,304.69974,-123.96783,230.81677,382.879,-11.014855,250.34377,316.89764,88.75385,241.85503,494.95544,52.007046,228.64183,305.71918,113.47674,241.41156,506.8187,55.42301,235.61597,352.66425,139.10901,252.83014,540.3464,-18.747145
38-0.pngresized.png,700.42896,318.8635,-253.33621,712.19275,303.1029,-213.94905,720.6295,302.77493,-213.9765,729.2546,302.54233,-214.213,688.28015,305.60284,-206.31834,679.84784,306.5199,-205.95369,671.62146,307.7284,-205.87672,740.85364,320.5481,-50.373882,663.2115,325.46252,-25.634762,716.59515,343.4736,-197.13948,686.5006,345.8527,-188.35603,775.74274,424.08163,-193.81747,633.58673,422.9765,-55.19632,794.8667,330.8464,-531.4216,589.04236,292.66846,-181.66792,810.54254,206.39287,-678.3349,575.1113,174.90837,-231.54982,822.69324,171.1942,-744.3193,572.5587,142.43387,-284.28275,812.56555,174.94557,-717.73267,584.5906,144.57312,-277.8826,806.93994,188.61644,-679.7383,587.6912,155.44437,-239.72137,735.7659,716.6334,-44.880447,636.9104,699.6044,45.189495,708.72424,931.56555,-65.23675,482.7716,797.5655,1.8965113,689.6725,1116.0107,63.95307,643.25586,817.7415,351.80325,686.35925,1142.6719,75.322754,679.05615,807.7884,389.09363,670.0886,1178.2548,-108.678986,661.76697,866.10474,394.27853
39-0.pngresized.png,397.31998,211.90343,-351.87112,408.2554,198.44615,-320.63058,415.13943,198.54129,-320.39243,422.26578,198.71306,-320.46033,389.48416,199.3527,-316.35117,382.75226,199.39359,-316.30582,376.0669,199.7,-316.2874,433.39496,211.54826,-167.97005,371.09717,212.60602,-145.02147,412.36832,229.76385,-300.00372,386.24628,229.83879,-292.98,454.58456,283.4028,-177.58203,344.57504,280.3489,-103.542435,468.29306,169.28127,-306.1784,344.74875,153.99683,-209.50896,410.97302,74.29378,-355.15207,395.00293,71.89606,-294.5374,397.08377,50.108208,-404.93478,411.19333,50.424427,-331.6993,390.95786,54.536346,-374.91486,413.7867,52.335007,-312.64017,394.29984,62.722786,-353.83014,410.90778,60.031708,-295.63113,426.77368,494.985,-6.159404,347.75287,503.42737,6.5154247,540.6458,583.36206,-300.28558,362.86688,681.41473,-28.062609,406.80392,581.1164,139.9603,376.7803,824.38727,166.91891,378.60428,563.28613,186.66171,383.297,838.67786,180.20367,401.57892,636.9972,187.27077,378.36438,898.10895,44.051018
4-0.pngresized.png,150.6512,29.390617,-110.9872,155.81717,23.905762,-100.39391,158.66919,24.31976,-100.429115,161.57535,24.708555,-100.48258,148.00302,23.18477,-101.98649,145.24425,22.898365,-102.012474,142.46117,22.646097,-102.084404,165.54932,29.372023,-37.52469,139.05078,26.55916,-39.22611,155.43887,37.950424,-87.78184,145.08316,36.86098,-88.28808,182.13467,69.09415,4.4583225,118.462456,66.36251,-15.357476,200.98468,120.24766,-43.025757,100.928795,117.92121,-65.05919,163.95279,98.35888,-135.90775,135.18193,95.1285,-136.04623,151.12971,95.37101,-150.09496,144.98521,89.90037,-143.7958,150.94719,84.62668,-140.09856,144.9035,81.85455,-137.02687,153.54083,86.6777,-132.48817,143.42282,84.9645,-132.57814,175.57567,156.99074,11.516404,137.78593,164.4433,-11.27579,221.35847,177.18805,-62.468967,150.09418,237.6977,-8.895074,151.90697,202.17274,68.93966,158.9598,309.6172,38.634666,137.53954,197.78394,82.588104,158.17549,318.0528,40.697906,142.98225,227.54497,76.87808,165.97505,335.32224,-18.799635
40-0.pngresized.png,257.3068,148.18372,-102.02228,264.8223,136.65837,-82.64564,269.5451,136.63916,-82.573875,274.3334,136.59155,-82.604416,252.2592,136.45993,-80.32832,247.58952,135.94408,-80.35469,242.92001,135.56111,-80.41926,280.8169,141.28163,10.762489,238.08582,139.22617,18.072021,265.87787,158.13895,-69.67348,248.29906,157.59042,-66.96822,293.26584,188.1113,48.107998,220.12553,195.22493,40.150303,285.5197,165.15152,108.154884,243.90976,199.24951,126.61658,271.86722,138.70648,238.0427,263.65585,171.36018,267.96927,269.9275,125.93859,250.3621,270.18536,164.9217,278.387,271.87918,129.43684,259.85925,266.97025,161.21054,280.72977,269.54422,133.6457,241.1756,267.59143,162.41687,269.23248,283.9514,331.2346,4.4757833,235.61046,345.24545,-4.1650705,356.86185,381.3645,-30.503716,245.01117,456.29208,-53.126976,272.04123,382.71005,239.81474,264.87848,543.7371,77.399574,254.60765,372.89984,270.88675,267.56052,550.9273,87.90649,271.23013,413.6006,292.7753,276.79776,590.68854,16.970749
41-0.pngresized.png,273.3022,109.37782,-186.77716,278.25845,100.826584,-167.50024,282.08438,100.76148,-167.28003,286.13638,100.691345,-167.20386,267.08987,101.872154,-168.38681,262.77902,102.109604,-168.47607,258.5128,102.49585,-168.7055,290.80167,108.17729,-66.65011,253.0548,110.57205,-67.66846,281.327,120.17567,-151.89499,265.45706,121.15092,-151.5738,312.52094,151.17255,-50.35474,226.49858,155.9369,-39.824226,358.3559,91.647896,-96.2428,173.0049,94.05446,-87.14109,405.3337,44.334637,-174.83755,123.57919,42.111053,-153.32176,420.49673,29.721098,-203.56767,106.73838,25.42321,-177.57689,419.00552,28.946762,-216.56674,112.11376,20.170204,-180.53427,413.30743,35.007317,-190.12654,119.00651,26.826378,-162.11287,309.34598,300.31226,4.5061646,255.716,310.26523,-3.9550467,398.0824,354.65613,-201.43733,270.95352,404.2861,-36.706726,312.0637,372.63177,79.915504,288.60056,488.37018,88.12669,292.9678,363.97656,110.6401,292.6628,499.0365,97.66091,308.2098,412.7729,117.41586,288.27396,524.8469,12.213154
42-0.pngresized.png,1065.816,497.57614,-391.81506,1078.1177,472.23178,-369.29974,1086.8741,471.31412,-368.99725,1096.0939,470.4717,-369.16473,1053.4354,475.696,-347.79016,1044.7491,476.14233,-347.45282,1036.254,477.18692,-347.81497,1109.6904,482.03882,-176.16493,1028.9834,488.59528,-89.74557,1083.2705,519.99,-316.58493,1053.2242,522.74066,-290.56683,1153.3322,573.8298,-225.21866,998.147,582.5574,-0.35530153,1116.015,314.7767,-376.8044,1015.5647,358.40515,-96.56296,1081.2305,140.53778,-364.79984,1046.6254,167.64438,-189.26767,1071.9437,101.07313,-467.1391,1062.3715,120.36749,-257.00415,1067.2122,91.2961,-425.491,1076.9894,110.65758,-249.78212,1068.6422,106.40984,-362.26355,1076.0757,127.00044,-199.92354,1090.0417,1053.763,-104.67486,970.84436,1024.1113,105.16965,1073.542,1382.6763,-248.55124,765.3226,1142.4769,-395.78296,1028.1028,1688.714,68.365814,997.2133,1270.5735,269.94086,1029.3346,1723.3333,92.56682,1057.5171,1264.896,336.48447,1001.214,1822.345,-232.46309,982.4542,1385.5978,226.21072
43-0.pngresized.png,468.67,268.56088,-236.76788,479.2852,252.4704,-206.73283,486.50906,252.23955,-206.63924,493.83423,252.0072,-206.73494,459.9923,253.68953,-210.31659,452.89218,253.75577,-210.36107,445.79587,254.01085,-210.47214,504.11743,262.1898,-53.886467,439.36307,264.71204,-70.10355,483.78296,286.0305,-182.50229,457.132,286.96652,-186.22977,533.0219,343.23666,-11.129307,410.5372,354.73846,-90.80248,546.0399,300.12903,-14.575349,436.2325,408.36588,-235.581,536.4558,221.0474,51.077877,468.2169,334.48987,-360.0518,535.3307,193.77608,42.63177,478.74164,312.78278,-387.94608,535.36847,195.8278,52.2031,470.75003,302.53723,-383.0049,534.2635,205.35953,49.1663,474.06,309.60873,-361.03265,522.39575,601.5243,40.845833,439.01172,611.28986,-40.56086,618.4838,735.20746,-134.34908,464.50598,800.71106,-93.30043,509.4038,803.2972,182.85709,492.2383,960.8098,52.563274,483.44147,799.3486,214.73761,495.27734,978.4383,59.246,510.44955,864.75653,185.8012,509.63086,1028.8314,-69.17971
44-0.pngresized.png,416.1046,95.55365,-238.51057,420.77652,85.844795,-205.94273,425.4442,85.87775,-205.82422,430.4622,85.836334,-205.76395,405.6197,87.89458,-216.12793,399.7219,88.83123,-216.29407,393.9266,89.94611,-216.63576,434.51312,99.47077,-54.910866,385.0754,104.87771,-95.38018,426.6563,113.414986,-186.20686,405.50394,115.699844,-196.99544,476.0433,177.67198,10.581863,342.5923,183.06247,-88.13664,555.34406,101.136986,36.635838,253.23595,105.85876,-168.07849,655.5006,40.79089,-115.19863,167.71327,40.749107,-268.28033,680.33563,20.968956,-155.09003,139.70874,21.835379,-305.67438,678.0735,12.748565,-196.69258,148.33745,13.091581,-319.36615,669.52045,19.59536,-147.64603,158.48788,20.836958,-283.64755,478.0362,401.7712,40.854362,392.53256,416.74762,-39.9735,614.6931,508.37827,-82.83074,412.9885,562.3228,-98.8747,495.52893,516.54767,320.63434,432.72498,691.41315,82.83096,468.97852,503.3483,363.30524,434.56445,706.4009,96.269684,493.8482,566.2912,405.9793,446.30936,743.8177,-21.33786
45-0.pngresized.png,729.4374,333.52356,-333.6239,746.9422,310.14825,-306.84094,757.08966,310.18893,-306.44284,767.43604,310.32864,-306.3924,718.7338,310.70587,-300.92294,708.89386,310.1968,-300.82645,699.18054,310.05942,-300.98764,783.5926,327.58325,-118.736,690.52576,325.5465,-95.48281,749.3623,358.57394,-261.75757,712.2923,357.79074,-255.37265,806.03796,413.95227,-80.27871,665.0602,410.1755,17.603016,819.0393,253.01921,-249.338,599.60895,243.76369,-5.690501,725.1091,126.61507,-301.35184,693.4462,123.41946,-24.016443,702.528,103.68222,-364.77002,718.15704,93.314224,-57.49064,697.63293,102.7106,-322.29285,735.1297,97.55898,-18.02587,706.6628,112.25411,-298.62146,727.4416,110.61846,-15.708914,757.2987,729.48206,-39.31494,656.47656,703.8459,39.009956,717.3386,975.2801,-70.72872,503.66705,860.8501,-27.319613,706.5822,1177.0284,106.31482,661.0567,828.30884,541.8746,702.2303,1200.2563,119.84197,704.72754,810.403,601.43115,696.5775,1268.2896,-87.26073,641.37885,883.2458,672.89905
46-0.pngresized.png,177.02919,40.290226,-119.23864,182.06276,35.064827,-104.667015,184.93974,35.431328,-104.692345,187.89365,35.762295,-104.75106,174.02098,34.532196,-106.1219,171.24216,34.299015,-106.14904,168.44595,34.100925,-106.15151,192.25012,40.36309,-30.1916,165.12442,38.14131,-30.380716,182.30537,49.24778,-92.37721,171.83904,48.378353,-92.613335,212.06355,84.917206,10.934011,143.00462,81.78334,-12.806786,245.48615,135.23448,-75.994934,110.231,131.02988,-111.51485,201.68536,124.15318,-194.06613,164.96945,121.18917,-202.99823,187.38184,123.92892,-214.5299,179.24857,119.27184,-217.12534,184.63855,113.45778,-196.97882,183.14798,112.88622,-202.32745,188.29558,115.43388,-187.71562,179.60013,115.88979,-196.55629,205.32617,186.27388,13.107619,161.98665,194.89613,-12.778856,272.95963,212.68423,-70.37405,177.26845,279.77338,-16.93095,192.57416,227.04376,127.82787,190.53629,360.65878,70.065475,175.30966,220.03694,148.77449,190.23357,369.1489,75.27251,189.5368,254.67018,151.73074,201.59935,393.02066,0.38034374
47-0.pngresized.png,113.07302,69.86197,-108.22326,115.773285,66.39025,-100.177925,117.56753,66.49496,-100.10748,119.41917,66.60623,-100.1089,110.71628,66.38776,-99.62194,108.91664,66.312096,-99.593285,107.13089,66.30077,-99.617584,121.73919,69.2461,-56.094078,104.77052,68.83703,-52.395355,116.18554,74.21044,-92.209404,109.54739,74.02942,-90.94101,127.02031,85.00443,-50.69417,95.73218,83.37555,-57.74695,129.59695,57.00402,-95.94794,92.07416,53.18332,-107.12385,115.763176,32.22329,-123.754776,109.817696,29.908638,-131.8624,112.417046,25.808853,-137.41823,115.6335,24.426727,-146.62617,111.58498,25.577232,-130.86777,116.144325,24.45176,-139.42862,112.159424,27.767601,-124.15586,114.86027,26.8219,-131.27292,123.427864,138.8576,1.3943179,101.51689,141.56798,-1.2874345,152.52225,162.56265,-80.40604,110.07739,185.19318,-14.025296,116.774254,154.52457,44.990353,116.442726,222.2775,43.874496,109.951965,147.82758,58.852974,117.2728,225.58786,48.47594,109.64275,165.1584,53.93614,122.022354,240.68988,9.634803
48-0.pngresized.png,173.82852,69.076355,14.393726,172.27655,66.682976,2.9056811,171.18968,67.00409,3.018355,170.17966,67.34732,2.9823115,175.71161,65.77328,5.8647904,177.06125,65.316505,5.8814464,178.41974,64.94391,5.8821015,169.43188,71.211876,-28.364689,181.13074,67.962036,-17.92993,173.3005,74.1667,5.2999897,176.32034,72.93507,8.650692,153.29694,89.1884,-48.22798,202.20354,86.6028,-36.372433,151.96812,51.91601,-106.70806,207.14322,60.939922,-68.99232,172.03145,29.688978,-146.20822,185.10358,38.28956,-115.57215,176.29071,23.874329,-160.04288,184.0725,32.578884,-127.362785,180.47142,27.467873,-157.45897,179.82576,33.450012,-134.3743,180.90868,30.44708,-147.55322,179.66913,36.637115,-119.35177,158.36545,180.59468,-11.594124,187.05304,182.47743,12.034231,117.97945,200.17487,6.933319,170.38498,248.5948,19.729708,163.07864,212.14693,59.819702,168.41617,307.00278,11.417682,172.54425,209.97151,65.88586,169.24657,313.71063,10.417465,170.69275,226.11029,96.750824,159.49994,326.18393,2.6966825
49-0.pngresized.png,630.7002,294.1039,-371.40964,638.9397,281.97,-336.52432,644.7035,281.54868,-336.51242,650.6218,281.12466,-336.57846,621.017,284.71234,-331.55963,614.8503,285.4646,-331.20975,608.8212,286.53552,-331.15155,657.47687,291.42438,-162.437,602.89417,297.30847,-153.10475,641.93274,311.96902,-311.26346,621.5728,314.25342,-307.02637,693.0485,363.40295,-192.30139,582.50006,376.5154,-126.69482,676.9257,197.41837,-273.65637,584.82794,217.93752,-187.25748,633.49286,92.20075,-298.00555,611.6242,105.69306,-190.38503,620.9019,76.98957,-365.17252,623.7807,81.18418,-235.49187,613.5882,74.15148,-340.23465,630.9908,80.08778,-225.30385,619.73315,74.71233,-297.23407,626.2873,83.189186,-192.2719,675.3388,623.4396,-46.523853,601.14105,609.34064,46.62089,646.4244,837.1882,-81.91133,478.4722,715.09375,-258.2089,648.7219,1014.47546,80.96573,609.22437,758.2387,195.5851,651.3669,1041.8857,90.21668,649.4629,759.63275,243.18492,629.8637,1090.0391,-145.34584,580.86383,817.1072,187.58673
5-0.pngresized.png,2066.887,533.66315,-1544.2535,2149.258,417.03668,-1494.6616,2199.1367,417.73285,-1494.8184,2249.8765,417.7246,-1495.501,2024.6548,413.5823,-1457.9421,1978.4119,410.36713,-1458.138,1932.0734,407.9675,-1458.6349,2332.4917,475.32272,-890.3072,1905.9414,451.51074,-716.36664,2165.5837,652.31726,-1294.1901,1994.6827,647.01154,-1246.1882,2628.4583,1077.6746,-561.4969,1641.4893,1021.41425,-105.35434,2799.544,2006.95,-648.13416,1409.673,1925.0968,-34.808926,2233.947,1651.5956,-1069.9412,1974.9418,1687.5756,-410.1981,2068.548,1581.186,-1179.9913,2178.9585,1678.9923,-367.10223,2084.6462,1430.7112,-986.04877,2141.159,1516.5498,-281.3566,2111.3997,1456.9218,-978.19104,2103.0447,1525.0759,-338.86105,2294.31,2379.1704,-249.10506,1746.4365,2342.2131,249.41522,2040.4688,3371.4712,-1523.8137,1362.9949,3363.177,-827.76013,2325.9216,2883.287,529.4696,2045.4532,2912.745,1257.2167,2362.2063,2718.589,780.43176,2140.5417,2767.36,1513.4137,2391.975,3114.6333,1091.8605,2206.7808,3137.6335,1957.5182
50-0.pngresized.png,293.9009,126.4149,-27.947315,295.95868,120.65137,-25.611996,297.19193,120.98099,-25.521597,298.5095,121.313896,-25.554808,293.03012,120.058044,-22.667322,291.9621,119.69392,-22.658136,290.93973,119.44719,-22.71966,299.92334,128.24829,-13.275364,290.3805,125.24132,0.35705873,296.69022,135.54697,-23.20198,291.47064,134.42723,-19.004751,295.1118,160.15489,-30.310097,294.22803,161.05124,-7.509116,307.3155,97.87504,-85.56693,294.90973,92.3814,-47.3929,301.59152,48.31442,-96.96195,295.51007,47.072533,-61.661976,297.34464,35.28578,-112.362015,299.76968,36.677807,-71.503426,300.09036,38.912014,-104.08785,298.58984,38.859665,-65.98652,301.68637,45.14973,-96.97248,297.2965,42.837677,-61.962025,286.76035,293.96957,-24.369568,286.1911,296.24554,24.827183,230.14359,366.01083,-64.403824,274.29068,397.45392,13.759922,291.04947,357.85916,40.98511,273.47934,482.86963,45.012154,299.69107,346.48096,54.71729,277.03467,492.5491,44.976135,308.49692,391.50372,78.01068,257.85953,520.1624,3.2863789
51-0.pngresized.png,196.45816,111.690094,-132.391,201.36133,105.920555,-121.522255,204.29721,106.003006,-121.387825,207.34932,106.11768,-121.42836,193.6541,106.2125,-119.432274,190.8916,106.165344,-119.35693,188.14319,106.24179,-119.294815,212.43068,111.41114,-61.97748,186.41344,111.501335,-51.552273,202.87335,119.11594,-111.662056,191.99391,119.02607,-108.40876,221.88603,140.40675,-58.25643,173.33337,139.21922,-52.485863,221.21315,87.52524,-108.87548,183.02724,72.40048,-104.31379,206.67618,37.52707,-130.79704,195.06276,31.595886,-138.29636,202.6949,25.615204,-148.20988,199.22464,21.580544,-155.29323,199.70851,25.775465,-142.62003,200.86662,21.678417,-147.30415,199.80836,29.44352,-132.09628,201.09229,25.222448,-138.45271,213.54207,241.51103,4.0118294,177.3629,248.68216,-3.6784809,278.55383,279.82684,-122.8034,189.6861,335.76703,-33.09824,204.14568,288.56024,26.439299,198.25018,417.70276,14.515203,189.67964,279.29578,44.11965,199.73161,426.38925,16.77967,193.12764,312.2265,49.580193,202.82085,448.26898,-41.923374
52-0.pngresized.png,257.65268,106.60785,-235.29178,264.92545,96.822655,-220.09059,269.80823,97.08086,-219.89651,274.77728,97.37641,-219.81679,252.01373,96.22608,-219.27913,247.1553,95.68582,-219.26283,242.33006,95.31592,-219.31049,280.75522,104.15076,-123.45546,237.24493,100.81022,-120.34844,266.86908,116.61818,-199.95076,248.45715,115.26627,-199.02548,282.12253,140.50035,-140.08315,235.67715,136.30794,-40.86476,279.409,78.2583,-185.27574,224.43816,78.60001,-47.460583,260.37424,28.243727,-179.1203,244.37123,26.494345,-57.812916,254.33875,16.014128,-202.88042,249.8544,12.14699,-68.12588,254.00113,13.77135,-184.88284,254.39468,12.492853,-57.89287,256.29547,18.784746,-176.57825,252.76366,17.722425,-58.185802,259.5861,268.73666,-40.39489,230.29283,258.86606,40.40711,219.86719,353.89105,-109.46993,194.20422,318.3122,-74.561646,253.75984,383.68732,0.8451708,246.92159,346.4409,34.32792,260.95096,376.29657,14.095901,259.81995,341.1588,47.02817,249.79509,430.73752,-19.346384,246.45618,386.17084,31.043686
53-0.pngresized.png,239.11691,59.49524,-160.01292,244.1287,48.46772,-147.38535,248.24911,48.163364,-147.41483,252.40076,47.803795,-147.47446,232.27814,48.944057,-148.64545,227.77357,48.879074,-148.59518,223.2581,48.892708,-148.59402,256.60168,51.805855,-53.81303,216.93462,52.721886,-61.547043,246.33562,69.36505,-123.57591,231.3829,69.916916,-125.40562,277.50134,105.6287,7.1021776,192.8415,98.36422,-3.5990474,279.61438,177.1049,-71.89173,183.82397,168.01392,-67.8275,250.97458,134.94543,-234.01628,227.16415,122.51348,-193.85513,244.1839,123.613205,-267.73154,242.66756,115.67219,-216.99971,246.79526,114.016335,-257.32062,238.26591,101.77113,-212.41147,244.61522,116.9773,-232.76843,236.30379,105.29651,-191.9935,244.1371,235.29674,-1.9085481,195.69073,225.42662,1.9049069,239.94649,332.09772,-29.270021,164.99821,264.2248,-200.54784,235.16888,409.20853,100.54628,225.5487,333.21655,9.163241,228.94751,419.78632,108.215324,239.4637,336.52365,28.502342,248.75192,444.6022,-4.5669565,229.82477,378.07037,-44.339233
53-1.pngresized.png,247.80298,44.90206,-138.57376,254.78233,34.45051,-121.28933,259.57553,34.58618,-121.33814,264.3825,34.647144,-121.40455,241.3586,34.278557,-121.511116,236.324,34.107517,-121.446014,231.27777,34.03883,-121.45627,269.73645,41.59456,-25.019405,224.30553,39.992744,-28.611004,255.74295,57.728214,-102.28696,238.36523,57.286816,-102.68426,292.54373,103.86031,16.082712,194.56017,96.37603,11.395472,309.02258,181.03557,-58.598255,171.7499,170.97253,-83.49435,265.53235,134.27402,-120.515854,232.04709,129.4126,-196.02234,253.63275,121.59656,-136.27129,251.99358,123.88953,-214.44295,254.84108,111.53739,-111.4099,248.79398,110.26384,-199.02902,254.37418,116.58258,-110.10585,244.46893,115.48905,-189.35878,258.0003,242.30148,-4.6857724,201.94528,229.5868,4.64429,243.8356,343.46393,-12.849486,171.1706,234.80809,-291.26486,229.31885,425.7661,157.28416,225.35722,313.74252,-57.11271,225.5994,434.59616,170.16417,236.71104,320.31183,-34.15274,226.04318,464.99255,60.66398,228.8229,352.21832,-111.23866
54-0.pngresized.png,309.8254,58.219055,-176.2618,318.3878,47.467686,-163.57294,323.3655,47.976784,-163.53644,328.46945,48.44752,-163.61711,305.11642,46.66389,-164.96172,300.26434,46.246426,-165.00438,295.35767,45.880173,-165.04718,335.0576,55.90194,-69.19938,289.67053,51.941113,-67.46636,318.2906,72.5314,-139.68962,300.2896,71.08482,-139.34386,362.23102,125.77088,-9.56168,252.38893,122.91067,-19.999947,386.44724,213.33258,-72.215126,228.42226,223.2955,-86.30425,321.7889,169.25165,-193.52461,292.80045,187.07086,-196.0329,300.1594,160.86792,-215.1939,312.3763,180.56577,-206.7144,301.4678,143.30838,-200.4625,310.7497,165.2273,-200.14796,306.33652,147.37631,-188.68233,307.31876,168.81288,-191.81923,337.312,292.00372,14.153692,272.84216,298.70743,-13.813403,402.2783,382.87518,-86.20075,294.90308,433.05612,-18.318567,295.77707,356.9837,186.43715,311.04227,560.12506,53.021454,278.09592,338.65012,217.2934,310.25543,574.3152,56.782524,274.2034,384.46606,256.6657,324.60245,608.5749,-23.761835
55-0.pngresized.png,742.7186,385.08273,224.47478,725.6526,372.11948,166.70718,716.07983,375.7877,167.18451,706.9955,379.55624,166.55057,750.0411,362.8511,148.45314,757.76605,358.69717,149.03595,765.61285,354.98962,149.69226,688.5211,398.73563,3.9742503,771.10364,364.63904,-85.41421,728.98773,411.43848,180.47307,753.8605,398.90836,156.60402,603.72845,514.96466,12.718559,851.9975,447.29138,-173.85126,577.6528,373.435,55.609432,906.6044,269.21176,-301.51303,598.55524,232.37521,-145.51822,764.6871,144.5989,-366.3197,585.53143,203.32092,-211.5993,751.0932,112.289474,-423.64658,607.1636,200.96675,-239.83115,726.6372,119.39087,-443.018,622.0848,210.16933,-164.09201,723.6497,137.45749,-384.1359,698.4543,944.1226,71.45986,837.799,907.62085,-68.99291,729.45416,1289.867,154.73668,986.8533,999.2661,30.08189,772.4477,1590.692,164.61948,847.7624,1150.7119,286.71667,781.0201,1636.9381,160.513,809.06323,1158.9541,321.1524,779.677,1637.4854,117.16607,853.1644,1203.9125,473.6642
56-0.pngresized.png,1422.9996,348.98282,-683.50366,1466.5513,298.7579,-615.185,1489.2726,301.1271,-615.07135,1512.5249,303.3166,-615.07495,1406.222,293.57336,-612.73206,1384.9882,290.40793,-613.0971,1363.4874,287.58307,-613.48065,1550.1782,331.21704,-187.64029,1344.8413,307.6762,-150.0139,1465.6251,411.21024,-522.1957,1383.968,402.89258,-511.38098,1673.4442,641.8088,71.154755,1176.1482,637.2951,41.824753,1858.1443,990.3116,-223.19958,924.1922,1053.346,-189.97073,1513.3687,951.2216,-485.39877,1278.605,975.0649,-453.07477,1408.4994,955.0255,-542.9857,1374.4962,964.32306,-503.56277,1403.8966,880.5505,-435.58118,1392.5798,905.81323,-416.54077,1438.523,888.5322,-436.63028,1373.5166,919.113,-408.00027,1567.3419,1445.8843,64.11827,1263.7003,1483.2401,-62.476715,1917.385,1789.806,-485.51508,1291.0625,2085.6003,-156.71547,1458.8673,1768.4856,808.5031,1363.8737,2616.1006,370.42612,1376.6426,1709.0723,946.4445,1377.7324,2663.864,401.4289,1395.3972,1927.5089,983.84326,1384.1448,2870.62,-31.619751
57-0.pngresized.png,111.65722,21.90009,-94.14337,115.09529,17.436058,-84.855644,117.25426,17.517092,-84.869064,119.45569,17.583149,-84.91576,109.02847,17.54749,-85.79023,106.89397,17.567383,-85.78908,104.7365,17.615911,-85.78265,122.60424,20.878704,-33.227867,102.44644,20.820635,-32.655212,115.85427,28.422356,-75.42121,108.09199,28.379152,-75.29609,138.85458,54.633434,-1.9047358,87.42656,54.491768,-12.733308,144.7387,97.902145,-54.5354,80.31814,99.37418,-62.698265,121.672424,70.360466,-147.36884,103.3596,75.83943,-133.26126,112.97505,63.85155,-162.82042,110.59668,70.18228,-143.49617,116.0267,55.529472,-156.09683,109.29848,63.524097,-135.53412,117.13241,57.613853,-145.6846,109.16929,65.92777,-129.79703,133.44029,125.91988,5.365834,101.59148,129.97693,-5.201191,172.26541,155.92084,-88.47758,108.7114,185.46162,-13.839996,120.49218,160.08044,39.68193,115.87492,238.20515,39.835182,111.76168,154.40567,53.191566,116.06984,244.07616,42.78595,109.5802,175.3282,46.81571,121.688484,259.43686,-3.160602
58-0.pngresized.png,564.8517,304.09015,-235.81274,576.6391,287.367,-198.86783,584.6231,288.6235,-198.59766,592.87616,289.92877,-198.73445,554.1205,284.51248,-202.05438,545.4055,282.9516,-201.89343,536.74396,281.65585,-201.93376,597.73206,303.07205,-30.468552,522.6422,293.22858,-46.198376,575.90704,328.0017,-178.06427,545.08704,323.64398,-182.21674,608.22095,390.46176,-26.140667,470.15842,375.67847,-74.14243,635.9576,263.14716,-166.72491,458.0507,221.30174,-252.27827,571.56396,123.754196,-192.23294,536.1436,115.52453,-285.10858,555.4013,88.47592,-218.75233,559.56714,84.419716,-307.56866,550.54175,92.356125,-172.17006,562.5523,88.90475,-255.73984,552.98926,105.25269,-181.98656,559.0477,101.68828,-270.11148,597.72876,680.5771,32.71169,497.61414,702.12024,-31.71305,756.8215,754.5778,-324.50616,532.7462,937.6155,-124.10134,595.93756,821.4366,24.290174,576.4018,1150.8911,14.938795,561.59436,806.50934,64.75831,586.1874,1173.3335,20.474749,584.9759,898.83716,36.1586,581.69604,1238.8472,-157.44743
59-0.pngresized.png,209.16504,108.57983,-200.17326,214.37495,99.8778,-188.39719,217.84872,99.76779,-188.23947,221.45293,99.6801,-188.25397,205.11803,100.40624,-187.86465,201.68819,100.38013,-187.82954,198.27402,100.48391,-187.84097,226.00983,104.43647,-109.11373,194.96602,105.22128,-106.36326,215.57193,116.731514,-170.76555,202.96869,117.15622,-169.58708,234.1632,138.35184,-82.597984,177.6273,134.77686,-97.11649,240.48006,78.29209,-155.34254,168.00821,73.31054,-168.02864,208.58054,30.488605,-202.51808,201.9687,30.17585,-204.5025,201.64311,18.399986,-230.19943,213.01018,16.707237,-230.55907,200.23972,21.195055,-215.9919,213.45422,18.445312,-212.13423,201.46881,24.710554,-202.61981,211.60452,23.819006,-201.6313,223.38452,254.43172,14.851815,183.70747,258.57138,-14.545331,297.4705,303.47998,-146.78317,196.30098,349.15234,-42.776997,222.22208,322.62448,80.35156,213.681,427.06772,79.836975,205.1739,313.55368,103.88825,216.09836,433.8793,88.69183,218.38615,361.99988,89.428635,222.46182,468.47247,10.795591
6-0.pngresized.png,368.43597,226.46832,-268.34616,375.78372,214.90431,-248.42595,380.9065,214.74263,-248.1407,386.29092,214.61942,-248.18985,361.9883,216.42184,-243.94887,356.99057,216.7496,-243.91553,352.03265,217.30154,-243.87515,394.8073,223.94722,-144.4242,348.36545,227.20988,-118.358536,379.6362,239.68172,-232.3737,360.7032,240.8775,-224.18677,418.08835,278.9872,-143.27344,325.62723,280.26776,-132.23135,407.31857,155.5273,-223.15527,338.92807,157.09479,-236.37463,379.217,74.94899,-252.96475,362.4341,72.53505,-286.6325,370.707,56.782383,-293.289,372.4094,50.04314,-318.95554,365.0802,56.09754,-283.63043,375.57578,50.76518,-305.04922,365.8955,62.00943,-257.49948,375.26385,59.043938,-287.47495,403.99384,477.87836,-1.5643276,336.05414,485.11963,1.9908085,513.68756,580.61786,-164.30032,362.4773,635.43805,-18.399378,403.9695,550.4183,225.56282,380.9121,763.56976,132.91121,382.77866,529.68195,269.12646,384.52872,775.587,144.90906,393.077,587.826,295.11713,391.76474,824.1402,39.093346
60-0.pngresized.png,897.0671,174.37273,-336.73227,919.0545,142.08534,-288.20377,932.44226,142.49959,-288.33878,945.9997,142.86949,-288.79208,879.15576,141.00539,-293.49576,865.0466,139.87236,-293.25183,851.01605,139.08293,-293.5496,960.0423,159.05411,20.777302,829.16425,152.25479,-8.767342,917.575,210.74883,-218.58156,869.40234,208.44122,-226.1545,1024.1919,334.5191,138.40833,748.378,324.34668,77.84077,1075.2043,559.58057,-154.525,724.0041,566.16724,-183.0369,928.5751,388.83057,-477.40936,869.6033,387.3601,-322.4232,896.7683,340.2169,-528.719,909.3723,335.42273,-310.06488,904.4552,312.17645,-458.7774,894.332,305.85822,-258.43796,906.4152,333.17853,-451.86633,891.66736,326.1082,-289.9069,958.5859,802.09,-25.765003,785.3687,775.3952,25.49075,943.6184,1133.7195,-63.33794,545.5724,950.7235,-181.24606,873.7273,1457.1548,214.34897,828.95416,931.20154,467.0824,854.8999,1493.1189,237.87894,879.4683,892.3201,534.85156,878.82935,1596.4784,-8.951993,894.5941,1037.9135,576.8509
61-0.pngresized.png,691.22504,269.49713,-189.18042,706.0095,251.38661,-158.89764,715.6191,251.1144,-158.67293,725.41595,250.9235,-158.62068,678.9995,253.7941,-148.3361,669.7818,254.50989,-147.99724,660.77234,255.55801,-148.12747,742.0577,270.38293,-2.5867102,653.83344,274.5198,39.918415,712.17725,294.1163,-131.32996,677.1054,295.93808,-118.69513,781.26294,365.13785,2.364072,625.7926,370.94846,110.82202,805.51715,221.98792,-91.56657,552.9571,218.42737,60.79054,722.21136,131.5918,-62.808395,649.1742,119.95486,48.88993,701.5122,110.4228,-92.399506,675.1524,95.106636,21.663788,700.7496,114.34625,-46.57952,688.82245,100.55037,59.257095,708.13007,123.90439,-52.186905,683.26715,110.81428,56.21228,735.2218,674.4665,-60.222385,630.2122,665.40674,60.28508,685.04785,907.5907,-95.56207,483.9072,807.0375,-67.293,677.62933,1113.109,58.660046,668.4886,820.27637,358.5397,674.619,1139.0052,68.6162,711.31335,801.6572,404.27097,659.12213,1183.1611,-128.84976,676.6521,883.95776,442.35617
62-0.pngresized.png,362.405,153.81657,-82.413124,370.9562,141.73537,-71.22763,376.54724,141.7446,-71.04888,382.253,141.74936,-70.977425,356.10745,142.00728,-68.03741,350.77957,141.8134,-67.97633,345.52182,141.82234,-68.04558,392.00815,150.46667,5.9030824,341.05402,149.49707,16.366337,373.6109,167.39774,-54.021267,354.21173,167.1059,-50.66853,412.58957,197.44507,13.130035,322.8137,195.76941,25.328743,406.24823,99.7144,-64.59789,312.2337,120.859505,-24.655003,362.07532,57.24265,-75.32377,350.9063,58.992664,-46.291,350.56577,47.159397,-100.65983,362.55368,40.862473,-65.79601,353.7199,50.026527,-75.00775,365.7601,40.86133,-50.40282,355.82108,54.395344,-71.905785,365.29663,47.93109,-44.675144,384.43893,371.04752,-10.768399,320.1608,361.82077,10.994929,382.9892,488.98367,-71.109634,248.56514,464.15305,-161.01389,360.57535,594.6185,25.00088,320.06546,505.6689,94.543724,352.32266,606.69257,31.253582,342.41196,503.44754,120.78282,364.72046,650.56415,-64.75982,303.24985,561.7395,102.58294
7-0.pngresized.png,183.03775,108.26123,-102.149796,186.12056,102.32844,-91.98872,188.83588,102.005516,-91.84935,191.6675,101.7042,-91.88045,178.65106,103.83796,-90.81779,175.88962,104.32016,-90.764946,173.16357,104.9091,-90.71253,196.26036,107.049774,-41.238422,171.13823,111.44612,-35.08701,189.83856,115.263,-84.9978,179.27591,116.930435,-82.922295,208.79504,137.61389,-41.37344,162.83008,141.0264,-42.64778,205.86877,80.741745,-90.36642,167.14561,73.60864,-101.033844,184.82272,34.113853,-106.63627,175.55888,32.695156,-124.88374,179.68796,24.609425,-122.73952,177.91422,21.94025,-138.08469,175.1571,25.152029,-114.28545,180.30972,24.160816,-129.53693,176.11034,28.461132,-107.16041,181.02838,28.244415,-124.3694,206.49872,236.39198,3.3890982,172.4952,244.4527,-3.0834863,262.34457,274.96796,-98.11547,185.09995,330.85986,-42.10432,202.66716,287.3827,56.3873,194.467,406.1576,7.2545123,189.5855,281.24234,74.04975,196.48093,414.10223,9.676214,199.72783,309.65543,87.03606,197.83992,435.2385,-42.712284
8-0.pngresized.png,186.61826,36.456367,-75.91804,191.37509,29.898378,-65.7517,194.38792,29.894852,-65.74675,197.44815,29.880108,-65.8332,182.82959,30.047783,-63.9725,179.80954,30.019087,-63.96431,176.80057,30.044668,-63.994583,201.67195,34.567345,0.1472571,173.10564,34.099777,5.271608,192.1113,44.58343,-50.303272,181.27173,44.6256,-48.778675,217.00908,73.04807,14.03639,157.27779,75.13734,42.47643,234.30287,112.137886,-30.91414,132.06929,122.78208,19.775612,196.20679,105.03689,-76.15669,171.12013,111.52763,-44.252277,188.90121,104.83322,-94.74996,182.44229,110.2003,-59.40159,185.67555,101.00163,-81.43236,185.0749,102.718,-53.595615,188.40459,101.91591,-72.53635,181.67572,103.81745,-42.374172,203.64294,177.54298,-12.510631,166.53308,174.29683,12.638319,196.31291,249.69614,-26.333656,119.13632,223.40808,-26.051031,184.38443,313.0793,62.632866,165.86244,208.51608,152.37303,181.25711,320.31076,70.683426,175.3436,199.78363,170.8454,184.1491,344.16968,17.062143,173.6456,230.07451,178.95087
