0-0.pngresized.png,77.54117,182.88756,-40.468746,72.66479,173.3862,-54.46843,73.51783,171.27783,-54.627453,74.22467,169.09912,-54.893448,72.05163,174.5845,-30.801939,72.483955,173.7929,-30.814558,73.07671,172.91016,-30.761494,85.071304,155.4841,-92.43807,83.75135,160.81438,13.4584255,91.87705,177.39897,-52.821617,91.10119,179.51575,-22.85344,146.71883,147.47816,-150.94452,142.64688,151.43669,79.14622,180.37938,237.61609,-171.73535,165.95406,231.13618,91.963524,188.4429,313.36487,-144.94147,167.97363,302.8087,66.40327,190.55144,330.26584,-175.23149,162.56839,316.48282,78.238686,180.57819,328.9547,-154.8975,160.89206,316.3809,47.999973,182.72487,322.61337,-137.48373,166.3401,310.9657,53.48703,279.44238,69.00993,-71.70311,270.00235,77.43303,72.26543,263.9331,172.45859,-108.549126,257.3497,158.93066,82.49758,294.70285,265.80615,-19.843536,275.78302,229.18323,136.08759,310.54437,280.7438,-14.180538,288.5973,242.1,139.36597,257.3135,299.2971,-74.97033,241.16872,252.41801,102.78049
1-0.pngresized.png,69.09443,173.95685,-169.8892,66.71243,160.00626,-182.80136,68.802025,157.44496,-182.76099,70.786354,154.85916,-182.8412,63.75975,162.67355,-156.7738,63.483032,162.4507,-156.77989,63.44312,162.09222,-156.88214,84.51928,141.0404,-204.35489,74.47839,150.82234,-91.03148,86.91304,169.05928,-177.9081,82.833916,172.30824,-145.28398,145.6364,134.08287,-268.3012,136.57767,161.68246,-27.76362,130.57455,243.97716,-325.7599,131.35986,263.53864,-31.38234,116.7511,330.96323,-349.89026,124.599724,342.74704,-53.46443,115.70728,348.78128,-399.77713,115.676704,357.26633,-52.27085,110.79048,348.7401,-379.8492,116.045616,354.80807,-86.54842,114.3894,340.9537,-345.74796,122.66446,348.69623,-69.725296,282.4777,58.81796,-64.702324,272.1238,92.88179,65.1135,287.38123,99.74444,-198.02863,271.2474,206.92793,-8.352727,290.2389,155.61896,-69.01658,288.58728,339.80914,-48.668182,294.8506,159.39456,-54.62826,304.26675,358.49496,-55.017715,260.5626,187.22482,-95.01639,243.01045,385.8199,-106.990814
11-0.pngresized.png,505.05652,379.43347,-124.58775,521.0951,367.80963,-112.23937,521.9206,366.0802,-112.102936,522.7796,364.74033,-112.37653,517.6668,363.50464,-141.75314,516.5844,359.06174,-141.89034,515.3547,354.63834,-142.01764,508.8455,343.3978,-49.4653,501.8851,330.03244,-175.536,481.4225,371.64578,-101.61814,477.7571,367.02332,-138.83339,383.54367,323.17407,46.80409,381.30283,292.96118,-255.2226,283.85245,444.61902,64.35448,263.14874,443.4617,-248.66711,207.11511,562.96735,51.8262,187.66125,588.33215,-199.8217,211.56148,594.3601,63.261185,176.85326,622.0575,-258.5249,202.08395,596.0321,21.486204,190.28983,628.62024,-239.57861,196.1109,583.4644,34.904728,191.1752,614.65375,-196.83656,163.6992,157.63426,90.16965,150.30026,122.51287,-89.817024,206.56848,381.17368,158.42131,151.17537,326.52057,-58.38486,178.47852,535.6137,229.1937,183.9323,491.41107,114.95924,165.65334,555.9027,233.34488,178.90524,518.26715,127.512085,214.3981,597.3459,170.00719,249.76721,550.6471,57.5053
13-0.pngresized.png,196.37215,120.34904,-397.01886,203.70338,100.52829,-399.40353,208.89076,99.43152,-399.4064,214.18205,98.27893,-399.35626,188.76295,99.94699,-406.33112,182.81589,98.151726,-406.33768,176.87383,96.42246,-406.31778,218.74763,86.085655,-332.94705,165.81639,82.97628,-359.74203,202.89328,121.42688,-363.5098,184.9107,120.339096,-371.24463,248.13814,105.50722,-273.27777,122.903076,99.314865,-295.04196,265.9193,208.28044,-292.3821,111.98008,217.5502,-313.23746,277.9656,324.06842,-324.1871,105.47026,324.85416,-333.68576,289.87302,354.08765,-342.0866,95.99815,352.05133,-352.3464,277.61395,355.5772,-363.63852,105.38895,354.25192,-372.05844,266.7298,344.37534,-333.5094,115.64829,343.50504,-340.81073,200.323,209.61932,5.486206,141.85114,205.3795,-5.2257175,223.76447,251.24365,-74.81619,129.11755,244.6415,-70.59413,223.46417,320.2082,77.58114,133.82326,317.7373,92.55949,218.92508,326.2019,91.38985,140.79742,326.52075,105.50389,234.10002,366.75583,33.923286,116.76218,365.5115,50.301357
15-0.pngresized.png,242.29541,107.64903,-30.591303,247.48685,102.74626,-23.350067,247.32124,102.21413,-23.234241,247.2519,101.814064,-23.217396,246.47144,101.590645,-41.33698,245.93965,100.2101,-41.474495,245.33058,98.80794,-41.671844,240.17622,96.44034,12.411319,238.14702,92.53572,-62.844933,232.37349,107.91283,-13.888845,231.31825,106.497246,-36.249485,184.13094,92.7494,82.87329,189.55858,96.39872,-122.82564,139.36147,136.81332,85.37124,138.66437,152.25812,-131.96135,98.18992,185.17084,71.27019,103.3746,202.35973,-66.52851,91.08901,197.90501,87.16291,95.90469,213.32678,-86.487946,89.76255,198.93283,61.56142,95.85957,219.06511,-68.987854,89.38352,194.44698,61.16666,95.28006,214.9216,-60.101997,73.679634,39.821583,65.15255,72.38877,38.2244,-64.834305,86.95985,132.47997,121.837555,76.364944,138.34402,-15.574161,80.69482,212.94075,165.16522,81.59843,220.83197,58.884335,73.261635,224.90858,168.94733,75.73577,234.87047,62.17373,111.38178,243.70534,135.55952,118.672485,249.2598,7.7533927
16-0.pngresized.png,296.64435,42.696766,-105.80459,300.3357,39.560158,-97.31454,301.56784,40.885838,-97.24331,302.8632,42.262516,-97.28678,296.17725,36.196434,-101.51756,294.2616,34.671032,-101.50725,292.32104,33.206352,-101.5727,298.8101,45.0689,-50.74897,285.45282,34.149853,-69.945145,293.08984,50.037502,-87.985596,287.4418,45.025707,-93.50159,263.4754,69.35286,-42.445183,259.10538,49.929455,-61.73677,205.65938,54.665226,-25.626253,201.31665,27.133844,-97.10482,193.9435,40.033875,0.82456154,177.04129,23.598286,-158.218,191.12215,35.070213,-0.20942312,167.11453,21.152637,-168.49109,196.99557,34.815815,-6.8274975,173.5178,26.075403,-173.13362,197.76323,38.270187,-1.6392368,175.79453,29.035461,-160.46878,175.8642,123.76937,6.865264,179.25386,106.73587,-6.5996623,145.47926,115.87527,-29.800339,196.93199,66.10455,-45.58007,146.97087,118.190735,78.762436,165.22801,79.151505,35.71863,149.63382,119.818825,91.497604,158.96594,84.751724,44.223022,138.895,117.029945,119.045296,156.15985,69.383026,58.450138
16-1.pngresized.png,193.30342,137.67827,-60.475204,188.82472,139.85129,-66.50986,188.59691,139.99333,-66.45833,188.35188,140.09781,-66.58191,189.07819,138.96577,-62.91015,189.17337,138.70674,-62.85434,189.33113,138.42633,-62.801514,189.44331,138.59222,-82.13884,190.96977,136.1861,-66.45986,197.09047,135.57849,-63.444965,197.82059,134.82191,-58.81866,220.60585,132.77791,-81.5443,199.78603,115.42392,-59.557587,263.23138,127.69961,-97.69187,195.83882,90.432945,-18.675722,292.54282,130.72252,-114.83442,186.05351,85.53291,26.541594,299.83908,130.21005,-127.98074,182.24896,82.038185,28.080256,298.49402,131.34737,-129.56798,182.04103,86.45743,22.224648,294.61383,131.72801,-117.316734,184.15483,88.74156,25.449837,282.61783,116.71022,-6.540661,277.35132,105.16823,6.629388,288.2934,133.34355,51.06781,293.35098,108.54274,31.637856,282.51178,128.92424,104.132416,272.80408,126.71657,110.26685,279.8863,127.32552,110.4966,269.09644,127.76677,119.87953,285.5833,130.27806,124.67424,270.7412,139.45604,141.27597
17-0.pngresized.png,71.07925,119.64837,-45.26307,70.67706,103.28611,-62.25146,72.95177,101.02373,-62.348286,75.02857,98.63263,-62.718742,68.776665,104.37992,-29.408854,69.61302,103.669754,-29.591509,70.622345,102.87316,-29.624542,93.90965,88.20082,-104.9411,87.93787,93.853935,37.639393,89.3177,121.90069,-59.250526,86.55994,124.41885,-18.316523,163.44595,117.12476,-173.35657,171.73177,116.67795,132.93607,168.24521,227.88759,-206.1468,176.26227,220.82004,154.46866,165.68158,333.2849,-179.5864,171.73904,312.87045,135.37825,163.70949,357.34393,-221.1451,163.55089,327.04486,156.53523,157.1529,356.90005,-190.55144,161.799,330.79114,118.580086,161.0169,348.54538,-168.44817,168.7918,328.72153,119.274475,354.53644,80.05471,-98.813194,346.08908,83.961105,99.23042,330.33643,227.9337,-63.087547,327.8374,219.29318,114.71549,337.80576,388.54572,-10.153422,337.33002,366.56067,179.07645,352.72174,423.19012,-10.505763,353.17297,398.23676,182.42114,265.6786,411.80048,-94.178345,268.50482,387.4804,133.55098
18-0.pngresized.png,90.13329,146.0519,-313.7693,92.03073,128.76404,-314.93784,96.476234,125.20431,-315.0973,100.76259,121.602936,-315.27945,83.15947,135.81592,-301.42178,80.82446,137.9778,-301.48697,78.66967,140.15483,-301.3365,119.86003,112.12898,-281.49454,90.319595,136.5635,-225.10513,112.47316,145.02556,-299.8084,101.96577,155.25711,-284.06146,192.7475,131.57497,-306.6569,129.99222,152.6791,-88.141945,201.56528,269.20575,-299.79312,122.65043,274.77582,-77.62092,203.89726,375.35593,-280.75964,124.547226,379.27307,-106.51116,210.74239,400.8779,-334.65546,115.427124,402.66998,-110.789055,190.85693,398.8698,-321.94864,119.12308,401.29382,-155.6242,191.22485,388.48895,-279.19644,129.68382,394.19788,-125.078835,316.65497,106.76068,-75.18098,274.76376,124.71806,75.58734,291.39197,245.36551,-92.077126,233.57042,229.6209,76.75926,305.5127,341.98938,23.580732,271.5472,308.59348,197.46721,318.11853,355.76456,35.77066,284.94217,319.76514,207.57475,268.27554,381.5107,10.862513,249.2995,337.06967,201.87344
19-0.pngresized.png,348.4429,146.83183,-223.34842,358.43015,136.82927,-212.38528,358.77237,137.61137,-212.20021,359.2654,138.5549,-212.43013,354.6916,130.6848,-236.84619,352.78214,126.01134,-237.05824,350.81256,121.46589,-237.1501,346.31506,122.397385,-155.38573,336.45746,98.23625,-262.57355,330.89383,144.77159,-200.2248,328.02316,135.81642,-231.58466,297.01053,122.46783,-75.01051,239.93192,87.44442,-280.8322,293.85907,232.75859,-57.609783,204.97234,220.89764,-260.05545,286.8893,338.29504,-79.82949,216.87129,340.59393,-233.03775,295.0222,360.78912,-80.11573,216.83577,365.99115,-269.42325,290.18613,362.22717,-117.12524,237.52477,368.2174,-263.5209,277.6964,352.87054,-95.6216,234.37497,360.25467,-232.77054,140.91847,116.11997,68.44313,95.15988,87.56461,-68.210106,185.27269,213.07248,87.960014,122.5685,225.13599,-131.33833,130.4841,304.91052,199.18697,104.768974,326.44983,30.170965,112.983635,313.93692,208.53053,92.6159,337.96924,42.78697,155.5553,353.9107,200.86542,150.48051,374.6052,11.96244
2-0.pngresized.png,112.39851,85.831505,-16.403498,108.33502,79.734314,-28.64484,108.87705,78.6747,-28.638494,109.442825,77.534706,-28.797031,107.94593,79.20446,-9.415828,108.117195,78.188614,-9.5192375,108.43236,77.13961,-9.514194,117.00877,68.59689,-61.687782,115.65272,69.012856,24.185863,121.78301,83.31003,-27.80848,121.02968,83.3778,-3.035181,153.25073,62.02682,-88.39453,154.85773,72.852745,54.179466,90.15603,73.49884,-153.89682,98.1431,68.587326,86.906235,31.205803,66.37106,-146.43068,43.620163,63.78925,28.647665,14.8939495,62.373447,-169.03947,31.770844,56.650642,27.384796,17.418905,58.833454,-158.6267,27.945663,54.637722,15.428782,23.773169,62.257614,-144.1271,31.700092,58.062103,21.279144,287.5171,70.61682,-54.685238,276.88696,80.12813,54.996483,294.39166,184.75201,-55.720013,280.0727,182.03922,49.935635,295.88287,282.39923,-73.18911,286.64996,274.53302,70.651535,303.47226,301.84634,-77.140594,295.30063,292.19818,70.63146,259.32523,297.6549,-129.58128,253.64427,294.54648,36.33089
20-0.pngresized.png,317.56055,173.95187,-75.601074,323.0525,169.50589,-64.53566,322.6094,169.13196,-64.41903,322.2226,168.95718,-64.5035,322.3891,166.66026,-80.19064,321.90054,164.4683,-80.289474,321.288,162.29028,-80.35131,310.57425,161.80325,-18.995312,310.62433,153.17143,-84.5985,301.97647,173.1042,-57.718918,301.6263,169.7763,-77.09262,237.01375,153.93245,64.86794,239.86002,150.33064,-149.38272,189.95215,235.63397,70.427,186.05345,241.64975,-149.92711,154.36209,314.74936,66.89522,151.0379,317.81998,-106.76882,155.24054,334.1877,83.238716,144.41974,335.0647,-140.31006,151.36044,336.00864,54.79272,148.74959,338.43887,-123.91473,147.99042,329.8295,55.47227,148.45486,331.18567,-102.72184,108.21504,70.52847,69.48296,102.73031,60.59106,-69.167336,117.13008,197.94781,119.85359,105.14649,192.92667,-39.308132,108.999,313.25223,213.6359,115.06736,302.38284,72.63916,98.6211,331.56766,222.44576,106.60653,321.44812,81.250854,146.40768,349.94583,196.89412,167.18863,332.91568,37.56821
21-0.pngresized.png,183.49796,151.33112,-6.806976,176.26776,148.94275,-19.282028,176.89664,147.7381,-19.276,177.56755,146.40146,-19.462292,174.22653,148.54596,0.106482,173.17638,147.39076,0.085510746,172.36795,146.09456,0.06207554,180.48444,135.91722,-63.39519,173.52876,136.3001,26.375185,191.28435,145.81921,-21.834864,188.55925,146.10849,4.1847014,209.32002,114.106995,-97.73513,199.40128,115.07199,63.519703,135.64677,136.42464,-154.75139,138.44424,135.5248,101.13947,50.623856,146.05136,-128.05188,74.6966,141.56667,38.171852,30.631392,148.23584,-145.21062,60.181854,134.96303,45.80644,30.135538,142.3069,-127.056465,56.18129,136.55458,23.086529,36.801506,142.69885,-120.717285,61.385197,140.74799,27.85542,358.2711,144.09572,-66.899055,347.1407,143.85185,67.277374,269.52658,212.48767,-58.414494,262.59488,208.174,89.877525,283.01056,302.89194,1.6634529,284.50217,282.57788,158.85526,291.62686,319.28995,4.9757104,293.73334,293.41153,161.71376,247.12602,309.36435,-3.209494,257.5538,298.07123,161.79692
23-0.pngresized.png,199.8945,89.15423,-19.90184,203.67929,83.111694,-16.829918,203.64375,82.423454,-16.748032,203.6899,81.82905,-16.730227,202.307,82.710144,-31.988714,201.55034,81.76645,-32.083424,200.73929,80.81798,-32.16422,198.31932,78.081696,7.465945,194.7252,76.803955,-55.967255,193.10678,90.811775,-6.6262646,191.57678,90.61743,-25.394686,156.52573,86.98082,67.44514,162.79208,91.62126,-89.65528,142.91432,139.88066,76.24473,147.80234,145.95273,-93.41372,129.05946,185.54332,75.43047,137.38406,191.57922,-43.077164,129.30655,195.68271,89.718094,138.02829,202.99075,-57.492085,128.52829,196.92749,69.80632,138.03546,203.1096,-38.517727,126.4704,194.7093,67.80237,135.52097,200.01183,-36.188713,65.16787,63.457012,49.19258,66.13188,64.36615,-49.07893,86.59398,137.05345,83.07591,87.75211,136.97751,6.32614,94.92188,210.63399,131.10332,97.44492,207.5147,69.15913,90.520035,221.58783,135.11162,93.16684,219.9219,72.660904,123.975395,228.15492,102.2461,129.92453,223.46298,28.759634
24-0.pngresized.png,261.06906,220.97359,-155.09486,271.71182,217.40927,-150.60846,272.92477,216.4338,-150.47214,274.1328,215.64503,-150.56262,268.8592,215.39513,-168.82954,268.4975,213.23337,-168.9147,268.01007,211.1216,-168.94745,276.89398,198.2134,-119.966995,267.78336,193.7742,-199.61635,255.63617,210.95332,-141.74095,253.51096,209.3878,-165.35146,250.1212,176.19135,-55.103954,215.8629,153.92603,-202.42201,212.48795,240.89406,-21.42945,154.7716,214.4475,-207.56375,178.46808,306.34735,-50.800396,126.349075,294.88013,-206.60123,181.3029,322.08698,-62.887817,115.17824,313.05307,-241.90045,169.49086,325.9777,-96.76719,129.19023,315.773,-240.93718,163.58424,317.60184,-67.84119,134.22466,310.18762,-208.94891,157.52168,87.99289,45.8873,132.52563,70.162994,-45.635002,161.99527,196.38666,51.201077,125.36037,196.95795,-59.875305,152.53271,298.24683,-18.469135,117.741005,332.15707,-164.44638,142.37883,311.2622,-29.164877,101.17881,356.55762,-179.13525,167.2516,332.25778,-69.87014,161.85999,365.38617,-258.07663
26-0.pngresized.png,276.44763,107.903786,-366.07883,282.5879,95.036095,-353.92545,284.94064,95.74724,-353.83145,287.4489,96.58209,-354.02908,272.91476,90.78448,-371.81622,268.2056,87.72982,-371.91434,263.53067,84.81492,-372.02383,276.74823,88.17428,-274.6132,246.13605,72.3331,-355.81693,268.0719,113.64587,-333.45154,257.82974,107.06328,-357.8478,256.90414,92.594826,-160.8234,174.92099,98.055435,-341.27936,259.94336,183.80678,-100.37941,147.81992,213.02795,-333.3279,257.96255,277.3252,-124.19505,143.9895,314.13727,-323.3835,270.9921,296.18784,-125.16644,135.92151,334.12225,-369.6399,262.5213,302.27042,-163.59856,157.4305,336.95798,-370.54086,248.29099,295.339,-140.29567,159.75322,329.8337,-326.44302,147.2219,103.51295,58.319336,99.54097,105.127686,-58.29348,198.30984,157.12837,85.37892,135.12944,207.40964,-64.10884,191.78436,196.7223,162.98125,155.83176,280.15085,39.165207,185.01427,202.0281,169.13148,152.76978,287.69366,45.989094,216.38913,229.68973,162.18756,191.02214,321.09973,14.906538
27-0.pngresized.png,30.771194,79.251305,-30.030447,34.609924,68.330185,-31.545397,36.12886,67.01745,-31.584135,37.606308,65.66482,-31.928705,33.669693,69.65734,-14.673414,34.74788,69.38066,-15.008227,35.674774,68.98735,-15.178805,50.507248,60.24632,-49.226135,47.772736,65.073906,25.06372,41.788605,80.916336,-37.520504,40.380524,82.464294,-17.07182,92.12536,75.99915,-99.425766,94.50742,83.013245,53.08298,107.422005,145.13995,-100.950294,116.84014,138.70653,44.005913,122.4796,205.22357,-97.92982,123.876274,191.0568,31.868753,124.11149,219.33136,-122.758156,116.73845,200.014,36.91253,119.82635,219.50504,-104.76928,116.63041,202.31372,13.7158375,121.57633,212.9238,-94.41814,121.92394,198.29037,19.479212,187.7379,45.668297,-46.293156,182.24942,53.436523,46.540215,184.5314,116.55902,-39.322636,175.47015,124.363884,81.54752,179.99301,139.5875,57.733147,185.39673,185.55792,121.682594,180.98633,142.23976,64.49829,190.67143,193.82788,119.212166,161.16054,147.58176,58.80344,167.52756,206.37955,109.92026
28-0.pngresized.png,77.16183,166.02542,-37.368515,73.90385,155.86015,-54.236546,75.58481,154.37698,-54.23079,77.07533,152.84862,-54.334404,71.45293,155.6648,-30.213093,71.39164,154.53888,-30.259813,71.48036,153.23355,-30.283092,88.42641,142.66356,-92.93417,80.82327,142.71837,14.049303,90.79538,165.06372,-50.075542,87.78161,165.78355,-19.362717,143.48138,142.9256,-133.72554,136.47734,142.82582,74.43894,155.63644,230.28401,-164.13089,148.89943,226.33527,82.170845,152.07788,301.31274,-131.89694,155.07503,296.17538,36.133484,147.50171,317.9576,-164.7513,150.99438,308.2288,43.507175,142.779,314.16278,-143.4074,148.1441,305.51416,7.4511366,145.47809,308.09564,-127.27652,153.04137,302.53122,20.377787,260.4406,51.021164,-77.437126,247.90018,53.27345,77.739746,251.05803,174.03252,-35.802097,231.6373,171.7087,75.69331,239.24878,302.36935,6.3849087,227.54189,282.45267,122.968376,246.51404,328.00424,6.1980762,234.82799,303.66766,126.63709,181.6616,332.67642,-64.296936,181.3918,314.50662,73.42813
29-0.pngresized.png,283.04303,174.87178,-15.044784,293.66394,172.67177,-6.032767,293.86078,171.0292,-5.994888,294.11227,169.57784,-6.1877384,294.0648,172.6719,-32.657326,295.12915,170.8796,-32.58525,296.03552,169.12807,-32.73501,294.8878,157.63588,38.875385,297.9667,156.02893,-80.524635,276.39777,167.3567,5.5304065,277.79956,167.09584,-29.136967,262.35477,126.579735,105.96226,270.80792,132.61765,-144.8373,336.71097,146.59198,160.02385,343.57312,160.61299,-223.13057,401.35184,144.68465,81.60159,415.83963,150.50085,-171.39775,414.53226,137.96614,80.08647,435.3062,147.70346,-194.29619,419.47345,135.40082,61.72084,434.0885,142.39069,-173.55815,417.37314,139.40178,71.546936,426.82657,143.43146,-161.83403,85.814926,150.15778,93.053734,78.11626,150.03575,-92.88765,99.57813,254.5731,164.43918,103.134865,277.2273,-22.273329,105.68665,350.34866,285.66623,111.917694,387.25494,101.54736,100.35231,369.28717,295.36078,104.67673,405.05472,111.7623,153.1866,361.05487,268.08072,162.17746,402.6474,82.30234
3-0.pngresized.png,47.65688,128.16963,-51.586906,45.430035,112.86593,-66.93457,47.46173,110.71133,-67.00974,49.30933,108.44585,-67.27838,43.370083,113.71854,-35.790745,43.869186,112.81857,-35.916862,44.56108,111.814026,-35.945515,66.23261,96.75483,-109.569176,60.02425,101.383194,25.916435,65.630035,128.5865,-66.44853,62.754135,130.8563,-27.617718,137.31482,114.5735,-173.41232,144.05823,117.54702,112.489006,153.79222,221.51666,-193.29889,161.08241,218.9613,125.08666,152.17912,319.88715,-167.76363,165.40697,310.77557,98.93696,149.05629,342.61465,-206.48706,158.05475,326.65543,116.38504,142.2067,342.04007,-177.59674,156.87918,329.15207,78.76348,146.44394,333.6895,-158.03253,163.48125,325.79932,82.13419,311.50485,61.924023,-94.24301,304.07516,66.85814,94.648994,292.30576,196.02809,-36.789314,289.15744,188.74649,118.77369,297.58987,333.8896,44.804913,296.3677,316.611,185.5616,311.26794,362.62784,47.86281,309.0684,342.41156,190.02588,229.41888,357.59958,-26.427502,235.47449,337.89432,143.68024
31-0.pngresized.png,118.641045,243.94693,28.03561,105.369644,239.06438,7.1026745,104.90029,236.55284,7.059367,104.22844,233.96402,6.8192964,105.75636,240.91585,38.70684,105.54634,240.35114,38.57626,105.54292,239.51384,38.376152,107.75053,218.0964,-51.290123,109.75143,225.91606,95.15272,130.43832,234.10645,9.820037,130.70471,237.69319,51.51829,166.8169,199.31732,-120.60967,175.5197,201.81245,165.69109,158.59636,338.49844,-195.60144,173.4329,316.4825,202.55788,116.884384,456.99976,-162.87251,144.98906,412.8633,110.85045,103.6154,485.7395,-201.74095,129.19627,429.1273,118.75324,95.81432,479.78323,-169.60562,124.8519,429.41733,76.26332,103.12152,471.0176,-153.13843,132.88179,425.59027,90.809364,373.324,81.6401,-105.644844,365.9128,85.31188,105.92528,341.45966,257.1746,-58.1584,330.915,263.8056,133.66167,351.116,431.4778,4.103433,333.84995,415.88956,223.37794,367.02103,461.05313,4.0973163,349.21555,438.66446,227.17567,280.14117,477.7866,-70.79373,274.75635,476.3403,169.41602
32-1.pngresized.png,221.7597,57.80486,18.433718,227.04964,50.674416,25.642689,226.74628,49.345478,25.614208,226.54906,48.112385,25.518064,226.45438,51.659473,2.378561,226.03,50.662727,2.333091,225.48038,49.622513,2.2232697,219.1217,42.816765,57.79164,218.17114,43.506992,-44.400425,213.27974,57.900307,31.48903,212.41718,58.282116,2.0716453,176.28654,48.328728,117.68569,185.46239,42.450974,-91.818306,206.72485,55.798904,247.4347,224.3099,54.65107,-104.944626,223.37483,28.437159,389.40863,227.12178,36.200676,-0.00894927,224.55865,20.011066,410.74048,227.70439,29.88643,-1.4044116,223.26665,12.737261,416.29797,222.26595,27.273561,-3.0651195,223.22011,16.551004,392.5379,220.17638,29.159817,1.488645,62.04273,47.633926,76.51999,59.035458,40.011364,-76.41253,67.88481,131.48499,57.56884,64.69495,132.38455,-65.24608,68.702065,218.85088,77.60772,68.14492,223.68893,-56.86796,61.7366,237.70586,76.84824,58.64259,242.70096,-56.474754,104.280556,225.52086,50.41162,112.86692,232.70392,-91.84354
34-0.pngresized.png,45.270466,104.82798,-99.098625,43.172676,92.03283,-116.09615,44.735615,90.07979,-116.24296,46.141376,88.08516,-116.30235,42.24375,93.01241,-89.06254,43.095707,92.50671,-89.18313,44.11794,91.96929,-89.218025,60.51968,76.72747,-161.69511,57.558426,82.113495,-39.3122,60.398586,103.854996,-115.47039,59.348843,105.62948,-80.375946,127.88353,85.48714,-195.40166,112.31668,100.483665,21.633331,157.03036,198.05594,-205.23183,138.67798,187.72096,30.030067,154.24529,287.68637,-193.33284,142.43153,271.31528,20.134922,152.72923,308.221,-231.57402,134.19014,287.00766,34.077427,139.44524,305.38535,-211.16045,132.55609,288.23358,2.6198547,142.37955,298.07562,-187.96202,139.48116,281.2696,8.548902,262.89426,67.49855,-69.49231,243.09003,79.59896,70.10515,221.07437,163.94205,-165.30434,220.65233,166.95291,109.66475,253.86742,272.06216,-129.13661,249.22855,251.76541,177.44931,272.46423,287.68036,-126.960014,265.43747,263.84753,183.57182,212.48537,307.61203,-168.68906,217.25792,284.0751,172.87682
34-1.pngresized.png,428.23102,352.91324,-169.03423,422.13654,334.24072,-199.88387,424.5404,331.1649,-199.8775,426.7252,328.07733,-199.9102,419.04227,334.98795,-155.04614,419.5422,333.36453,-155.20184,420.29733,331.5518,-155.25523,444.39673,307.31787,-274.35385,435.84445,311.68585,-70.99138,450.46912,348.23334,-193.48778,447.28564,350.27484,-135.01527,543.99005,301.83047,-322.13983,506.84625,314.98453,45.896408,583.9384,428.24686,-368.72537,522.3022,436.39407,112.20698,561.3979,543.0446,-346.78058,517.75586,533.31854,57.066658,552.77045,568.55695,-407.89767,505.70688,550.0203,66.415695,537.9256,564.5549,-377.67032,503.28723,544.7679,11.144536,541.89154,555.58716,-340.5814,512.95483,539.9325,32.257618,720.94806,202.8713,-129.57584,687.675,214.15387,130.12541,694.87335,388.34003,-58.487816,670.7632,396.09427,126.34086,693.94385,557.44336,38.816242,683.10876,558.75256,221.72575,704.9319,586.9361,43.20826,694.6932,586.21277,230.48836,629.83185,602.769,-48.87773,630.97363,605.036,167.33575
34-2.pngresized.png,93.146996,211.31223,-147.46089,88.87577,192.96602,-176.11708,91.589775,189.85883,-176.13092,94.09054,186.714,-176.2741,84.929276,194.56532,-139.81479,84.81064,193.338,-139.93016,84.96543,192.01825,-139.89906,112.441505,166.86084,-238.70839,100.03636,174.03584,-77.30859,115.384285,206.49835,-166.88014,110.95548,209.26584,-120.776955,202.40382,163.63835,-288.0608,170.5937,173.78079,31.349577,233.35837,298.99005,-317.56815,177.00406,285.05817,81.15034,224.83496,421.3806,-302.91705,173.29211,386.65576,65.74673,225.23213,445.72382,-360.7048,164.7291,403.78967,71.973595,212.27205,443.55093,-339.4309,164.1465,400.57022,28.048716,214.42351,434.22052,-299.97192,173.1241,395.30188,45.664078,377.1941,58.83004,-106.82605,349.18,71.693275,107.52845,356.97787,236.59698,-71.15988,329.60892,232.15292,99.85529,355.4552,399.49884,-25.14255,333.1294,377.14252,165.2354,369.03052,431.6626,-24.705215,343.8352,404.6873,170.80145,290.72592,438.49097,-118.710236,278.00552,410.12988,107.66787
36-0.pngresized.png,225.68326,59.012405,-28.726154,229.57095,52.47303,-18.126408,229.36708,51.885174,-18.020613,229.24503,51.37219,-18.103823,228.23854,51.676723,-37.208256,227.28888,50.36898,-37.265102,226.2663,49.08801,-37.406406,220.52287,46.368553,21.534504,216.95775,43.115074,-60.831306,215.22333,60.56554,-13.051631,213.65141,59.595184,-37.337482,167.36137,48.368465,96.9086,170.5149,55.611885,-131.568,160.02777,82.09885,175.40039,155.39633,120.518486,-165.95273,161.4541,118.20919,203.73112,158.4184,182.6291,-136.81245,166.18652,124.16446,221.97354,161.0176,195.14961,-154.55533,165.68425,126.69415,201.29434,164.85483,194.4185,-142.01761,162.2595,125.8617,195.80815,161.7456,189.42418,-130.92426,56.464695,53.12372,61.40398,50.14462,52.820503,-61.324337,65.25923,114.6527,110.456635,57.24964,130.3101,-91.97152,50.453316,161.75275,125.678474,60.86355,187.63164,-12.997376,42.04488,166.77098,125.87843,55.696056,195.31233,-4.6368947,72.01607,185.64401,130.93228,90.11195,207.51369,-0.26609465
38. 1*kluixurv8tmckcx4mk38cg.jpegresized.png,66.71892,89.69407,4.395358,63.251266,83.75186,-2.7146933,63.524902,82.71357,-2.7472968,63.735077,81.638756,-2.8337765,63.02008,84.11893,10.708634,63.154358,83.65848,10.6226225,63.36194,83.154465,10.595725,68.537735,74.48842,-26.707075,68.069336,76.81292,34.471756,73.59488,87.36612,-3.611407,73.26478,88.28018,13.755686,105.10728,73.7751,-59.530663,107.525566,75.48778,59.947598,148.35435,110.28908,-71.043076,139.53552,106.50444,69.440834,173.79866,148.1406,-40.12265,166.11606,136.76967,52.551147,177.86632,156.76675,-49.4177,169.4769,142.68402,56.911087,175.02274,157.15938,-37.17075,168.61473,142.32819,44.751072,173.95576,153.31155,-34.41227,168.41237,140.21855,47.103687,194.00447,53.689636,-39.060894,189.30823,55.412914,39.194122,183.86667,122.38599,-6.333841,183.7331,121.52418,60.751064,192.92122,177.07938,48.92586,190.13232,185.74231,96.61146,199.14642,182.17023,53.670708,195.88072,194.74387,98.373085,169.99205,199.35333,35.706287,170.13976,204.5881,85.50444
39-0.pngresized.png,320.3805,357.98325,-22.58467,336.20624,365.5509,-16.225239,338.29245,364.46173,-15.944005,340.25418,363.65994,-16.205172,335.26788,363.85925,-51.599438,337.5508,361.93567,-51.584408,339.50162,359.99374,-51.79576,352.1712,345.9711,20.104967,348.6674,343.42188,-137.23436,318.89224,342.2634,-2.7900183,319.21927,340.7591,-49.08674,333.3948,286.44073,79.408066,326.4901,297.36978,-193.97186,381.34863,403.75876,119.6979,372.81186,430.58923,-266.4683,465.57965,495.0156,26.16906,467.2965,523.64233,-232.60304,493.74768,505.07697,2.481747,488.51227,544.5031,-279.83157,494.4632,508.86362,-18.764095,495.0461,539.5279,-260.37912,483.42374,510.73618,7.1038623,487.6913,533.6512,-227.45146,142.68398,127.71699,103.43065,126.14052,126.324394,-103.06106,129.63425,306.962,107.369385,95.03913,328.65317,-54.33276,101.11215,510.6856,111.716446,76.22787,540.6778,-39.471066,74.22428,541.1469,108.27749,53.693207,575.1353,-43.18072,169.90793,579.51953,46.264717,159.95963,591.73126,-130.2226
4-0.pngresized.png,284.31168,132.01921,-24.74968,289.1451,124.179115,-16.337751,288.94742,122.82165,-16.27102,288.82608,121.62455,-16.330048,287.82413,123.8472,-39.78577,287.1314,122.36553,-39.858994,286.34338,120.88512,-39.948544,280.048,113.35447,23.522997,277.5132,112.06842,-76.750336,272.73413,131.06291,-6.9757156,271.48984,130.89494,-36.43778,211.88658,113.49147,99.03413,226.62042,114.689095,-139.1519,179.3063,182.8704,106.39671,192.59418,193.88591,-155.53604,157.3237,256.80426,100.47539,175.95923,268.7137,-105.64909,159.33626,273.95477,123.98846,174.80719,286.9896,-130.14523,156.70859,277.02084,96.34283,177.35556,288.73615,-106.70204,153.83469,271.99316,90.30984,174.57028,282.98618,-97.401634,82.5267,55.043743,73.38258,85.2054,50.279343,-73.02556,105.10307,167.15683,126.03087,104.5559,160.50491,-24.234674,92.566864,268.071,182.25208,107.63117,236.23952,94.19763,82.335365,283.22028,187.22986,101.01159,249.71706,103.28951,125.68584,298.27008,160.10545,146.23848,255.87976,77.12336
40-0.pngresized.png,345.88016,150.34872,-38.536083,355.33972,139.46385,-32.157574,355.5954,138.2083,-31.965773,356.017,137.07819,-31.90054,352.32538,138.2613,-58.099194,350.93088,135.94052,-58.417862,349.43097,133.63918,-58.800396,347.53616,126.36209,15.439734,339.4041,121.51847,-94.6047,333.86395,150.98369,-15.741926,330.68054,149.3696,-48.177864,276.19263,137.25726,115.14276,282.7516,132.7187,-165.09196,275.9742,236.88292,113.335884,272.55582,254.28041,-173.39058,277.82147,332.81967,88.97135,282.77905,356.16745,-108.01747,287.8524,352.0963,109.03128,290.41467,378.63232,-139.27309,284.26096,356.5352,74.425026,296.09027,379.5646,-107.30043,277.07193,350.53778,74.73867,289.9074,373.46375,-96.20351,93.91778,87.59866,88.3745,89.44778,79.941536,-88.14712,129.88506,218.0045,131.60101,132.09027,216.85057,-30.89457,138.3289,341.5167,202.17615,145.09245,333.77182,63.318867,129.52673,360.79034,207.50955,136.5596,353.2805,70.375336,189.84036,368.0249,173.47092,205.64629,354.2775,28.191486
41-0.pngresized.png,36.708466,85.417984,-32.430725,36.62337,75.78656,-41.73739,38.322014,74.527435,-41.84788,39.863907,73.18122,-42.125896,34.751625,76.46044,-25.067787,35.070797,76.07998,-25.132423,35.502167,75.65407,-25.054075,53.017082,68.06373,-63.842255,47.32435,71.48912,8.020424,49.591995,87.70816,-39.52391,47.1492,89.38142,-19.042208,102.65845,85.64021,-112.644394,105.485695,85.770004,73.36581,135.27998,161.10712,-112.75942,129.3495,157.22028,77.44598,153.87671,237.91443,-87.44704,144.07158,229.87544,72.289444,157.61345,255.32382,-112.45651,141.65544,244.45572,85.909805,152.05826,257.22974,-93.50459,141.19159,246.69904,61.2034,152.83812,250.32382,-80.70166,145.26358,243.10753,61.949673,220.78125,48.905724,-68.03869,215.94035,51.93168,68.384735,208.05276,146.41702,-26.875643,204.56099,139.79614,80.03643,205.15761,246.77289,25.14544,203.08963,233.41129,134.2212,212.74594,268.6327,27.532064,209.46783,253.13962,139.12503,159.26941,261.72995,-28.143381,163.19957,245.80768,104.86241
42-0.pngresized.png,473.19928,252.07265,-30.88484,494.95218,233.95168,-14.413826,495.63446,229.7461,-14.297598,496.45374,225.95505,-14.567466,492.54788,235.24779,-77.34276,492.3702,231.08133,-77.38042,491.92807,227.04787,-77.65521,491.67935,193.49855,71.203,484.3814,195.47565,-203.95575,457.9285,237.5494,7.6979003,455.50092,237.01633,-73.08146,419.76337,168.258,154.7708,424.2248,164.31596,-291.99155,536.1654,211.3109,233.60526,553.4048,216.29465,-448.2882,663.39655,215.43271,31.365318,690.6091,225.16246,-407.8951,692.17804,203.70247,11.659857,724.24146,217.68242,-463.6711,700.27325,202.08313,-23.140572,724.4367,211.62088,-424.24472,692.78394,210.06197,5.227381,712.9233,215.4873,-392.72504,137.17642,173.96988,162.02045,116.20001,164.93272,-161.55788,169.4953,400.97482,131.6155,162.2965,404.22818,-126.58296,180.0908,625.4208,157.5836,179.71263,645.73816,-114.324814,167.4257,671.74207,155.77296,163.51596,695.63684,-117.09372,268.35895,642.48834,92.32326,282.2735,653.6655,-213.18709
43-0.pngresized.png,325.24182,111.15454,-69.4982,328.1557,101.53094,-54.773643,327.82898,100.41328,-54.709766,327.54074,99.45679,-54.825287,326.21155,100.7183,-82.01337,324.82077,99.057014,-82.000854,323.28198,97.48543,-81.9932,316.01425,93.19745,2.7555754,310.61707,89.92386,-116.83491,311.77658,112.73226,-50.56153,309.34244,112.38937,-85.05397,240.94394,115.56103,79.84781,249.06158,94.73346,-210.08383,214.9467,210.67201,56.161854,226.83876,192.39287,-246.2207,195.09468,294.85815,-9.658778,217.53084,275.2103,-225.81418,203.07562,316.47546,-3.185802,222.55208,295.7363,-270.25,199.58803,315.6422,-39.480785,227.452,295.4427,-247.66492,195.03531,308.18945,-25.452477,222.82127,290.22736,-219.02312,98.89117,75.26908,82.46719,91.92352,52.742714,-82.06927,129.82834,150.70021,219.25067,82.851166,124.587975,-159.11261,111.72878,156.58339,284.43924,111.28099,120.75318,82.53773,109.876236,160.83633,285.38577,123.47402,125.02665,107.76398,123.38201,163.09894,325.245,131.50963,117.86564,170.68987
43-1.pngresized.png,339.82715,138.69882,-51.23331,346.30844,129.35886,-37.207836,346.47168,128.75505,-37.184845,346.744,128.38693,-37.25272,343.163,126.58297,-59.633015,341.44556,124.024445,-59.84278,339.63495,121.45874,-60.06064,333.72784,121.53093,18.66756,325.38025,112.092995,-76.18591,324.30136,141.93204,-29.655287,320.70187,138.60953,-57.47382,250.0076,139.94154,107.220985,253.70515,115.397125,-153.73482,238.35017,225.48888,129.76556,217.64696,224.1704,-179.05782,218.76093,304.68958,113.32196,209.52147,323.19244,-135.86359,222.77577,323.44977,128.21002,208.6841,348.05255,-170.49696,218.05562,325.76205,97.05541,215.18549,350.1007,-152.76857,212.64528,319.05954,99.09956,211.63583,341.618,-130.99371,87.60936,76.23729,81.67872,83.27721,55.566666,-81.32021,114.59808,207.83276,108.61938,94.18043,205.56079,-48.403614,120.61426,330.53815,164.34598,131.29826,308.78705,41.018612,110.57765,351.45694,169.20285,127.903366,330.60403,46.586727,172.32971,366.98364,134.35219,192.91075,330.11118,0.24561805
44-0.pngresized.png,45.261684,111.44937,-39.386806,46.72348,99.28813,-48.96579,49.015976,97.8747,-49.074432,51.144035,96.34298,-49.33299,44.31035,100.030785,-26.5492,44.69343,99.481514,-26.690958,45.249767,98.86691,-26.758709,67.74644,89.84604,-76.14704,60.29858,93.68645,22.342237,61.167652,114.37065,-48.76847,57.90503,116.05398,-20.587393,125.750656,111.64608,-136.86813,127.539536,112.81138,97.712616,128.65083,210.82433,-148.22446,131.86307,206.43552,101.28167,125.17496,294.13626,-120.77914,127.94822,287.4987,70.00212,123.51445,313.56982,-153.62196,119.869,301.46735,84.66475,116.618805,311.61908,-128.75989,119.48459,303.2843,50.942234,120.16344,304.22858,-112.55765,126.16775,300.3515,55.562233,277.64328,69.13765,-78.907845,269.274,73.607605,79.21521,255.24963,181.01952,-29.413843,255.02971,176.73201,106.38517,264.7361,301.4092,54.260933,261.9794,292.3375,163.81638,276.6547,326.43283,59.52207,273.9469,316.12698,168.13164,208.27713,320.8136,0.7158385,209.58278,312.72324,129.7454
47-0.pngresized.png,280.22354,169.7505,13.802219,292.1314,167.04863,26.519464,292.42,166.09962,26.502937,292.78867,165.4189,26.236519,292.59674,165.59799,-1.2954623,293.5487,163.72166,-1.190604,294.32864,161.86028,-1.4223764,291.5388,155.03032,86.47093,292.9425,148.499,-31.873354,270.21735,164.18114,37.11883,270.92267,161.8328,2.1970043,234.22614,143.80182,132.32866,256.18604,119.79763,-101.219666,235.96413,181.17229,307.85397,325.01215,124.473625,-313.1793,257.5136,221.63878,413.30124,410.57736,116.35022,-435.6134,256.341,231.56584,432.79456,433.05725,107.20275,-459.6192,262.33292,226.08728,418.84256,434.5241,109.96953,-449.95825,262.74066,222.8125,409.19492,424.55386,114.91374,-437.0984,69.41231,124.9241,91.15868,64.29745,110.40151,-90.73365,78.47184,251.6933,117.95561,74.78927,253.2577,-38.403694,73.00714,383.3375,193.17584,79.48061,400.3618,-18.137379,60.95726,404.33942,196.07368,69.92384,423.16058,-15.37124,117.0784,413.22662,167.61742,128.62425,435.09296,-58.09197
48-0.pngresized.png,283.1447,160.0917,-114.98696,290.73538,151.34435,-105.256775,290.06992,150.0007,-105.229095,289.49078,148.79893,-105.3849,290.82822,150.59837,-134.67613,290.4983,148.18005,-134.7836,290.14908,145.8259,-134.84756,278.50397,132.4877,-57.539463,280.737,127.657104,-190.11665,268.0386,153.46944,-95.7919,268.7162,151.69263,-134.87701,215.63094,121.09128,15.331012,211.72037,108.908905,-249.8046,150.22147,181.88194,13.386445,146.18028,188.18999,-248.88564,105.22259,254.1106,-17.550348,102.77755,280.59842,-204.24355,99.39978,272.2454,-9.938093,89.72312,299.9517,-239.69624,98.92826,275.78888,-38.327282,99.76942,310.36548,-229.81555,97.96623,267.27295,-30.403545,101.35415,301.52963,-201.32314,81.8116,101.028206,78.908775,67.00875,87.18532,-78.39648,107.36321,189.19453,136.26485,97.24993,195.78052,-92.18129,78.95924,289.28894,206.3199,81.60803,306.2125,-23.27498,65.00327,303.86786,210.13849,66.982185,322.07007,-21.21665,108.27923,326.623,185.55339,126.45324,345.67142,-92.10208
49-0.pngresized.png,268.60718,119.07304,-97.367546,272.48544,110.16468,-85.6405,272.16916,109.42574,-85.55667,271.91235,108.88381,-85.698425,270.32947,108.58312,-106.25212,268.812,106.575584,-106.33739,267.1925,104.61546,-106.43991,259.94733,100.38002,-34.227364,254.5419,94.55164,-124.508194,255.83876,119.82681,-76.76737,253.63971,117.780594,-103.35541,197.49551,109.63833,42.497303,199.09702,99.08442,-171.9919,191.11298,181.95741,62.913033,194.14926,189.51382,-183.90018,199.05495,245.48671,60.37253,203.94052,265.96655,-147.19464,208.31189,256.9323,78.33383,207.08806,283.68246,-181.68716,206.57341,259.7255,50.275627,213.0315,283.31116,-160.75366,200.53886,256.57678,48.358,210.01123,277.79468,-141.62502,75.91241,63.370056,68.59359,69.345764,49.028492,-68.246994,94.44511,174.26888,47.89394,79.85478,156.44246,-38.223213,86.393684,276.45468,77.54102,91.85689,252.04631,28.022682,77.22993,295.40054,80.22861,85.0473,270.05978,31.018028,126.541336,299.6494,46.651295,142.55173,273.13177,-21.429724
5-0.pngresized.png,325.15475,177.07619,-102.45475,331.33295,164.60571,-86.168724,330.80618,163.49194,-86.135864,330.26825,162.65248,-86.27851,329.11783,163.08371,-116.44372,327.58893,160.57718,-116.48027,325.882,158.10712,-116.68269,317.31165,152.01663,-6.786474,311.4435,146.62518,-139.58168,310.15506,178.40955,-68.80229,307.46048,176.47427,-108.1053,240.54779,160.40642,95.90235,252.83443,159.49641,-196.57124,235.28673,252.1581,121.57214,251.06238,261.42383,-234.77048,253.62552,336.73972,84.07402,269.82654,358.35388,-211.082,263.72476,352.62103,97.62722,276.40097,379.81866,-262.15906,266.23447,352.70786,57.288036,281.6334,377.14606,-230.24884,259.384,349.16412,65.12412,276.2857,371.57175,-203.27708,100.840706,71.28699,103.43829,99.862045,63.92553,-102.8608,92.93993,214.36743,94.356735,85.15764,202.76877,-69.14179,79.343666,339.90524,117.43476,75.7126,348.35468,-47.064743,64.12965,364.26953,119.128716,60.85309,378.77692,-49.52705,133.34274,368.1599,74.76294,143.31938,370.34497,-127.82551
51-0.pngresized.png,117.847466,125.62105,-75.57472,124.07043,105.02607,-91.413666,128.11409,103.9176,-91.4515,131.94753,102.58688,-91.64329,120.517334,104.811134,-53.312386,121.65729,104.11776,-53.550426,122.990395,103.43296,-53.366623,161.07559,101.565704,-144.47125,149.58456,103.88402,25.568474,142.70807,139.74205,-96.114204,137.21284,140.45625,-47.83194,261.06805,172.52382,-267.55875,271.01144,166.46329,140.60281,369.96628,310.11588,-280.6323,373.4484,270.359,121.752174,445.04504,446.56912,-248.22986,446.12244,391.2494,108.59035,461.06848,471.61154,-307.03708,453.2884,414.43942,123.27808,454.9557,480.27698,-276.04742,455.14145,413.6332,77.51201,454.66357,470.79642,-238.48465,457.38156,408.36386,87.79203,536.98517,180.37383,-143.36537,519.3839,179.92781,144.40002,456.03577,363.87622,-81.770454,452.90622,358.4945,183.74036,507.51596,549.08167,142.99637,488.7221,541.5103,275.88953,531.68146,578.6387,164.51274,509.55484,571.77795,283.53305,439.01236,597.9672,82.946465,429.00476,582.9028,219.95657
53-0.pngresized.png,79.499504,73.87204,-5.694286,76.38159,68.30821,-13.64835,76.68843,67.36423,-13.680069,76.97212,66.36192,-13.762033,75.89681,68.638824,-1.5742453,75.81615,68.19725,-1.6604519,75.77478,67.75467,-1.6280589,81.71984,60.588455,-35.286545,79.867035,62.45056,19.509823,86.43665,72.64197,-12.620026,85.684425,73.34011,3.1150546,111.04594,66.04796,-66.3065,117.72137,66.603035,55.935974,138.80515,109.61573,-72.487854,142.92503,102.42646,68.86267,154.19391,149.16156,-45.71493,157.48769,140.63693,61.64486,157.246,156.86533,-55.963932,159.51874,149.0412,66.29438,155.19797,158.87685,-46.935745,158.3125,148.51433,55.53457,155.0018,155.74303,-41.887474,158.31862,145.87787,56.716766,191.56482,78.7846,-38.221256,186.73872,77.87175,38.35416,172.5798,146.76349,-21.90168,168.55295,136.40361,50.70199,179.81435,209.7341,15.878612,170.26952,196.30829,71.01318,188.03226,216.23572,20.737514,177.07983,204.93958,71.53696,157.84299,231.465,13.847799,151.8388,215.12778,63.229904
55-0.pngresized.png,251.35275,87.87957,-54.0608,259.0852,79.7478,-48.569004,259.17917,79.19424,-48.53602,259.34378,78.7674,-48.714855,257.37256,78.47111,-69.78347,256.46637,76.47128,-69.94072,255.54,74.500786,-70.09645,250.54866,69.86569,-21.915373,245.86667,63.743595,-111.41105,239.29698,87.318,-42.2891,237.4671,84.49141,-68.80082,187.49683,79.99776,27.027424,176.19576,60.35372,-167.56442,124.13025,117.02081,53.727573,103.84557,116.749245,-149.96214,96.38139,155.12138,45.49869,54.730103,180.8254,-101.469315,90.648315,162.61046,46.66507,38.22283,193.22975,-122.01842,93.50329,165.574,30.252302,47.587055,200.46227,-123.75351,94.546036,161.34807,37.983315,52.56478,195.37303,-102.10602,59.709843,94.07463,61.06222,40.208363,80.21667,-60.562904,82.40231,181.94185,136.07397,39.049473,191.64378,-49.46932,55.857918,228.45604,182.66158,43.272987,213.74992,129.83595,44.941555,229.0659,186.85922,38.61305,210.1923,148.30952,70.903824,264.77042,197.85098,65.809906,242.15263,170.07289
57-0.pngresized.png,49.827515,91.88042,-46.36861,48.301743,83.93168,-58.660324,49.247322,82.74484,-58.740208,50.088577,81.49973,-58.899517,47.4217,84.125496,-38.88784,47.806717,83.488464,-38.96145,48.28437,82.80156,-38.960445,58.717995,74.03961,-89.16762,56.2909,75.49396,-2.848918,59.45896,91.050644,-56.109337,58.418327,91.85566,-31.255816,99.1847,79.855316,-117.371994,97.86475,81.033875,55.088478,109.8148,139.90622,-123.25117,104.52802,134.1409,74.98212,103.5042,197.63489,-102.074036,102.08889,184.13336,60.689533,101.78202,210.76569,-123.869804,97.6742,191.85938,70.80169,95.729225,209.90826,-108.83753,97.17688,194.96805,49.456543,97.517525,205.13275,-96.423325,100.91136,193.38797,51.372044,190.41306,50.492596,-56.074368,183.41652,54.26571,56.33936,185.19737,127.15845,-27.70799,179.74031,122.446945,66.65513,191.78928,201.15927,11.895476,191.30345,195.23639,108.31529,200.56042,216.38028,12.930207,201.22841,209.72757,110.8044,155.1041,217.93372,-31.00344,155.96754,211.64697,83.05196
59-0.pngresized.png,280.2006,153.8646,-26.150412,292.53845,144.19728,-15.525736,292.98285,141.89467,-15.443376,293.50458,139.83043,-15.599021,291.08478,144.9136,-50.929043,291.01257,142.59602,-50.939777,290.77313,140.35269,-51.11072,290.94437,122.60552,35.60538,286.51688,123.42201,-118.47135,271.6221,146.31639,-3.529807,270.1704,145.72473,-48.738037,249.98868,107.12083,87.327446,252.75769,106.755264,-171.61389,321.58807,130.94525,142.85764,332.3962,132.90302,-267.72018,395.32162,132.99101,22.577232,413.9559,135.59685,-242.1113,412.0053,125.49681,10.946274,434.78497,130.13763,-272.80048,417.12183,124.816895,-10.3028345,434.35297,126.38313,-249.2583,412.36996,129.87209,7.1752644,427.26318,129.11371,-232.97719,84.34263,111.505844,94.884415,73.1222,107.224724,-94.6425,101.05165,246.61946,80.604004,97.85937,244.12018,-72.50649,98.65627,370.80957,107.62034,97.75051,380.17984,-56.035534,91.41421,395.41034,107.97511,88.118744,406.6296,-56.357315,144.26918,382.13712,74.798515,150.78468,389.19022,-106.56851
63-0.pngresized.png,195.0541,87.92692,-31.644026,201.34045,81.36252,-25.021479,201.42125,80.09179,-25.00069,201.57155,78.95048,-25.14667,200.14534,81.582664,-42.41613,199.64656,80.15412,-42.424885,199.07034,78.802734,-42.51949,197.38289,69.99215,5.3641825,193.76704,69.418465,-69.59201,187.84306,85.175705,-18.95546,186.58922,84.824814,-40.88456,161.46983,66.18922,39.258667,162.47464,59.960793,-106.4561,215.28174,63.87391,65.42473,217.68896,62.738285,-149.91206,259.16013,37.530933,13.456366,269.67838,32.35473,-128.84238,267.71524,27.657755,11.394275,283.39035,23.586857,-146.28056,269.06683,25.211533,4.754312,280.33096,21.317474,-137.70894,267.70404,29.148912,7.549641,274.95096,24.191105,-125.38391,49.69151,97.25245,52.89655,41.80539,90.88945,-52.779995,68.85829,178.43112,56.000725,65.69939,181.23563,-32.033405,76.573746,256.44534,83.73206,79.74233,272.71994,-8.214002,73.62125,271.6368,85.52908,75.46332,289.99814,-7.573715,109.9628,261.34503,67.43397,118.346695,277.15945,-37.08567
65-1.pngresized.png,148.10461,108.5811,-14.877936,149.25484,104.96495,-11.495162,148.90474,104.5612,-11.457751,148.59439,104.20821,-11.430044,149.05695,105.00872,-22.399511,148.69458,104.579025,-22.473154,148.3046,104.14675,-22.548462,144.46045,101.64297,6.103534,144.2109,101.32774,-39.997345,143.75684,109.11514,-5.928077,143.57669,109.182785,-19.5802,121.89986,103.3137,45.911747,125.06828,108.712494,-60.422195,115.76111,130.14267,53.350388,113.313995,138.70108,-59.092686,107.88841,153.51472,57.58345,107.05293,164.4251,-29.021908,107.39108,159.37358,69.726265,106.98891,171.28922,-37.265057,107.29992,160.23831,57.42918,107.783554,172.63252,-23.79473,106.0565,158.61932,52.833843,106.18543,170.31409,-23.707907,74.67062,90.11216,32.322933,74.19186,90.81459,-32.265568,78.718185,131.95126,53.263474,75.64682,131.9124,4.9245825,76.854904,168.88997,84.502525,77.729996,169.49734,52.594788,73.170364,174.27362,87.637344,74.49718,175.42839,55.958706,93.09323,179.0965,74.19243,96.17963,179.30115,34.74343
66-2.pngresized.png,141.53891,120.60845,-63.045532,150.92839,118.051125,-57.10616,151.40186,117.39346,-57.064312,151.93558,116.84254,-57.181393,150.4189,116.20755,-77.14459,150.88565,114.17638,-77.25393,151.29948,112.18495,-77.26632,153.06714,104.08869,-24.763155,152.71751,97.68112,-112.660355,135.56416,112.72567,-49.78181,135.4576,110.781296,-75.54207,118.94999,88.28707,15.032329,111.96306,73.151695,-136.16438,73.46533,132.08054,16.989143,59.465763,129.77191,-139.3642,60.071148,187.79164,-6.7175627,42.76376,189.64764,-121.573654,65.64154,202.77687,-7.2524934,39.506214,204.25533,-147.32983,64.19604,207.71011,-25.667084,47.80271,206.45311,-141.68573,60.79935,201.39267,-17.023643,48.213123,201.41245,-121.244804,43.595707,53.251648,44.001213,32.445293,38.36183,-44.021843,54.537487,137.01193,39.61334,45.129837,133.4899,-39.512424,54.467518,215.60095,71.4257,48.872856,222.5642,-22.172222,49.577164,229.75699,73.298836,43.934948,238.88675,-22.061071,76.35949,234.19206,38.80104,78.935135,243.71051,-73.24078
68-0.pngresized.png,223.78456,115.861664,-36.459698,230.35393,107.121445,-29.394438,230.18544,105.0064,-29.300713,230.1183,103.0593,-29.450811,229.5364,108.934875,-51.355194,229.13428,107.71474,-51.355858,228.62192,106.576515,-51.449245,224.70354,90.420166,5.018386,222.28163,94.85091,-89.61578,214.98924,110.57834,-21.795546,214.39828,112.12417,-49.29957,186.96358,78.37078,43.48728,186.26512,78.84039,-130.82031,258.4487,72.47879,72.16332,252.20883,76.65502,-192.65997,312.258,47.76859,5.6835136,317.21512,43.88159,-165.71344,323.25552,36.669556,2.1549335,335.4497,33.402874,-185.73581,324.53232,34.48257,-9.436577,333.09644,30.190498,-172.39346,321.71713,39.631863,-2.5801308,325.92944,33.88188,-160.43216,52.61445,122.36029,65.069084,40.958534,118.50613,-65.03533,82.798805,224.7376,68.89848,74.80934,227.00912,-43.68032,85.840904,316.4327,112.58257,87.902176,338.34485,-8.191592,81.007545,332.62726,116.17265,81.31935,358.2355,-6.506251,121.42819,326.2808,93.84084,132.10617,347.85007,-44.25795
69-0.pngresized.png,352.10422,189.85808,-252.86592,358.25323,176.0275,-233.52074,358.41293,175.25888,-233.37381,358.68253,174.7321,-233.5988,353.72552,172.64935,-260.89325,351.20874,169.12457,-261.00183,348.58624,165.68962,-261.09494,344.543,157.68369,-148.30672,332.0588,146.26251,-272.92377,335.57782,187.98871,-221.73734,331.91837,183.34875,-258.3962,285.44742,161.72023,-68.25957,251.02858,145.44511,-291.36865,272.92603,269.40005,-58.82095,232.12779,267.90115,-306.05005,287.23663,376.9819,-97.62748,252.83406,377.92725,-294.20096,308.54068,401.00977,-108.03913,259.54156,401.94656,-347.25174,302.31488,404.15024,-146.7481,276.05048,400.8496,-339.51898,289.21057,394.79382,-117.80097,272.25317,394.17056,-295.8748,138.46426,93.87376,73.803795,108.84705,72.00216,-73.71828,166.77167,216.6238,33.87505,109.22203,212.30988,-92.29166,174.88303,352.75974,14.24621,107.88858,362.7262,-72.689964,163.03792,379.5481,5.907383,97.779,394.3151,-77.04297,223.42265,385.2957,-52.320698,157.5539,388.49426,-171.51065
70-0.pngresized.png,64.48715,69.843254,-40.374985,67.61881,57.253593,-51.647655,69.6724,56.16808,-51.69398,71.65656,54.954548,-51.79834,66.17925,57.79789,-26.15959,67.02986,57.39607,-26.385902,67.94952,57.00506,-26.32933,88.14716,51.170837,-89.20541,82.98081,54.38494,24.975737,78.805466,75.913124,-54.26126,76.56738,76.69942,-21.665176,147.53746,91.395294,-147.72177,154.74113,95.355385,84.16275,205.87852,170.69653,-157.20464,212.88603,153.09618,90.736305,237.03148,239.97556,-146.6177,240.39699,219.61557,87.585464,243.22108,251.85947,-182.81987,242.80281,231.55545,96.32149,239.29211,255.28325,-164.9199,242.58139,231.24603,71.41559,239.45056,251.71577,-141.43968,243.03334,227.98604,76.00215,293.62454,131.7296,-77.247406,281.47504,131.63176,77.78713,250.67108,247.78804,-47.44708,248.58224,237.08334,95.89216,235.9909,374.41177,32.07147,225.02701,357.27448,127.060585,243.76842,400.0337,38.77647,232.09076,384.8963,128.67442,181.46997,391.39923,-20.01671,172.20593,363.11163,88.95511
72-0.pngresized.png,235.096,156.24878,-22.766771,242.54482,148.87387,-12.126952,242.50117,147.25711,-12.022151,242.51312,145.80106,-12.030939,241.48587,148.71297,-40.717056,241.14943,146.98174,-40.893204,240.7191,145.22534,-41.075924,236.03317,133.7911,34.09281,234.14053,133.21153,-89.17407,223.9995,151.88799,-1.7159855,223.03734,151.89856,-37.967793,169.99084,123.15738,114.97485,183.2896,123.72087,-147.44492,137.14668,191.59846,122.42915,136.12233,193.01605,-161.41505,129.85191,256.43927,97.08298,127.93776,263.67633,-111.54577,134.19562,271.37308,115.60422,128.42256,281.9776,-142.10307,134.28116,273.19205,86.17501,132.99094,282.45224,-116.23948,130.67715,268.90448,83.97039,129.73708,276.61505,-102.74307,64.20924,50.270596,79.0078,67.386345,45.905685,-78.73477,68.94432,161.44243,124.20441,67.499306,162.55919,-29.724453,68.83863,262.00995,183.92104,80.50694,244.08664,60.411076,59.888035,280.3913,189.04677,75.77709,260.48294,66.39935,111.40077,286.78656,149.52188,123.67604,262.8746,16.900469
75-0.pngresized.png,286.09848,181.87305,-155.92093,292.60855,174.24539,-144.56346,292.76862,173.19823,-144.48584,292.97617,172.29295,-144.66113,289.4928,173.11694,-165.4923,288.0677,171.10246,-165.55402,286.49725,169.12349,-165.6564,283.36728,159.84193,-94.80478,275.09354,155.68289,-189.15855,272.8013,177.97717,-136.98145,270.4866,176.72478,-164.54048,232.65038,151.50975,-28.04254,207.52933,142.57227,-237.41211,235.2212,240.11545,-4.6114063,184.17584,237.83589,-265.47446,255.54515,317.7051,-35.520527,186.26266,318.82053,-259.91324,273.39926,332.70447,-39.09192,187.29785,336.71484,-302.99905,269.5873,336.1503,-72.314,199.83604,335.40134,-293.45737,258.9918,331.21735,-52.053833,198.93045,329.84125,-259.61084,108.22301,70.114296,72.27742,92.69484,56.94585,-72.283646,109.45646,180.54895,89.98504,88.66398,172.54166,-51.17292,105.05892,278.74542,161.64423,87.5032,292.58154,-1.3965653,96.17812,299.8292,167.48373,79.484474,316.26935,-1.540237,138.39279,303.89615,127.94423,131.90439,319.69672,-74.427376
77-0.pngresized.png,113.46442,210.35677,-78.91089,105.056046,202.54335,-97.21602,105.66825,200.62971,-97.30826,106.114296,198.69157,-97.44077,103.51912,202.66136,-68.44305,103.24587,201.43777,-68.48701,103.13161,200.04762,-68.49948,113.545456,184.30255,-139.47708,109.3075,185.57057,-8.976421,126.51255,203.86084,-91.79583,125.12689,205.26073,-54.417305,176.12016,171.77985,-193.18324,171.0547,163.72012,94.453575,232.46677,253.5759,-228.05884,217.68037,230.20804,138.26886,243.30305,335.59793,-184.1273,229.93115,307.72092,82.167496,240.37971,356.75406,-222.01653,223.45062,322.7313,95.98167,233.48329,353.71036,-192.89589,222.92221,326.18802,57.20005,235.6034,345.22977,-175.78557,228.44952,321.89215,64.74102,289.27307,66.348434,-97.66866,278.55212,67.25908,97.86838,264.23785,190.07184,-38.939964,256.87283,193.08444,113.31202,255.02687,300.34518,62.96201,258.47803,306.7349,183.78899,263.8457,320.66827,67.37728,268.77246,328.50394,189.45819,198.00314,333.69717,0.5166807,208.36633,343.659,145.07718
79-0.pngresized.png,184.62132,90.50813,-104.869965,192.96365,91.5806,-97.4128,193.32721,93.445206,-97.36839,193.72868,95.4267,-97.46525,191.8539,85.31406,-103.71527,191.6637,82.443474,-103.71829,191.37138,79.627266,-103.71942,189.64159,95.46339,-51.27186,186.88757,75.24148,-77.40588,176.53824,95.2779,-86.42295,175.28053,87.04555,-93.96592,153.05344,91.66304,24.986937,147.02893,83.99127,-121.67084,140.85622,148.41193,41.00044,124.635086,160.65364,-141.66368,129.57503,204.08794,31.74382,117.1782,220.71036,-111.87021,130.9279,218.08572,37.34794,112.9542,235.9391,-129.88252,127.98214,219.38458,20.619888,118.8152,234.58566,-124.30316,125.31441,214.20284,23.871449,118.94141,227.86018,-109.62057,51.081818,41.035114,46.93684,40.45693,35.47468,-46.862377,63.55963,120.815605,68.726814,49.51757,125.54242,-26.130657,64.878174,197.95993,111.63241,58.865097,204.25444,27.706884,59.74911,209.99408,115.253235,54.838173,215.70877,32.444542,88.22724,225.9631,100.54141,91.497856,228.85826,10.662621
80-0.pngresized.png,335.4262,92.47054,-23.960587,336.1989,81.62239,-14.175025,335.56943,82.081,-14.087994,335.10577,82.70469,-14.083869,333.45056,79.139595,-35.043926,331.15475,77.365486,-35.22801,328.78482,75.63863,-35.353485,322.42862,84.17563,29.707071,314.4533,74.14014,-55.05947,325.2978,102.953835,-3.0716007,321.906,99.89568,-28.714453,260.46454,130.74341,113.75418,267.50192,113.96088,-118.082726,246.67007,210.8601,118.25963,250.76344,212.72237,-118.16975,243.81332,289.9342,118.58648,250.7404,294.5751,-62.036484,250.16223,307.71436,145.49088,253.8301,312.85852,-89.03329,250.94424,310.9042,112.630035,258.05695,316.03482,-59.442245,245.5883,305.30792,106.22768,253.72511,312.52557,-52.119545,109.91002,128.95096,73.64777,101.294624,115.61553,-73.226776,131.92746,250.3534,88.678185,113.6217,257.85858,-34.844738,131.97456,365.58746,161.34442,128.9253,359.13507,83.32137,126.384705,384.40216,168.60255,129.28241,378.3671,93.513466,171.63283,384.41382,134.77846,169.83951,366.10272,63.313046
82-0.pngresized.png,240.6278,55.151173,-41.551823,243.13286,48.907684,-31.84089,242.92503,48.9386,-31.806221,242.79507,49.051388,-31.876144,241.4814,47.03861,-47.62271,240.2526,45.535934,-47.701,238.99814,44.079014,-47.725334,234.00667,47.975983,7.5075717,229.66399,40.457718,-62.21741,231.4958,60.128956,-25.341148,229.48456,57.686245,-46.04682,185.02646,71.18238,62.71209,184.36102,62.12947,-108.78607,144.2077,123.4885,78.886185,139.93103,121.42456,-112.54399,113.344086,173.80785,54.22273,109.015755,178.78752,-67.36886,109.312386,183.9941,58.166996,102.65759,190.32465,-84.42511,109.70636,184.08327,41.21741,106.69088,194.4014,-77.05693,109.310646,180.01903,47.107944,106.777534,190.95964,-64.6552,76.76723,91.15543,55.856853,71.8836,84.00221,-55.42753,104.75356,159.44556,120.08748,101.25127,161.21431,-31.153997,97.16673,229.08676,206.48943,101.90279,240.75717,49.915237,87.55119,240.44476,213.30963,94.01637,254.06967,55.434795,127.68053,248.03363,199.85051,135.60606,261.08307,25.873915
84-0.pngresized.png,47.79489,52.868202,-24.78902,48.064194,44.816593,-35.69234,49.133957,43.74252,-35.756126,50.155197,42.588932,-35.851948,47.229324,45.36041,-18.089306,47.613922,44.88262,-18.179619,48.082657,44.428448,-18.217323,60.488144,37.431717,-64.29612,57.322372,40.872364,14.27583,57.470123,54.66523,-34.71263,56.27275,55.63578,-12.121015,97.56068,53.442627,-100.07032,100.91445,62.233585,63.342785,101.289246,109.727005,-116.10035,102.9815,115.60509,79.027534,100.865524,167.45456,-103.32257,102.523674,165.96252,78.349655,100.95315,179.98352,-122.293144,99.38203,176.55069,87.91717,96.52679,180.24652,-111.99557,98.42181,175.58704,73.693985,98.23371,175.69705,-99.32742,101.09771,173.00458,72.285515,193.73216,74.19586,-52.97103,187.98212,78.612755,53.184967,166.64975,145.31746,-31.086298,169.41986,143.77188,94.3069,170.91132,221.1641,34.311596,162.59877,221.36456,132.18996,178.74765,234.60484,40.174923,167.79642,237.3593,134.63013,135.51894,240.11024,-1.0450767,130.1707,233.58748,108.26786
85-0.pngresized.png,413.35742,218.2075,-44.902225,426.53568,213.5133,-37.951828,426.07013,211.98917,-37.87549,425.70557,210.69843,-37.965443,426.52505,212.74835,-68.015366,426.8164,210.46263,-68.237434,426.907,208.20288,-68.49474,416.64435,196.64735,10.401663,418.67386,192.87946,-117.55832,397.33524,213.03845,-22.088985,398.28568,211.27034,-59.702946,326.05768,191.15811,106.42557,348.0705,177.8778,-187.3822,331.1127,309.44302,155.11035,343.5687,316.35654,-216.27197,334.47006,413.97446,151.83702,347.90396,425.07733,-146.27112,342.4656,433.9165,174.63382,349.4325,451.61667,-175.50154,337.66968,440.94955,139.37569,352.52927,451.12164,-148.18568,331.3245,434.14578,135.52725,349.2199,442.8245,-137.33675,145.7123,116.29548,92.448,144.85501,103.80729,-91.818344,165.37003,286.04294,105.89867,166.34492,278.44424,-8.111643,187.21854,437.916,171.2205,187.00038,444.23438,39.32315,178.26974,465.52875,177.35538,177.04628,475.94107,38.620403,255.78271,473.85175,139.72952,266.93326,475.41113,-36.279213
9-0.pngresized.png,289.44708,107.56365,-63.135017,296.0535,98.05934,-50.487526,295.6031,97.1359,-50.420143,295.26395,96.40798,-50.567993,294.5845,96.41465,-77.27945,293.55292,93.967964,-77.381645,292.407,91.58885,-77.472115,284.38513,84.96299,6.3369627,281.35837,77.98432,-110.84322,275.4722,106.03398,-39.71591,274.1617,103.83804,-74.03058,222.16513,98.97174,85.625755,217.91577,77.52972,-173.22543,218.26926,185.31247,90.3937,201.42198,167.39348,-201.30333,221.05737,255.88498,47.54732,225.45221,245.31589,-163.93422,227.50177,271.24814,59.71317,230.73904,265.31662,-197.25728,225.92142,272.0254,26.384256,238.46507,262.9834,-181.30585,219.96017,266.32108,31.43437,233.83772,257.34967,-159.37405,83.05185,65.22218,83.88614,71.264626,47.333332,-83.50233,80.83588,168.44022,75.34238,69.509254,185.95892,-67.374084,77.96116,282.1603,91.07379,71.146996,318.34467,-62.574593,66.62468,306.08524,90.770004,60.206158,344.90265,-66.15083,128.70714,303.63846,51.02762,130.84613,343.9111,-134.98921
91-0.pngresized.png,83.110214,194.27046,-77.98458,85.4392,172.19409,-93.29487,89.58311,169.36511,-93.54598,93.44228,166.30772,-93.995995,81.142,174.32162,-52.467377,81.85848,173.7076,-52.703926,82.90424,172.9677,-52.831173,124.54424,154.36133,-138.073,111.21997,164.26105,41.85167,113.40005,198.53072,-93.65741,107.50455,202.79701,-42.40273,236.66391,190.21759,-257.15308,236.82256,203.29045,182.67505,248.64517,377.96222,-272.82095,247.62668,377.37125,187.30637,233.31421,537.0763,-208.50417,234.54771,533.35913,111.70781,228.8614,574.8937,-264.73364,219.16307,560.73975,137.19287,213.99265,569.676,-218.37326,217.13754,564.24524,71.94889,221.03812,555.58746,-191.70988,229.49405,557.10425,83.33846,517.0812,120.357185,-149.08466,500.58447,134.31718,149.89478,485.8428,331.80875,-59.33406,486.18494,325.23224,194.22824,518.41565,544.68365,94.89193,517.66223,533.51154,288.03375,545.1275,588.04004,105.06702,544.0156,575.6815,294.19037,416.3765,585.01117,12.109507,422.8445,572.3334,233.55313
92-0.pngresized.png,407.69,464.91724,25.74251,422.8776,481.89844,36.48313,426.40604,481.64914,36.662304,429.77127,481.6449,36.38556,421.52457,482.29385,-9.576467,424.7063,482.86606,-9.514241,427.50284,483.2648,-9.42552,459.21536,473.6106,92.262634,454.59924,476.2043,-111.20119,422.22562,448.87985,54.77745,420.22235,450.27216,-4.580928,481.3849,417.00958,160.2311,460.0017,416.94775,-178.17395,391.04697,530.12134,131.03712,359.31354,517.1815,-252.43773,365.54892,667.194,4.3805523,365.49942,673.95294,-200.39969,369.57153,703.5885,-2.6824,355.51465,712.5137,-239.54268,364.99854,704.74475,-25.212925,379.31,710.6071,-221.66751,361.15396,693.6447,-15.440205,384.59418,697.52783,-194.31181,402.66205,162.17036,98.19474,387.0393,150.78853,-97.280685,339.57672,375.09677,93.42313,370.06516,390.19415,-80.33693,328.3008,606.31134,101.88232,364.3304,599.06555,-84.03312,305.89075,636.84296,102.103455,341.89685,621.9453,-90.61512,387.02548,707.53973,89.550385,460.5223,697.1729,-168.95335
93-0.pngresized.png,396.2198,123.54061,-59.885666,403.7646,115.33618,-45.162464,403.15796,114.83943,-45.11012,402.6803,114.49483,-45.333035,402.5053,112.01218,-72.05165,401.41876,109.08924,-72.13107,400.34705,106.21773,-72.14917,387.37735,103.57483,12.640435,385.8352,92.82088,-103.403786,377.28183,123.233604,-35.83979,376.2154,118.787506,-70.469,291.51315,90.08397,94.9234,297.2446,112.06524,-177.72272,195.43277,155.53548,117.219246,209.16135,200.35126,-161.12822,134.04872,244.15433,74.76811,157.40189,298.69058,-89.758804,126.43078,264.45325,82.34076,146.7271,321.9284,-117.52428,125.488235,271.08466,52.564507,154.4302,327.0013,-107.52929,125.19973,263.01572,62.663635,153.87395,316.82602,-85.605965,108.15617,104.366325,83.99247,95.762955,115.25928,-83.61591,158.63718,233.32935,157.52444,153.5677,264.81976,-30.952505,140.87712,365.0326,236.33945,139.98047,398.9,113.82448,124.570786,378.58884,241.19508,120.02901,414.80157,125.96188,181.4477,416.2628,219.50836,200.817,448.64996,102.42348
96-0.pngresized.png,156.36252,248.46822,-38.1799,149.39886,255.4251,-55.90491,148.26213,254.78937,-55.902847,147.0158,254.13863,-56.05036,148.3374,256.1588,-35.324272,146.80557,256.31412,-35.251072,145.3169,256.28528,-35.293427,138.4724,245.74252,-96.67716,135.66618,248.7389,-1.6691227,154.7401,237.21457,-49.904953,154.57341,238.49681,-22.953085,150.6696,204.08496,-128.45912,143.30461,205.03432,66.68533,201.06874,251.49205,-150.3864,186.86116,249.45976,120.4862,184.75162,307.42773,-76.45015,178.76149,305.54633,78.75305,177.53758,323.40442,-94.47943,171.83727,317.83575,82.47706,170.49738,321.84396,-88.93493,168.32944,318.84958,69.33222,174.6426,314.97357,-74.771385,173.18071,314.72696,70.90187,186.90405,67.78733,-68.585106,181.2394,72.19002,68.84031,203.56462,171.49678,-47.585842,192.36755,180.56789,53.701168,230.4005,277.10632,-7.8721976,215.75517,271.8226,83.92669,243.21704,292.6877,-8.651264,230.10512,287.3175,84.0009,198.09232,320.78778,-66.94467,185.56277,312.10947,34.832417
