1-0.pngresized.png,595.12726,400.04193,-34.58715,610.0049,413.16782,-63.957184,609.9953,417.67627,-63.846,609.9737,422.52646,-63.935947,610.8229,409.10217,-20.489561,611.7071,409.56894,-20.546795,612.6028,410.0869,-20.463226,602.8584,446.7632,-124.47495,607.3912,432.6843,75.19751,578.53186,415.54926,-48.986816,579.57227,407.91953,7.986749,516.08765,476.4415,-194.9746,517.95154,445.24402,174.36208,358.92932,491.60495,-229.7312,355.21304,461.14868,232.6436,209.14212,465.7048,-174.05264,225.16064,463.15643,243.16968,164.675,474.1602,-193.6955,187.51314,463.29553,250.09721,163.6254,456.9397,-181.8319,189.12715,466.75397,220.5372,180.76332,455.743,-165.16249,200.85667,469.63806,227.28084,297.85556,349.30133,-129.30226,313.41663,322.5955,129.44922,66.86939,286.3606,-222.21077,121.92768,247.6094,95.815796,98.53752,455.1376,-51.123592,138.92326,448.11923,263.88113,128.47183,478.0717,-33.070892,160.69646,478.56693,279.37985,32.455498,505.4021,-34.59019,80.67005,501.0594,289.32913
10-0.pngresized.png,931.4229,624.25446,57.333256,957.55743,645.87305,15.154507,958.97015,652.76465,15.292086,960.3515,660.1927,15.077343,956.49493,640.29095,74.37082,957.58124,641.7482,74.03254,958.6474,643.20935,74.000305,953.14905,703.82965,-95.578384,954.0835,683.2665,184.80748,908.0712,651.7155,25.117018,906.7561,641.2267,104.96201,820.1738,753.5646,-193.3709,814.312,691.18353,264.45374,580.19946,767.00244,-245.53159,561.5866,692.8012,333.8321,366.8731,737.4227,-205.58353,363.79678,696.6978,398.4549,306.86258,753.6499,-232.93265,304.61734,697.4968,423.0648,300.5563,726.6822,-200.2826,306.02975,704.40155,379.43228,323.83286,723.5221,-190.5117,323.86475,708.48846,376.67133,486.54175,510.4783,-156.42546,509.47333,461.54398,156.5559,132.18709,411.83438,-282.03067,214.38301,364.04892,72.023544,153.31905,655.07275,-58.863987,193.64594,665.1184,316.1884,187.6096,692.58936,-38.81708,220.2486,715.02136,339.44763,49.601337,726.27435,-74.66744,79.84637,738.5449,337.11783
11-0.pngresized.png,501.18616,1415.9825,301.59915,426.97473,1422.6503,366.99564,432.7341,1416.116,367.24564,438.25702,1408.9272,367.02576,403.97867,1457.0171,228.58302,389.84818,1479.5709,228.5765,376.11792,1502.059,228.3836,450.65085,1487.957,789.9016,375.4131,1621.6693,219.00264,579.0006,1459.3711,469.47842,545.1721,1517.7041,303.07242,939.1368,1539.3678,1184.3971,686.399,1921.5128,-96.06855,1462.6605,1569.0789,1535.9786,1202.9739,2108.597,-352.84525,1571.671,1358.2084,1311.1302,1398.7369,1609.778,-337.13635,1603.3304,1308.2306,1278.0771,1473.3848,1511.8456,-365.80862,1553.7562,1270.828,1208.0277,1425.9619,1466.1221,-299.7222,1534.3961,1309.3713,1254.8235,1413.5018,1499.5393,-293.9558,2044.4486,1762.8527,414.3228,1927.7699,1964.3984,-411.1183,2174.4692,939.1278,200.48116,1515.632,988.7821,-598.3175,2619.8533,1791.1611,96.88218,2647.367,1197.1482,-467.97742,2528.1077,1954.7174,111.27127,2750.2573,1332.154,-411.66666,3027.2493,2000.3326,97.873764,3145.5156,984.41925,-345.7371
15-0.pngresized.png,533.57074,403.6763,35.68814,547.2533,417.1927,9.204955,547.6298,421.1524,9.298712,547.972,425.47195,9.128834,547.0243,413.86447,47.358532,547.6044,414.57986,47.207333,548.2088,415.3558,47.224144,541.048,448.8554,-54.36695,542.8658,436.69427,125.04376,518.4993,417.3997,18.144974,518.8054,411.2515,69.144,463.92728,469.50262,-124.24767,461.7487,440.6537,182.35411,310.41867,491.0436,-188.90796,309.40314,459.50397,202.10112,178.3011,485.04807,-195.48729,192.12372,475.13254,215.19064,139.2147,497.55518,-218.09741,157.96643,478.99683,219.66997,136.16403,479.39368,-204.1067,159.18735,483.3866,195.48837,150.84856,475.04727,-188.62411,170.21808,484.76016,201.38368,272.9184,306.1558,-109.297005,283.46478,288.6364,109.350685,53.440193,252.79346,-194.00458,84.80358,239.08624,57.427525,61.943333,441.0466,-79.22964,83.54123,437.47125,190.37671,83.76715,467.70642,-67.351036,100.42733,470.21814,203.26863,1.9464505,499.44955,-87.65603,28.742878,488.03085,195.40219
16-0.pngresized.png,182.84413,809.86646,53.16205,153.15193,834.9253,82.49802,152.76097,837.9567,82.577194,152.02295,840.71277,82.332184,152.25,840.71155,-6.879967,150.57771,850.4092,-7.4020343,149.01022,860.32715,-7.2669444,167.88559,897.5147,238.21951,166.1036,921.06995,-141.57843,223.16017,837.17346,124.88206,220.51224,848.65796,12.689454,366.65884,910.80054,412.8748,347.9442,986.85144,-285.23523,659.7438,922.5494,512.237,644.188,1017.85114,-363.24268,829.6775,836.55457,488.7781,822.40393,859.518,-165.79152,882.154,808.71387,511.76492,893.23346,834.3883,-152.37325,876.60846,802.47125,466.54517,882.522,804.36993,-82.49633,853.6713,818.1823,462.32687,858.10394,823.80194,-120.91051,849.9428,681.82886,211.26595,871.7863,747.2086,-209.93549,1226.5157,424.74292,55.482937,1242.1615,468.36334,-350.19025,1244.7389,881.8212,354.29254,1256.4863,960.1055,-114.92858,1191.8522,963.2563,390.38885,1193.6248,1044.3914,-93.31194,1402.7623,982.2812,487.4509,1461.1082,1088.2614,-79.72597
19-0.pngresized.png,206.27934,685.3399,-75.78229,177.44797,705.10785,-43.550354,176.61394,704.11444,-43.35191,175.39247,702.83466,-43.593887,176.96104,718.3693,-113.77747,175.60242,729.1947,-114.25355,174.47487,740.325,-114.09836,192.33151,743.76605,115.92883,195.25793,791.1744,-188.54327,246.70445,697.73865,-3.8753111,245.97633,718.381,-94.78252,385.7306,733.8844,296.14688,376.5017,838.48804,-315.39197,674.28754,804.876,345.4645,646.30237,868.9552,-400.23798,908.11066,820.1777,372.9221,907.0047,879.7499,-465.5634,975.0676,818.4264,412.9413,981.7005,916.22296,-526.7554,975.8711,817.73206,334.58542,998.036,874.734,-463.1299,959.87286,825.29865,337.0147,976.39185,866.28174,-441.17047,816.65936,493.80182,196.38289,837.656,579.5275,-195.325,1135.1012,346.8014,155.6093,1280.3513,421.86176,-274.9335,1178.3817,727.96643,358.77148,1214.1143,832.73444,-78.582825,1144.0276,797.04767,383.2902,1155.5161,894.4877,-74.08267,1324.944,802.3416,392.1219,1365.528,941.86206,-182.52243
2-0.pngresized.png,296.0016,838.03656,-18.110893,257.4488,868.64056,-2.934636,255.66873,872.12427,-2.7935677,253.42264,875.24475,-3.130761,258.10004,874.14825,-84.384895,256.12555,883.8777,-84.987564,254.3997,893.9406,-84.65996,262.3191,930.1708,116.17378,268.36157,953.52966,-235.59105,335.84454,860.30597,44.03675,334.5372,871.33496,-60.52306,467.64078,919.9658,319.51782,466.72485,1009.14166,-371.09546,816.7999,958.483,391.08694,792.11707,1029.3247,-405.77786,1097.4214,972.18616,467.52023,1080.5791,1041.3912,-443.6373,1177.1793,967.55566,518.97595,1169.6294,1078.2522,-510.64322,1181.3083,963.523,430.6498,1185.3237,1030.1345,-434.2666,1158.6305,971.70953,425.99512,1158.3214,1024.7472,-413.11746,963.19385,590.17816,221.82143,991.8281,674.39,-220.29825,1339.9633,405.48392,87.59069,1449.1693,515.1901,-286.20013,1253.8584,915.3687,498.01205,1338.4315,981.22906,-57.3892,1186.6943,989.3385,547.1109,1272.496,1044.4733,-56.682255,1382.6116,1064.665,638.408,1462.4005,1125.4069,-166.79736
20-0.pngresized.png,122.788155,604.027,-136.20378,114.28102,613.78467,-120.37313,114.357445,612.79474,-120.4143,114.20585,611.74255,-120.588196,114.45738,619.3543,-149.63213,114.948784,623.2757,-149.7273,115.52497,627.22363,-149.67737,127.552986,622.0365,-43.889694,129.66524,640.2443,-171.55397,140.85152,601.82916,-104.10626,141.9219,610.6709,-141.88132,220.29588,604.57263,16.142231,207.74812,630.2904,-201.32393,375.95087,651.1095,6.8606906,359.66043,671.31177,-231.84824,488.58813,692.6386,-15.7869,511.5156,693.90906,-189.48877,522.978,701.2886,-27.362993,552.21173,710.90985,-195.25517,514.5626,706.2799,-51.86462,556.5902,695.28827,-197.21864,503.31342,700.3894,-29.72451,543.9904,687.18384,-187.44308,383.52393,491.37106,86.63774,383.10062,507.65512,-86.224655,483.50018,491.12503,91.15862,493.13477,525.02,-105.94322,480.57755,616.37756,210.52815,491.84558,648.9977,11.382452,467.41428,629.85455,221.68219,486.87088,650.845,17.563536,510.6485,683.86163,232.13257,504.51038,732.1678,-4.7332506
21-0.pngresized.png,211.83826,154.48703,-67.49789,210.49307,158.56863,-70.776535,208.99084,159.22293,-70.65294,207.47784,159.95749,-70.64035,213.21967,156.91054,-59.716026,213.86275,156.25577,-59.692646,214.44217,155.60632,-59.706406,200.96414,158.44614,-71.18731,210.4659,152.86946,-18.688932,205.4353,151.33707,-67.73711,209.35204,148.82504,-52.644882,193.022,139.10721,-98.596634,190.76562,141.30322,32.707924,236.89197,144.7978,-98.20479,225.74982,138.78523,76.05209,237.83627,169.89072,-51.436768,226.28415,164.70496,96.67269,236.27414,175.62865,-56.91228,225.85968,170.98473,106.06875,232.80392,176.71127,-56.088245,222.41159,172.00688,106.33417,231.73169,174.00368,-49.984833,222.65886,167.58568,96.30218,120.6046,98.58528,-45.329266,119.99857,101.94026,45.345215,57.181686,99.52227,-69.70235,62.982437,108.76772,43.538578,64.76714,161.44478,-26.000357,62.40165,160.60155,86.12218,71.95462,170.49887,-19.901285,68.72039,167.18478,88.96593,49.430626,183.06323,-19.078083,44.94335,183.12198,76.92089
22-0.pngresized.png,342.74084,219.194,5.624769,350.75238,229.13667,-10.579195,350.68423,232.16565,-10.5028715,350.65878,235.36795,-10.474024,351.34262,226.15869,11.44768,351.65378,226.57716,11.462407,351.9866,226.96498,11.505153,346.33228,251.67064,-44.31444,349.45215,240.51985,56.182617,332.63528,228.57928,-3.9494758,332.92044,223.8359,25.049526,292.74924,269.16898,-84.18793,306.69247,222.27412,116.23445,199.90668,277.8096,-89.72313,248.70987,189.92801,212.64404,123.15054,257.73752,-70.646194,263.28806,171.54184,265.01004,97.14858,264.02652,-66.05773,264.72992,167.2458,275.73212,100.692986,248.58261,-69.167534,274.1205,167.21582,265.36682,112.02598,245.82335,-69.46543,271.99515,169.98335,258.8266,178.88734,191.7298,-63.5459,190.61247,161.40051,63.290207,74.22067,135.847,-114.47221,98.481415,108.369446,25.750792,71.17235,242.25111,-35.50604,93.0899,233.39455,112.68011,86.8423,257.3756,-25.902483,104.96431,256.09836,121.3088,24.183079,275.04184,-7.956374,45.064,262.4524,145.31169
23-0.pngresized.png,427.55917,257.5317,-24.933367,439.98633,266.8765,-51.204483,440.8576,269.76886,-51.074295,441.75226,272.91476,-51.095715,438.98602,264.5113,-17.619093,439.2116,265.14856,-17.673458,439.41022,265.8114,-17.787708,438.33887,292.3001,-103.35606,437.08502,283.12115,52.095173,416.80682,269.52847,-37.991142,415.25842,265.21713,6.328595,372.98828,317.72168,-166.27979,371.35062,290.48358,138.07466,265.997,337.17175,-215.07718,261.89563,301.0286,169.18042,166.9467,338.03656,-226.1125,172.19765,312.07828,162.51642,140.54387,350.7692,-264.09778,147.80351,314.72238,168.66742,136.01161,338.9885,-244.20984,147.66261,318.8189,133.8495,144.79974,335.62537,-218.87978,155.07523,320.14703,144.88324,197.25256,227.84969,-102.33114,205.32825,205.65617,102.43015,36.646057,187.55598,-140.92311,57.535652,160.722,81.56673,58.63957,312.94,-23.81092,79.415184,302.3433,198.60504,75.874626,328.96796,-13.15352,92.87758,326.8094,209.9418,14.459664,351.1999,-32.962677,43.371452,333.5951,206.39252
24-0.pngresized.png,31.474865,179.05838,-12.667995,26.136269,180.2895,-10.937785,26.31952,179.60103,-10.929371,26.412539,178.7433,-10.974064,26.74317,181.61455,-23.67185,27.26609,182.5187,-23.813272,27.871319,183.44168,-24.05544,36.68332,174.56837,23.132782,38.618076,182.29749,-30.591738,43.606125,173.92531,1.3887327,44.498375,177.77318,-13.8221035,103.19252,173.01166,62.35511,92.063095,181.29965,-57.377544,103.68744,237.4588,39.81741,113.9892,258.0873,-98.17575,103.8606,314.48523,11.177099,99.161835,326.3565,-143.93459,100.77256,335.94998,-17.19856,88.59465,347.02838,-155.45702,98.257,337.49844,-4.728334,87.88112,346.9641,-168.7569,101.6603,328.6069,9.190622,95.02236,338.7993,-149.46873,275.74252,166.08395,66.32953,271.18732,172.567,-66.076,397.21967,220.69482,64.627655,409.1978,211.05788,-122.75926,416.4011,325.732,93.22266,425.2717,330.0668,-77.762856,407.16238,342.32407,96.413475,412.08014,349.42715,-68.88353,443.62823,351.53583,82.59637,466.17984,354.40414,-92.257576
25-0.pngresized.png,279.91528,166.22742,-50.31399,286.46487,172.13202,-68.13306,286.92618,173.52617,-68.0827,287.41684,175.04822,-68.02653,285.82083,172.0978,-49.15037,285.74615,173.0106,-49.17565,285.65225,173.93024,-49.163437,284.15353,186.27441,-104.27097,282.58633,184.65082,-17.626554,272.80103,172.29773,-60.105316,271.71606,171.16183,-35.407814,240.97015,197.75012,-135.56335,243.03377,184.32968,37.410248,175.93274,211.95827,-147.7183,181.00789,193.90134,53.700203,118.92232,208.88647,-123.74868,131.0744,193.78535,51.305393,104.14431,214.06586,-137.5611,117.2479,193.36357,54.38584,102.721016,206.15689,-130.66188,117.92538,194.33276,41.700542,108.44441,204.95183,-120.15711,122.88122,195.304,44.004314,132.22833,160.77977,-57.636776,139.35986,150.8028,57.718582,53.048805,116.967445,-63.30164,62.47963,118.92521,78.221466,48.141376,195.34938,-9.708207,62.379856,180.77731,136.68935,59.64719,206.00781,-3.4890552,69.78394,192.98407,141.8243,9.380381,216.213,7.251016,34.588608,190.14001,155.76128
26-0.pngresized.png,3326.91,1611.1051,1740.8207,3415.568,1665.5228,1727.0454,3436.024,1687.547,1727.8931,3457.9067,1711.473,1728.2804,3365.7761,1619.4808,1905.941,3354.3179,1609.0168,1905.8986,3341.8862,1598.7946,1907.8732,3486.0789,1841.237,1720.9319,3362.6697,1682.9707,2587.2246,3312.3552,1723.5299,1718.0808,3253.6404,1666.3787,1965.2518,3348.8464,2092.8074,830.0032,2931.5713,1876.6985,2443.87,2858.6602,2495.3608,73.45016,2202.234,2136.5737,2118.9573,2275.154,2771.9402,-634.42474,1554.4634,2083.1511,1613.6283,2149.5125,2930.2852,-975.65485,1354.3553,2041.3739,1621.3477,2063.532,2820.5425,-858.598,1372.1594,2074.9827,1316.2137,2101.452,2777.4275,-595.6675,1440.3307,2118.3118,1460.952,2029.4658,1824.1838,-529.5717,1790.3439,1662.3473,529.63635,1008.9008,1294.6304,-1484.6296,793.1596,1198.0542,-40.25059,953.06177,2606.9998,-1477.3508,608.34143,2417.1633,-174.74957,1085.7511,2787.2236,-1423.653,716.765,2630.36,-184.21602,467.73688,2978.7551,-1658.9923,149.3996,2830.082,-562.42084
28-0.pngresized.png,514.6977,340.6103,21.696949,527.696,350.16937,-1.4824345,528.6376,353.0864,-1.3132443,529.6426,356.28647,-1.3223898,527.3951,348.79617,33.330025,528.1812,350.16867,33.222088,528.9574,351.55032,33.1966,526.9709,377.07895,-58.31897,527.98486,371.79092,102.00838,503.37988,353.55612,5.8266816,502.40027,350.0765,51.473156,456.94168,404.91653,-136.12865,455.15536,367.06552,177.99194,332.97687,424.8332,-157.80022,322.8014,382.3072,227.90083,216.31865,407.6865,-121.171394,219.19072,392.86768,245.56355,183.04004,417.00906,-146.63565,189.12737,398.34018,257.34894,182.52892,402.83218,-126.79603,192.16441,399.8073,227.99117,196.19315,402.9601,-110.95402,202.95769,400.37473,230.7988,262.28146,302.9684,-101.66046,271.04572,264.5983,101.54406,72.98428,251.05414,-170.58678,99.097466,197.80698,44.832,82.890686,391.07333,-47.007442,110.67088,358.07736,207.069,106.343895,409.6792,-33.775032,131.25215,384.83865,222.72055,7.9110217,436.82886,-33.98361,39.312416,403.58878,238.72644
29-0.pngresized.png,322.19162,471.67502,68.45774,307.8159,476.1502,85.23507,307.71182,475.6147,85.31904,307.55243,474.84982,85.0618,307.11252,480.61688,58.437218,306.1458,483.93988,58.401127,305.31528,487.30768,58.071568,312.68466,486.31744,161.83575,310.99872,502.14407,42.791454,336.57745,474.51395,98.67859,335.13928,482.27115,64.42592,390.39075,491.20236,228.74019,363.25626,521.24994,-34.738754,383.08246,481.2547,331.49127,286.81512,513.62024,-115.866295,329.00772,474.5327,344.43124,200.94232,524.4207,-114.55174,318.55786,476.57758,342.90723,177.70216,527.0973,-138.72165,313.88477,478.8042,334.94812,176.21805,530.27234,-119.10813,314.11472,480.16757,334.25214,185.34824,528.2234,-111.35516,596.58356,451.03418,92.01522,600.3579,472.31888,-91.26739,748.6074,342.12494,38.070274,750.58685,337.84045,-158.90869,799.2691,507.00815,163.49083,805.73627,517.21106,-60.95029,784.3868,536.3692,179.11775,786.5578,550.7671,-46.164433,870.6146,540.4648,196.25446,899.22253,560.6627,-41.39335
30-0.pngresized.png,1258.2203,760.50336,230.28857,1293.2211,789.0739,208.17764,1296.7042,799.07904,208.39932,1300.5048,809.7438,208.19754,1286.1011,772.44574,276.37158,1285.4785,769.1985,276.222,1284.7356,765.7881,276.07672,1287.8175,855.8374,182.41803,1275.3268,796.29596,502.8053,1228.7847,793.6718,222.53207,1221.5184,768.68335,311.7842,1115.0182,915.1966,-15.783461,1071.0062,767.2657,565.5256,799.15796,996.2587,-217.60089,775.37555,771.8388,570.4768,487.1748,1048.419,-293.18097,536.169,794.9569,466.0542,407.0094,1100.1144,-359.4245,459.56873,801.8879,428.87033,385.43454,1054.6472,-364.12494,465.38892,818.7059,363.6242,419.55994,1028.8931,-297.61423,493.5983,826.2092,427.3148,604.1743,660.8843,-209.7122,589.9957,562.7535,211.087,155.51346,514.0842,-416.0021,187.38925,464.2743,119.45844,223.33551,919.6157,-83.82335,210.84651,847.1137,442.77423,286.18063,967.67065,-43.188236,248.3365,911.45953,467.8617,64.689766,1061.277,-62.77986,88.26435,927.60535,427.6918
31-0.pngresized.png,59.209152,219.42572,-9.341149,47.52723,226.06201,-5.015064,47.277905,226.45978,-5.011037,46.892162,226.77863,-5.1228104,47.085705,229.27766,-28.522846,46.43697,232.64107,-28.668112,45.889072,236.09412,-28.605278,50.324436,241.76443,29.305012,50.240185,254.24207,-73.776794,71.80674,225.55501,8.6892395,70.67893,230.54031,-22.02622,109.44169,243.6672,76.55173,112.37451,276.7046,-107.0956,213.07343,258.75754,94.73458,208.17886,286.85083,-112.43084,296.57938,262.536,96.59964,296.06906,287.46246,-102.908325,319.15454,261.16452,102.96651,320.55472,297.5968,-115.78523,319.44348,260.83987,79.062775,324.4898,284.25854,-104.7726,314.4567,263.0929,84.15319,317.04556,280.85645,-97.6393,246.21977,145.18013,60.274677,255.0104,171.44917,-59.922974,348.9222,109.27641,44.768826,388.34882,145.63904,-74.89087,347.86356,238.25642,155.92717,374.11667,269.3568,5.276614,335.0274,258.35132,169.51413,362.83102,286.4103,9.327271,385.01422,274.8662,178.96759,399.14047,302.29456,-27.512583
32-0.pngresized.png,108.97723,490.09204,116.72615,89.68266,503.24173,141.63782,88.67741,503.27457,141.74245,87.49652,503.04926,141.57202,90.39134,510.09094,95.14211,88.93123,516.1289,95.00058,87.502174,522.3571,95.18809,92.63591,529.9961,236.59831,94.932365,555.73425,38.464993,128.91959,501.5172,159.84816,128.11734,513.2664,101.01766,222.17296,525.218,336.87717,191.52547,595.72394,-84.8876,408.05023,544.9933,356.00143,366.25595,615.57117,-128.57072,565.5514,554.4966,343.5598,543.088,637.3855,-160.7679,615.68494,557.1139,384.277,598.0639,662.3572,-212.40671,619.1033,562.12036,330.1757,613.1443,639.5619,-160.60963,599.8592,568.25977,321.5198,594.2358,635.64777,-141.36409,506.1839,459.66022,127.278,506.80838,515.60803,-125.773186,771.2878,268.37433,-42.001297,779.9708,312.35214,-211.6042,790.2196,527.7518,166.26927,790.2398,565.2326,-59.655025,750.5965,575.4447,192.73276,746.222,610.6872,-47.49194,905.4962,596.985,228.0386,922.10425,638.3183,-71.644554
33-0.pngresized.png,136.47475,503.11224,-76.70037,115.63717,523.3587,-61.645638,114.99487,524.047,-61.478985,114.05708,524.4775,-61.651176,115.53532,529.0198,-113.78124,114.804214,535.8579,-114.15312,114.25438,542.91736,-114.19016,126.16848,555.43567,32.298542,129.74121,579.77,-195.07607,164.58958,512.4077,-30.537811,164.55414,523.2334,-98.0798,262.44077,534.9829,169.93553,267.83557,607.14954,-281.99533,486.30872,580.53784,180.56215,489.0065,646.53326,-321.8786,674.1608,591.78107,186.86531,697.89935,667.6193,-311.31067,727.8176,595.9045,211.51996,752.6776,697.21906,-367.38855,725.5196,596.56824,150.12958,763.3331,665.9999,-315.72626,712.2297,600.4005,159.05411,747.1651,658.42706,-292.2179,585.994,363.22345,146.04485,606.28217,421.404,-145.30252,802.91284,254.26117,170.89235,902.27563,290.42435,-196.36627,870.7915,499.686,295.3285,896.61816,589.76855,-10.635521,857.90106,548.8857,310.173,866.7907,637.89124,-2.6430273,974.60583,534.5396,311.38522,1005.5901,650.3993,-50.47169
34-0.pngresized.png,111.542694,369.24432,15.237967,93.17646,380.03506,20.862436,92.04311,380.94046,20.892122,90.730545,381.7166,20.784622,93.724976,383.48502,-10.950627,92.81497,388.20175,-11.167266,91.95625,393.05008,-11.120032,92.66206,405.86847,70.73124,95.636955,419.57053,-68.941895,126.51417,380.367,42.436607,126.58408,386.9562,0.83055335,175.91174,413.9867,152.60931,174.16008,445.50552,-127.4476,326.06607,425.52057,177.08644,316.88968,446.69244,-136.19554,449.21927,429.65518,183.1459,457.9469,448.2701,-70.874176,487.23276,427.9568,199.84386,499.44556,457.86276,-86.40748,485.7216,428.83658,171.79608,504.17218,444.21518,-56.53322,473.99234,432.15036,170.37975,491.03403,444.13022,-55.763695,380.12698,295.47635,86.10301,393.31952,323.89142,-85.37519,528.10565,210.45473,42.55806,563.0408,216.2262,-123.60868,558.0665,399.37872,149.78664,570.61273,422.8734,-26.10985,542.7756,434.40125,161.61131,547.77844,460.65668,-23.743263,624.9648,441.3734,169.6576,647.75415,465.23135,-58.089222
35-0.pngresized.png,1040.0392,634.85974,-113.91578,1063.7253,662.9411,-178.16875,1063.9208,670.1843,-177.91797,1064.1757,678.1106,-177.91524,1064.2407,657.8767,-100.235054,1065.2494,659.7363,-100.38987,1066.2087,661.6515,-100.388016,1047.768,722.529,-299.33298,1054.65,702.6556,59.869057,1008.47986,658.9477,-144.3773,1009.6424,648.69745,-42.281757,884.3387,759.1408,-397.96347,906.54205,685.627,256.8264,620.99225,818.80774,-454.9632,638.80914,718.3481,365.4355,386.9361,849.8276,-379.24686,428.23743,755.11383,395.219,325.67322,885.72363,-420.13498,369.0132,762.106,410.53958,316.00525,863.96185,-393.01477,375.41043,771.022,355.65817,337.4252,850.54425,-367.25467,393.0945,771.792,363.2245,496.07144,508.53836,-218.55376,523.512,446.14536,218.57478,119.32446,426.2268,-316.23572,179.65994,346.16388,177.46083,153.60805,782.291,-72.15874,227.28203,715.5552,428.2666,202.09149,823.7849,-47.64283,265.76913,774.5952,451.833,26.519547,898.46826,-62.12518,124.93272,815.4344,450.44513
39-0.pngresized.png,67.599144,240.2598,38.264053,56.542458,249.41716,48.42661,55.860092,250.62343,48.486736,55.043015,251.7228,48.362762,56.92911,250.64465,19.735104,56.33948,253.55174,19.631397,55.795765,256.5632,19.7352,58.099937,268.9258,93.275444,60.43313,274.78348,-30.06139,79.0496,248.13057,60.671204,79.03268,251.5549,24.388817,119.05032,266.1992,166.50816,114.034134,292.8825,-104.217674,209.63867,274.05902,187.78096,199.20076,296.11722,-138.54785,286.97858,274.80502,193.82666,282.15616,295.0568,-150.66322,310.41275,273.79834,212.29068,307.2268,302.64417,-179.55768,312.75388,274.90643,182.13272,312.54245,290.87564,-146.64172,304.85718,277.2884,181.03358,304.87488,290.99313,-137.94145,261.2216,192.57635,80.79327,267.12683,215.83156,-80.313515,376.31082,126.213646,28.848372,389.03513,146.48181,-121.27258,381.42978,266.00595,137.32036,389.89407,284.97653,-19.958107,366.70325,292.79974,150.42155,374.1948,311.61438,-12.405311,434.78455,295.4154,170.46088,447.5375,310.31268,-22.213629
4-0.pngresized.png,110.10457,403.0534,-195.02148,86.92844,402.79642,-180.06079,84.91512,397.03613,-179.99579,82.725266,391.16754,-180.03128,90.460304,419.7197,-197.05933,91.159004,427.47046,-197.23915,91.9463,435.30173,-197.51154,84.279854,392.8575,-49.214058,96.202705,449.92044,-127.27816,122.53625,393.99588,-139.74821,127.5328,416.78946,-162.80162,159.8208,386.5202,92.154724,179.16502,444.53345,-172.19498,266.53705,363.07986,153.30904,317.6661,447.0311,-215.01083,341.42773,316.90973,145.11195,443.68665,450.1712,-202.79099,358.51447,304.85242,159.46796,473.9132,462.14594,-212.88689,357.0776,302.61072,132.78696,477.95996,450.79898,-213.95436,354.39578,310.08356,134.04184,468.8042,441.38843,-202.70015,378.33722,289.50244,102.56224,396.96375,316.30585,-102.137856,511.95676,240.58116,148.63806,565.7918,228.94862,-157.3088,560.6191,389.2703,225.78186,578.2578,420.49387,-50.724514,553.86584,417.103,234.08972,559.4818,455.56375,-36.77223,623.12335,406.41663,231.26382,654.0314,450.1596,-34.30564
41-0.pngresized.png,542.3095,364.22095,-228.13524,559.3471,378.73538,-263.76807,559.11505,383.4735,-263.73947,558.8919,388.5093,-263.85306,560.9624,375.02136,-223.6944,562.1641,375.42596,-223.56184,563.36847,375.86383,-223.36516,552.22833,415.68842,-324.82208,557.9373,401.53067,-137.53296,523.93774,382.74152,-243.20815,525.992,374.63403,-189.51187,446.8869,444.15952,-325.37482,485.23392,416.38098,-32.666985,284.03973,478.4705,-318.0395,348.13257,427.09268,39.90986,159.61894,461.1126,-232.41325,243.28365,426.036,41.989994,121.325226,472.026,-236.56772,212.24532,422.6661,44.77629,116.22897,449.09906,-233.23506,214.17375,425.45718,26.003513,130.64957,444.8291,-225.89334,222.16295,430.39578,30.236881,237.32773,298.15567,-119.86789,270.93668,285.2953,119.669136,57.563713,224.32605,-113.53506,122.761475,199.37045,218.40126,82.00515,428.1925,-1.9958283,120.16047,399.5695,265.42545,116.68922,452.46674,10.842441,136.87045,435.15356,268.62515,7.8697286,504.58502,31.704832,68.06044,436.52216,284.80423
42-0.pngresized.png,651.6661,442.30005,-89.77888,669.9404,462.6587,-115.267944,670.36255,469.24045,-115.10978,670.80804,476.08344,-114.9771,669.1913,454.23706,-75.98799,669.2437,453.41843,-76.09394,669.20154,452.51614,-75.98783,656.39154,507.8333,-151.51082,657.0459,477.79913,32.269295,628.68866,463.69028,-98.05548,627.91656,449.9927,-46.13333,543.9094,535.06824,-186.68198,541.04266,468.1556,87.139946,391.9802,512.4913,-209.24934,406.5059,438.8951,114.184845,264.65335,498.51456,-176.67902,282.24423,467.8112,127.30497,229.84856,509.3029,-182.83482,241.80838,471.60486,130.14409,229.79857,493.02002,-183.62737,244.22989,481.70288,132.8752,243.19496,488.5433,-174.15247,258.64276,483.92627,126.82292,227.23442,461.97937,-80.210785,244.49539,413.46164,80.56037,153.82265,373.4346,-167.3758,227.05803,292.8951,160.76657,138.94647,458.7623,43.61626,139.31248,439.62775,156.90993,149.0115,479.24338,70.30172,140.90056,472.18958,156.62752,107.34301,478.1378,131.73598,77.92034,457.5862,177.58519
44-0.pngresized.png,2226.051,1316.2463,374.54395,2285.0698,1356.8038,314.0809,2291.9397,1370.9872,314.14462,2299.3098,1385.6924,313.73364,2275.9744,1342.2501,432.95917,2276.8362,1342.6394,432.79932,2277.5999,1342.9258,433.25714,2289.6973,1462.6827,177.07797,2271.8,1405.241,730.349,2189.179,1371.4797,332.95584,2177.9832,1344.063,489.99304,2045.3932,1565.9788,-192.22583,1943.5032,1416.6497,994.7103,1687.0632,1628.1667,-552.0272,1547.7955,1472.461,1169.5906,1345.2883,1657.8433,-902.2039,1195.2345,1464.991,1194.4065,1248.539,1704.9299,-1048.4102,1096.4996,1456.8961,1220.3989,1239.9354,1648.206,-991.0776,1097.4122,1464.3364,1159.0623,1277.36,1630.8158,-884.195,1137.6127,1481.8949,1152.6095,1202.2467,1449.469,-368.6917,1174.1444,1327.4054,369.153,723.17194,1046.2252,-578.94763,668.93475,895.90955,75.11496,386.3084,1544.0552,-222.4349,391.50043,1429.0101,614.6649,409.86163,1651.93,-182.69415,424.4368,1543.5183,662.5397,88.07483,1581.7375,-291.66882,91.32639,1479.6696,579.4891
45-0.pngresized.png,174.71474,762.9881,63.16995,146.28777,792.4296,85.754456,145.24075,794.8243,86.00187,143.80789,796.81195,85.63134,146.77979,797.87366,6.277226,145.4909,806.8429,5.9031315,144.32323,816.0648,6.149033,156.61798,847.2801,221.15433,161.27693,870.86743,-119.41574,209.70264,783.9201,129.15025,209.01991,795.24274,28.481125,339.5013,844.10425,405.3917,324.56305,909.68866,-273.31482,615.01996,897.8098,458.04715,591.8369,944.88495,-367.66833,856.4787,917.7051,485.43845,862.2503,965.93823,-372.8057,930.2193,921.11774,536.415,942.73395,1001.28406,-430.68625,933.04266,923.20306,468.871,960.0217,962.79565,-348.07706,908.6337,927.735,456.42,935.7664,958.7323,-337.78653,804.59766,637.32965,201.55678,823.0567,703.05756,-200.03975,1153.0377,427.57047,91.546265,1201.2047,483.38098,-294.65027,1211.2423,848.39105,280.60907,1223.601,913.06226,-93.84502,1164.6931,930.472,304.27628,1170.3419,991.6554,-85.14898,1382.797,938.5795,323.16568,1408.805,1003.76587,-151.8483
46-0.pngresized.png,896.0914,510.2559,36.49728,916.8893,531.5735,0.65131277,917.90314,537.2313,0.7259847,919.1466,543.2893,0.6759133,916.4512,525.34283,57.994164,917.3462,525.5461,57.82619,918.1883,525.7188,57.653843,908.09985,574.3296,-67.394264,911.8287,550.2382,190.76886,872.3966,528.31146,18.501534,872.2936,517.0146,91.075096,781.97864,606.2438,-216.27524,768.25604,531.2103,335.877,596.60126,654.66113,-330.02582,568.72,562.67456,400.31085,412.67142,663.5125,-378.57614,412.61313,584.7181,365.42682,362.14465,684.7967,-449.06555,368.86484,590.6838,356.01248,361.30582,659.6169,-426.7094,375.1559,594.2564,307.1829,381.29276,652.8303,-369.58743,391.37952,595.8683,335.87814,422.44742,475.07758,-179.24362,425.3168,415.65195,179.92033,128.97177,355.30893,-273.83575,131.28438,350.35446,105.24727,180.33734,621.38654,-85.958115,173.6365,596.20386,334.17706,225.56895,648.77264,-66.55119,204.84793,634.0086,352.4669,73.51356,717.6496,-75.250244,99.07344,664.6694,336.92883
47-0.pngresized.png,133.70935,479.42267,244.05109,110.072945,487.56055,276.09528,109.71356,487.59274,276.2609,109.029434,487.37686,275.93542,107.126976,495.0456,220.202,103.76663,501.55124,219.70306,100.55658,508.43655,219.86588,110.062325,512.3016,385.00632,101.57037,540.4639,146.68437,156.51852,491.19333,297.28156,151.33362,502.69925,226.26161,244.01382,507.34433,522.96423,195.28215,583.77014,-60.793953,455.68906,551.94696,581.64233,398.54556,631.5448,-113.501236,595.31055,581.2205,591.5329,604.974,669.2618,-112.76336,634.68854,590.8091,635.2889,658.7328,697.51556,-165.8757,631.56805,589.80774,567.30615,678.09406,674.8505,-87.94105,617.07166,589.6026,559.8669,663.1833,671.73706,-84.352356,564.0546,349.26907,174.50066,547.8309,412.85046,-172.79868,910.9252,200.77126,-50.498837,884.95935,300.55713,-307.52963,837.79395,541.7039,293.7424,823.0281,609.1858,-84.742676,782.581,594.92786,338.34064,770.5376,662.4644,-66.123245,935.3206,648.33673,434.0933,943.695,687.37585,-81.774536
48-0.pngresized.png,461.66284,293.4108,2.3877652,469.83377,302.85916,-13.922605,470.55273,305.17056,-13.833866,471.34155,307.68387,-13.833021,468.56952,300.8709,10.255845,468.45224,301.52972,10.19603,468.32477,302.20477,10.210903,467.07678,323.52887,-45.969505,465.00623,316.42923,65.33873,452.67554,302.45874,-6.2161703,451.15787,299.1828,25.405802,411.83875,342.219,-83.7846,409.54718,310.37854,120.938225,325.63113,360.13657,-105.859024,322.38428,319.99982,152.99692,243.38449,366.1073,-96.47554,249.2509,326.0904,159.69104,223.54764,377.15048,-116.07172,228.35359,327.00797,162.54355,220.61818,367.38477,-108.21544,229.72055,330.87592,145.5525,228.1793,363.22745,-93.37795,236.60374,331.98438,149.52806,269.60992,280.9521,-70.52776,274.8329,256.74664,70.56332,143.57542,222.92899,-124.4104,163.1056,219.17194,26.454805,110.36932,342.9538,-57.206196,128.6751,316.79202,104.75675,121.11685,362.5783,-49.784203,133.31308,337.17545,110.656265,53.803352,367.61584,-56.458008,84.09961,332.10977,102.19647
49-0.pngresized.png,375.64288,233.51205,-16.337988,383.47903,242.51979,-36.435097,383.81442,244.9942,-36.365833,384.1821,247.66553,-36.38757,382.85532,240.4562,-7.4973288,382.801,241.01442,-7.5583096,382.73038,241.60847,-7.6366577,378.91644,262.93927,-81.47308,378.27393,255.34941,49.893494,365.3638,242.01938,-28.647717,364.4934,238.36252,8.887207,323.85196,277.1073,-131.47505,325.87106,253.55989,120.11252,241.47595,291.62476,-146.977,241.5388,264.75717,155.52942,171.23947,283.92783,-124.538475,177.64027,272.66333,148.5412,151.29948,290.56763,-143.79845,159.61073,273.89798,151.86028,150.87825,282.63806,-131.7373,160.16599,276.45895,129.91801,157.64679,281.4341,-118.54756,165.87524,277.03415,135.98183,194.11365,208.27208,-79.42346,201.52133,188.50969,79.383865,66.11451,178.47754,-117.62842,92.195755,156.84662,45.3227,66.781395,267.28644,-18.632963,86.3033,261.4199,148.0066,79.34208,280.93204,-8.565778,94.15475,280.5413,156.46768,23.558573,286.5481,-20.839787,49.82223,284.09744,145.4693
5-0.pngresized.png,1229.2399,787.86786,11.710342,1260.3643,814.524,-42.951813,1262.1743,823.2934,-42.94268,1263.9778,832.5146,-43.02992,1258.4655,808.00995,20.280027,1258.8804,810.3697,20.216099,1259.3027,812.7432,20.40922,1254.6404,887.82166,-189.88983,1253.2413,860.92896,107.86206,1200.1637,821.54297,-32.72971,1197.0641,810.2375,52.49681,1076.7684,944.176,-259.28574,1108.3403,877.4713,197.2379,788.1788,969.8101,-283.57095,844.88116,912.2728,305.42514,543.89136,960.6563,-234.12509,630.1723,916.6093,404.2724,478.96863,980.69147,-259.43185,575.2064,917.0255,413.7599,484.7963,950.2042,-252.25626,579.9398,921.72925,401.56012,514.5777,941.112,-225.5392,595.2716,929.6683,389.67535,682.40045,688.6655,-159.97604,723.1185,645.67206,160.3257,449.37137,513.99207,-185.10555,501.69904,509.70834,227.82127,378.20306,730.5499,62.10976,373.34824,728.5546,443.3746,395.2625,775.4484,83.54231,372.12177,781.74854,457.25528,285.81287,760.6843,97.37768,263.905,741.57294,442.776
51-0.pngresized.png,198.65451,135.10387,8.289684,203.8468,137.80875,-0.21628839,204.39001,138.76376,-0.18033703,204.9404,139.81625,-0.20418882,203.19493,137.10191,12.111538,203.28996,137.34277,12.098018,203.38132,137.59698,12.069752,204.70685,146.91309,-20.567122,203.36246,143.89468,36.94858,195.56271,139.63132,2.7200074,194.56609,138.26419,19.116644,181.82361,157.41281,-47.863415,178.84793,146.79617,65.88301,142.17134,164.8344,-65.71364,137.19345,149.7295,75.061714,105.79883,167.29929,-79.70827,101.11467,152.16592,74.51715,96.65859,173.13785,-96.06817,91.089806,153.68965,79.58681,93.467476,168.53398,-88.28441,90.27141,154.50888,63.957397,96.66009,166.93369,-77.34495,93.884384,155.01575,67.83165,118.65253,122.602135,-38.620037,120.81984,114.44185,38.695835,56.381866,100.65087,-66.11973,60.897514,97.744385,14.418656,63.335716,143.11678,-16.410675,66.77078,150.74567,71.82984,69.747635,149.8279,-11.883415,73.80317,158.68002,78.12296,47.416946,155.23189,-20.28049,48.785576,165.46774,80.702095
52-0.pngresized.png,216.53717,140.25012,-1.5029358,222.77838,144.94931,-10.758483,222.9544,146.63135,-10.733961,223.12093,148.43124,-10.839463,223.00311,143.24376,4.7850285,223.46008,143.33994,4.751658,223.93091,143.4641,4.746282,221.37189,157.5432,-33.845837,222.68292,151.89062,38.55034,210.88547,146.55751,-7.6935205,211.12393,143.49884,13.187579,189.26196,166.88074,-60.73813,189.77725,152.84848,70.64038,130.13419,173.31229,-69.36125,136.45187,155.67252,90.59231,77.26724,173.60837,-57.285427,93.07233,158.97841,93.97585,62.800262,179.96492,-65.53626,80.09561,160.55196,97.44256,58.6737,173.46434,-57.789062,78.75366,162.13759,83.305,63.803925,171.4223,-53.278564,82.40515,163.35712,87.32658,123.314186,108.39048,-47.247986,128.96417,99.57098,47.27855,38.631218,85.47431,-82.538376,54.764366,81.99137,27.06608,47.24157,147.58952,-27.10268,49.808243,154.16449,83.42544,55.002388,157.55023,-21.863522,55.88118,165.42381,89.09455,23.976746,166.6753,-32.564415,24.009888,173.47519,85.89916
53-0.pngresized.png,101.112305,381.56622,-15.303837,81.65932,393.0592,10.964218,78.80133,390.10773,11.032035,75.74402,387.02774,10.75785,89.49535,406.9585,-21.20299,92.38782,414.8644,-21.395193,95.34536,422.7453,-21.490234,82.65392,403.33987,128.61855,109.51234,449.67557,-10.163613,117.157845,377.94803,32.90545,126.30901,395.46338,-7.7275224,157.57417,362.2129,190.14975,217.6352,465.21796,-56.41455,261.92667,287.57892,256.92905,342.8788,404.60788,-67.41896,333.1477,226.7935,201.74583,432.76965,353.3524,-119.494705,347.2185,210.6282,205.23412,463.31796,348.77173,-138.12871,347.76965,212.30571,169.14383,457.45847,338.75357,-138.5199,345.60385,222.96913,183.58461,443.4171,335.2677,-119.660324,362.10355,216.4922,76.19398,404.89545,276.1937,-75.8265,493.6755,119.78323,74.8295,601.33685,190.86694,-159.68599,507.70822,249.69446,315.8446,553.6857,340.47623,93.02225,496.54858,274.97858,346.01242,528.56915,371.48007,123.12039,553.5609,254.33224,400.05347,606.20905,337.6847,173.70284
54-0.pngresized.png,79.66273,306.1522,68.20883,62.827736,317.7687,83.68744,61.627277,319.75146,83.71602,60.232067,321.621,83.561424,63.275303,319.2537,43.62996,62.124832,323.38388,43.429756,61.045532,327.63892,43.54798,62.023163,347.01086,137.60432,64.892426,354.2517,-34.123768,95.19948,319.2642,95.89534,94.98657,323.38968,45.100388,147.657,351.38962,231.57909,135.89363,385.1985,-137.22092,284.0135,376.28607,265.0945,261.67358,397.4976,-169.94582,389.94403,378.46194,277.15152,381.6484,395.24097,-138.37912,421.32623,376.93246,300.98218,417.4619,404.97266,-166.71661,421.91275,376.78088,260.83386,423.79712,388.87207,-121.33967,411.85864,379.75116,258.7261,412.38654,389.98694,-119.153946,345.6889,241.21365,105.61488,350.68387,272.96216,-104.90575,511.78595,163.86436,42.78865,529.5978,191.31526,-153.63316,512.5431,350.4615,197.05167,523.6422,388.38074,-32.64331,493.10904,383.85107,214.38412,503.1363,422.76147,-25.141584,579.30786,394.8493,237.9101,594.31683,434.7094,-46.241726
55-0.pngresized.png,549.11584,340.66986,13.8756275,563.07477,353.48074,-15.552633,563.69977,357.34195,-15.429969,564.3517,361.5395,-15.446806,563.0011,350.65588,25.37249,563.6058,351.7397,25.283588,564.1916,352.86533,25.172787,558.9918,387.3947,-86.056816,561.0293,376.86877,103.38424,534.5159,356.72873,-6.5738306,534.12836,351.1927,47.43922,476.98105,415.56027,-155.57527,480.7265,381.74203,172.45485,343.23172,436.91656,-194.8968,343.03598,397.67468,220.63676,230.02357,429.37375,-170.14891,230.8275,409.2978,225.77032,197.2371,441.07846,-192.43582,197.78629,410.53818,226.94637,196.25842,428.1046,-176.59451,199.43295,415.7431,196.26909,208.44106,425.82346,-161.61967,210.32188,417.1545,208.09006,269.35678,289.70206,-111.138016,280.5581,261.43814,111.16395,63.578255,240.04544,-179.17296,98.695625,207.59723,51.803146,70.24929,394.05597,-61.750034,98.53106,397.52814,190.26913,92.368324,416.33917,-50.479088,116.26885,428.7354,202.33282,6.5056386,441.39304,-70.678055,38.615814,452.22736,190.29524
56-0.pngresized.png,114.550674,332.53314,-55.411686,97.95417,346.35208,-50.152996,96.87672,348.28403,-50.167686,95.63382,350.05322,-50.287346,99.24581,348.00385,-88.496185,98.70594,351.93872,-88.692894,98.244644,356.0017,-88.565414,100.50334,376.17117,-3.3699224,105.732506,382.9431,-174.06812,131.5889,344.43567,-29.402979,132.25829,348.2522,-79.67728,186.16881,380.42392,109.583466,195.50798,409.7405,-236.06271,326.41425,396.5069,140.00166,330.03815,419.50696,-265.98624,441.29507,397.81723,162.58057,440.35626,428.80246,-325.93414,472.71817,396.8467,194.5389,473.10486,444.77078,-382.31754,476.35123,390.96338,146.63643,481.73672,423.96802,-341.2592,467.97675,394.60516,142.78079,471.1837,421.19537,-313.42618,392.2472,262.56024,112.81582,412.37415,290.87842,-112.32468,549.1231,199.36432,122.38794,599.0201,211.49246,-135.5073,527.35925,375.96207,247.652,549.55817,400.5559,-13.895218,505.10883,404.30396,261.2231,523.5203,428.1032,-9.077936,583.2241,422.7572,285.4004,598.7924,453.4039,-35.898247
58-0.pngresized.png,478.06552,296.54526,24.807173,489.24515,305.96796,0.58448786,489.6118,308.8355,0.6599361,489.94482,311.9534,0.5451327,488.81674,303.46112,30.864233,488.97125,304.16068,30.832253,489.148,304.90515,30.812527,485.21478,329.56598,-55.08659,485.81607,320.69672,86.87066,466.65845,306.3536,10.265788,465.94534,302.35822,50.440624,423.86386,341.55737,-115.482285,424.77393,324.59033,154.38817,324.3348,342.19748,-163.951,324.71313,328.7889,189.36298,233.31607,337.6582,-201.94778,240.64673,342.19046,192.01572,206.54356,347.6127,-234.03336,218.50829,346.26282,193.06987,205.62903,336.27676,-221.80937,218.48653,348.36435,171.23325,215.20644,333.47244,-196.77428,224.96495,348.34955,178.79219,271.60754,219.69421,-90.22589,280.157,207.2825,90.183304,98.29094,182.60149,-150.41373,133.5646,181.7069,58.240067,91.84062,317.6056,-55.113327,99.76339,336.83023,145.75874,106.02687,338.7261,-46.429153,108.53103,362.20917,152.92313,48.69075,353.93555,-77.08849,50.969086,379.50525,125.7309
59-0.pngresized.png,435.8562,294.41425,-3.1396415,449.93253,304.57056,-26.957342,450.66278,308.1156,-26.938808,451.37848,311.93732,-27.092903,450.46506,301.02795,11.926383,451.5354,301.4254,11.888442,452.5986,301.86948,11.786873,448.82867,333.59564,-84.224,451.79803,321.25577,94.7435,424.24115,309.0104,-17.769642,424.22784,302.6228,33.646683,383.96915,356.70865,-162.9223,379.31888,329.6506,188.65923,268.00665,368.3308,-190.20457,262.9525,338.93582,214.93045,164.00278,351.4452,-183.79092,168.39908,340.20782,204.56981,134.21593,360.6859,-216.32437,139.48242,343.98575,216.14932,127.11123,347.53604,-188.20503,138.18361,343.528,174.2399,136.86066,347.27582,-171.49812,147.72357,345.58328,185.43028,215.6167,232.48465,-120.113304,225.36525,210.61171,120.36531,39.42351,188.01123,-177.15718,61.25645,152.93759,58.36594,60.309437,317.20355,-36.381374,83.76963,293.35718,228.47476,77.155685,334.74136,-24.631151,102.74678,315.1709,245.65182,14.873732,361.83313,-58.786922,34.210247,335.7004,243.26125
60-0.pngresized.png,69.26264,267.1794,24.346378,58.269234,275.6521,34.211906,58.11525,276.73074,34.25332,57.79521,277.74368,34.159367,57.430477,277.7332,5.383738,56.55664,281.0569,5.1986914,55.774876,284.48407,5.282343,61.74088,296.03223,80.962555,60.46789,304.53278,-45.073566,83.00596,275.32568,47.431305,81.42382,279.05463,10.060639,125.62387,298.38754,144.85542,118.32903,323.38687,-101.444115,239.60072,315.1662,168.16156,225.6682,333.75723,-114.175316,323.05322,322.0158,171.36438,325.08054,335.69647,-95.81877,347.5464,321.96463,178.99774,353.01782,345.7943,-112.59422,345.82257,323.04434,151.44316,357.552,331.98975,-88.089584,338.5766,324.00226,157.15024,349.59183,330.81738,-84.4966,259.71817,176.70251,78.85054,265.29684,198.95312,-78.3319,378.7216,121.95124,34.744034,408.55347,145.6939,-115.368034,379.63998,284.13986,157.67897,400.3175,307.01044,-37.989685,365.07834,309.56497,171.97502,386.3395,330.34418,-35.711853,424.30704,327.13312,194.36586,441.62253,352.56332,-65.93145
61-0.pngresized.png,95.13541,413.52487,62.018784,78.23094,428.8767,83.68112,77.45828,430.71,83.75083,76.4557,432.3662,83.49189,78.589355,431.34955,33.485954,77.55754,436.2905,33.254715,76.60019,441.39133,33.30743,84.18977,461.53317,168.55121,86.600395,472.3135,-48.335033,116.2821,426.83066,101.66511,115.85559,433.21207,37.900993,198.41925,463.08698,285.78333,182.69214,499.71213,-173.15685,358.58066,499.13968,323.99142,337.21863,529.3247,-224.55894,483.05807,509.72913,331.3813,488.26297,542.35333,-197.69693,522.8616,511.86713,361.39517,533.37494,559.5503,-237.2115,521.633,513.0193,315.64435,542.2054,540.74664,-185.57271,508.10858,514.44403,311.24142,527.84174,539.8063,-176.17616,459.3391,354.05508,142.34564,468.41626,391.17838,-141.34474,650.5727,231.93567,73.82544,679.45074,255.75427,-208.29056,672.1737,472.92358,224.97662,681.46826,502.67896,-50.77647,646.8437,519.0832,241.2627,650.4835,549.5168,-39.992916,763.3376,526.1976,258.1739,783.2131,556.49896,-60.003216
62-0.pngresized.png,88.40656,308.10593,103.73948,74.623375,318.10413,129.57155,74.70852,316.99698,129.70667,74.606834,315.67572,129.5962,73.300156,326.10986,87.21062,72.289856,331.68878,87.029655,71.38232,337.45764,86.92045,80.0243,333.829,228.21783,78.0656,364.07672,45.043587,105.22904,312.4352,146.77531,103.37274,323.48746,93.111305,169.82582,314.20493,309.17883,154.77304,404.64606,-69.113205,294.86215,296.07065,350.77783,291.2746,395.91922,-89.868866,397.6261,281.156,339.56717,421.29974,391.95895,-100.54334,423.55917,280.39136,366.14093,453.42215,402.88977,-133.44418,425.77985,278.76517,315.8194,462.0766,392.37418,-106.06122,417.48187,285.88596,318.05255,450.68622,385.83188,-90.292366,364.111,247.42883,104.089714,370.2663,302.88644,-103.1036,525.3945,170.8552,38.158447,590.56494,232.33305,-221.1796,565.2093,233.6669,212.87988,546.0639,373.13593,30.395739,562.8644,249.60268,231.32423,518.2333,400.04544,58.405876,614.5424,229.0865,247.12132,616.5055,387.56577,99.96196
File10.jpgresized.png,128.2227,336.8682,19.997953,116.37306,346.09497,34.080696,116.014915,347.932,34.098236,115.51219,349.66583,33.952045,116.36269,346.5964,-2.88122,115.661026,349.34222,-2.97965,114.98994,352.16714,-2.941569,118.97115,368.8209,89.927246,119.285576,372.02414,-71.76221,140.95415,346.68445,46.461487,139.98378,348.45126,-0.8546013,177.97896,368.0427,169.42268,179.84729,397.0365,-158.78685,269.89597,378.50076,200.36607,267.9483,403.202,-214.97821,347.00806,373.659,217.11264,350.23254,399.78397,-267.66843,368.23364,371.27396,238.16394,374.57257,406.16565,-309.55878,371.82117,371.2536,201.60599,379.28766,393.0632,-281.0705,364.43198,373.6734,202.22574,371.06134,392.24698,-258.57077,319.81265,288.20898,99.06906,331.6527,311.23105,-98.44715,439.99167,228.17099,59.921642,456.19315,253.35744,-148.0805,442.36423,371.3568,192.60892,455.53888,379.71457,-28.434084,426.52823,398.36713,206.95433,439.94202,404.609,-18.453981,501.22006,398.64215,217.0733,512.3999,397.93872,-48.01188
File24.jpgresized.png,460.05545,282.59952,-8.001615,473.13678,292.03012,-34.62274,473.87283,294.98636,-34.56365,474.62723,298.18204,-34.622826,472.8962,290.071,1.2802571,473.45618,291.0203,1.2419939,473.99097,292.02008,1.0879328,471.6547,318.8728,-100.20369,472.5468,311.04803,66.48859,448.80984,295.48187,-26.911224,447.9359,291.42026,20.917343,405.4455,343.4035,-167.06409,403.39008,321.9622,146.10522,295.81485,361.6247,-190.76953,293.89178,327.06885,185.97493,202.17714,359.3753,-167.0009,203.9558,332.70135,179.2857,177.99547,370.7411,-195.16153,179.14133,333.48993,187.29759,171.87694,359.9551,-173.06401,177.40776,338.03378,152.55402,180.41444,357.5665,-157.32504,185.36154,340.1215,161.92346,237.33124,252.05574,-105.538445,244.69258,233.8724,105.559616,78.19205,210.52733,-163.81696,103.89958,191.97803,85.67829,97.84702,335.66513,-52.735924,114.91712,327.92694,194.4958,116.03221,352.2077,-42.77886,125.433685,352.28964,203.36813,49.508957,375.91916,-69.456764,78.7116,356.7358,185.2932
File25.jpgresized.png,375.00955,1040.9286,112.406494,342.33176,1063.5114,153.27408,340.9884,1066.4137,153.338,339.28882,1069.0616,153.02997,343.15515,1069.4838,65.75943,341.36404,1078.5688,65.32259,339.71323,1087.9375,65.440254,350.8608,1119.8895,318.78134,353.75912,1143.0939,-47.140877,412.13373,1064.9342,187.16315,411.33337,1076.8718,79.215546,559.19244,1116.6168,516.1143,531.0537,1207.1681,-246.02048,868.3324,1133.7424,599.80884,832.0926,1241.1682,-298.98996,1052.5972,1058.7096,524.4124,1007.85333,1078.9448,-111.16231,1109.016,1034.8671,541.60065,1074.8868,1049.4718,-126.381294,1102.2986,1028.4338,473.7478,1067.8303,1020.9825,-44.117115,1077.1703,1043.9442,487.80002,1042.9786,1041.5988,-64.4549,1033.0145,900.67804,227.03029,1047.5349,974.22546,-225.46083,1412.3308,650.0277,38.72624,1448.1539,699.51025,-406.95038,1419.765,1087.0376,414.51117,1456.0447,1166.0295,-122.87596,1366.2885,1162.0742,455.16922,1391.5262,1244.6378,-97.66587,1580.8188,1196.1045,537.3952,1662.5734,1303.4281,-110.77157
File30.jpgresized.png,372.35913,277.61945,7.199602,379.4267,287.52557,-7.9701295,379.1368,290.4045,-7.879828,378.87885,293.45993,-7.8798213,380.45975,284.80798,18.648975,380.82806,285.27914,18.662119,381.20096,285.72955,18.685099,372.86536,307.96136,-45.756702,377.31262,298.1711,72.41696,361.09222,285.43146,-4.15225,361.79382,280.8904,29.920141,320.20496,318.2433,-104.57054,333.61694,282.03293,143.19041,228.6189,329.3653,-122.701675,269.86554,261.98605,250.45044,141.60619,305.06915,-92.450905,239.92038,242.27812,318.00763,112.9077,310.17667,-94.86471,230.94528,238.16173,332.38477,115.93539,296.20096,-90.65504,236.15405,237.75363,316.30377,127.833824,294.73383,-87.13856,237.75922,240.05476,309.78217,201.19542,236.35606,-76.84741,211.7856,208.17062,76.730804,109.30652,178.33809,-127.72157,124.212494,163.017,55.31287,95.47632,290.22137,-27.629738,110.67006,289.34427,155.82692,109.9716,306.66556,-14.43084,119.7233,311.77637,164.97237,42.28308,324.37018,9.3652315,64.25355,322.09427,177.02809
File34.pngresized.png,216.75832,595.4443,-12.890776,206.78542,593.94727,1.8528876,206.07986,590.1079,1.7453101,205.27254,586.1717,1.6736897,208.81837,605.201,0.10473117,209.67848,609.92,0.14374371,210.56067,614.62885,0.016858116,212.29869,584.94543,65.72612,219.303,621.6741,61.420017,229.03978,587.3936,9.806973,231.88525,603.1964,9.140115,276.40356,555.23,74.25746,282.38937,631.45184,76.43375,347.468,501.7076,89.50942,346.22168,629.03076,57.99431,396.55264,457.50208,37.485405,302.53757,626.64124,12.518585,407.18512,442.12784,12.319875,290.39755,622.0492,-0.6126696,408.2515,446.94583,1.7400368,283.71616,628.32294,-7.2333236,406.5354,456.01727,29.0267,288.13254,625.1781,7.4463058,437.29108,541.1399,-3.1022887,437.6984,584.82904,3.508145,538.3027,548.0491,-28.198017,509.26056,558.51886,-70.96595,654.4724,571.8013,-2.0924008,630.1348,615.5193,-42.099747,669.96497,574.2021,-2.7722228,644.5272,623.6866,-40.656914,700.9262,582.48456,-72.65135,688.31647,625.45166,-89.22522
File38.jpgresized.png,449.89664,303.78394,32.281754,460.49643,310.38007,17.081194,460.77716,312.84268,17.185486,461.0997,315.5078,17.14563,461.7228,308.71317,39.961323,462.87033,309.5681,39.898796,464.04742,310.44547,39.88023,459.80374,331.0862,-23.141111,465.15475,325.13406,84.19529,440.93085,314.47794,21.317842,442.04535,310.69083,51.7027,406.62076,347.72473,-79.6474,410.7625,330.54974,128.10405,302.05695,352.15796,-91.68317,301.04886,332.77747,156.3479,212.99747,341.58282,-51.622047,220.98839,333.46567,155.3275,186.03656,348.79437,-60.718536,197.25554,334.02228,154.19304,187.60597,338.49252,-52.119987,199.52794,336.87473,139.21506,199.68893,337.91302,-45.981247,208.02231,338.13794,145.38164,253.77933,263.0559,-73.76938,261.4499,243.6757,73.63317,91.21382,228.31932,-126.26321,115.7527,197.12859,24.270239,84.016975,328.68597,-52.068794,108.87258,329.37314,134.58371,99.827324,343.91412,-44.779675,122.6997,352.10852,144.36087,30.21479,359.08658,-51.109253,55.5385,363.4205,153.23329
File42.jpgresized.png,713.31287,502.13156,3.5536492,726.98584,514.4016,-28.33772,727.29193,517.52045,-28.19409,727.5675,520.9883,-28.27768,725.90564,512.4096,12.62569,725.957,513.35474,12.588591,725.9653,514.39325,12.592021,721.25024,540.16034,-102.93375,721.0937,531.65497,89.526245,699.4001,510.97006,-17.069736,698.93616,506.9471,37.75476,642.28796,556.55194,-196.56303,644.3164,535.1004,177.00346,492.86407,584.7145,-280.8507,495.69614,555.7646,212.62378,348.30273,573.6259,-323.7226,377.85922,566.67365,199.82848,306.34668,583.9091,-371.45395,347.36877,569.0348,201.083,308.15186,566.16644,-362.6782,349.22345,573.1609,166.70982,324.04688,562.67487,-319.6087,358.58432,574.23376,180.9338,452.96423,400.03302,-125.88759,460.89316,382.3586,126.1956,229.28604,360.20377,-185.5082,273.13586,320.56223,110.226395,249.09064,540.6743,-34.19606,282.72174,510.8878,258.68317,274.06982,563.69617,-18.944378,301.96317,539.3329,271.5832,196.28134,596.5294,-32.3008,241.25136,561.9899,265.9021
File45.jpgresized.png,1381.6412,833.7939,70.31555,1411.3464,860.5413,11.008941,1412.1442,868.8889,11.263014,1413.023,877.76624,11.210067,1412.5823,855.02,83.257805,1414.2579,858.1157,83.18053,1415.9496,861.2706,83.34434,1402.3324,931.11523,-135.74928,1410.9686,910.2888,199.19904,1350.6584,866.40643,28.654524,1351.3645,855.4696,124.133835,1238.9789,980.63196,-253.09396,1258.11,925.1818,325.43628,954.1567,1020.7443,-278.73038,985.5205,960.64526,462.2323,711.0374,997.22266,-202.28998,767.0343,973.09076,537.7057,638.9242,1019.1302,-220.19287,706.7315,973.8386,550.80206,641.05273,985.9512,-200.57059,709.41974,981.25323,524.0738,670.97455,982.34045,-186.70547,728.73206,984.27277,516.31604,815.7374,722.53296,-188.27608,845.5021,662.859,187.72188,411.8915,630.45996,-317.8267,503.74142,482.41153,56.466442,407.88327,919.7571,-42.17477,494.28693,849.0501,427.04187,450.7845,962.0126,-15.114989,532.3888,916.3791,460.44492,278.75195,999.8862,-20.315145,358.37222,928.60144,494.9534
File51.jpgresized.png,126.17247,404.2875,-158.97052,104.007286,406.7326,-145.23004,102.12276,402.30725,-145.14246,100.05787,397.75433,-145.21231,107.303116,421.21323,-164.8234,107.805534,428.35086,-165.02898,108.37421,435.57437,-165.24533,101.68847,403.7187,-26.742731,112.262375,451.95013,-113.98687,138.82143,398.53558,-107.25104,143.00467,417.84918,-133.11157,175.50565,392.21396,113.836006,196.8856,450.63638,-162.16115,292.61618,364.84454,158.78404,337.97974,443.1384,-197.78833,371.64835,321.61145,135.05797,456.83,450.83853,-193.98563,390.64313,310.41296,151.07683,486.1258,463.6228,-211.88272,388.95126,307.38928,118.81706,491.50616,452.5067,-204.62703,384.8598,315.0214,121.40783,482.01904,443.43738,-191.2943,387.61993,288.9531,96.75916,409.87927,320.54962,-96.32931,532.09656,229.18362,108.49267,574.33154,235.6565,-150.5998,559.6166,393.11426,210.56737,582.3682,423.40515,-41.969227,546.83014,422.0675,222.38916,562.7196,456.11835,-30.5994,624.8982,420.0761,229.69061,655.9929,456.32346,-39.15323
File56.jpgresized.png,580.2031,422.08582,-15.951121,593.40216,435.59415,-46.657616,593.66315,439.50668,-46.51709,593.9763,443.7181,-46.518993,593.19965,432.40384,-1.9359804,593.46204,433.13058,-1.945755,593.6828,433.93542,-2.0773628,585.8974,466.61966,-116.274574,587.53326,454.1393,87.68468,563.7233,435.21188,-35.956608,563.4625,429.0087,22.101965,504.6993,490.00775,-214.24834,504.94846,453.5727,189.13318,372.70688,528.6424,-290.66425,381.5372,467.67786,238.47409,269.52243,498.4587,-275.97485,286.0811,465.3556,197.98312,235.43787,503.01822,-311.04218,260.28973,461.75528,188.84526,246.23308,485.84903,-292.00305,262.90692,465.33066,157.06248,258.4033,488.34534,-263.97354,272.0093,468.2618,177.6483,292.87967,375.27185,-127.00212,302.80188,346.86877,127.098236,107.49736,329.61887,-191.30197,133.52914,291.39383,93.04887,122.745865,490.74356,-60.467113,152.45906,472.03085,234.09323,146.82283,509.6457,-46.217064,169.25835,501.31268,244.97472,57.9823,542.3919,-57.143192,105.110634,521.1794,230.96046
File62.jpgresized.png,136.19267,523.9323,57.85197,118.61828,540.0655,82.28304,117.55817,542.29645,82.42538,116.277466,544.3323,82.188446,119.56052,541.95703,28.793587,118.54744,546.8552,28.593605,117.57973,551.8794,28.682156,124.05228,574.48145,166.40013,127.883514,582.7951,-64.25427,157.86115,537.40295,98.569145,157.79634,543.2197,30.886444,240.38652,575.62427,318.99634,224.06743,606.2062,-220.76973,403.7047,602.81274,362.62073,378.69165,641.6175,-284.11804,524.51715,607.32886,402.91635,529.5991,650.7522,-324.71948,562.75903,608.8999,451.001,575.2457,667.5308,-390.9822,562.59344,607.60266,397.3365,587.65314,643.5396,-322.78687,548.5542,608.8031,381.25272,573.25555,644.1105,-300.4517,503.80695,461.85248,155.55298,516.07806,495.3438,-154.42593,691.43677,355.15125,100.663635,711.24316,361.9664,-227.35434,719.78033,576.03546,243.60187,738.5816,603.88947,-48.296886,694.7451,620.5192,257.85565,712.6063,652.59467,-35.39698,825.0149,626.26154,264.5928,852.8556,650.2152,-55.226757
File63.jpgresized.png,114.45817,336.4603,132.51486,96.426125,344.9276,156.08757,95.07857,344.97772,156.24045,93.554214,344.8538,156.05157,97.285835,350.8539,113.189514,96.12691,355.9987,112.94108,95.06152,361.36237,112.919205,93.401924,366.57416,233.57466,97.780716,388.99426,53.72909,128.79,345.88824,169.9045,128.805,354.7875,117.05865,180.79124,363.155,326.03555,174.37994,428.02048,-67.83302,318.97058,356.07056,372.1116,318.1095,419.36667,-65.4861,420.492,363.32465,382.60965,437.682,424.63037,-79.01425,450.04367,366.4076,413.2405,471.96774,437.06433,-120.622284,450.51575,366.9555,361.9552,480.6707,423.73434,-76.4945,440.75388,370.58835,360.843,468.03616,419.84125,-62.40058,389.01544,269.99072,115.045815,390.5035,317.1739,-114.19074,597.4287,201.5826,5.1710496,605.0122,263.64038,-214.47557,581.6066,379.71124,240.89215,573.9324,453.48764,-12.609305,557.28064,411.72876,269.84024,543.2763,486.57022,7.1366735,648.075,417.7008,311.40106,661.10126,490.8404,3.6781487
