0-0.pngresized.png,216.12474,295.89737,-288.2485,204.3001,301.03088,-275.9747,204.13661,298.8802,-275.8994,203.88724,296.56274,-275.91,205.07584,308.94705,-302.03143,205.53638,313.69305,-302.03006,206.11441,318.4053,-302.1518,211.52696,305.83453,-182.83829,215.74878,335.34332,-291.982,228.92198,294.92593,-246.99509,230.3112,307.73993,-278.75952,270.73865,302.3499,-60.64342,295.33008,360.2134,-318.60834,339.41702,282.49158,66.764046,414.531,359.2968,-347.12366,356.99686,257.67847,110.83657,521.1666,357.1581,-364.92227,363.634,255.25195,122.4817,550.60425,364.84894,-383.28177,358.9091,247.49385,104.557106,551.6639,356.12088,-418.7002,357.7652,251.79662,102.553474,539.05524,348.22052,-379.66068,459.06177,281.76105,82.54469,474.93555,309.28967,-81.81329,561.46014,285.5734,210.54729,588.82806,303.56924,40.21329,652.84265,302.076,391.76508,681.97375,302.4721,224.57588,670.02484,312.42276,406.6471,699.47156,314.82224,240.2627,680.9288,267.71237,366.01895,716.07715,267.64825,176.4762
1-0.pngresized.png,722.7108,388.26938,-220.6109,747.2912,406.272,-248.96611,747.7142,413.2455,-249.09012,748.26373,420.3271,-249.31569,750.6829,396.08548,-203.07552,752.6896,394.0003,-203.15172,754.5356,391.76538,-203.04938,740.51086,449.25467,-295.50717,751.08246,411.45053,-93.05863,699.0979,408.26172,-232.0171,701.8488,391.84265,-174.42851,605.7601,499.27966,-387.52963,622.3364,414.6415,65.10277,411.4977,529.1427,-387.29633,446.80072,468.9672,106.02052,252.89474,529.9693,-324.12308,310.41003,464.43866,86.48433,213.25772,547.49335,-345.57172,274.4409,465.2172,100.895,210.34927,533.0223,-352.0117,274.0118,457.8797,67.36733,227.407,523.88605,-324.6162,287.01233,461.9126,68.89193,328.30374,529.963,-133.44215,340.05078,470.67996,134.66739,165.46179,489.5258,-96.84729,171.59738,419.59998,214.85818,79.93127,520.9195,186.24347,90.121765,474.02948,464.52057,70.831635,540.54474,213.7666,83.42383,494.49677,486.2943,33.69441,490.81906,198.54636,31.025442,459.70688,476.6811
11-0.pngresized.png,100.79481,442.08255,-536.101,71.49244,470.37363,-538.08746,66.216934,466.53424,-538.24493,60.636486,462.29584,-538.46344,91.45559,487.51282,-568.48804,100.201195,497.9941,-568.5756,109.18993,508.23627,-568.6201,76.81214,483.05453,-428.915,142.18533,544.4753,-564.174,119.77485,429.27893,-480.6286,142.11082,453.81738,-519.68744,138.87045,439.3731,-308.27542,349.60043,577.5847,-491.65335,121.27048,459.174,-57.014717,575.0692,614.7166,-517.03406,124.904625,395.36398,166.67982,761.2827,530.6206,-503.95126,112.8748,389.58334,213.97835,825.1843,530.0688,-537.6356,120.220436,386.45572,190.62851,795.61304,499.2925,-547.5494,134.34299,394.40448,168.65045,764.91095,492.76022,-508.61813,493.26822,355.75235,92.284294,590.39374,421.58975,-91.80021,580.7209,295.06052,447.9661,696.0383,339.91086,264.91635,604.9629,320.91464,731.70966,683.639,337.89783,736.14545,617.23157,339.4384,760.65985,675.16785,355.82736,782.21173,607.762,268.22583,794.8618,702.28973,268.38162,789.5863
11. savasana_thought_bubbles_0.jpegresized.png,162.62119,274.80838,-206.15894,150.37141,289.5783,-205.93881,143.97939,288.76196,-205.97847,137.4891,287.96103,-206.00534,166.0043,292.60245,-203.24672,172.03033,294.34003,-203.25739,178.06752,295.9902,-203.30954,127.87239,282.52298,-157.37547,184.35413,294.29807,-141.7347,152.53792,261.38037,-184.1465,174.24835,265.87613,-179.62665,108.82346,222.76,-111.45787,220.62477,248.20885,-110.60204,117.231,159.5978,-55.49717,251.3257,184.36719,-82.75465,129.61256,112.580315,-78.646355,269.62933,140.42825,-103.03845,130.23277,95.5873,-88.96249,277.89374,126.51799,-110.78942,134.39012,97.0876,-104.281525,272.4892,126.52259,-130.94507,140.40077,104.72218,-85.39123,262.5763,131.03857,-111.55082,174.45699,98.46524,-2.24058,225.9131,111.59584,3.0238242,191.1704,51.58122,127.53771,238.11197,64.43716,96.54482,197.74272,32.2082,265.92505,237.7797,42.033447,267.08826,201.85452,31.028492,278.25894,233.63525,39.337704,282.4097,199.85973,0.23103619,243.70782,255.36797,11.880147,251.2499
12-0.pngresized.png,103.66864,407.837,-84.62671,82.62746,420.16592,-73.42759,81.35368,420.7747,-73.25432,79.98267,421.10718,-73.26498,85.01131,425.05957,-126.092964,84.88799,430.45383,-126.06946,84.87493,435.82022,-126.11684,82.18781,445.84738,24.24244,90.19597,464.60883,-210.49211,118.93726,416.67072,-40.516285,121.15826,425.29602,-108.804184,183.01157,461.02927,155.72433,185.09546,513.8901,-281.72485,313.30237,465.82254,252.3429,322.56348,541.961,-315.30466,427.0927,467.636,212.53448,461.01218,557.09155,-293.6519,457.44907,468.6537,213.50275,497.2907,577.32477,-320.75534,457.51215,466.70572,178.6764,500.53796,555.9183,-323.33472,448.8021,468.50955,193.47295,487.1816,548.32733,-290.94733,455.74478,466.57294,152.62854,466.11954,499.7869,-151.87125,630.09845,444.25497,257.75858,666.7914,501.58658,-163.88197,796.332,465.29675,404.51108,869.6919,530.22754,-168.30518,826.04236,490.58438,410.95285,900.49585,558.74445,-176.67969,844.2866,387.18454,351.84564,936.40686,454.6241,-304.38083
13-0.pngresized.png,38.382942,112.14169,35.536755,30.30156,118.71286,45.436256,30.960316,117.93251,45.3567,31.631468,117.02159,45.379974,28.57898,123.21943,24.50239,27.81643,126.046165,24.626999,27.131563,128.82204,24.768454,34.86337,125.82058,117.32538,30.409452,143.91641,19.67159,49.32922,114.95376,61.887177,47.345005,121.20464,32.478836,106.05906,132.91846,146.17853,67.38129,171.36938,-2.7908874,170.79155,138.83539,198.66032,79.35675,224.90596,-126.050835,239.50694,129.86493,159.80693,95.00575,266.79858,-277.685,257.03772,127.28363,161.812,93.955215,286.03027,-312.7179,257.41693,130.34842,134.39241,99.51326,278.49496,-324.14606,250.16612,133.51723,146.9336,101.07056,273.40536,-285.76602,237.55908,177.93596,44.214886,212.55795,205.94196,-43.71447,353.23178,184.65549,15.41848,323.2026,260.56323,-73.35758,467.7101,208.67429,-3.4859128,424.46176,338.06055,-93.58852,482.37967,224.72423,-11.168914,437.04425,357.3994,-98.305046,504.71054,182.04077,-71.98815,468.1782,320.30792,-173.58214
16-0.pngresized.png,640.9242,332.42917,-35.523342,650.6824,339.4925,-19.337313,650.88666,344.4895,-19.445057,651.23895,349.68137,-19.543726,649.69885,324.70844,-17.58184,649.34204,319.62836,-17.598696,648.9338,314.5565,-17.605534,642.94904,357.31995,55.534336,640.2424,309.65305,68.488014,625.75446,343.28375,-8.350334,624.6035,324.6204,-4.687165,558.00714,397.92017,73.63143,561.68134,274.26334,79.98676,467.91168,444.81482,65.58788,478.71033,229.96315,65.16872,400.90195,504.20895,23.965475,413.13846,173.72403,11.608948,386.3806,524.24115,20.442873,396.47696,150.55441,12.476249,386.6575,524.5323,-15.984948,398.62253,151.6437,-21.922726,389.91312,513.3601,6.6936803,400.7139,162.96826,-6.528957,366.9546,367.96204,5.4875216,370.72086,290.95346,-5.165288,214.93468,380.01974,-29.673775,216.26062,273.31027,-45.00215,86.959366,380.35156,70.21561,81.478966,268.05615,59.090496,73.387596,371.75742,73.34847,65.740555,276.29584,60.952183,29.04805,397.08423,-23.87753,25.249096,244.34384,-41.94456
17-0.pngresized.png,134.4351,328.61316,-35.9406,117.03643,334.25015,-27.245718,115.44945,334.56058,-27.199997,113.799644,334.7319,-27.266369,119.12678,337.06247,-59.322155,118.5552,340.09048,-59.403164,118.00693,343.0725,-59.398746,111.6026,348.2868,24.540945,117.932205,358.07306,-114.2027,143.26208,334.36136,-11.817943,145.32108,339.5385,-52.281013,177.01631,375.47266,118.84605,182.87424,370.10513,-183.14865,279.12036,395.20804,162.98778,284.58734,389.28903,-197.09569,366.4828,405.49908,135.81192,389.29712,408.7348,-162.68245,386.55136,407.23547,139.7338,412.9596,420.89008,-189.54059,388.9245,403.16647,113.8792,418.6157,409.4589,-179.04727,383.33145,402.37878,123.4114,411.7958,408.72842,-157.46169,372.56454,382.2928,93.09841,380.46313,384.9253,-92.68456,528.0639,375.88525,92.59882,522.16864,374.5093,-81.65256,664.7085,380.7139,147.76994,668.20435,381.82156,-23.840105,682.5793,391.7906,148.17145,691.0535,396.24203,-24.536732,706.56805,349.0791,87.40921,705.6201,347.3761,-100.484
17-1.pngresized.png,100.22311,353.782,-38.539642,84.29919,360.73074,-28.922594,82.95074,361.07028,-28.827158,81.539314,361.26645,-28.939133,86.51474,364.52194,-63.626556,86.173515,368.28235,-63.771698,85.85939,372.00818,-63.74563,81.25149,377.28885,31.548616,87.564705,390.31522,-119.11374,109.78294,360.17728,-10.854306,111.71564,366.03238,-55.019913,145.96358,402.65457,123.84062,149.98978,407.5969,-177.52307,247.65204,420.49673,182.53627,248.16946,425.86224,-193.09027,334.4286,426.55002,154.06932,348.45667,429.4048,-135.91109,354.29456,429.47333,151.68576,370.75623,438.89972,-154.41832,356.66916,423.1229,132.12057,375.36835,428.70142,-145.34787,351.17657,422.33743,142.0415,367.98257,428.48694,-130.69772,338.25864,407.03598,100.42593,343.89734,415.8841,-99.88202,499.33392,400.89117,81.735275,492.08655,404.07974,-85.3923,635.8315,412.3173,127.72474,642.0012,411.27545,-19.375126,652.9559,429.2316,127.89765,663.4514,429.43024,-19.32777,680.19073,364.3157,61.049572,683.44403,359.05002,-101.875374
19-0.pngresized.png,752.4674,369.48187,-5.677748,768.4215,378.68182,-32.622223,769.5132,381.67148,-32.69669,770.6517,384.77197,-32.885654,768.4941,376.82996,2.9042678,769.35535,377.79297,2.9288132,770.1464,378.71393,3.1656466,766.83905,405.23846,-102.57309,768.01135,396.0006,59.535034,739.37146,382.51764,-26.068003,738.8711,377.70853,20.23692,691.1708,439.20694,-180.80836,681.52814,408.6771,146.7354,588.24133,466.33716,-254.84021,575.8728,441.09116,209.85445,481.70242,488.36615,-310.512,486.18964,456.28067,218.6618,452.35165,506.76013,-345.80215,461.648,461.07507,231.37617,446.49738,489.2642,-333.46637,461.71338,460.2167,209.33002,458.19904,483.06213,-306.42114,470.6558,460.93594,206.99986,459.85767,432.96262,-103.10202,463.14093,407.67017,103.83607,309.06708,389.96008,-86.43134,315.99106,395.05334,101.13435,172.9073,435.0566,10.880868,189.12889,431.36304,220.0011,159.14345,458.09036,17.503315,173.55872,451.15277,227.38182,111.07014,405.43542,-15.312677,131.09828,401.54062,197.5151
2-0.pngresized.png,579.0997,300.86462,-77.55011,589.3513,308.9156,-102.3709,589.9422,311.1793,-102.3875,590.58234,313.4988,-102.36297,588.92773,308.31223,-74.00068,589.0646,309.61432,-73.98578,589.1425,310.86075,-73.831,583.5544,328.4349,-149.82318,582.77094,325.39212,-18.76898,566.50604,309.85663,-91.14007,565.655,307.507,-53.80273,514.1294,341.4185,-200.82242,511.46652,331.6874,64.97172,423.81143,350.9627,-216.35742,430.05582,339.80017,99.63327,347.71725,350.28198,-195.20511,362.1658,345.40073,107.343094,328.72983,358.3041,-212.19257,342.15015,349.12286,115.46503,327.437,348.28476,-207.08746,342.81052,348.9365,106.86421,335.61795,347.38208,-192.5116,349.99078,347.14697,101.84222,348.38516,346.5882,-83.39033,354.9849,331.65387,83.67392,223.02164,332.6319,-83.581894,294.35056,292.55942,186.55411,98.95395,334.3418,-85.80738,229.38208,331.53696,295.113,82.30143,344.3807,-89.475975,222.86575,344.2863,303.7559,60.106346,296.39398,-140.73892,198.64368,321.54865,310.28564
21-0.pngresized.png,580.2938,304.28555,-45.37465,592.3793,310.98282,-69.73491,593.18915,313.0225,-69.70367,594.07074,315.18704,-69.69042,592.80585,310.74362,-34.212852,593.6882,312.3347,-34.18598,594.5336,313.8963,-34.14542,592.58746,333.0514,-132.86996,594.57605,330.67914,27.392736,570.64636,315.4483,-64.89602,570.7238,313.69916,-18.846184,534.33405,363.78827,-208.09279,530.77795,345.8876,125.51288,440.32358,383.8325,-229.54842,439.44867,357.54974,175.15883,349.46722,380.5385,-197.89667,360.53674,361.06586,153.83585,326.6366,389.875,-220.0592,339.05255,363.45627,158.79391,325.21912,377.2237,-214.32266,339.9712,360.26007,133.68806,335.48874,377.21173,-193.9516,347.74326,358.67926,140.29181,355.90634,358.43073,-105.74547,359.9188,343.01785,106.050644,206.42511,350.51535,-68.462845,226.69157,344.92728,123.51087,64.27617,369.3954,-43.105747,95.83101,358.29782,182.94914,48.00373,387.4742,-45.291603,78.77831,371.27673,183.8609,14.093759,329.8258,-111.30816,49.66967,331.1868,136.65286
23-0.pngresized.png,548.00806,252.82768,-12.098253,559.3342,260.86697,-29.80282,560.034,263.14655,-29.758858,560.78937,265.55258,-29.78959,558.895,258.5321,-1.077371,559.3552,259.00275,-1.0863483,559.7714,259.42645,-0.9947311,558.05707,280.85114,-66.535576,558.0828,271.33435,63.770664,538.44257,262.13718,-21.648663,538.22205,258.01575,15.63281,507.63156,308.3676,-141.22429,490.0989,276.05765,146.82019,437.36414,332.6004,-220.23964,405.76584,292.788,175.01877,356.1917,339.89133,-304.37436,337.53403,287.59912,143.15703,333.86023,352.02478,-347.76077,320.55313,287.1884,149.09764,329.13583,337.39417,-339.21915,320.23193,284.8912,121.66604,336.85254,335.18616,-303.42892,326.70276,287.16974,129.114,326.11514,306.81296,-88.851456,322.7798,283.32065,89.41146,187.69958,318.82635,-59.478306,188.77711,304.14777,69.262375,60.029118,357.68268,-28.376036,69.4709,330.85263,112.8332,44.914196,377.00772,-28.876396,55.127445,344.79172,112.89659,14.24581,327.66544,-98.17987,24.345371,305.2517,61.29879
24-3.pngresized.png,647.479,287.5458,-106.76379,662.9863,299.39935,-123.252655,664.04694,304.22256,-123.290535,665.19,309.17133,-123.51108,660.90204,291.52094,-91.822624,660.8315,289.6248,-91.823425,660.6574,287.66687,-91.650566,659.78564,329.21844,-139.06822,655.6796,300.42545,5.366646,634.6667,302.4759,-106.93529,632.7461,290.10834,-65.67662,587.60205,374.25735,-163.54129,569.18445,308.15842,93.92098,490.62485,425.373,-179.02089,458.46667,342.48978,134.09525,393.49588,467.15933,-193.91093,368.72955,342.2565,113.481804,372.72098,485.9605,-217.2748,345.594,344.6046,116.66744,367.79218,477.32648,-222.00177,347.32205,344.26468,89.710625,372.3104,468.0995,-196.88,354.15964,348.7126,99.92375,351.36133,353.093,-80.41479,347.60406,311.92322,81.25563,200.38918,360.57068,-18.838493,199.8592,316.66486,111.50922,71.88706,383.05795,88.539764,82.45135,330.91187,232.66086,53.09842,396.15576,95.84589,66.582054,345.28113,241.06111,20.226019,354.0093,15.736559,29.434923,293.06293,177.28487
25-0.pngresized.png,476.0374,229.03282,-34.505306,484.8841,236.75551,-55.569042,485.32233,238.67874,-55.66499,485.79855,240.69667,-55.818863,484.495,236.00604,-24.817928,484.58508,236.8334,-24.830744,484.61328,237.6324,-24.777924,481.15833,254.22061,-104.66218,480.7427,249.33206,36.870323,467.04614,236.17471,-48.9468,466.4871,233.40334,-8.160457,431.56268,277.9675,-167.80313,422.85706,247.88443,122.395256,373.1421,298.4238,-252.10004,363.24866,258.54053,178.98746,313.60443,305.57715,-297.1283,312.15704,262.23242,147.58145,297.02783,314.97885,-323.7607,296.0564,262.69702,150.27191,296.8078,307.14154,-319.7158,300.16013,262.74646,129.40245,302.70654,304.91895,-297.06934,306.11148,261.6774,135.23656,290.0155,265.33463,-89.8364,288.77826,244.37555,90.22487,192.55777,251.95886,-66.91444,194.72165,236.35123,115.445755,100.64227,269.46707,15.580408,110.38373,248.42377,190.32028,86.41967,282.74496,20.398579,96.416016,261.18225,193.9735,69.637825,244.26929,-30.509573,81.37924,217.2293,152.89763
27-0.pngresized.png,43.551052,279.8757,-68.198746,30.235474,287.93582,-59.677856,29.668037,288.2265,-59.63578,29.027576,288.36963,-59.71765,31.407381,290.6485,-90.040115,31.430164,293.80035,-90.09714,31.512972,296.94647,-90.08498,34.581253,299.857,-0.7420659,38.30044,310.00455,-134.09837,56.263725,281.75464,-42.566044,57.493355,287.35617,-81.160675,111.73406,302.63046,101.51176,112.48389,324.35443,-199.48878,204.64388,317.2154,144.2874,207.05202,339.4717,-234.62704,292.8145,314.7739,100.96215,300.51495,344.73984,-242.1048,313.0179,314.15485,100.25233,323.9986,354.20938,-278.55878,316.60962,311.00085,70.74478,325.51596,341.1391,-273.32962,311.0997,312.33908,85.30058,318.69147,339.4411,-241.01201,301.73206,297.08362,99.04697,305.5356,311.37354,-98.59511,437.79697,310.0046,117.451256,436.18298,318.08127,-55.452225,555.33264,320.70197,196.47203,558.8937,333.02344,38.8082,572.73663,334.44882,199.33992,576.5719,349.0493,40.328335,590.50586,274.701,133.37556,598.62164,285.24176,-49.26968
28-0.pngresized.png,630.5072,339.38785,-20.750332,643.18756,346.66718,-42.64766,644.0824,348.86703,-42.6267,645.03406,351.1584,-42.57516,642.7198,345.48325,-12.630049,643.1865,346.61612,-12.60639,643.6145,347.70593,-12.525517,640.8563,368.49356,-96.26355,640.5311,362.4602,39.90713,619.11804,350.35925,-36.01793,618.4011,347.1384,3.072991,576.8698,392.14844,-158.78499,569.17365,378.347,115.07163,480.6271,414.3099,-176.85883,475.39188,392.17117,161.40059,384.97937,413.29562,-165.96239,386.21124,398.026,168.16464,359.89642,421.46997,-190.85007,363.13818,400.4936,174.81422,357.2939,408.46487,-185.78438,362.95798,399.94485,153.56065,366.6263,408.51865,-163.3934,370.74213,399.04556,156.78285,379.32385,383.2815,-90.60237,382.70154,370.46625,91.02608,230.31703,380.45203,-40.69469,239.09158,378.95407,114.14349,87.154915,397.6758,-11.117581,105.82744,394.68027,172.55571,69.92811,414.60303,-12.488636,87.47561,409.4354,174.06325,38.757496,358.7152,-61.304165,61.39406,358.19766,140.76117
29-0.pngresized.png,640.27136,310.89557,-48.587173,650.4351,322.07465,-60.434258,650.42163,325.01068,-60.461243,650.4655,328.07037,-60.548195,651.07935,317.73553,-33.12383,651.67194,317.4198,-33.09108,652.19763,317.05472,-33.060616,641.9568,343.44864,-82.09914,645.89594,327.57748,40.669273,626.5216,320.97778,-53.895897,627.63153,313.2139,-18.994612,576.67267,374.6569,-149.7679,561.6982,318.87024,116.359825,486.02414,409.24838,-173.43382,468.6519,331.69046,149.80823,389.73413,413.70917,-153.14363,378.40268,327.33948,99.98638,365.2455,422.08823,-173.63638,354.6537,326.07495,94.06317,365.4924,410.76605,-171.7427,355.67206,326.73047,65.71132,374.99942,409.7488,-151.88397,364.69537,330.16364,83.705124,373.0362,370.71024,-86.891655,370.99643,331.4448,87.41815,217.61511,359.96255,-46.390606,229.08163,331.00735,87.54496,66.06933,366.2769,-6.066744,96.573685,340.16238,138.33081,47.012703,384.22604,-6.0216017,77.01588,355.75024,138.13368,15.740193,324.1676,-72.09142,51.12722,295.6998,86.38748
3-1.pngresized.png,623.64514,379.97946,-680.23596,629.7318,406.9488,-704.2997,623.37244,411.9274,-704.44293,617.00824,417.00998,-704.61926,646.9724,398.87903,-672.996,653.2501,397.72165,-672.87714,659.432,396.2854,-672.7073,606.0083,438.877,-675.5493,662.92914,408.99506,-543.21765,598.6675,383.7003,-659.3781,618.66376,373.7662,-621.0007,466.45844,466.71872,-604.21454,626.3151,373.8091,-366.45566,255.83463,468.71674,-654.62897,522.5802,352.1821,-72.1876,77.52081,459.44214,-654.98566,482.33517,309.64304,175.19165,30.263046,476.5295,-693.7322,485.15414,300.0462,202.48819,38.647457,458.69943,-731.4199,485.69794,297.22598,171.4927,58.920593,445.09766,-674.492,476.60898,303.1603,167.2481,309.89258,395.77136,-92.11691,380.03976,345.46304,92.40777,203.76797,354.45673,252.7491,239.25212,317.0067,401.73288,120.10652,318.38928,623.3019,157.59541,307.35718,757.3566,107.99219,320.89188,659.5086,145.12895,314.63962,794.91284,85.52614,266.1257,586.2726,119.60157,261.1366,736.7059
30-0.pngresized.png,141.98985,530.6986,-35.91718,119.47068,544.9483,-20.922977,117.75368,546.1688,-20.693886,115.898094,547.1412,-20.803207,122.24454,548.72235,-75.97676,121.9919,553.8884,-75.88582,121.797554,559.0496,-75.79552,118.95,571.5705,78.33456,128.08388,585.3492,-162.38055,159.25894,538.76465,10.152676,161.85445,546.26636,-59.800533,231.69135,611.426,260.8833,227.62425,600.62646,-286.3446,386.90118,638.9317,337.52786,380.42642,626.0489,-337.9839,516.046,651.84937,276.5058,533.87915,638.4692,-333.63654,546.63385,654.0985,294.75604,570.92865,656.1967,-385.08694,552.4089,647.3223,245.09952,580.23724,637.90674,-360.76862,542.9364,645.3192,254.22945,569.46533,636.8821,-322.31992,537.95636,599.3441,172.16675,541.8071,600.5462,-171.6618,794.2177,610.31445,167.904,790.5591,602.45166,-158.14897,1029.9524,624.0591,254.14575,1036.3671,618.61896,-71.872795,1057.2516,647.63873,255.50087,1067.1434,646.1716,-74.23026,1116.0537,558.544,155.6644,1126.9646,537.1965,-209.32608
32-1.pngresized.png,386.23846,184.42773,-56.29696,394.5247,189.63507,-69.2511,394.88965,191.07062,-69.23471,395.2959,192.59003,-69.260765,394.6876,188.76347,-51.750355,395.098,189.17934,-51.693977,395.45428,189.53479,-51.59393,393.61322,202.69931,-92.59698,394.4536,197.50766,-14.487999,379.5753,190.13101,-61.947567,379.76013,187.7814,-39.588654,355.68655,224.11539,-124.41872,347.5456,198.93968,45.802647,301.02942,247.05609,-130.25449,292.693,217.28815,65.73177,240.65648,255.26819,-128.41948,245.0105,221.58154,46.025803,226.53398,263.35565,-146.08049,233.61507,223.01302,46.238174,223.12874,252.70197,-148.54868,234.63087,221.663,31.277681,228.49132,249.51987,-128.9427,238.84879,222.23956,38.328465,228.63605,222.6321,-54.01989,231.48746,204.73889,54.382965,146.45499,224.28288,-12.095519,157.07265,205.39542,80.58578,69.83326,235.2533,38.186844,90.31124,214.18988,125.15773,59.76095,245.23288,40.14672,80.15038,224.0229,127.773285,42.89076,211.8829,10.371402,63.817875,185.90309,112.80756
33-0.pngresized.png,70.61116,286.75757,-401.5033,59.933098,287.0377,-372.74033,59.339912,283.04654,-372.6145,58.62398,278.85928,-372.61618,61.829002,299.90204,-389.72925,62.544445,305.3966,-389.59082,63.386963,310.89407,-389.63068,66.784805,279.92694,-194.29848,73.32392,322.81213,-272.058,83.25295,278.93207,-333.35425,85.79973,296.65472,-355.79718,148.56575,259.3603,-17.341671,142.26279,350.70816,-219.68611,240.68471,245.31699,14.406858,230.9874,390.84848,-229.936,292.77267,206.73203,-216.76447,313.7296,443.83426,-378.83377,308.667,194.18427,-244.92558,334.5481,465.12073,-400.52893,306.17133,188.45924,-296.82654,337.75534,465.93964,-449.65753,301.04083,197.01785,-244.39757,331.89688,453.3638,-400.86404,323.00983,270.96954,89.43046,324.4174,321.26437,-88.65253,450.59528,261.371,197.58223,472.93872,329.8412,-105.9635,558.05255,259.39136,466.18805,595.7787,341.92133,49.59403,576.0548,270.19766,483.81708,609.3673,348.97696,57.11598,598.0692,207.78459,369.75507,654.73395,332.9347,-106.6475
34-0.pngresized.png,47.08934,179.088,-0.97125554,39.137806,183.72835,4.2365994,38.86193,183.87051,4.276605,38.532364,183.92163,4.2062736,39.14461,185.36896,-12.847522,38.68029,187.20082,-12.85656,38.249218,189.0274,-12.820946,40.489567,191.99321,33.508812,40.757168,198.487,-39.711456,54.0537,181.96765,12.711969,53.831993,185.31252,-8.716312,82.865585,195.78014,79.331116,76.29057,212.38799,-78.800026,129.28241,210.54913,103.81395,121.0005,231.73439,-108.967125,173.79718,216.5337,88.958664,173.72346,233.77855,-107.73922,184.93787,218.28291,92.3974,187.5912,239.27179,-119.03203,186.62057,216.62813,77.75476,189.55473,233.19121,-111.82792,182.85211,216.58139,81.38442,184.81996,232.78589,-104.49999,189.69667,195.94637,49.660603,190.31871,207.84747,-49.42723,269.78296,195.03133,39.576447,273.5211,210.13257,-44.700695,340.82755,202.68619,63.699234,350.5957,217.05635,-21.15348,349.52032,211.22513,63.513817,361.3011,226.40279,-21.516594,368.2084,183.59526,33.761723,377.89767,193.42825,-60.042095
38-0.pngresized.png,100.48799,385.65576,0.42996067,79.8606,394.49103,7.054534,78.62769,395.00986,7.031674,77.309906,395.36716,6.9594984,80.44414,397.89145,-32.54353,79.313324,402.11905,-32.590866,78.28728,406.32126,-32.763683,75.48091,417.08066,68.95409,78.2522,431.31506,-99.88264,111.052795,396.3109,29.234522,111.50566,403.02368,-20.034641,151.90501,437.48676,132.5979,143.04881,474.0382,-131.3849,217.1844,457.26352,207.09088,203.13223,486.68457,-133.58946,208.10657,456.04218,180.38795,211.48111,480.06125,-9.316643,201.87769,458.36646,169.05777,209.25642,483.62766,3.6929998,193.59074,449.85147,162.34106,207.02629,483.25034,4.1320624,195.19798,450.18988,171.91867,206.32098,483.27994,-4.4693575,381.96973,435.4643,79.134514,387.1046,458.55768,-78.95818,563.75006,447.4282,66.74425,573.8479,471.75064,-69.53339,721.52234,468.891,76.71097,745.979,494.82913,-80.48143,735.97406,483.98053,73.06429,764.6506,513.17004,-83.976715,787.85474,440.30463,-0.10620078,815.2916,450.53,-167.65475
38. 57148598_s-514008a0.jpegresized.png,66.03672,103.41638,76.00002,64.09676,103.61551,81.68008,64.912766,103.74533,81.673134,65.725555,103.826126,81.66668,61.664307,103.753746,74.92468,60.661327,104.03814,74.985374,59.684917,104.332596,75.01642,66.41147,106.93925,107.835686,58.70041,108.38329,75.88919,69.646126,106.591095,84.01952,66.65724,107.08805,74.20786,91.90515,114.86591,96.04983,62.46846,122.24569,52.35764,127.84448,120.36584,98.402466,56.48157,141.53833,-35.22363,169.93106,125.7029,87.23161,51.314,153.50543,-116.32804,179.68932,125.660736,86.538864,44.47242,158.66998,-131.4599,179.61989,128.41623,78.78433,50.45859,156.89413,-131.5189,175.51042,130.3004,83.73304,54.79568,155.63858,-119.08158,133.41719,136.49564,17.33474,116.18026,140.70671,-17.025475,180.68759,140.61493,-35.28336,150.37073,141.9602,-89.94471,221.96193,155.32101,-67.9426,185.41856,175.37086,-124.4975,226.6366,160.49744,-73.2483,190.41847,182.24115,-128.09433,235.72139,152.7437,-107.158905,202.10078,174.26097,-154.87712
39-0.pngresized.png,871.52765,367.11935,-55.134377,886.57825,382.03644,-71.48756,886.7092,386.43933,-71.54555,887.0205,391.11057,-71.76044,887.16284,375.53046,-29.743668,888.01654,375.10214,-29.585865,888.6733,374.61017,-29.313667,880.72394,414.4464,-88.47808,885.2466,390.9389,112.53227,853.4916,381.57953,-58.378773,854.9846,372.0498,-0.9509635,794.55664,480.48624,-164.8109,766.4064,368.87357,231.37079,707.4541,554.587,-338.65555,651.9516,376.31528,296.02237,625.6421,617.0296,-548.6484,570.2511,352.84073,170.0131,603.5934,648.147,-609.3907,547.40204,347.07904,154.54326,601.8566,628.9581,-628.35004,552.882,342.1119,110.75532,607.10034,616.3928,-561.1679,560.0558,346.47446,144.33092,511.70135,463.54025,-122.57867,500.68417,393.18555,123.42616,310.43613,507.01315,-143.01254,331.2031,388.798,259.99615,109.66793,546.1578,-79.92952,187.56313,397.6062,485.54752,86.00666,561.25885,-79.77226,165.75465,416.9813,502.33127,30.746483,518.07764,-204.83498,125.21812,345.13617,419.51352
4-0.pngresized.png,649.3684,307.09003,-196.20914,659.3897,315.56436,-185.8207,659.7616,320.0546,-185.88837,660.2578,324.7628,-186.05896,658.0405,304.61606,-163.56876,657.7895,301.05173,-163.40326,657.42377,297.42676,-163.26251,651.783,336.7838,-122.810104,649.60114,300.54474,-11.319788,636.15155,318.96323,-174.1983,634.97327,303.5875,-142.49718,577.5158,383.02716,-129.34364,561.4784,281.2811,89.103065,485.60556,411.89673,-112.636475,466.45996,283.273,147.65034,387.1732,433.8318,-140.26971,376.8035,277.3204,49.37858,363.0701,444.7551,-162.1163,352.74664,278.41827,37.96942,356.78574,437.99347,-188.27303,352.9387,273.6817,-0.85825574,364.2894,429.7663,-148.79832,361.08337,278.03326,27.948698,375.14105,363.437,-66.902824,370.6096,298.26154,67.47764,222.1064,381.4168,-84.766846,235.38861,296.53888,145.06995,84.64425,389.3146,55.76062,128.67357,291.40915,395.39053,74.3104,393.31802,63.898083,117.18997,301.23117,414.29214,12.042128,373.92236,-76.70287,68.21354,264.53275,312.0745
40-0.pngresized.png,626.6164,304.33972,-108.3952,635.2614,316.90506,-109.44302,635.0358,321.30115,-109.46175,634.8991,325.89902,-109.58635,636.0153,308.11145,-80.86758,636.6345,305.8704,-80.845634,637.1504,303.5947,-80.735596,628.3179,340.55566,-87.67139,633.2543,313.1058,48.791096,613.6122,315.56137,-98.84741,615.27795,303.07266,-59.646908,565.3495,369.20187,-137.28017,553.2401,304.24692,158.15837,483.68753,401.47504,-182.86757,460.89017,305.78442,210.10674,392.71133,416.04538,-213.62209,383.14066,286.10648,146.42894,368.9432,428.72345,-244.79608,363.13364,281.88138,152.74759,368.66843,414.649,-248.04723,364.60602,276.48962,115.92641,376.9973,410.72345,-214.24562,369.61008,281.2544,127.62263,377.02173,342.51608,-88.339966,375.68085,300.69922,88.517525,228.26192,350.43872,-93.37023,254.19925,294.66693,147.48032,87.5288,356.0088,-59.54928,143.49069,294.65146,272.16574,70.79104,367.74896,-60.59996,125.11393,308.10944,279.1929,29.869148,322.85095,-156.84715,100.79492,254.53455,210.96854
41-0.pngresized.png,417.0949,190.54347,-38.89679,424.37982,196.74556,-47.641006,424.60983,198.61609,-47.676414,424.91498,200.62912,-47.811417,424.2398,194.17656,-27.184998,424.48923,194.00514,-27.095268,424.64618,193.79831,-26.951351,422.19528,210.94728,-58.43407,422.87573,201.32373,40.586926,409.2397,196.93643,-41.314514,409.33963,192.86063,-12.966896,379.946,241.89479,-102.78361,367.85757,191.38972,102.427795,329.235,270.88956,-174.45647,308.72437,193.02557,137.5301,274.8038,294.3605,-244.36351,261.09314,182.73135,77.01145,260.5779,307.2404,-267.8662,247.90582,180.70476,73.21228,259.3851,298.09235,-277.014,250.5937,176.94633,50.05533,264.0359,292.788,-248.87283,254.52492,178.7277,63.86802,243.15248,232.90982,-62.476562,240.7279,201.29395,62.858204,147.67268,243.7911,-64.98031,161.96019,199.02586,135.02713,52.63593,253.327,-30.383343,93.19222,203.18315,229.8971,42.391003,260.1468,-29.531963,82.99006,212.48796,236.94475,12.314391,237.2101,-88.874146,61.493225,177.96281,196.57292
43-0.pngresized.png,491.366,302.8417,-155.07062,500.32996,316.28613,-158.94292,499.3669,321.3097,-158.96922,498.46033,326.51718,-159.16623,502.59985,306.79242,-136.00174,503.53333,303.99033,-135.91946,504.3797,301.09436,-135.74342,488.89478,341.42578,-139.41064,498.1024,308.65924,-30.119799,476.73578,313.79907,-146.10912,480.2122,299.5078,-114.62362,410.4406,367.44836,-140.14714,432.16278,278.51758,35.998405,314.22952,382.202,-145.6693,352.75433,260.84354,88.93038,220.13837,383.17197,-140.2386,311.45636,228.66415,23.418217,193.12292,390.45645,-137.01181,297.60056,220.19783,16.64738,194.2127,381.17123,-163.18327,302.84915,216.42613,-9.288141,205.28658,374.50735,-147.56451,304.12253,224.07657,9.993867,245.47131,296.3463,-55.23553,263.8967,249.0675,55.614048,129.41443,289.44452,-7.413966,188.39906,226.8348,138.86292,42.899765,282.5327,114.10424,129.19093,219.09279,285.4585,33.54365,286.79004,124.95411,116.75228,225.85596,298.38358,-2.202006,258.03763,62.83731,101.154854,182.34552,261.77893
45-0.pngresized.png,716.3085,252.24796,81.29175,730.03723,257.0683,78.37753,731.60803,259.78494,78.36494,733.3273,262.62582,78.021614,726.88586,252.54309,97.360115,726.6984,251.85814,97.29027,726.3516,251.13818,97.61126,729.853,274.81763,87.76909,722.9641,259.6081,179.28911,705.5526,263.37372,85.95689,702.0119,256.00543,112.179596,683.1848,325.83527,35.433784,621.5168,276.2221,227.15196,718.60876,401.02536,-137.72523,523.0348,319.68808,342.32968,756.89185,457.15067,-367.43628,431.2077,323.07672,453.79126,767.9108,483.52725,-419.3846,400.0212,322.17184,487.58444,764.1021,478.7681,-426.7811,410.6763,321.38538,466.0244,758.4195,471.48965,-379.73688,423.48273,316.59662,445.44473,461.35355,364.21567,-53.618652,435.00098,319.7878,54.507626,316.68866,445.72214,-173.26537,278.08096,353.47397,-61.698154,135.70633,523.89795,-281.9523,105.87529,377.2192,-134.89372,111.52459,538.16565,-295.29126,76.53059,391.61575,-147.37053,71.34172,523.98987,-387.0941,60.662388,355.90634,-242.14864
46-0.pngresized.png,410.92133,198.16277,-17.88171,417.92163,204.08717,-30.77675,418.36145,205.45969,-30.746052,418.8405,206.89435,-30.723125,417.26297,203.29738,-11.239038,417.22968,204.08113,-11.206667,417.1743,204.8356,-11.131777,414.84222,218.10535,-62.00406,413.7325,214.12698,25.67533,403.21964,204.11835,-26.864601,402.45844,202.35648,-1.7620219,371.37225,233.64459,-102.459404,364.52017,223.48921,76.69117,310.0759,244.59665,-116.833916,306.40146,233.26341,104.00175,248.05475,247.83873,-122.68093,248.9628,238.25665,106.10866,233.46043,254.63086,-143.79803,235.23291,239.41512,111.51286,230.60419,246.00688,-139.77283,234.5363,240.20026,95.49368,236.38106,244.29596,-121.63969,239.0345,240.02232,97.87989,247.33589,233.35732,-59.264473,248.84526,223.82523,59.627117,148.95396,226.24374,-27.50665,156.57684,226.28938,59.623165,54.392467,237.67004,-3.9429538,70.064545,235.21779,86.68862,42.34103,250.11594,-4.3386025,57.919464,245.6251,86.68572,25.349846,209.14891,-38.175358,43.418533,209.06313,62.766285
46-1.pngresized.png,264.4831,124.67311,-63.300514,271.83563,130.60153,-79.16485,272.15198,132.22633,-79.19806,272.4918,133.89316,-79.23588,272.1117,130.01378,-60.00312,272.48822,130.71976,-60.00714,272.80988,131.35231,-59.962513,269.20316,144.81093,-112.10703,270.26508,140.86864,-24.79281,256.59946,130.59291,-72.72338,256.8211,128.56151,-47.719666,226.36313,161.09613,-146.2859,225.3875,141.61827,36.648792,165.77295,167.77028,-156.43987,169.52846,150.23636,59.143936,105.75382,170.55357,-161.88673,123.92678,153.93669,67.65898,90.31291,176.87169,-180.84633,111.48538,156.39604,74.24138,87.461914,168.22841,-180.00452,111.757454,154.31052,64.32044,93.61136,166.38142,-161.76294,116.04955,154.42422,62.34239,113.50661,157.71425,-53.990417,117.87563,142.79866,54.463776,47.279346,151.20255,-13.344684,54.048008,139.58493,106.21775,-20.177525,159.72456,64.58299,-3.0187192,147.58607,178.40741,-29.06253,166.90248,69.84501,-10.448765,154.546,184.4117,-46.767826,140.69193,43.62305,-30.379086,130.79257,169.2481
47-0.pngresized.png,89.64308,364.58524,-316.0096,75.089066,368.44556,-312.33948,73.60099,364.03513,-312.2586,71.98601,359.47452,-312.24472,79.98663,381.29117,-325.1415,82.08262,387.46817,-325.21417,84.31899,393.55045,-325.24222,79.77715,360.39597,-227.9503,96.149254,406.25372,-277.80435,100.99957,354.80527,-277.07062,107.63823,373.21072,-291.67792,136.63336,321.71387,-108.15347,183.43205,414.13412,-235.8356,198.8468,299.02197,75.34457,286.25293,418.23145,-224.53412,232.03241,257.96478,181.3243,392.23157,416.60806,-205.74402,245.33997,248.40839,218.92998,423.8813,424.3487,-191.6347,238.95894,245.3759,189.95724,425.52383,415.5528,-217.84415,238.48495,253.9432,175.0357,412.3486,404.71814,-213.34663,327.22623,289.27927,38.023945,350.89706,336.8891,-37.34796,400.4763,254.03401,178.91867,461.9874,315.19644,41.87596,465.90347,240.36052,371.83612,555.1474,286.96393,189.64258,476.86618,245.559,386.27783,565.93427,287.294,200.24133,501.40036,207.77403,345.59296,608.0612,261.6055,126.50797
48-0.pngresized.png,652.9286,330.75137,-79.07016,663.29565,341.3962,-91.12551,663.6201,344.8438,-91.08249,664.0258,348.42386,-91.04639,663.2205,335.98016,-62.36835,663.59424,335.31516,-62.27487,663.9099,334.56445,-62.195496,656.9332,365.13034,-102.813065,658.6267,346.12637,28.114391,639.90173,341.8733,-81.3794,640.21106,333.51395,-43.9018,588.081,397.08823,-166.80402,572.20575,340.6049,116.69783,492.6718,411.9538,-199.03284,473.68484,346.56122,147.87277,395.10617,409.48615,-212.96138,393.92297,342.50977,105.144554,369.9117,419.36487,-244.06078,373.666,342.99362,104.0464,366.5206,403.09573,-249.71112,373.76535,340.08618,77.37396,376.0735,400.1683,-214.73445,381.6596,343.05637,90.28708,382.1666,379.41086,-93.37439,383.08673,341.01147,93.84063,223.87003,340.32022,-62.51425,243.92354,321.66162,98.72817,74.956856,344.0763,-29.586903,113.8591,322.26935,154.7407,54.568684,361.54666,-31.164078,95.32331,338.46396,154.65422,27.775217,292.43143,-110.311485,64.74314,272.77545,102.00505
51-0.pngresized.png,960.2919,478.47504,-185.95801,975.8887,493.16504,-153.43568,975.10425,501.0069,-153.61086,974.4654,509.09976,-153.76805,977.23895,471.26614,-144.60701,978.20184,463.17197,-144.42291,979.03577,455.01498,-144.27618,958.75946,518.8514,4.2414637,966.8044,446.27252,63.14066,936.834,492.17477,-126.94233,940.0417,461.7482,-110.823494,848.04376,549.9113,3.9315999,839.83435,407.8951,230.33496,721.9652,593.64276,19.094412,697.9065,400.89093,287.4019,604.6934,654.9621,-56.45382,575.8409,379.47144,144.26195,572.9124,678.8349,-85.59325,540.08417,367.9482,147.06902,570.11536,676.14685,-133.06198,545.91174,368.90454,76.99278,580.04877,661.2074,-77.448166,555.9771,379.464,110.604095,563.0938,507.32877,-77.06575,560.42737,413.89468,77.7161,330.6566,539.46155,-136.80473,351.6418,425.16586,116.31584,117.20975,566.5554,8.192236,162.95146,448.37024,316.0456,90.813866,568.9496,11.760273,130.85045,471.54657,324.24005,28.336203,562.83606,-187.84721,96.43789,380.64716,156.84462
55-0.pngresized.png,77.22139,339.47168,-185.72089,59.851196,341.83957,-179.95604,58.40728,337.7423,-179.9085,56.815453,333.49683,-179.89125,63.28104,354.192,-193.47203,64.337746,360.23657,-193.50984,65.4662,366.23883,-193.55804,60.805817,337.62686,-99.38385,72.17703,380.52597,-154.54584,86.93796,333.5894,-149.08925,91.73354,351.49994,-165.76463,118.79408,323.14572,1.9707122,154.23534,401.34576,-144.42062,193.25735,297.5951,75.43168,263.89597,408.40485,-143.49109,218.25243,250.03537,46.8038,359.70395,412.90747,-133.32231,224.91383,235.20872,52.132812,386.19836,424.9972,-127.232506,220.78569,228.5276,25.445656,386.6304,416.78073,-156.658,223.89485,238.82448,34.984528,377.5909,406.98538,-143.5996,293.25418,287.44043,61.0461,319.98465,326.01236,-60.68485,378.49588,184.43336,17.920597,411.70117,201.42308,-113.98408,473.4515,185.39598,135.16893,492.30026,217.41109,46.62706,489.6343,198.4389,145.53886,503.1345,235.79086,64.52498,505.44595,139.19879,140.44464,529.54553,176.25365,76.99367
6-0.pngresized.png,108.95819,408.44833,-44.734905,87.91676,419.6599,-35.06431,87.41671,419.8057,-34.9561,86.8456,419.7375,-35.098824,87.79462,424.75354,-81.75887,87.05404,429.67923,-81.73106,86.440544,434.5548,-82.08106,91.12986,441.55396,46.33404,91.81149,461.05026,-153.20724,125.58528,417.4059,-9.839546,125.80326,425.59885,-67.40774,194.15135,459.64423,104.774666,177.6306,506.38132,-169.23099,240.17024,459.54123,194.27615,208.7972,495.09314,-137.96272,240.14383,477.75595,214.54568,162.89613,505.9264,76.95966,234.26,483.33026,218.20926,142.65073,511.49292,99.15211,230.82318,477.28986,209.51317,143.28911,516.3532,98.27369,233.0699,477.77917,208.19711,152.42155,513.6318,82.230034,482.66943,474.00537,94.51854,484.3654,500.1332,-94.425735,680.4988,465.7758,62.111473,682.99994,502.81253,-48.25942,861.404,485.7716,80.11585,863.3113,513.9368,-35.26265,880.4296,503.81195,76.95982,884.15204,533.00073,-38.167793,926.47614,448.74054,-12.782554,927.5544,463.6544,-140.06435
60-0.pngresized.png,71.41579,347.686,-175.77132,59.84202,355.97427,-163.3312,59.58146,355.4681,-163.2432,59.19557,354.77322,-163.30908,61.475914,360.52322,-196.38617,62.20374,364.27728,-196.38045,63.06444,367.97427,-196.41234,67.91879,365.8649,-73.06684,73.88284,383.44363,-216.24493,85.54,347.62692,-136.6471,87.69008,355.8701,-178.47186,148.96582,350.33023,62.483036,156.25153,411.90802,-236.03578,221.41556,330.62973,273.56824,248.22186,446.33057,-247.02193,239.98303,287.4088,344.69385,341.79144,465.79337,-248.33221,247.15909,277.19202,364.1865,366.68796,483.85757,-249.01732,240.75043,271.3178,327.5987,367.80258,471.86545,-272.81805,240.56471,277.80972,329.4687,358.25955,462.90674,-255.27385,348.13492,341.07132,99.44733,355.62515,375.69626,-98.7253,471.90973,314.59647,200.5633,504.95303,377.57785,-76.049164,591.18414,309.8055,344.07156,643.84045,375.86115,0.59136486,610.1907,321.91217,351.7693,661.1305,389.094,4.253548,632.07196,259.5385,306.63278,699.7133,333.5537,-76.522514
61-0.pngresized.png,458.23148,205.78343,-97.530136,466.00607,214.42941,-99.423485,465.86316,217.4913,-99.38946,465.80716,220.63258,-99.39143,467.19125,208.55904,-79.575676,467.93472,207.2691,-79.545204,468.5852,205.9479,-79.49156,461.93427,231.9809,-84.61015,466.9612,212.23317,6.519052,448.19797,213.85788,-91.85914,449.86264,205.56273,-65.60255,414.85373,261.27792,-120.85866,401.9674,210.62556,94.374146,357.12225,293.16434,-151.32942,338.11896,213.3307,121.726395,300.51163,320.40277,-216.5537,294.02188,200.61136,55.08935,287.40497,334.6487,-242.38469,284.0184,197.56679,60.23563,280.795,325.53177,-257.7991,282.5879,191.81677,31.528257,285.10648,319.4075,-222.65347,284.69412,195.90309,41.04008,280.9567,271.15393,-70.1154,278.28754,238.12242,70.47397,176.24518,265.13992,-57.972256,186.93576,221.83699,103.005035,86.03546,272.51935,35.668674,104.79025,219.84372,185.73328,74.52703,281.0122,40.90064,92.31751,229.92825,190.79079,51.006275,242.736,-24.643507,71.95956,184.68323,144.0558
67-0.pngresized.png,415.676,197.60208,-18.92475,424.58078,202.54085,-35.417034,425.12714,204.06453,-35.445496,425.71594,205.69373,-35.55997,424.42725,201.96368,-11.41179,424.864,202.70909,-11.410923,425.2537,203.43787,-11.356589,423.969,217.3815,-76.229774,424.40054,213.67346,35.169918,408.40067,204.6113,-30.837578,408.13092,202.7243,1.0847712,382.48474,244.38031,-134.16722,375.66135,218.7238,102.24666,326.6529,264.04092,-193.49977,314.65997,232.16057,142.59454,267.8395,274.67078,-243.07149,264.65283,237.50996,118.13307,252.50673,284.02094,-274.9579,251.38255,239.87933,118.92253,251.89882,274.47818,-270.67584,252.97958,239.11234,98.18856,257.11813,271.99417,-243.13042,257.53693,239.23692,106.90121,244.8642,236.03589,-70.713394,243.27974,217.61298,71.03948,148.08662,238.80252,-44.46375,148.18831,216.33899,74.675766,56.539433,256.43613,-4.616014,68.40146,228.94312,136.38046,44.625904,268.14185,-4.0529537,58.41884,238.71959,139.26587,21.839811,234.74045,-63.08998,34.973896,210.17424,98.08428
68-0.pngresized.png,781.36304,436.2724,-605.2928,797.1142,462.75162,-640.83276,792.6037,468.8887,-640.9066,788.1525,475.1717,-641.1284,811.41,455.0016,-597.867,817.2853,454.28754,-597.57983,823.03864,453.32965,-597.42487,780.77454,505.1048,-657.68097,827.5916,475.51907,-469.10458,755.8448,449.13516,-599.608,772.4607,437.242,-545.9035,625.4414,560.72845,-636.20654,763.1745,442.39777,-296.18298,406.99857,550.74255,-648.2056,591.5257,414.24475,-97.23476,227.96617,535.7668,-616.8439,445.38416,370.52625,10.792601,178.27715,551.4704,-660.2458,418.73376,361.44006,43.253975,188.57314,528.79425,-683.57306,410.73676,351.65497,-8.951286,212.6638,518.69305,-625.9861,410.8928,366.73645,-4.6942635,357.5811,481.12833,-127.924225,429.56638,423.65286,128.6006,202.63702,416.48068,240.9052,320.2084,404.3866,517.43384,73.49697,383.659,596.18646,219.5727,434.7148,879.3659,55.19031,397.1589,629.654,204.03197,451.85623,915.84,22.217243,304.2625,556.56793,171.14397,385.28848,897.61115
70-0.pngresized.png,736.19275,375.31503,-203.23337,746.4051,381.14758,-177.99715,746.97565,386.55737,-177.9425,747.7089,392.1695,-177.90112,743.9694,364.52374,-174.77518,743.03674,358.86212,-174.65654,742.0224,353.19513,-174.68536,737.4565,400.48297,-27.794996,729.94257,346.8959,-10.5616865,720.93097,388.1769,-148.18358,718.07086,366.94824,-143.59668,648.62427,448.5269,63.36129,642.27454,316.52017,56.345318,558.27313,508.68665,51.087547,541.2132,265.4761,-19.67666,491.9666,590.2418,-136.21446,465.0187,200.78812,-267.54514,474.14062,616.83765,-171.35231,442.68573,173.81885,-307.92734,476.09296,617.4763,-227.34998,447.0079,175.6811,-352.07657,479.3581,604.50793,-165.08809,451.80502,189.84583,-293.92282,437.52075,435.01483,6.7649345,436.58377,350.35382,-5.9510703,253.96242,442.34027,-62.041035,257.31668,342.99124,-85.57215,86.43563,440.6287,91.22914,96.107925,339.9752,112.75143,66.573586,432.56906,94.013466,78.12699,346.974,116.990715,26.675705,453.1988,-90.360146,34.232662,326.58774,-74.393715
71-0.pngresized.png,392.3246,190.148,-36.104614,399.55386,196.18594,-47.91008,399.73737,197.65294,-47.925552,399.97565,199.21841,-48.011345,399.83762,195.07773,-26.616585,400.31622,195.46849,-26.57393,400.7199,195.81184,-26.480883,397.1132,209.47708,-69.40275,399.336,204.61716,30.656258,384.62125,195.72644,-42.109844,385.23737,193.34314,-13.508436,357.96677,234.37068,-121.793564,346.72958,200.0204,98.85504,306.99774,248.78532,-195.81253,289.1573,207.61986,143.64503,255.73251,253.50824,-248.50732,244.94852,207.62038,107.36134,242.04677,260.84393,-273.47958,233.34338,208.80286,106.79967,240.86147,252.81743,-277.5678,236.0934,204.7075,88.38274,245.83636,250.92839,-250.97481,240.19502,204.57127,96.93717,232.40356,226.967,-65.313194,231.19467,203.43178,65.55491,139.5961,226.30394,-67.38095,153.92746,198.68431,107.76286,48.099648,235.05695,-58.660225,82.89277,204.18246,178.63461,36.70094,244.64183,-61.601944,71.13429,215.00551,182.06258,14.301961,209.97961,-121.67083,56.542286,172.9056,146.19545
73-0.pngresized.png,490.56836,252.60202,-51.805275,498.0184,261.6091,-59.473846,497.9971,264.17297,-59.47832,498.0489,266.90775,-59.60054,498.23315,257.29297,-32.359898,498.6357,256.60553,-32.36219,498.95468,255.8946,-32.278687,493.75854,278.54242,-66.18782,496.3916,264.59464,61.169518,480.91785,259.5828,-52.960297,481.8392,253.42113,-16.41643,446.18634,306.44757,-115.50863,435.30444,254.31433,142.7333,383.86823,325.85358,-160.90169,363.67218,258.26855,185.81248,314.58588,335.06073,-209.47867,304.3266,245.23682,121.455475,296.03043,344.80856,-242.51477,288.59088,243.45317,123.08019,293.52075,333.49194,-245.3447,289.95013,239.19923,92.28264,299.7638,329.37628,-211.5042,294.80618,241.6427,105.49239,299.33566,285.49908,-73.99548,298.1781,251.45201,74.37933,185.74565,293.32666,-79.402214,202.16261,242.33525,108.81236,77.45916,293.86002,-39.53855,113.42409,241.93166,198.75655,66.65879,300.65,-39.06078,100.584625,251.70955,203.73242,28.12364,270.23807,-125.50239,75.86161,211.70709,137.79677
75-0.pngresized.png,665.32446,319.35992,-34.26036,677.441,329.98895,-60.272663,677.87585,332.62137,-60.30756,678.35675,335.37982,-60.432648,677.53906,328.6897,-25.313696,678.01434,329.73505,-25.36063,678.411,330.6922,-25.2667,672.0553,353.28345,-118.26267,673.79297,346.37814,41.62882,652.14594,328.74957,-50.432636,652.2724,325.07568,-4.4350967,606.0794,384.8151,-185.20473,589.338,347.14856,134.76166,527.6616,408.82468,-291.30743,502.61966,358.24545,197.53278,447.59344,418.39377,-391.65485,423.916,357.58768,196.67073,422.77164,430.8538,-436.25388,401.44574,356.87546,206.96207,421.80035,415.69806,-428.199,404.0072,358.25943,184.13513,430.15088,412.8097,-391.40414,412.15897,358.69708,184.5018,411.42636,381.00476,-95.14436,409.9849,353.28748,95.7562,280.653,363.66672,-70.71005,279.89038,347.78723,114.421715,155.33624,388.22916,12.284627,163.88962,357.4628,193.42691,138.95595,403.6471,15.915326,148.10239,368.18915,196.27007,110.11063,361.34122,-48.284477,119.839485,334.31384,142.326
76-2.pngresized.png,562.2006,335.59512,-175.12253,570.7619,352.64783,-191.94487,569.26825,357.02692,-191.94456,567.7858,361.61926,-192.04002,573.78766,346.45898,-164.9262,574.81757,345.44305,-164.90121,575.7858,344.28824,-164.76881,554.5959,381.0228,-208.84538,566.81616,357.62613,-83.167015,544.2996,345.44446,-177.59462,549.0325,335.30014,-141.67265,457.78842,403.5952,-200.0807,501.2558,315.9743,-25.305023,348.5372,382.71997,-191.77202,417.0278,284.6473,9.007529,247.92068,373.36234,-170.17624,354.31113,245.35992,-25.95363,221.35783,380.04984,-170.86195,339.53543,235.30133,-27.688139,218.1935,372.6954,-196.45758,340.9083,230.2358,-49.05571,229.03275,365.6361,-178.43239,342.4662,237.45174,-38.1278,291.26868,311.3292,-47.314644,316.7062,263.882,47.920193,159.85852,278.39343,28.720852,197.61856,230.45723,125.22457,56.00902,250.04913,157.97955,104.1106,211.35722,269.46057,45.89474,252.36876,168.11252,90.74626,216.13498,281.9105,6.519102,212.76051,111.00232,63.90856,176.76982,239.47244
80-0.pngresized.png,557.7636,197.59532,-162.862,570.4476,208.49907,-166.02533,571.6252,214.338,-165.92542,572.98254,220.27087,-165.90103,568.3751,196.14119,-147.48247,568.12915,192.30746,-147.39914,567.7281,188.43806,-147.33414,568.99567,240.63396,-127.353546,563.08875,196.47574,-39.772324,547.0771,215.58606,-147.17021,544.49023,198.02565,-121.73362,529.2951,297.24152,-84.879555,501.88647,196.22107,20.52431,546.9138,382.7112,-107.51188,487.14703,172.49101,183.90353,570.07416,460.9789,-187.89381,482.98615,136.5245,297.70944,579.76996,488.76166,-202.86328,478.6484,126.68657,305.30188,577.0437,480.84763,-232.85217,482.839,131.00693,294.82535,569.0468,468.7431,-205.72554,483.26648,137.31647,292.17447,355.0129,325.08533,-41.766163,337.4603,268.05035,42.228523,220.03468,362.60947,-48.545547,213.12099,300.65326,31.039331,107.174576,392.584,30.847195,105.28801,331.0485,119.81453,100.36246,398.07736,36.392246,94.24352,348.39877,126.38891,29.977596,388.8617,-39.325275,38.768173,302.94656,58.129387
84-0.pngresized.png,61.825737,231.04045,-41.928947,51.29132,237.76247,-28.01891,51.03403,236.8375,-27.999083,50.680187,235.72475,-28.108913,51.87305,243.80826,-56.612812,51.85931,247.8097,-56.575077,51.903492,251.76692,-56.56158,54.38028,247.29558,51.726826,57.15703,268.04678,-76.05187,72.723206,232.61073,-8.595363,73.3972,241.1533,-45.95042,120.48477,242.08981,130.95642,110.61527,297.9124,-127.307014,190.47935,233.15364,177.95665,180.93349,336.19366,-242.51453,256.5568,212.19139,131.35966,255.81172,360.96478,-340.1043,274.01273,204.00525,134.27014,277.9055,379.64035,-362.3817,275.59793,206.33763,106.72577,280.57968,363.94803,-370.7248,271.26218,212.21355,117.423874,275.3832,355.51654,-342.23526,290.01123,245.46913,86.59393,290.37097,280.77014,-86.16199,416.7952,229.09854,73.786674,424.45172,293.3278,-101.79595,539.52985,241.21034,109.72589,546.2733,328.5752,-73.409424,559.4449,256.85992,108.50605,563.05884,343.39307,-75.180534,575.7727,191.66223,55.30953,591.54156,303.57874,-152.54324
85-0.pngresized.png,53.459724,223.50673,-33.41637,46.182823,228.37085,-22.838234,46.16457,228.79082,-22.845623,46.104023,229.13493,-22.873737,46.11689,229.60152,-47.459377,45.812183,231.4703,-47.475784,45.5374,233.35237,-47.55604,50.271706,238.77045,23.3179,49.989887,243.89316,-85.28493,62.412888,227.19191,-14.1310005,62.1294,230.2667,-45.573494,99.38135,251.46812,88.96414,96.70427,255.49329,-136.29759,155.39183,265.62958,124.94593,152.80212,270.5015,-167.43301,208.13972,270.9789,93.861435,206.39806,271.15033,-158.36385,221.74734,271.42557,96.41202,220.52072,275.06717,-176.94653,223.53482,270.92133,76.92996,221.95592,269.98944,-171.16206,219.34335,271.73886,83.74601,217.04973,269.52704,-155.42134,219.80838,249.92467,73.22726,223.48262,254.36464,-72.9259,299.78494,251.67207,97.54343,306.9506,240.6809,-65.70316,367.90875,263.22595,151.89706,366.44446,268.8104,14.512498,376.23608,270.89716,154.26785,370.85327,278.5191,20.648033,397.29355,247.06339,121.318436,398.8555,258.7627,-16.408018
86-0.pngresized.png,560.9311,261.46674,-32.790977,569.71405,273.06332,-40.25311,569.5549,276.48593,-40.255802,569.4523,280.0399,-40.404552,570.4125,266.66833,-12.074748,571.0689,265.4781,-12.053144,571.65015,264.26804,-11.90159,564.1631,294.32486,-41.662804,568.89197,273.7695,88.17911,549.8466,271.04202,-30.506132,551.4962,262.1548,6.1641684,512.843,318.1516,-101.33301,500.06503,274.51263,165.62979,446.62994,348.38843,-179.37662,415.3616,301.78412,182.69489,373.09915,363.1013,-259.28036,339.35373,303.55054,111.7079,354.02704,374.4105,-301.99457,319.7677,305.69214,107.79296,352.19196,363.95358,-295.65997,320.77896,302.1199,78.6124,358.37527,361.25305,-258.92395,328.1265,303.38406,95.6199,330.1476,316.11768,-78.837746,326.4581,281.87158,79.4706,186.427,323.94095,-66.09635,191.59676,283.94684,56.749847,44.64195,346.81677,-37.91981,67.656166,302.3747,108.38642,27.777779,362.36578,-39.261513,51.53184,317.94864,108.26039,-7.4658213,317.40967,-122.341125,19.823051,265.3999,44.012886
90-0.pngresized.png,106.42689,342.2229,-41.196453,91.875626,351.88913,-35.402065,91.30726,352.2309,-35.313538,90.65433,352.40668,-35.36687,92.9276,354.98746,-67.63647,92.72477,358.51224,-67.68499,92.59375,362.04428,-67.696434,95.9089,367.28662,16.421497,99.483376,379.66284,-124.55214,120.054276,346.3345,-16.996655,120.9992,352.70068,-57.79675,178.81406,373.91736,108.14164,173.91576,400.2098,-185.19165,272.84195,393.78082,160.90865,267.72903,426.40802,-204.89227,358.7514,389.04486,132.51678,363.84857,423.16385,-190.3841,379.56784,388.69876,135.86171,390.18457,430.94855,-214.58162,382.02087,384.33347,108.50016,390.85812,417.22403,-208.9221,376.3752,386.22098,118.52653,382.86206,416.24637,-186.00333,388.1894,371.20117,98.123634,393.3176,389.10788,-97.71676,522.0107,373.72528,124.59615,543.2878,393.60135,-81.65081,640.3492,389.5914,188.89037,684.3121,406.69818,-38.270218,656.843,404.7113,190.75223,704.29816,424.0842,-40.516888,682.3816,345.92526,143.48099,731.6022,358.35657,-122.417
92-0.pngresized.png,639.54974,334.3168,-104.5132,653.2524,344.4329,-120.01456,654.267,348.30606,-119.991585,655.3326,352.36218,-120.12094,651.09515,337.82047,-89.74319,650.6197,336.7477,-89.752235,650.04004,335.57,-89.60193,649.8263,369.86252,-117.15102,644.4525,346.47797,29.807295,625.9263,346.0792,-100.97923,623.5534,336.79077,-57.963352,577.4306,414.75864,-133.12598,548.23175,334.8061,147.03104,540.0398,525.78015,-303.51328,460.44608,316.24216,263.31152,494.33984,530.8657,-454.49286,427.04227,267.30124,229.10312,488.27313,545.03674,-494.61588,418.08728,254.75632,223.20857,492.862,530.02313,-506.8129,427.2871,258.57303,199.49208,490.7782,525.5868,-464.6539,429.23486,265.9424,216.38138,331.94867,356.9493,-115.246445,337.73737,314.31073,116.05835,250.4882,182.09698,-182.71138,247.31444,188.85062,74.38981,77.1113,194.83446,-96.977066,78.53999,212.15472,130.03613,50.4814,216.97472,-90.36584,51.603836,232.97845,129.93376,38.410366,138.8952,-140.09471,35.117657,163.29713,70.35762
93-1.pngresized.png,96.820625,199.1083,-153.01031,93.169586,206.92427,-153.97238,90.506226,206.86237,-153.95007,87.783325,206.83688,-153.94127,101.0132,207.94934,-156.72278,104.35426,208.8204,-156.78299,107.69685,209.62958,-156.87193,88.08246,208.01175,-125.829124,115.81404,211.82515,-135.84515,95.25391,194.67047,-138.94334,105.24004,196.20134,-141.56061,79.49544,190.32962,-91.20833,143.70872,193.98544,-99.097084,63.131332,175.57062,-26.69,162.89969,169.7716,-45.534496,57.033157,160.86127,4.8166313,186.43169,156.25528,17.239159,55.414085,158.54137,13.871603,193.71257,154.46039,32.664013,54.243294,159.13785,4.6004148,194.52298,154.82736,18.046251,57.446823,159.47525,1.8845328,188.89507,154.26102,13.300907,105.718765,114.98395,-1.7241925,139.33392,116.66402,1.840937,106.85707,68.72333,22.703905,153.47949,68.56108,16.656214,105.50326,36.192936,97.87426,160.92519,44.05998,105.576515,107.90386,33.185272,103.66999,160.70009,42.350384,113.42734,104.969475,13.630096,75.41373,166.03284,22.304588,90.79842
95-0.pngresized.png,80.820404,257.11975,-174.75851,69.05928,264.10388,-162.84549,68.5995,262.4933,-162.7895,68.086815,260.71625,-162.85544,70.55987,271.30643,-190.99529,71.06132,275.88312,-190.99399,71.643166,280.43262,-191.07565,73.50128,271.22464,-77.56099,78.98305,296.50278,-196.98055,92.03341,256.39243,-139.21054,94.0984,267.30704,-174.09727,143.48685,264.2875,28.505447,148.43059,317.17017,-223.23766,223.82185,278.89923,87.8538,241.1568,336.47644,-224.30583,286.8084,281.08896,51.820427,332.2253,344.7777,-200.16653,303.41547,282.75568,52.329937,355.86014,356.3005,-217.11946,304.04276,275.1379,25.010807,358.22458,343.9477,-227.56607,299.92065,277.94226,36.653606,349.56897,337.37006,-203.15051,311.84277,265.13797,76.680824,317.6085,291.40247,-76.35066,415.43475,258.02823,154.30965,426.95233,290.43063,8.133098,512.71155,270.1412,256.53308,527.06,299.5592,116.36441,528.4962,282.77057,261.34583,541.72894,312.04037,123.39758,544.6489,230.54301,208.9763,565.7871,267.42365,52.825096
