1-0.pngresized.png,357.29404,199.53308,-79.144226,359.794,208.06755,-84.37795,358.4413,209.86588,-84.40022,357.194,211.77507,-84.41205,361.87976,205.63104,-71.80173,362.0218,204.86101,-71.83123,362.14835,204.07495,-71.71347,346.1924,215.80417,-84.25427,353.29276,206.09251,-27.666021,344.85535,199.37566,-79.08479,347.54596,194.42357,-63.49355,285.0477,216.889,-124.54846,292.67096,190.48143,13.267843,194.9318,235.75385,-119.383194,206.48108,208.84589,-1.463957,128.01369,209.72615,-99.56706,141.87538,198.43182,-9.947719,110.3026,210.69844,-115.71387,124.50996,196.10112,-8.864762,110.09525,200.03415,-114.63843,126.05107,198.89719,-19.641327,118.41637,198.16592,-98.606514,133.65077,200.92557,-15.389545,141.968,222.02321,-50.524582,151.48802,202.01643,51.001816,44.484985,214.26707,-76.560844,64.93591,161.08981,114.84995,100.66611,237.85759,43.818985,100.82433,229.94109,126.28312,119.00236,234.63911,59.10225,116.23309,237.6192,128.86945,98.25896,256.74365,108.54481,86.826164,254.97836,155.5663
10-0.pngresized.png,500.59515,254.53313,-81.36965,501.7702,263.3511,-92.31638,500.46204,264.58856,-92.31394,499.23935,265.884,-92.32509,502.87347,261.12845,-69.59045,502.447,260.7807,-69.62793,501.9955,260.45087,-69.58431,488.9386,268.63803,-112.027336,492.54114,259.50168,-9.149856,489.85242,251.9758,-86.64184,491.57196,248.44263,-57.157,435.56946,266.36697,-163.35153,439.30392,237.67668,57.743084,355.4608,296.85083,-169.68271,358.23367,264.38547,58.080994,284.63553,294.59872,-157.2627,289.9598,276.3322,17.895996,268.4045,299.66318,-187.31367,272.92374,280.5413,17.953255,266.58417,291.12375,-175.63237,273.8496,281.67392,-11.094662,272.75443,288.64166,-155.27696,279.88657,280.35565,2.97196,278.48022,265.00192,-76.52199,280.68228,248.55812,77.21268,172.58983,265.48868,-22.382378,172.46437,252.77263,107.19321,66.58488,269.56992,58.12967,74.26012,268.20572,174.89626,54.046104,278.65143,63.158367,62.053963,280.0631,178.73926,30.779676,244.63477,8.716519,38.432705,244.4129,131.64275
12-0.pngresized.png,340.89517,185.85356,-79.68391,336.31497,194.64734,-84.041275,333.65195,195.10938,-84.07243,331.06693,195.65034,-84.21883,340.355,195.45929,-63.572952,340.83813,195.93495,-63.594448,341.27814,196.5129,-63.339058,318.3663,194.8071,-98.95769,330.97006,196.78262,-6.75378,329.4114,178.36342,-87.4418,335.07535,177.96565,-61.235546,273.5626,171.46533,-159.55634,287.41232,179.259,72.994896,204.2458,189.20193,-161.46902,230.81212,200.17554,94.25037,135.0326,167.40274,-113.66008,191.03595,181.77718,107.70763,115.60186,170.67099,-122.58859,177.65405,178.77864,132.2109,113.920296,160.38408,-117.73153,175.91035,175.30385,107.44691,122.14283,160.57468,-108.57453,180.40762,172.506,98.44856,163.77724,170.54086,-72.64315,176.20947,173.28818,73.18928,108.400314,170.44379,-139.96881,173.4878,160.49648,88.0851,128.45012,169.8216,-94.09799,127.99464,167.76744,24.864056,136.12328,172.5197,-85.06152,124.83701,173.46857,18.820595,126.32732,164.88538,-37.750786,107.082054,168.81822,25.33532
13-0.pngresized.png,12.790578,311.45975,-120.136475,7.303913,316.1698,-107.022385,7.5910215,314.83105,-107.08615,7.7938075,313.3629,-107.190216,7.74121,321.15146,-126.94913,8.367952,324.0747,-127.02232,9.056421,327.02347,-127.10942,18.405361,313.91238,-33.798927,20.070623,331.06653,-119.03584,26.252655,304.92566,-91.24186,26.958439,313.0773,-115.97764,97.4877,302.6611,61.310085,84.40691,321.86273,-155.76103,189.04803,334.459,83.04364,179.72107,362.9023,-171.35953,251.60535,352.25912,43.149242,260.1052,376.5724,-144.06204,268.24866,358.0102,33.04283,279.50082,387.61356,-160.88197,267.07874,354.8421,16.182686,280.15747,378.45837,-162.25723,261.86865,352.0578,31.508219,273.6542,375.10254,-144.78654,273.0606,294.79245,75.372116,264.02756,308.19574,-74.91086,417.6565,321.33966,68.64179,410.42566,329.63815,-75.591095,542.5234,341.096,121.455956,543.1816,340.28036,-7.119958,560.86774,352.04865,120.73658,561.92145,349.78665,-4.761507,573.97656,318.89264,47.112335,582.37445,315.69122,-87.09466
14-0.pngresized.png,462.82022,287.18832,-63.98201,476.60358,289.34216,-65.30201,478.99707,293.56796,-65.43491,481.393,297.8689,-65.524445,470.97888,280.9926,-54.308018,469.2803,277.92755,-54.307762,467.50082,274.87943,-54.39125,480.69836,309.89075,-44.22813,462.23517,280.45428,14.62112,456.4731,301.9982,-54.73179,449.30154,289.84476,-37.090916,435.82812,350.7538,-25.107412,424.34015,283.77396,14.497958,397.28857,371.988,-111.10457,362.52774,265.49115,-12.67685,473.93427,361.31677,-225.50021,427.79605,263.2572,-45.631454,493.8201,353.24744,-247.7682,443.24713,263.15518,-42.709656,505.7729,358.05017,-235.78246,457.35156,259.86743,-41.19086,497.24146,357.466,-222.81252,451.45172,263.89563,-46.245808,269.0238,321.4955,-2.808384,272.9105,292.62134,2.9368644,182.17238,312.0732,10.56372,195.03427,288.44345,63.916737,180.8324,313.1534,112.80802,189.07472,301.71222,155.8033,185.66786,311.8045,125.707405,189.57884,305.72763,166.09406,157.96571,314.1334,144.91919,168.1259,303.95126,182.48518
14-1.pngresized.png,655.35626,359.0805,-70.54701,656.6062,371.87677,-79.607285,654.81494,373.08472,-79.66828,653.1283,374.3453,-79.73331,657.8753,369.17776,-57.84133,657.35895,368.3639,-57.887928,656.8294,367.5889,-57.73435,639.58875,374.64197,-96.694336,644.84015,363.03983,0.15838742,641.69806,352.12283,-74.530624,644.4126,347.7896,-46.81395,577.95703,359.23022,-147.4291,575.9193,333.3086,61.49414,473.39355,404.58,-136.4789,470.4337,378.47443,73.42514,378.00143,411.1148,-118.9306,386.55222,396.3824,61.942566,356.88083,418.07132,-151.17726,367.5959,402.915,67.88252,354.2815,408.20343,-137.08284,369.88586,403.60583,36.290928,361.77505,404.05682,-115.38952,375.29242,401.75793,47.637066,380.77368,369.10077,-75.6321,381.317,351.99533,76.655075,234.31613,378.2771,-13.812278,231.2405,365.47058,78.49929,91.79626,390.21823,65.85666,96.83655,390.5372,126.21209,73.94374,401.64258,69.98047,76.76497,408.19626,127.91385,48.466755,360.3041,6.563274,58.83745,350.28177,70.21461
16-0.pngresized.png,137.43509,585.5586,15.736863,115.74225,600.8171,2.9670289,112.4822,599.3519,3.1715658,109.05591,597.62695,3.2304075,123.212715,602.2232,-9.14174,125.16099,603.71045,-9.0600815,127.2787,605.05585,-8.977281,107.19845,579.8419,21.384386,131.02646,589.7428,-19.489708,144.72289,560.2473,33.02991,155.19258,565.00586,20.88852,206.7729,500.2259,121.71282,201.45616,513.0976,-155.07391,400.95096,575.92883,168.12332,373.00223,598.3795,-179.45663,570.8424,618.1105,237.38806,556.8052,625.0913,-155.31596,616.29425,626.55493,231.87856,608.43713,642.5621,-151.60489,618.9262,626.9156,210.76466,611.1322,631.94495,-158.82756,600.0184,619.6492,228.21312,589.63153,625.1324,-152.61493,578.39233,457.52283,133.4883,566.0738,470.0383,-132.51678,790.55457,484.16074,127.99323,871.22894,555.0234,-266.57947,745.24036,585.4414,342.71582,718.3277,640.3916,94.20834,720.84094,592.12354,362.9191,676.35065,644.7905,137.14372,766.4852,626.9112,386.43195,736.4768,669.71716,258.6297
17-0.pngresized.png,44.96552,214.11453,-18.415161,39.759876,216.48758,-16.004684,39.59202,215.57422,-15.997726,39.376163,214.52014,-16.038784,40.969704,219.18227,-22.594578,41.49307,220.56856,-22.627264,42.074474,221.95862,-22.638266,44.64557,211.39665,9.20418,48.298702,221.64104,-17.046595,52.857506,208.54688,-6.996782,54.087276,212.7215,-14.959027,96.13762,196.39934,53.196907,86.89241,223.30353,-50.723167,153.50955,221.87225,69.9283,143.20334,252.55978,-58.83748,198.58148,245.09784,56.859474,197.00023,257.71356,-69.69115,210.08829,252.37933,55.58454,211.22008,264.71494,-83.46308,209.80891,249.94492,43.306442,212.26854,256.69257,-83.719894,205.76753,247.94148,50.36509,207.82217,254.44632,-70.27814,215.42474,213.2938,41.84501,210.12213,230.0325,-41.530952,304.13754,222.1436,28.905067,302.74335,237.45757,-43.886654,384.65494,234.87154,53.813423,395.89197,250.2998,-28.8343,395.30917,243.89108,53.87114,408.98618,259.17273,-30.604876,408.19522,211.36139,20.331371,422.21194,227.4953,-77.42283
18-0.pngresized.png,59.98189,239.3777,-69.12167,45.195385,249.11853,-56.78986,45.151672,248.91081,-56.669235,45.030357,248.48015,-56.729748,45.617836,254.01402,-92.37159,45.478065,258.76147,-92.45882,45.396667,263.46597,-92.38353,52.85589,267.44577,13.650088,53.9223,286.56836,-139.72191,76.553795,245.57626,-37.807022,76.85076,253.97824,-83.25388,143.48279,266.57312,87.245056,146.0563,320.1626,-195.98851,255.28539,257.55008,146.33847,276.747,294.66962,-204.7511,348.0317,230.87492,107.326836,392.17697,261.11453,-178.72823,373.0609,221.93306,112.43286,426.09552,263.41333,-196.52219,377.49307,222.64883,79.57484,424.9782,244.68091,-190.48941,367.2805,230.14351,93.12714,410.52194,242.28687,-172.9644,352.57074,265.4395,68.68162,362.71503,305.62982,-68.320076,450.8187,207.5357,100.04858,529.4312,321.78168,-135.82834,452.08295,272.0314,229.78065,504.9476,327.59518,119.4083,441.03488,285.00885,244.25537,490.18628,328.86722,146.72292,485.26944,280.43927,282.13382,541.1754,322.5882,193.39572
19-0.pngresized.png,42.769848,381.73822,24.181347,35.323265,397.75284,34.50438,33.805107,397.62985,34.493458,32.106186,397.25583,34.193268,42.055107,399.5619,6.881113,45.54792,401.8734,6.9700613,49.081654,404.25238,7.27865,47.02955,394.52957,102.37139,67.947975,405.11612,-16.602358,59.010933,367.4435,52.858143,67.33758,371.14758,17.438776,153.1675,347.33163,185.65123,169.90956,360.048,-96.85822,309.75952,333.48016,223.5774,327.68903,334.65045,-90.30356,451.36328,340.4604,232.60939,470.71213,340.7328,-82.45432,482.67307,345.70502,250.04466,506.21017,352.99448,-103.43073,491.41187,347.81927,218.80614,507.4851,349.07336,-84.39219,479.90305,346.99826,224.42065,494.34763,343.02667,-73.33325,389.02847,321.0377,82.3801,400.42932,340.3678,-81.384636,558.288,335.32596,-7.3206186,611.6152,362.39288,-248.85324,509.7638,382.0361,116.45182,495.0327,438.50784,56.565872,480.6929,385.4326,129.13855,454.01025,450.8576,95.158066,534.80914,411.70224,177.81094,522.39124,444.12015,237.8037
22-0.pngresized.png,706.49805,385.26892,-63.336544,705.58014,398.7266,-71.540146,703.5694,399.94702,-71.594986,701.712,401.27637,-71.62465,706.95056,396.2115,-42.70193,706.307,395.51746,-42.79777,705.6301,394.87827,-42.70949,687.4584,401.64825,-91.24054,692.8068,390.34235,39.563457,693.1269,377.6802,-69.82795,695.9455,373.42316,-32.193016,626.967,390.17215,-168.02214,618.3838,355.8386,112.80137,523.3376,454.11847,-170.78204,508.10263,412.49402,112.920586,414.1309,454.26712,-159.17126,413.28958,430.30142,71.961494,389.57324,461.71896,-201.71417,389.77582,438.4124,77.8119,385.36896,446.0499,-183.61781,392.71976,437.6806,38.66196,394.26315,442.02188,-154.27156,400.4314,434.59027,53.3111,409.5384,393.54935,-94.63748,406.2685,371.56943,95.594124,251.73018,409.504,-43.326355,249.2633,387.89496,107.59241,98.34416,418.47443,55.257595,107.0242,418.2747,190.30188,81.021454,429.96286,61.228863,87.57123,435.72983,194.52061,45.01987,389.86176,-21.888712,60.453045,385.2406,117.87458
24-0.pngresized.png,240.90909,435.14404,-96.25918,214.85052,451.52234,-84.079765,213.987,451.72342,-83.82259,213.1305,451.60205,-84.07567,216.52841,458.6945,-152.19522,216.0376,466.1421,-152.03635,215.91122,473.476,-152.45143,214.69894,482.15277,50.3582,219.83249,508.87085,-258.30298,257.5926,444.6949,-36.184093,259.16953,455.84232,-125.74593,306.26855,505.83246,173.93916,297.08734,552.985,-303.52435,199.54617,481.21866,291.12082,141.9964,516.1744,-379.17218,87.76129,542.1378,206.33368,79.21234,563.34863,-104.34033,59.883667,568.233,200.87027,57.87616,580.5859,-78.62557,58.982178,570.6986,206.86995,74.62109,590.286,-59.61857,68.552795,561.1981,200.4265,82.878845,583.24744,-83.719925,645.8257,497.46405,148.50089,666.82623,540.72205,-148.66124,768.91864,400.2975,206.08742,949.2207,535.88745,-269.69916,819.1777,455.6051,344.88617,808.9459,504.8368,188.30676,812.73206,462.62927,362.7551,763.02924,505.7484,240.89708,876.6781,462.99945,374.52948,857.4584,476.1243,355.30276
25-0.pngresized.png,521.72144,268.32858,-56.62364,522.474,276.0445,-65.32425,521.23724,276.86853,-65.311386,520.10297,277.77512,-65.384834,523.2228,274.9853,-39.578465,522.7636,274.94266,-39.653778,522.26996,274.92792,-39.675507,509.21713,280.48605,-87.8746,512.24054,275.2525,28.770844,511.17682,266.0062,-64.227425,512.7889,263.3358,-30.867327,457.70554,284.26218,-153.4714,454.5463,261.49252,106.09299,386.61084,326.3239,-151.10558,386.36676,293.08316,119.94416,325.28168,313.45602,-118.81972,324.99896,302.47516,52.66957,311.5369,314.8111,-145.64452,308.80316,305.52396,46.799786,311.4881,306.77148,-136.55457,310.50385,307.34,17.865541,316.42502,306.42746,-116.550606,316.15048,305.946,36.494278,301.64545,283.3977,-88.968636,300.77466,268.87546,89.51884,184.17761,292.52048,-51.522728,185.04926,276.74658,94.17623,67.95022,299.29874,19.033445,77.17856,296.92838,149.27667,54.326706,310.2783,23.170088,63.497265,309.12338,150.83972,29.014193,270.9976,-51.30991,40.273354,269.9417,82.1552
26-0.pngresized.png,61.655746,297.47726,-294.06796,54.577156,308.46225,-280.1904,53.58983,307.15762,-280.19714,52.47191,305.6336,-280.28693,60.04825,312.54382,-300.89676,63.10396,315.76328,-300.92297,66.24776,318.9298,-301.07175,69.699295,306.6618,-201.85048,88.02509,326.3079,-291.9058,77.86911,288.3521,-265.87384,84.68037,297.6176,-292.0271,157.05528,265.9394,-130.91977,188.74681,330.57944,-316.42047,269.67142,300.73312,-86.334206,326.3793,347.41733,-342.59128,375.24786,312.23557,-62.745384,443.73038,308.86716,-280.63068,398.0874,317.7645,-59.34118,475.51004,309.4247,-293.3721,401.33078,317.95465,-74.28936,470.0061,294.701,-281.6858,394.54727,318.7783,-67.23469,454.4766,292.62024,-275.20908,364.6428,272.91888,71.5266,380.49918,312.708,-70.91721,432.89084,276.85538,209.98459,493.47784,295.7165,-43.497223,447.72037,311.32397,268.5186,445.34714,333.60233,207.42606,444.29907,321.4475,273.0666,428.53653,343.1936,235.09438,464.93085,306.62308,293.35516,465.17258,325.82544,321.26706
27-0.pngresized.png,563.1713,337.53165,-236.26767,563.333,352.19943,-244.12209,559.53723,354.4353,-244.31096,555.88007,356.70493,-244.62276,568.40845,349.3363,-226.90273,568.7408,347.94534,-226.80458,568.97003,346.55405,-226.47995,533.76495,359.08862,-231.04436,551.1366,346.35373,-151.88635,541.5732,332.1496,-227.62547,548.2048,324.6341,-205.35591,433.73904,336.66898,-277.54996,475.2997,336.09296,-28.691814,320.25693,300.08038,-198.96048,365.68936,309.78714,65.15919,360.959,216.86974,-96.72639,375.70737,241.36736,107.20397,367.9074,199.75299,-115.13984,380.4858,230.99948,118.605446,390.49887,200.86403,-101.962906,388.95032,223.8586,92.88886,390.4698,208.55206,-92.84332,385.5332,228.63794,96.79488,245.56693,356.75894,-92.75456,271.46475,353.3015,93.38442,104.79341,397.23352,-8.050782,156.28816,359.46896,193.09706,25.50079,417.44724,166.2539,84.05407,376.46756,325.9024,17.44069,426.30768,186.96759,74.04391,387.73914,343.8699,-10.649413,389.72137,196.26941,47.783897,348.65854,348.82077
30-0.pngresized.png,103.36717,332.7188,-239.51042,88.35265,342.2143,-217.81198,88.67754,339.9258,-217.90091,88.92995,337.25275,-218.05775,91.14478,350.42526,-244.54735,92.86815,356.07132,-244.52878,94.72197,361.72888,-244.46182,112.56554,345.61926,-142.86621,121.23666,379.6091,-249.28677,132.2015,327.08755,-212.32172,134.12828,344.0716,-243.26862,261.54813,334.6684,-97.43748,272.34714,427.42395,-330.73413,443.8199,363.8724,-47.781975,483.4201,510.65543,-385.50287,609.4036,363.19977,-56.38521,656.2424,457.8038,-352.52676,647.96576,368.6075,-65.50199,708.5862,446.8537,-377.6064,651.70905,366.46887,-101.30347,692.4371,430.95282,-377.13696,637.85333,369.89795,-70.93095,671.65204,432.6648,-349.84497,594.2207,391.94507,88.01736,598.0945,435.7761,-86.791374,754.70215,441.4488,238.33795,785.43396,493.3681,92.56022,860.37854,472.29974,429.0877,893.4126,542.55524,304.8718,870.5885,485.5324,444.23938,902.1503,554.5179,320.39307,913.2066,449.93155,394.22272,956.40967,535.3263,251.78159
33-0.pngresized.png,50.520527,403.6716,-199.57498,33.023006,420.9861,-188.65187,27.570292,418.39377,-188.41704,21.952852,415.46765,-188.4062,50.04751,428.45026,-201.18637,56.942936,432.91553,-201.32765,63.900894,437.2976,-201.49774,32.336056,407.12015,-116.333626,86.935036,438.8538,-162.61703,61.453705,380.98502,-173.22386,82.84544,393.24692,-186.30037,126.72686,323.05234,-10.674346,207.36903,426.6884,-227.68446,237.17247,365.14432,61.279766,382.20764,472.54422,-221.32169,337.73175,382.92892,94.03932,519.03076,399.36188,-210.53012,350.05127,390.15482,105.879005,555.28534,391.06137,-231.65436,353.18945,380.2233,89.77304,543.1838,371.49878,-207.708,354.60132,380.7101,89.63887,528.3597,373.51617,-202.01265,428.61688,341.75262,82.46776,461.1292,411.3365,-82.559586,545.06976,333.2234,181.18884,674.45764,390.15735,-166.53769,481.75323,408.31235,261.2212,509.39087,452.3738,165.48683,454.99615,420.1513,274.3348,454.73074,465.38684,206.56342,505.55292,419.7261,386.7852,548.6986,440.2826,408.46915
34-0.pngresized.png,22.914751,272.0935,-62.557842,16.549221,278.0395,-57.399258,15.891926,276.6212,-57.41437,15.210631,275.0354,-57.51523,20.004238,282.67874,-70.411545,21.836737,285.03345,-70.46742,23.696941,287.37003,-70.55844,24.034182,271.66144,-6.7015147,35.094425,288.22668,-61.63136,32.757744,262.39517,-41.074856,37.0759,268.88632,-57.325405,94.99414,248.94806,53.888596,82.2141,280.8425,-76.6009,170.52786,281.76117,92.745224,142.41116,321.30685,-37.01057,213.78322,316.05582,75.72333,205.23558,328.98932,10.120773,224.20125,327.3378,70.10519,218.32242,335.65326,5.7756453,222.38681,323.25174,57.457436,218.82486,331.5307,1.1758604,218.30223,319.35184,67.96818,214.28476,329.74622,8.757471,242.66266,278.395,54.410164,234.23544,294.117,-54.098576,372.54123,301.76636,31.1806,365.14786,307.67847,-55.076138,486.58398,321.69623,59.336678,484.9186,328.79102,-32.028545,498.36234,332.1302,58.212593,497.39984,340.707,-32.261055,525.2942,302.9968,0.19342338,528.04913,298.97653,-97.005165
36-0.pngresized.png,427.9798,210.40804,-66.184784,428.10022,218.89624,-73.06605,426.8589,219.98218,-73.04681,425.69772,221.14146,-73.09833,429.0427,217.32364,-52.018864,428.6342,217.15546,-52.088345,428.19775,217.01753,-52.08121,416.3455,225.07268,-86.41056,419.614,218.09575,8.799669,418.95807,208.83244,-70.30465,420.5019,205.92195,-42.99196,370.49695,224.85632,-125.71189,373.6159,203.83191,59.893135,306.93472,262.2684,-123.78662,308.8206,237.61961,58.94239,246.61996,258.45886,-100.00687,248.58861,248.76317,6.339653,233.64458,262.71844,-120.852936,233.334,252.8214,2.1839004,231.93823,255.90929,-114.77654,234.4762,253.82657,-22.22678,236.80048,253.93549,-98.432724,239.32956,251.59802,-6.802123,241.99774,223.91736,-62.03398,244.73965,211.67657,62.460705,147.80998,234.21562,-19.642311,148.1839,220.62695,80.76953,55.817757,245.73328,57.182617,61.5176,238.6666,146.03143,47.54905,253.79921,62.68873,53.0157,248.0767,149.79797,19.109764,230.34705,9.4284935,25.823317,225.6886,95.994835
37-1.pngresized.png,764.40454,381.80975,-49.132675,767.1294,393.49387,-58.571136,765.70734,394.9276,-58.569687,764.4153,396.4762,-58.6535,767.9048,390.72873,-30.401587,767.4215,390.20197,-30.46611,766.8964,389.7235,-30.424751,750.95953,400.29288,-81.74121,754.6596,389.1822,45.272564,749.30273,379.16,-55.727005,751.2079,374.51807,-19.352652,680.0606,404.52502,-155.84778,668.47955,369.03738,121.128815,573.73206,467.6893,-162.37614,558.8765,425.23087,137.75256,467.25513,464.0588,-130.1351,462.73438,446.89572,87.99799,443.91617,469.64844,-164.3633,438.773,453.72128,87.92173,442.19476,456.68884,-150.61436,441.7254,454.76166,50.390694,450.35135,455.19308,-125.601974,449.48883,452.60092,69.09648,440.46326,412.56924,-96.08253,438.32477,386.75003,96.85814,262.5489,418.19885,-48.86236,264.49146,398.02393,80.94699,85.7192,433.08472,23.429834,100.59589,430.656,129.58348,65.1106,449.07132,25.351456,78.34733,451.29605,129.11583,28.409317,394.72644,-72.97863,49.23693,385.86346,44.83143
39-0.pngresized.png,741.70276,384.76013,-164.32097,740.09607,403.17593,-168.53868,735.53577,405.74976,-168.64206,731.2218,408.53622,-169.05917,747.3194,399.84842,-139.31932,748.31525,398.21243,-139.26158,749.24615,396.74338,-138.773,707.5375,406.9572,-151.2881,731.446,394.37457,-20.88649,717.0924,375.09628,-159.80183,727.4341,366.55344,-123.55567,599.19653,396.42715,-256.999,614.77,343.52576,73.16269,437.68652,459.17456,-237.55058,455.7247,404.58823,61.147533,299.6818,395.8561,-194.816,318.24487,389.38367,-26.937464,257.87317,393.6999,-229.43744,274.66415,387.16138,-21.754084,263.04172,370.37857,-226.72275,278.06784,387.92712,-61.270313,283.22388,371.06497,-188.03168,297.41876,387.60385,-43.68284,321.39517,418.13177,-97.39216,332.25296,383.64334,98.72833,114.87369,486.51694,-132.07767,171.00644,369.22757,122.99974,218.49596,456.01733,-3.6498396,203.45517,397.59476,66.49517,257.3882,441.23685,21.979324,227.09256,399.7174,66.72523,195.25174,461.4304,119.204895,164.14795,411.4733,125.39794
4-0.pngresized.png,48.618233,384.6809,-16.818039,39.7315,399.2716,-0.3552098,39.20774,399.7361,-0.263888,38.586246,399.99722,-0.3622495,43.835495,402.75916,-44.63954,45.823395,406.09293,-44.59345,47.87098,409.47012,-44.635426,52.310898,404.83185,92.42403,63.773567,417.57047,-100.91544,65.66684,377.3306,23.706419,70.46183,381.81818,-32.79272,154.40292,398.05453,236.99356,139.14435,398.49252,-214.69472,263.8863,453.4901,305.07794,238.60986,454.2724,-235.82562,350.608,489.36972,241.97935,350.50494,484.38828,-156.2543,366.2195,501.4975,252.35808,369.94867,501.4644,-176.44656,370.19305,491.43445,219.00421,378.18076,494.96255,-164.90472,365.36838,484.73898,225.13689,371.0302,489.59286,-149.85419,388.4918,430.14142,154.61418,378.78244,433.69354,-153.84775,566.5018,449.88495,162.14626,559.727,457.8936,-174.08327,724.67346,459.4707,248.8339,731.3656,467.27048,-84.16148,746.73193,471.18152,249.99577,751.83044,477.53394,-81.7712,772.13354,415.22354,167.81795,790.0442,434.9307,-184.70703
40-0.pngresized.png,19.361933,260.26263,-44.59595,15.223287,273.03424,-29.066486,14.227543,272.93582,-28.93635,13.1109085,272.62067,-29.037153,20.516846,275.58505,-55.651585,23.216106,278.05032,-55.64169,25.964115,280.5226,-55.63879,25.99593,274.51227,52.53857,41.824577,284.59457,-61.883934,31.514303,250.81337,-12.423634,38.28133,255.44023,-46.071938,111.86024,241.92174,131.6852,115.33946,267.20206,-138.8672,228.59067,263.13998,155.849,228.39833,287.78192,-143.72206,324.83066,268.88507,134.00478,332.42056,259.82782,-164.12106,349.31293,273.2149,152.45175,362.80972,260.24478,-189.17052,355.94354,265.71048,123.27943,366.45465,247.66298,-177.34029,347.19745,264.45886,125.12717,355.12268,247.24675,-157.41951,313.61887,239.559,79.984665,321.2196,262.7996,-79.52131,418.60303,249.98938,90.83014,472.82565,288.61703,-191.79704,333.30222,264.4275,187.01227,340.74036,289.10123,79.35853,310.4903,266.61624,197.83452,307.5494,295.9141,110.20926,318.83417,255.7985,262.68893,333.5543,273.69254,232.34132
42-0.pngresized.png,435.9268,235.1017,-74.63158,436.40494,243.52219,-86.04712,434.3937,244.38431,-86.04525,432.52765,245.41887,-86.29214,439.01346,243.75783,-59.88502,439.0402,243.58092,-59.982147,439.05554,243.47826,-59.672062,420.63043,245.86638,-107.61706,428.57404,245.1444,8.965423,423.5827,229.8502,-83.327705,427.38525,227.65672,-50.465523,356.50577,238.69435,-167.09761,366.10788,222.39442,66.57401,249.89995,275.51797,-173.05318,259.63315,257.04745,45.69066,160.44374,244.20949,-110.221214,190.92809,251.18991,-32.099724,132.97398,247.88112,-121.44954,168.94981,253.14392,-37.754715,134.85675,233.7129,-126.812004,171.59662,249.83908,-57.73424,149.9425,233.63765,-109.540855,181.50226,248.09657,-43.492825,186.99619,231.14343,-70.50756,201.05762,224.37056,71.122086,66.171135,277.7969,-107.404144,115.87305,243.42987,133.82516,191.9504,270.31183,-57.868366,173.5207,242.25923,77.56088,224.31126,259.30258,-46.564224,191.8992,237.10855,72.89637,205.99544,290.8667,13.96735,166.69374,252.43591,123.09869
43-0.pngresized.png,411.88397,221.8269,-142.5194,410.54492,234.46434,-151.88779,407.9303,236.32219,-151.93623,405.47647,238.2598,-151.95448,414.1453,232.04549,-127.8403,414.26813,231.36836,-127.86829,414.38135,230.71228,-127.7268,390.83197,241.05145,-155.70023,402.63416,231.0295,-47.46298,397.954,216.82597,-143.22604,402.7497,212.32445,-112.74299,325.39035,229.6495,-220.04156,345.81152,203.50938,42.46434,218.91106,247.64424,-203.44316,238.2437,220.41196,18.359362,138.08714,209.72995,-163.71837,158.0074,193.75708,-30.696123,114.46653,213.32634,-193.66545,134.84122,189.62378,-29.746746,112.34875,197.5885,-190.51251,135.58636,191.43633,-56.307133,123.951706,194.87212,-163.42422,145.22696,193.44693,-44.299953,171.7119,226.99068,-93.32594,185.29102,210.57492,93.95564,57.556423,186.3504,-112.552986,74.94557,159.31273,149.7708,101.77126,241.98332,49.652843,107.179276,227.88223,250.99947,120.63851,244.0963,68.431984,122.426056,239.25876,262.31848,84.29674,266.33414,109.11357,81.22815,241.76447,301.0244
44-0.pngresized.png,838.692,437.16522,-161.98788,838.5976,449.66895,-175.5547,836.2667,451.33475,-175.51656,834.07574,453.11496,-175.58798,840.85754,446.7762,-145.7919,840.37305,445.94498,-145.88206,839.85156,445.2119,-145.74548,815.9263,454.39096,-187.23149,823.4885,441.96008,-51.103462,821.03577,431.4761,-164.0994,824.7542,425.79095,-125.20356,734.8012,434.37268,-260.4191,739.1855,424.0194,55.78198,610.15045,488.00824,-280.04623,604.59125,462.65793,44.1712,480.44308,498.48734,-285.60938,486.46207,482.2224,14.832506,449.10605,511.78403,-335.86563,457.10342,490.238,26.168524,442.38495,491.28967,-321.19098,456.56882,489.88055,-12.445596,451.95663,487.38687,-283.51453,464.17566,484.91788,-2.4590695,495.653,435.2481,-103.05558,498.74185,431.36145,103.99833,343.28775,471.03635,-12.116993,337.85364,448.62976,179.54257,184.91472,483.90317,112.31503,192.98128,478.5672,296.40607,167.37288,492.71585,121.672066,175.19403,494.71768,306.63968,121.6679,454.09598,50.309372,135.86806,450.1599,245.44672
45-0.pngresized.png,18.420815,176.08946,-126.35644,16.430489,182.13654,-118.23299,16.249151,181.62057,-118.20624,15.995962,181.0046,-118.14583,18.656,183.7665,-129.98726,20.062845,185.14198,-130.03142,21.51758,186.48595,-130.02794,24.89011,181.27892,-75.848045,32.190357,188.28181,-130.67957,27.303452,170.85188,-111.84197,30.1531,174.38232,-128.03421,72.572105,160.25665,-39.217896,81.92413,182.20721,-151.15944,128.75522,175.86882,-23.722034,146.35442,201.8745,-145.85083,186.88861,176.8307,-33.251987,213.49234,187.9607,-126.85462,202.17361,178.33495,-41.214127,232.47311,190.4852,-132.94293,205.34747,178.98415,-49.303986,231.94963,180.29254,-137.03696,199.94774,179.44122,-37.55413,223.25821,179.57237,-127.08087,177.86185,155.38326,44.784523,184.11299,167.54556,-44.462692,212.6343,176.28194,113.046326,267.24637,178.93584,-65.9743,203.22464,180.81235,124.220764,200.24991,189.03214,59.7111,198.27628,183.42966,126.77305,185.15001,190.59178,75.07613,209.20529,171.2743,154.1468,198.50648,181.39618,134.16824
46-0.pngresized.png,113.96829,334.44214,9.5534115,106.00991,338.52783,14.204854,106.195,338.24316,14.338228,106.287964,337.87762,14.182175,105.4657,341.2406,-3.6958897,105.31491,343.46027,-3.5938292,105.27078,345.6696,-3.6963089,113.52268,344.91693,57.19352,113.12099,354.49933,-23.79023,126.31898,335.26282,29.662275,125.61438,340.18427,6.343855,180.0023,355.87714,87.78955,153.57469,347.08844,-50.56434,263.33484,364.16635,137.81395,155.81596,341.48218,-33.21002,322.07312,354.17307,175.75912,125.99413,345.3922,118.93836,336.47363,352.4411,187.49341,117.98213,344.51175,130.33961,336.48294,348.17395,172.94281,118.930855,353.73697,137.53477,331.5494,347.153,169.79639,124.43155,354.18732,125.90991,343.8835,310.57812,39.358597,337.725,303.02365,-39.104786,481.04922,343.90454,59.713753,485.27664,341.195,-50.78961,597.06726,375.86572,77.0064,613.9389,367.6782,-46.828354,613.12836,383.69244,78.88588,630.91943,370.0125,-47.041992,634.94977,376.5398,35.737366,664.81,379.43652,-107.08382
48-0.pngresized.png,449.62296,231.80878,-81.575,450.55713,238.61499,-92.77355,449.64264,239.66139,-92.78219,448.78296,240.7493,-92.82283,451.05658,237.2686,-73.29318,450.56216,237.02946,-73.3913,450.0508,236.8193,-73.36501,439.63193,243.24448,-112.45559,441.48975,237.02435,-23.075188,440.95477,230.03462,-86.89896,441.94495,227.27173,-61.208282,396.97128,235.15596,-147.32182,399.93942,227.54424,36.70849,331.66858,257.99115,-159.06851,336.74796,243.26968,41.40325,269.54443,262.59967,-153.6382,282.67184,246.50711,21.86176,255.48813,268.32837,-181.04716,270.07315,250.02335,26.512766,253.04756,261.49216,-170.8539,269.7744,249.16301,5.398699,257.6316,259.23325,-151.76302,273.48215,247.46248,11.428804,280.1308,229.95645,-59.801064,282.44382,226.17249,60.308437,209.02893,240.73709,-5.1267276,211.25385,234.86609,118.72505,136.94655,247.78941,77.069786,148.78857,248.59079,211.79697,127.75829,253.3685,83.35387,140.83635,255.2859,219.68294,112.96778,232.72835,37.103024,125.561844,237.68015,186.28375
5-0.pngresized.png,30.83675,344.79916,-89.552155,23.62843,357.52896,-77.16126,22.640081,357.27515,-77.21286,21.600471,356.87448,-77.2124,29.0315,361.23587,-105.98479,31.83391,364.2813,-105.950935,34.666916,367.32874,-105.9905,35.04117,360.7252,-7.3884363,52.032692,374.77957,-131.11473,44.973885,337.4367,-60.577152,51.727345,343.58167,-96.36397,122.2668,346.96252,80.86658,125.811714,356.2029,-182.40686,217.37085,383.23828,119.134445,221.92357,402.1254,-189.94212,298.12256,404.79605,106.97691,319.09634,408.75037,-168.00166,317.79495,412.80942,107.20795,344.24292,418.30157,-198.95819,320.11368,409.28873,89.16157,346.29126,406.6755,-193.92644,314.65576,405.5281,98.3794,337.71945,404.21304,-166.99992,322.75735,363.10385,86.92747,322.69403,367.9677,-86.081635,451.01608,385.36707,124.22711,462.95807,388.21313,-61.700134,567.51666,399.68707,205.10599,592.6303,407.65607,16.593307,583.0781,409.29315,207.01097,609.7094,418.44778,20.573679,600.4591,378.78885,160.4166,630.2555,384.54855,-47.05621
50-0.pngresized.png,400.82156,239.4874,-138.51439,404.36493,247.77248,-139.52466,402.518,249.843,-139.64473,400.71237,252.0405,-139.90776,407.58545,244.14886,-130.58372,408.29276,242.51607,-130.63412,408.94254,240.92056,-130.54355,388.78528,252.64574,-129.0541,399.06738,238.86238,-86.746925,385.97574,237.86555,-134.20607,390.84082,230.42099,-122.77658,310.1594,239.69821,-150.01883,333.97122,217.16553,-55.211315,193.61128,261.62506,-145.8019,215.11469,233.63745,-57.28948,97.06158,232.36568,-153.8655,139.79437,229.94273,-76.59865,66.873116,230.3394,-184.0167,118.3508,230.24524,-76.5373,71.711784,214.36858,-182.74086,122.147385,226.77478,-93.305046,84.524475,215.03859,-154.39316,128.9388,227.83868,-83.87079,150.24724,196.43735,-24.40054,162.75038,190.8496,25.118162,118.70573,207.55328,55.260876,130.21254,192.55492,146.71535,66.26223,220.34392,158.16498,69.854294,216.80205,206.85141,62.16389,222.75293,169.67491,64.05621,219.31123,214.95018,39.96116,217.89508,168.156,43.026756,221.52823,201.16891
55-0.pngresized.png,620.40436,318.5207,2.8804605,622.0555,329.3694,-1.7468413,620.42554,331.13614,-1.756228,618.9071,333.00613,-1.831072,624.4882,325.77808,22.434189,624.9063,324.84845,22.307125,625.26984,323.96716,22.350126,608.75336,335.782,-11.675625,617.35504,323.37497,95.3804,607.98926,316.90588,-0.6870872,611.7522,311.35236,29.929222,558.4626,339.50757,-74.733795,548.07227,306.0425,164.34529,486.37277,409.2611,-112.934105,477.02365,357.56317,170.25392,398.33643,391.14526,-75.49624,398.6497,363.9373,112.52846,379.87088,390.4276,-99.33541,379.24637,366.3704,113.44335,380.55893,380.6545,-77.40493,381.31168,364.66638,84.98181,387.63028,383.1296,-65.8283,388.22818,363.60043,97.75845,369.47208,359.25085,-77.42053,363.52795,332.6271,78.18788,224.04323,361.23203,-60.890316,219.48846,337.94754,53.41633,78.747345,365.41348,-5.558605,82.77665,362.52237,91.78419,62.187508,376.48547,-4.120708,66.28339,376.56888,89.572296,30.006224,340.75403,-80.76088,33.959763,340.55643,16.347982
56-0.pngresized.png,20.599092,289.49094,-62.908264,15.217901,295.06433,-55.73016,15.340501,294.5452,-55.715096,15.397623,293.90933,-55.749317,16.479004,298.18924,-75.49447,17.34503,300.33694,-75.53809,18.26256,302.51645,-75.55965,25.988375,293.60904,-7.615509,29.611687,305.39417,-93.040375,33.49485,283.54553,-42.778736,34.856613,288.82178,-67.68121,100.38221,280.38232,74.66577,87.00415,296.31238,-143.14777,180.6733,310.48682,100.7771,161.6558,330.8792,-153.18428,243.17485,326.83154,69.82361,240.9895,345.06052,-124.25633,258.81558,332.532,67.074104,259.01105,356.2853,-142.05031,259.57883,327.90012,48.17935,262.46405,348.14938,-140.2362,254.5972,325.442,58.59155,256.17963,345.0639,-124.32653,252.42047,293.60947,74.81437,242.96393,303.72882,-74.32589,375.83133,313.609,76.50845,368.949,318.9714,-72.93382,489.86652,334.3337,125.267265,489.44937,328.69714,-15.807844,504.5702,345.84085,124.765495,505.55222,337.0677,-14.275436,525.1113,312.66226,68.099045,526.15906,307.6167,-80.04079
57-0.pngresized.png,59.60978,309.16367,9.423829,54.015827,323.1313,4.600419,53.574455,324.2663,4.6320457,53.12961,325.24887,4.6903224,57.91819,322.98157,-16.89665,60.196747,324.27786,-16.802279,62.527794,325.5622,-16.601498,63.38405,328.12476,29.558924,75.273384,329.21786,-63.458633,70.13547,302.36633,23.484072,75.02419,302.55884,-3.4927666,133.6189,309.8818,101.860214,127.262054,286.5213,-101.690346,179.64305,234.13498,55.93693,164.00911,217.63554,-45.801117,138.20563,225.11748,-26.409784,127.73655,216.28621,87.7738,119.44737,225.42216,-32.42509,108.438866,218.45836,77.32618,115.98235,232.41687,-31.307867,106.92953,228.95293,83.344604,124.29971,230.82619,-28.87295,115.18788,229.40303,90.91107,281.77066,328.9894,70.18641,274.07874,316.73254,-70.04831,408.50818,313.49506,55.671185,394.36197,322.5583,-52.95781,528.9227,331.85925,63.83585,528.9056,334.39618,-46.66433,547.51685,346.74704,62.52771,549.1961,344.16803,-48.859867,549.5246,290.83466,40.851234,553.51794,301.25006,-88.2391
58-0.pngresized.png,67.10596,522.8442,-89.49921,49.410072,532.83936,-79.14768,47.873833,531.0598,-79.22317,46.20372,529.0115,-79.331,54.39896,540.52386,-112.72117,55.970318,544.9531,-112.68857,57.709103,549.3472,-112.61481,58.028732,526.32904,9.041109,72.712776,554.5314,-128.26167,87.49282,511.38843,-50.946148,93.280495,522.48413,-90.93573,194.21474,496.85547,166.3285,173.12035,555.19226,-239.88062,306.12595,615.6162,244.347,281.19806,703.00256,-307.85373,403.6247,646.65857,165.32567,423.5206,694.26636,-217.65392,428.10168,658.74023,142.65892,460.19794,696.6841,-218.67293,424.3562,648.17896,109.96735,449.23477,681.78296,-219.46571,415.8534,643.57153,145.13686,435.463,685.6166,-212.28902,519.9847,568.4384,140.85541,505.38153,607.44446,-140.03876,774.4797,584.8475,107.46922,755.02484,636.4405,-158.51979,1002.0119,615.98175,161.9882,1014.9746,674.5263,-138.88824,1034.075,642.13293,157.85786,1051.7076,700.9139,-142.07368,1070.3197,539.3785,59.284702,1095.0365,605.0444,-246.91238
59-0.pngresized.png,475.1664,303.20905,-44.23159,487.0924,311.48334,-42.72635,486.80746,315.76468,-42.835148,486.5992,320.11713,-42.93689,488.69583,300.77625,-36.53158,489.79596,296.5967,-36.682774,490.8561,292.4008,-36.760292,483.82217,325.63156,-1.7574176,490.16632,288.85367,31.698696,464.8982,309.87128,-26.79231,467.3984,295.1157,-17.515827,432.4084,341.7464,-13.187906,442.6632,265.87115,91.62304,351.16696,346.39896,-63.33733,380.02438,250.816,64.34064,412.7293,316.1858,-139.55843,425.92847,268.66776,-13.603255,429.26678,304.23157,-158.3669,438.65088,276.14163,-25.848269,442.1239,309.8827,-147.93376,447.6866,273.27222,-23.528732,434.94974,311.11282,-136.43518,441.80814,275.39276,-15.725276,270.91882,308.21378,-53.822197,276.81827,270.8175,53.66054,146.40729,282.87323,-106.92426,160.08238,270.71704,28.584005,89.828186,339.84344,-79.34137,77.88533,318.18973,104.99374,91.52343,352.94354,-74.74922,70.56676,330.42603,111.65784,34.31532,331.3035,-118.24681,26.991394,302.3655,70.04384
6-0.pngresized.png,12.104618,252.25044,-90.39862,8.343053,260.6548,-87.84695,8.267132,261.1523,-87.85191,8.171564,261.58124,-87.880775,10.432296,260.17624,-103.55046,11.928733,260.91467,-103.53624,13.453968,261.6596,-103.51551,17.480335,262.95856,-51.8352,23.797344,263.63513,-116.71907,21.332275,247.73206,-74.612236,23.952732,248.55939,-93.2322,72.58851,255.57416,8.604669,72.777245,233.28151,-131.71022,130.48647,215.46428,7.5918784,131.25517,191.38083,-79.85997,109.00702,183.27086,-11.245598,120.05884,173.86584,-22.911278,95.327545,179.15807,-15.802696,111.35246,169.6961,-41.829468,89.32582,176.40677,-24.724403,104.078545,173.43376,-39.202938,95.25474,177.61177,-16.589725,108.86215,175.68123,-23.456036,198.31815,261.68796,44.81917,194.39986,247.61905,-44.521492,303.3643,274.60397,73.5788,292.91882,259.84045,17.846388,392.87918,281.46045,114.89511,384.5204,281.57574,70.91686,406.18674,289.581,118.61303,398.72495,292.1185,75.71855,410.4027,261.66455,99.52021,402.9181,253.48244,46.443047
61-1.pngresized.png,739.3237,433.7831,-124.52341,742.7914,444.12378,-135.43382,740.64716,445.88257,-135.46379,738.66876,447.69385,-135.451,746.612,439.9609,-118.11961,747.46185,438.20917,-118.24081,748.29346,436.50842,-118.14005,726.8383,444.04297,-134.49985,740.22833,428.06723,-53.529053,724.70874,427.36584,-122.52718,730.4474,420.84225,-99.56004,667.4548,432.21933,-186.12865,666.5485,387.00754,19.83603,552.8548,505.34177,-205.1605,543.6705,430.08054,31.524559,442.78232,498.76547,-220.19557,449.6824,450.72586,35.193115,415.707,502.73297,-255.61237,426.109,460.06287,34.9086,418.11258,485.54126,-239.7796,429.75433,456.19437,7.412171,427.461,483.95316,-216.08008,437.56198,453.56064,21.380465,463.41312,422.67487,-83.06769,465.57843,396.15195,83.76436,299.11636,435.74396,-61.854454,340.08417,407.95993,149.71745,147.57167,455.51666,-46.083004,236.74908,453.40646,290.7428,130.8866,470.85477,-45.370995,223.74405,469.4885,303.19397,83.06077,419.17545,-126.56399,183.86632,435.61664,277.5912
62-0.pngresized.png,498.38092,270.54935,-51.368515,502.62833,278.57446,-57.225433,501.7193,279.98193,-57.266914,500.89536,281.44897,-57.350986,504.09708,275.00897,-44.501846,504.49823,273.53293,-44.580307,504.86646,272.07306,-44.57707,496.03015,280.66202,-55.29497,501.44543,267.1336,1.1325132,490.35498,267.1126,-48.193283,493.01486,261.90155,-32.088585,455.79504,281.43585,-93.85963,452.29703,239.3989,62.434803,378.20462,326.06348,-86.31337,381.67343,284.94705,81.51092,320.10104,314.3719,-57.644787,331.0347,298.9571,50.493347,307.93304,313.15353,-75.88829,318.23386,304.22885,50.214554,312.24307,306.62466,-64.693306,323.38516,300.542,28.431873,317.21832,306.81125,-53.11463,327.92706,300.2192,40.18565,295.45474,285.33517,-59.636585,294.57715,261.1326,60.153805,177.45502,290.23767,-25.462214,180.26549,272.60907,55.70289,65.92295,294.63507,12.968004,77.71417,291.81216,81.968155,53.652023,304.19464,14.220222,62.792904,304.87903,81.824646,23.370783,268.03897,-50.34364,42.183228,256.23798,29.633472
62-1.pngresized.png,504.3,326.13327,-56.994926,507.18182,335.2315,-63.546642,505.73257,336.54135,-63.57658,504.3725,337.92416,-63.60508,509.64682,331.99194,-49.148304,510.23737,330.76776,-49.219902,510.78824,329.57318,-49.21896,498.14926,336.7726,-62.22414,506.55692,324.24136,1.7755032,495.0874,321.08948,-54.113976,499.01157,316.5295,-35.86208,455.19876,333.6311,-105.14381,455.33405,293.2924,70.3073,375.96548,373.57617,-98.2838,381.32858,338.02316,82.61727,311.44467,363.16577,-84.075874,323.89618,350.862,45.07886,297.6755,362.62738,-110.868576,310.12582,355.63257,44.674076,300.58923,355.61856,-99.2005,314.31796,351.90576,19.864614,306.47455,355.04724,-80.47547,319.32477,351.01038,33.30108,294.63992,340.9845,-62.828167,292.89648,317.48547,63.4177,179.90556,345.73532,-24.327791,178.94861,327.19775,73.18436,66.43279,346.88852,33.477127,77.816956,343.72308,118.98686,53.137043,355.2565,36.313595,62.284176,356.15106,120.52976,26.602304,319.4826,-28.504206,45.427383,310.37485,64.70504
63-0.pngresized.png,41.583378,392.66437,-75.08431,31.775232,403.77618,-69.34403,31.454983,403.43658,-69.347305,31.053623,402.89743,-69.41999,34.823967,407.9746,-100.68054,36.37406,411.09088,-100.62382,38.030235,414.1803,-100.56823,44.388092,405.4971,-1.7954077,53.18478,421.43015,-134.43019,59.21318,386.43967,-44.541946,62.833817,392.1309,-83.29765,148.83594,396.23062,101.95594,128.11513,413.78748,-180.6083,244.57693,467.8445,165.03654,208.65529,498.22824,-156.52055,319.34003,494.60718,125.86287,314.63327,501.1298,-25.405708,335.7085,503.20975,122.92186,341.41434,507.12643,-14.9959955,335.8046,494.44595,96.63791,337.3661,500.9873,-21.798136,331.16425,490.6324,112.23684,328.2873,503.00946,-22.042046,384.10107,440.24603,102.44241,374.45654,451.52988,-101.88591,576.55066,449.54565,85.20124,563.86804,456.349,-100.109795,745.4356,466.20993,124.55089,751.6343,474.40775,-75.14991,770.6467,484.577,122.11129,779.62384,492.93414,-77.30101,786.01605,410.2861,60.313004,797.1854,416.40134,-153.01187
66-0.pngresized.png,2.9644964,194.65215,-43.04686,-0.2954641,202.71552,-40.441166,-0.4431744,203.30508,-40.462982,-0.5997937,203.82024,-40.474255,1.9774513,202.33855,-56.948257,3.4347458,203.1172,-56.932434,4.9276757,203.8927,-56.893383,7.0695133,205.3224,-12.703704,13.866819,205.88477,-82.216194,10.319445,190.39656,-30.53696,13.088194,190.81163,-50.62212,53.745407,196.30183,38.942097,54.126076,180.54317,-105.0981,98.992615,165.81946,42.22241,101.90918,147.21484,-63.61984,83.89941,144.45676,31.158026,95.642746,136.03214,-5.8140607,72.80212,141.7916,30.47145,87.77685,132.68481,-20.585117,68.5579,139.07567,23.995033,83.548836,137.98633,-17.631401,72.74683,139.32526,27.195536,87.34816,139.20166,-5.658506,153.22926,206.2943,45.271923,151.731,195.45946,-45.074688,239.47539,212.1215,62.191074,235.54669,204.35608,-5.5824504,317.12863,216.94818,99.39538,313.94247,215.41689,31.527086,326.42563,223.42625,102.05446,322.94214,222.32455,35.176315,338.45883,202.35904,84.74117,335.6349,198.2488,8.960644
69-0.pngresized.png,35.2727,287.4547,-59.41929,26.251497,294.09116,-54.951183,25.929846,293.64395,-55.061733,25.542578,293.09048,-55.122128,28.384401,297.28452,-75.30066,29.304834,299.62592,-75.30835,30.300667,301.96066,-75.27915,35.815353,294.78732,-13.699508,41.615154,307.11066,-98.05022,49.01005,283.39523,-40.475586,51.394814,288.9175,-64.954575,117.64487,286.41232,56.425526,108.81585,305.6666,-139.76488,194.71413,345.15192,94.98703,184.23088,375.84418,-155.77225,257.1041,358.89474,61.88487,261.43158,360.2154,-98.4093,272.2244,363.7137,50.896015,280.9074,357.9091,-102.2568,271.36624,357.2178,33.07126,272.6803,352.9507,-100.95377,266.16708,355.20926,50.98789,265.57587,356.7231,-95.09209,301.16574,319.38058,63.52832,295.21222,331.81836,-63.046024,445.27927,339.32596,60.619167,436.90323,345.33585,-62.3621,570.8076,350.44586,106.07041,573.1903,348.6915,-13.178259,587.75226,360.3934,104.19208,593.0611,357.0643,-10.910882,603.6637,327.29922,40.256184,604.2801,326.85703,-67.217415
74-0.pngresized.png,512.33307,303.0631,-105.824066,518.4084,312.35672,-108.481476,516.82574,314.93417,-108.54965,515.29553,317.57498,-108.68712,521.691,306.46136,-98.49606,522.75775,303.84238,-98.60169,523.7536,301.2076,-98.59534,507.14508,318.05984,-92.14464,518.6047,296.35294,-47.20431,500.0094,302.0164,-97.160225,504.7238,292.57166,-84.46295,442.95883,319.83142,-102.575745,456.70676,265.82443,-4.241888,346.25912,360.48212,-91.521835,359.42813,295.40808,16.809196,272.50897,332.98492,-61.661034,296.29904,302.4396,-5.161194,254.41057,328.1459,-68.564835,279.22513,307.14978,-14.219941,261.95407,325.12674,-68.75464,285.43677,303.65726,-28.142729,268.40912,326.8023,-60.618263,290.58737,304.24924,-12.272537,259.4674,291.8075,-49.19626,268.79187,263.65195,49.9869,145.39526,273.59717,27.813147,153.59087,256.66104,104.671486,48.784,270.5821,125.121086,60.31875,260.84018,188.61914,33.907097,278.99756,132.74312,44.150917,270.97433,195.06409,18.89894,239.21765,83.426735,31.336739,222.1671,152.50116
75-0.pngresized.png,571.4678,306.02103,-174.76712,571.28107,321.88812,-186.48973,567.94055,324.24728,-186.60262,564.7981,326.77243,-186.7006,576.6988,319.75522,-156.36427,577.381,318.9757,-156.33252,578.0704,318.27667,-155.97995,546.5292,331.67722,-191.77695,564.1554,322.20767,-58.250027,552.47327,301.87766,-176.71028,559.6146,295.84662,-139.06853,456.79218,327.6612,-269.81256,481.39545,296.32465,37.6778,317.60886,369.83032,-248.75243,342.44183,333.04178,27.942284,215.05809,315.87402,-202.34782,239.41087,314.62756,-14.527999,182.40637,317.96646,-232.95155,208.95242,311.84567,-11.448607,183.71327,295.59726,-228.56302,211.19464,312.664,-38.868275,199.57652,296.10617,-197.91222,223.72917,313.55722,-27.851065,250.25977,335.1621,-106.48263,267.73154,315.14642,107.37322,89.7113,332.41168,-145.39093,109.14365,264.5367,170.41133,167.39343,381.98648,28.511377,175.8909,380.46597,218.56989,192.6709,378.7422,51.442207,200.503,393.3155,227.20619,167.48694,412.75424,128.29784,166.12228,424.1496,274.8829
8-0.pngresized.png,530.4189,272.05396,-142.25476,529.2263,287.34457,-151.79778,525.82745,289.43295,-151.91956,522.6327,291.68158,-152.0599,534.59247,285.19708,-124.39484,535.22815,284.26868,-124.37421,535.88116,283.45267,-123.98897,504.69897,294.38626,-152.45755,522.28375,285.31778,-30.859789,512.4998,266.59207,-143.38971,519.7063,260.72595,-109.32628,420.91144,288.7748,-232.27577,444.03244,255.38359,49.807404,288.10754,332.82422,-212.90312,313.71014,293.61057,38.351254,192.11707,280.43884,-158.40144,212.5265,275.41174,-12.03894,161.70175,281.72632,-181.97543,181.91446,272.7657,-11.33888,163.64795,262.04428,-177.66864,184.23134,273.5893,-37.702515,179.03796,262.6646,-153.85587,197.07051,274.1139,-25.139824,219.98085,297.22638,-98.83943,237.37242,274.14447,99.65006,55.202034,296.81213,-163.72415,90.497696,222.72142,141.97223,162.62851,341.17004,-6.4903564,176.37656,330.79657,163.27864,192.98715,335.68906,16.631348,203.60995,341.0906,169.81285,170.89705,376.1502,108.703026,173.25772,377.11996,225.88675
84-0.pngresized.png,44.734047,473.41168,-35.071198,33.791176,486.77948,-20.939936,32.97145,487.05173,-20.91181,32.024418,487.16135,-21.039354,37.633774,490.00806,-63.18228,39.091675,493.1628,-63.205097,40.67666,496.3229,-63.15252,46.537315,490.17145,57.407482,57.830353,502.5051,-119.01334,64.42589,466.02933,1.0693415,68.997406,471.39725,-50.198914,167.32484,476.5829,209.54417,146.82375,482.3462,-238.67023,282.20334,543.91156,297.5146,251.3946,547.7824,-332.2602,378.46674,577.35016,256.86398,378.89053,569.5477,-264.99655,399.98883,587.6615,252.46785,407.7667,588.0396,-269.32892,401.80365,581.27216,224.40033,413.61713,578.91345,-266.6689,393.37344,573.81006,240.13756,403.07462,574.731,-260.10144,450.02118,501.20914,142.14873,438.0213,510.51334,-141.40169,663.409,522.9977,126.9267,650.6693,531.3372,-128.58064,854.0459,532.59705,215.48462,847.2314,541.7091,-1.8247956,880.5616,548.8987,213.18573,874.5263,553.5425,3.3629696,906.81134,485.7193,110.328255,904.6346,501.72528,-101.85166
88-0.pngresized.png,490.14996,235.80734,-56.896736,491.19836,244.4083,-65.91244,489.93176,245.77554,-65.93138,488.73468,247.20721,-66.028625,492.38733,242.9893,-40.099392,492.0554,242.77278,-40.22075,491.6677,242.59357,-40.210194,477.76266,251.25572,-91.962906,481.6281,244.62474,23.971376,479.07828,234.54922,-65.4404,480.9008,231.06657,-32.140404,430.9385,252.54489,-148.71,426.66013,235.0085,94.442085,373.82614,303.37814,-165.56644,368.65936,273.3035,105.97713,310.60327,297.759,-120.040184,313.42654,279.01465,39.252346,294.86172,301.453,-137.296,298.46732,281.9484,30.691925,295.85715,293.55695,-129.72409,300.19003,282.00977,8.580356,301.54144,293.02307,-116.425514,305.5159,280.1181,25.779839,291.6913,261.05734,-79.38673,289.77792,249.57623,79.96925,209.28477,272.44745,-27.0743,204.54596,258.8372,127.8969,124.81205,290.0011,79.76462,131.98721,281.05896,200.5487,113.74528,299.56927,89.2075,122.24567,291.4897,204.42546,96.820404,273.92862,38.0151,104.86704,267.38257,152.82123
89-0.pngresized.png,39.219475,304.64423,-92.47243,33.276917,311.6028,-87.828255,32.611206,311.1079,-87.77591,31.82011,310.46185,-87.80329,36.587124,312.45346,-106.00428,38.297935,313.78305,-105.965744,40.09979,315.04657,-105.979805,40.857178,304.24725,-42.563976,51.850697,310.65466,-120.67793,49.00573,294.0614,-72.7115,53.369247,297.86978,-95.44946,110.68608,262.20276,22.740643,109.38054,284.78482,-193.45383,214.37619,297.39957,38.348972,208.69942,322.61087,-204.6761,299.74725,331.99152,26.137316,304.47504,336.82126,-207.57924,324.2802,342.1209,12.898398,329.3702,346.8175,-232.02296,321.99414,344.58444,-6.234018,331.88312,338.55347,-228.06699,311.53027,339.3693,16.318577,321.53806,333.75403,-206.21887,300.3488,239.05138,82.48612,291.6634,251.16592,-81.898125,337.7478,293.27167,126.5439,363.68915,279.56104,-118.45343,377.23392,331.20468,221.00131,370.8096,332.3963,67.454414,375.99945,333.82703,228.98262,365.26663,335.756,86.370125,414.33856,352.95905,211.04019,405.76773,357.92227,109.92164
91-0.pngresized.png,800.3781,418.524,-50.914,802.9778,432.21796,-63.443928,801.1006,433.86298,-63.4105,799.36145,435.63568,-63.45697,804.20996,430.0676,-29.87786,803.5965,429.8877,-29.948278,802.92163,429.79214,-29.89812,782.46466,441.54092,-95.41853,787.6512,432.34653,55.76364,782.65533,416.14972,-59.336044,785.04803,411.7671,-15.955852,701.01587,440.53418,-156.18576,690.69696,420.85587,134.3565,589.8965,496.77335,-140.73126,576.8664,469.35583,155.14325,485.24994,504.94778,-88.20054,482.90808,492.30453,120.41067,463.05627,512.331,-121.17493,460.40405,501.8983,126.42034,457.9342,505.20947,-102.91583,462.45386,501.58072,88.68033,465.0938,502.41583,-81.634224,469.12283,496.66965,101.62982,456.29056,463.89,-97.522896,450.9172,447.97888,98.55484,278.8436,472.86093,-34.491573,272.72324,458.3732,108.32305,102.441505,489.72058,86.34144,112.121216,488.16382,212.54686,80.72437,503.1996,93.35013,91.36691,506.0347,217.64026,46.553055,457.2671,5.5313177,58.69017,461.0165,135.2951
94-0.pngresized.png,8.769663,273.26562,-37.395214,3.2121866,276.95316,-33.04948,2.8825283,276.14832,-33.0574,2.5028548,275.23315,-33.12927,4.8969965,279.8666,-43.554203,5.6180363,281.45013,-43.576958,6.3891926,283.0164,-43.585308,8.715881,272.743,1.3088636,13.582468,283.4185,-41.23776,17.20695,267.4001,-22.259409,19.203457,271.72778,-34.934566,64.36375,256.69888,57.162804,56.135216,277.39606,-78.009514,125.304245,285.74686,75.331505,113.15422,316.96805,-98.83527,177.8369,299.4746,53.18127,175.67221,311.84143,-75.45186,191.30145,303.95218,47.30617,192.08829,314.27673,-81.35893,191.20723,301.6508,34.66717,191.07814,308.24008,-80.21965,186.39359,300.1284,45.90963,185.32547,308.8983,-73.91284,198.46574,273.22025,47.66117,193.54471,286.50134,-47.31492,306.95197,275.69315,26.70766,299.46097,287.77158,-44.36684,403.72754,284.05093,49.942215,401.64783,291.24713,-16.477726,416.2581,293.0072,48.19163,415.61993,299.69733,-16.237415,430.38513,260.20273,1.0273503,429.24115,262.99557,-61.739517
