0-0.pngresized.png,83.07149,233.50653,-78.896095,93.385826,225.07474,-89.56906,96.18321,225.17633,-89.56358,98.92193,225.12622,-89.5953,90.84195,225.16743,-67.0152,91.30939,225.75017,-67.12607,91.83838,226.39351,-67.17834,115.11196,231.25926,-103.9357,104.69079,232.80719,-2.0398796,91.68488,244.46512,-83.726974,87.29449,245.7179,-54.574528,136.95877,292.93127,-153.44519,146.63773,285.37778,68.23149,113.97929,368.81076,-162.77951,144.50131,358.36136,58.27241,53.412598,381.6639,-192.22514,68.160736,373.3202,29.10852,36.308727,383.85648,-235.70833,43.33928,366.83896,31.631186,30.142538,375.8194,-223.23015,38.66868,367.90793,10.576313,38.20165,376.02356,-190.55565,50.12122,370.24008,16.978243,257.1905,368.23035,-69.41886,262.4167,359.38104,70.00941,372.72656,378.68057,-49.41503,377.78873,368.40182,65.17647,482.38828,372.59723,-20.723934,481.65494,360.00406,93.59699,499.3424,366.34933,-17.300892,497.50803,352.3147,97.88402,500.0104,381.87024,-50.44598,501.50748,371.81735,61.957905
1-0.pngresized.png,361.17444,161.11331,-357.14767,363.81256,142.90196,-339.7013,369.7795,141.88007,-339.6143,375.92487,140.9319,-339.61237,345.87634,144.48119,-349.8677,338.0762,144.69983,-350.07947,330.3296,144.97153,-350.34302,374.82214,144.92146,-243.1896,312.8172,149.43285,-280.60623,368.97107,174.8618,-319.89258,344.9467,176.40916,-330.77298,386.27454,210.8883,-173.9374,263.8686,206.45444,-279.003,401.00842,302.57944,-198.80412,266.47244,332.51895,-332.31805,422.0255,376.21967,-299.91943,343.34042,394.56516,-358.1497,440.52237,395.07983,-325.25568,357.24512,416.1161,-397.61697,429.29483,392.75366,-354.57892,373.35773,402.3208,-394.53076,415.09573,389.0972,-317.88577,369.32468,396.11963,-358.38367,260.3727,335.31146,13.489998,205.15678,314.77493,-13.466746,234.18253,331.4406,-30.302538,122.65643,305.84546,85.9322,139.56549,288.397,91.56723,60.360508,263.8558,207.164,130.43774,275.29498,106.24393,54.704063,260.1832,218.30052,102.907104,293.29965,76.78482,33.978786,269.7538,181.71463
10-0.pngresized.png,209.24873,83.27585,-408.5921,213.61354,69.23063,-377.68652,219.46153,69.108604,-377.81747,225.3985,68.89761,-377.87555,196.37811,70.01364,-386.4961,189.53273,70.29412,-386.46036,182.66077,70.65648,-386.44666,229.3922,79.523346,-233.0361,170.3706,82.181465,-267.57623,219.61844,101.42053,-355.957,195.2916,102.38615,-365.33646,262.52875,173.78893,-134.78783,121.81855,166.0181,-250.63522,289.71805,268.46463,-180.14949,91.87938,273.75287,-309.08978,341.32535,325.51962,-403.4163,123.4108,344.7188,-468.5004,363.4518,348.24313,-447.51132,125.45104,380.5873,-523.4106,358.83707,342.7791,-483.55704,150.77583,367.10413,-543.03687,344.26566,337.6907,-423.36108,152.88197,356.90814,-476.8318,219.52438,357.48056,23.01334,132.36168,352.66574,-22.097319,257.2331,471.37546,-225.35048,128.37766,465.85962,-333.5836,238.06314,593.3455,1.1750925,133.81097,594.98193,-72.65739,231.09082,607.7812,15.54409,132.43292,611.7078,-53.885376,237.95293,643.7154,-129.91676,139.75029,641.81287,-212.0377
11-0.pngresized.png,218.18423,340.64966,84.52124,211.36372,335.1275,85.10289,211.6892,332.8829,85.0727,212.02055,330.55923,84.92666,210.49522,339.5053,92.349106,209.99498,340.72906,92.28698,209.54974,342.00888,92.082344,218.35298,324.82013,80.075134,214.8271,339.94055,118.222,228.65698,337.04346,82.47664,226.53821,343.5943,93.35796,262.22482,341.1687,67.26175,243.73921,349.6021,97.32407,277.38498,398.32803,69.490974,256.2364,401.47476,53.784473,224.66536,411.11725,116.94202,226.37071,400.33954,-28.608442,210.63715,415.9384,121.68585,216.8461,399.50003,-39.81152,204.4233,407.2502,127.02633,214.14926,396.09195,-40.011177,210.02754,405.615,120.5314,220.32854,395.2523,-30.425602,321.77185,456.03806,-9.231291,304.349,455.1855,8.9672575,324.38446,568.75543,-16.17157,281.62073,567.20483,-4.837413,357.86548,627.5314,25.310745,258.36383,648.17554,34.35349,363.45605,633.36304,30.369059,259.48807,657.20166,36.745617,371.29123,655.9915,-15.2089205,243.83344,686.0029,-19.974453
12-0.pngresized.png,402.83716,183.76675,-51.174652,398.35306,177.47963,-40.700043,397.79758,177.50296,-40.717102,397.27884,177.56705,-40.724342,397.08734,178.04362,-57.808964,395.3277,178.15892,-57.862167,393.58063,178.26479,-57.81376,387.89056,180.89981,3.3454003,382.4443,182.03653,-69.772224,398.64435,191.74467,-34.778133,396.3961,191.55154,-55.5789,351.858,213.92255,59.516403,362.87457,224.20183,-104.89584,347.56793,269.28406,64.80189,364.34,293.29395,-73.23828,395.86798,296.7538,48.717163,417.2246,304.2392,-43.84058,416.62967,295.17725,45.205406,439.10547,305.05167,-67.85857,420.30597,299.2417,32.752632,439.11414,295.43158,-65.83085,411.94226,301.24387,39.798958,429.80215,295.65897,-44.465992,259.69318,273.8756,51.006233,265.8674,283.17496,-50.95598,160.62451,288.9915,46.37781,168.21434,300.51883,-49.560364,74.63445,290.87125,78.251625,68.36974,300.93713,-20.270302,62.956467,280.10794,82.7515,57.556786,291.22107,-16.439304,46.390713,308.6878,50.7422,36.1515,318.3298,-56.8814
13-0.pngresized.png,142.90889,331.11612,-93.00498,159.30128,320.64767,-105.74889,163.49709,321.50375,-105.75901,167.61981,322.0806,-105.64305,155.77934,319.97903,-64.85462,156.88342,320.6861,-64.95767,158.01541,321.43973,-65.11033,192.79836,333.1193,-153.71541,178.49152,332.31647,30.45463,156.18556,348.83414,-113.05411,150.34833,348.90002,-59.930176,224.50908,415.34564,-257.55862,224.10925,408.78073,122.69843,164.8723,512.2677,-275.1273,200.16022,503.5487,122.36067,71.924736,544.3907,-303.50797,104.84703,537.7883,70.083565,34.09579,546.2402,-377.9196,62.92669,529.8857,79.20818,26.305511,534.51996,-343.12067,58.28917,531.1599,28.546352,41.119286,535.08514,-298.7961,76.38543,536.2818,44.19985,397.31833,523.1029,-131.46504,390.2981,507.71317,131.79018,598.4547,527.7337,-171.8723,584.42725,516.16754,82.37832,768.237,526.5445,-172.74794,739.4322,507.1684,158.54707,784.0854,505.77826,-171.15662,755.53107,487.14444,166.67772,829.7133,549.25323,-282.47833,803.34106,527.51843,69.97852
14-1.pngresized.png,102.53391,260.0778,-137.84708,108.4167,249.31522,-153.3652,110.68006,249.16469,-153.37308,112.93544,248.98456,-153.43948,106.390045,248.82501,-135.93996,106.45801,248.71136,-135.95807,106.53453,248.6682,-135.95752,127.43333,253.34329,-177.72627,120.04322,251.11223,-98.43327,113.060524,270.30206,-143.62634,109.23037,270.22656,-120.9001,149.24908,318.11783,-195.64337,161.22867,292.75586,-46.51234,131.6234,404.73636,-194.41791,161.87521,369.18353,-18.259912,70.57785,420.91086,-176.73909,121.107925,400.49753,-40.63985,55.949223,428.17682,-205.29924,111.90153,401.08163,-45.742775,50.005413,412.14096,-200.38165,105.0203,401.1166,-63.980072,57.006924,408.65482,-175.87276,109.82333,401.01312,-50.006504,225.97005,412.86426,-47.00721,230.96037,388.36365,47.37396,212.62682,399.32288,5.7411,218.44876,370.6852,153.83014,186.04478,380.93195,158.07062,208.08907,356.5697,274.45078,186.31006,378.1093,173.36826,209.52187,356.16272,285.5569,161.40155,372.5145,174.96832,189.5688,348.5885,281.06946
16-0.pngresized.png,139.4323,306.3124,-158.30171,148.68591,293.83847,-177.43515,151.42519,293.55008,-177.46422,154.17763,293.17496,-177.4623,147.49654,293.73587,-143.70834,148.43208,293.96817,-143.90594,149.38477,294.33615,-144.04381,174.94826,299.96402,-223.59769,169.07191,299.6644,-70.4468,152.8609,320.13974,-173.0596,149.61438,320.92862,-128.77002,207.61255,379.58063,-274.78964,214.40428,368.98087,15.642762,179.55396,488.42108,-312.75873,198.68279,467.9939,17.426268,82.78957,515.6749,-339.4573,109.8043,493.16815,-53.46339,58.76118,521.37915,-396.6384,85.251526,484.62003,-59.600887,49.340115,504.73877,-379.30164,72.87739,484.66388,-92.89876,60.49534,503.615,-337.77368,84.154236,489.0981,-72.85096,312.82803,500.57257,-88.29165,317.31744,488.755,88.84284,363.60535,531.85205,20.113396,392.53943,510.64035,225.94502,436.17917,548.72504,234.37392,452.06387,540.28784,399.9548,448.81433,549.27856,254.52228,461.7453,541.2447,418.00922,438.77097,559.5122,225.54175,455.23325,554.0287,394.9277
17-0.pngresized.png,37.578728,183.2154,-8.327234,40.26962,175.1592,-16.33723,41.78947,174.4197,-16.266909,43.24513,173.60898,-16.274664,39.396816,176.0276,0.73923075,39.994495,176.35187,0.6424416,40.638824,176.68459,0.6719231,54.55007,174.30582,-34.493942,50.499184,178.44533,42.219494,44.93581,188.70602,-13.021898,43.1932,190.85915,8.926033,79.0388,212.12535,-75.56839,93.39033,197.54567,85.1927,94.90758,260.49597,-153.67259,129.11188,237.69641,131.8599,51.45282,281.68536,-224.36855,102.91635,261.2475,179.62958,36.83236,279.57788,-246.16862,92.64301,258.31546,193.92253,34.068714,275.07068,-227.02986,89.77559,261.3426,180.3982,39.378876,276.0887,-219.6977,93.93336,264.07266,175.12794,192.51413,259.1872,-54.772,198.1641,243.28754,54.73367,297.17877,261.8073,-48.347527,292.96185,247.62932,54.126278,388.73624,251.80388,-49.221615,375.5938,241.27351,90.28637,399.69922,243.20616,-48.538403,385.16605,232.56645,93.82347,411.72766,266.3402,-89.217316,400.78796,258.55334,64.1218
18-0.pngresized.png,72.80769,170.52115,-83.63402,77.92969,164.4956,-91.23394,79.85706,164.2572,-91.2356,81.77435,163.90218,-91.27313,76.136665,165.23781,-74.28018,76.27826,165.89575,-74.351845,76.40187,166.59402,-74.39152,93.34479,167.45978,-103.92493,85.90576,170.17113,-26.458683,80.58281,176.76633,-86.519875,77.229324,178.70271,-64.36409,111.05357,213.56207,-130.06427,118.647606,194.36469,35.10178,98.22756,267.66074,-149.06421,131.54155,233.68309,76.14788,49.320946,283.45926,-169.19283,107.26172,240.80145,83.177925,31.728224,285.74854,-198.15607,96.626,236.2394,87.81813,26.496809,276.70554,-181.5064,91.76008,237.10854,69.69679,33.376534,275.9385,-165.57297,96.68558,241.00133,75.13751,182.00677,277.71045,-53.9412,184.433,262.28378,53.904446,274.6305,282.2493,-50.033146,275.1916,270.33658,57.268726,360.2607,273.04224,-32.38706,345.99585,265.7557,103.105545,371.59583,264.15048,-29.138823,355.08588,258.24225,109.45473,385.8652,280.2146,-75.33812,370.50702,274.01517,72.93529
19-0.pngresized.png,435.28156,168.88239,-501.21524,430.54327,155.8908,-473.2172,435.18286,156.02197,-473.16537,440.0737,156.26776,-473.29504,415.40915,157.98564,-491.1628,407.88275,159.3391,-491.3913,400.4394,160.79315,-491.58707,435.45407,171.32988,-343.20395,382.73505,176.3795,-418.8417,442.97342,189.21889,-454.61545,421.74692,190.68846,-475.75027,446.36215,267.06628,-227.1093,331.66852,255.57968,-435.0875,466.63065,370.30914,-261.39005,312.12143,395.511,-473.61868,532.4316,439.00134,-379.28967,396.9743,472.11047,-536.9203,563.4953,447.40594,-414.0408,414.4468,492.05576,-604.1961,561.6248,442.5818,-456.7101,432.50317,475.7417,-602.94885,544.97076,443.85846,-403.8224,428.40222,471.40863,-541.0891,305.45978,397.5622,66.359276,257.01602,384.67044,-66.268974,232.38055,383.11374,349.80002,140.43054,402.1925,130.57512,147.35728,329.38623,623.47046,43.129322,314.08572,457.25583,131.79628,313.4135,654.1426,30.88155,299.06616,495.11575,127.68416,334.12372,649.6144,1.2409629,307.6385,504.71286
2-0.pngresized.png,535.9521,240.21643,-142.24576,524.86346,235.19646,-119.49869,524.97125,236.95706,-119.585266,525.1824,238.7933,-119.60188,521.3973,235.70631,-145.59503,518.09424,237.35387,-145.73311,514.8202,239.04295,-145.70316,517.1568,255.2616,-43.347916,501.99216,255.71948,-152.92212,538.9186,258.0544,-117.874985,533.0315,258.21625,-148.97935,508.5076,330.18622,44.707695,493.0962,335.98917,-221.82973,542.50635,431.08636,26.43246,530.62463,454.58823,-238.51721,626.3753,453.72272,-18.321112,629.718,468.10672,-302.46274,667.0881,444.15564,-30.276918,669.65796,468.79718,-360.6839,668.5929,444.02716,-56.606735,669.8378,447.44107,-346.21124,651.66425,449.6769,-35.484486,656.32916,449.63736,-301.78018,394.73776,440.32275,82.53842,387.67325,454.3007,-82.82993,217.86401,451.14508,93.04634,239.26335,467.12967,-104.43735,96.09395,445.45624,159.80804,96.62521,471.9253,-55.128754,82.6908,426.03952,169.24055,85.198006,454.44345,-46.41707,33.456043,466.8888,95.69286,23.177599,488.1454,-112.934845
20-0.pngresized.png,535.2133,242.16805,-19.084148,528.44867,235.32568,-7.609252,526.59174,235.65912,-7.670527,524.7881,236.04138,-7.699177,529.1166,235.78067,-34.412773,527.5728,236.04344,-34.50354,526.01056,236.29102,-34.4447,511.3929,242.6588,37.19232,511.65582,242.20792,-79.19167,527.8856,253.4815,-1.9810249,528.0997,253.1289,-35.436462,462.38763,297.02835,105.089005,483.98495,297.7501,-138.82227,471.9249,377.33493,119.05014,502.2172,394.57645,-93.5138,543.94727,400.99356,102.46404,567.4816,396.26486,-57.219727,574.2055,395.68344,98.772934,598.1365,392.7049,-92.333015,579.445,396.89102,81.35388,594.7278,379.60254,-89.065384,568.86487,399.22324,90.37065,582.8382,382.16415,-57.97766,350.37476,367.9487,75.21769,359.41946,375.84033,-75.23455,225.1667,389.2908,64.70012,227.06548,398.11765,-83.42602,107.31321,386.27194,108.03961,98.50499,393.4801,-51.468307,93.048,368.23782,113.53792,89.614555,375.65247,-46.62085,61.53818,412.3614,64.94956,44.529297,419.28693,-104.26022
21-0.pngresized.png,404.4102,167.86194,-47.82813,400.97696,162.96977,-35.075096,400.59204,163.69705,-35.07675,400.25766,164.47179,-35.09939,399.51254,162.202,-50.735413,397.6601,161.90051,-50.793694,395.79782,161.6091,-50.733086,390.20953,171.08957,11.255679,383.45322,167.23532,-55.25356,398.83896,178.57924,-30.944132,396.0311,176.34128,-49.907337,349.73218,210.06776,67.83491,360.45578,216.5682,-100.025795,358.38077,272.01767,82.04973,368.6325,290.15744,-103.245674,421.02197,291.6634,66.57423,437.20758,309.2624,-113.63113,444.35007,286.9278,64.945335,462.36606,311.41653,-138.23593,448.77103,288.89716,48.33881,464.03418,299.33966,-131.15016,439.55182,292.64203,56.788254,453.71817,299.87155,-112.3064,253.85083,279.46545,48.888515,260.9489,286.69772,-48.763996,142.49475,285.30606,67.5945,154.31197,302.91547,-51.763187,52.59847,281.33353,105.780785,42.541824,295.2736,-25.090584,39.36424,272.05356,110.69167,29.377014,285.83014,-20.385452,25.086971,291.72098,79.06716,4.833868,305.5137,-55.170303
22-0.pngresized.png,106.63262,230.2315,-57.505405,107.723625,216.6426,-77.46766,109.92829,216.18283,-77.45198,112.17573,215.58992,-77.56751,106.26122,214.95386,-53.271294,106.66473,214.08904,-53.289135,107.20355,213.30464,-53.280407,129.27325,217.10626,-123.28217,122.955894,212.2318,-11.690758,121.78934,240.1032,-68.6889,117.81732,240.19466,-36.924168,163.54996,298.70547,-178.5098,205.97968,251.3062,87.6282,131.88211,414.8492,-138.81659,194.1752,349.04395,157.15852,72.039024,384.2983,-59.424877,109.41563,362.10532,208.6631,49.854893,381.48788,-87.86343,83.707146,357.27118,223.66623,50.742992,363.97852,-81.302086,81.32394,356.98856,209.46713,63.496822,365.44055,-55.70877,92.27407,359.96085,200.5343,328.54315,398.23734,-71.604515,353.59415,370.29504,72.27448,454.12576,420.6784,-2.553185,475.2022,406.80133,144.50465,558.0489,442.90732,123.42286,576.1716,424.26273,236.19673,575.7266,445.20132,136.46179,591.02484,425.96408,246.8235,569.20685,450.07678,142.2779,593.55554,431.30576,238.11246
23-0.pngresized.png,10.236573,202.9063,-71.35165,11.742234,197.12161,-79.42257,12.944579,196.85072,-79.32077,14.087963,196.52408,-79.27766,11.294365,196.35909,-60.716324,12.113261,195.90512,-60.725357,12.988817,195.48946,-60.688793,24.527168,195.32162,-89.720955,22.87624,193.624,-7.3616915,18.41222,206.67548,-71.69455,17.652214,206.61905,-48.516922,61.631985,210.47661,-116.706696,62.745495,192.72485,57.10212,99.75761,215.24387,-192.08469,100.33224,198.82309,125.16817,56.053238,243.72368,-330.45386,66.83332,225.6237,189.53564,34.970604,240.82031,-355.17654,51.71834,218.64464,200.5884,34.982468,235.39082,-332.54855,50.843227,222.97224,185.88379,40.639877,237.7057,-325.5849,56.684017,226.73604,185.3012,169.91766,224.57614,-64.50513,169.95447,209.82399,64.45199,263.1176,224.21324,-11.802587,254.10954,215.85028,91.179344,343.80408,217.05482,33.129395,329.13547,211.3422,146.60355,354.53192,209.29375,38.233,337.9486,202.97859,150.18726,360.7068,234.88281,-5.5552187,350.43478,233.57399,110.39125
24-0.pngresized.png,458.97217,193.85217,35.51612,459.92526,188.47646,38.750942,459.04932,188.33694,38.82394,458.2163,188.19823,38.852158,461.1028,188.04553,26.136074,460.7492,187.34122,26.104223,460.35635,186.61247,26.06851,449.31616,187.19016,59.74664,452.29657,186.46562,5.2159324,450.64664,198.64174,46.683468,451.24466,197.00569,30.979164,398.6491,206.71935,103.00024,424.5813,218.60025,-38.332695,387.4272,253.64531,134.33302,421.2009,278.2639,-27.472088,437.96225,276.07724,120.23749,472.91013,294.38684,5.876421,452.1783,275.36154,116.046036,490.28564,296.6466,-4.4554276,458.68332,274.43637,102.27099,491.68808,289.59525,5.183411,453.48126,276.35907,112.71138,483.60596,287.8513,11.633743,315.28864,286.71774,42.2002,330.92664,295.2874,-42.130444,210.62546,304.89157,42.96055,216.29628,323.33444,-76.8602,111.317245,310.9547,58.47961,101.124794,315.35977,-113.42894,93.59367,308.23206,61.229134,80.48824,305.71594,-117.544624,102.06576,322.14056,44.22393,92.92668,341.2031,-162.99356
27-0.pngresized.png,603.3012,285.25806,-112.91165,595.36273,276.46567,-96.77646,593.7967,277.40265,-96.81937,592.32965,278.4596,-96.88506,594.7788,275.69608,-128.15584,592.18024,275.43756,-128.25821,589.54865,275.19156,-128.24301,573.15515,284.24384,-31.735153,568.88934,279.63693,-168.02078,592.00775,297.87875,-88.775444,590.325,295.81543,-127.54181,525.0476,340.87796,36.66665,514.3082,337.1558,-216.13687,537.0263,429.59732,47.35717,505.6011,445.65842,-199.55266,619.7674,466.9711,-27.399092,604.67737,468.21817,-173.19736,652.50525,461.66055,-40.79749,639.6572,470.7997,-217.08556,657.5758,461.60907,-73.29594,644.0474,450.54578,-200.84071,643.46686,465.90488,-46.41026,631.6332,451.961,-170.04396,382.15012,429.0485,72.62194,376.34796,430.5908,-72.34873,268.433,446.34686,142.09029,270.53592,450.1672,-15.851024,178.73076,449.68454,285.48068,157.57779,455.5325,111.5978,163.89966,440.3701,299.80533,140.36897,446.74637,125.188484,151.91324,463.7117,248.20445,126.66387,467.7155,67.56255
3-0.pngresized.png,59.230392,170.29828,-55.70257,64.47793,162.68256,-63.31828,66.5016,162.16803,-63.341217,68.49976,161.5413,-63.36542,62.479828,163.62262,-46.36887,62.69348,164.16612,-46.444138,62.935677,164.75598,-46.517227,81.55839,163.40529,-80.20712,73.16279,167.75833,-4.194823,67.92746,176.28961,-61.728867,64.483536,178.50943,-39.87055,106.45699,203.63084,-116.11416,107.68549,204.30954,43.279537,93.83684,265.64142,-107.29525,108.121704,256.7431,42.463074,44.81623,276.83725,-107.57934,56.78869,271.38873,31.65218,28.59483,279.10153,-135.49854,38.12485,268.94943,32.35194,23.87384,271.8228,-127.908035,35.61986,268.546,17.469467,31.294764,271.63864,-106.76518,44.625965,269.45532,22.829437,193.62218,262.32874,-48.662872,193.96053,258.42392,48.916283,281.93433,276.86234,-25.546125,281.0511,270.02744,47.462723,362.51126,269.48557,-4.6952267,353.29144,263.60904,92.26388,374.6688,262.74948,-2.9099975,363.7923,256.33972,97.21622,378.43356,280.79773,-44.224335,370.79358,276.84586,64.15986
31-0.pngresized.png,423.01007,192.43332,-40.57665,415.60425,186.31306,-30.651718,414.26227,186.6262,-30.68326,412.97925,187.01187,-30.708515,415.1932,187.18144,-51.403053,413.34897,187.78183,-51.456158,411.48596,188.39099,-51.375534,401.19324,194.2802,6.5607886,398.23404,195.30473,-83.52747,417.3678,203.33235,-27.69307,416.52402,203.82437,-53.438065,369.72,243.25523,52.96658,374.3559,247.1834,-131.12302,384.92987,309.8668,50.01554,391.18326,324.99857,-122.0089,437.5991,328.66177,28.545933,449.71576,331.70718,-128.45381,462.3739,323.3882,25.363855,475.1977,330.4016,-162.66682,463.50626,323.50174,10.009443,473.9737,317.0888,-156.50856,454.13004,326.8559,18.672523,464.63348,319.41583,-128.7991,274.65607,301.198,54.724335,274.9684,307.53937,-54.66157,179.414,309.37576,75.18902,180.20018,322.6153,-59.673756,99.606926,310.42334,128.44688,78.96546,326.43604,-31.516973,90.16875,300.62704,134.62639,70.42648,318.2661,-27.137047,66.99371,322.07114,105.63057,36.195927,332.32382,-63.11378
33-0.pngresized.png,233.49843,305.25778,-212.83139,251.56035,291.0258,-233.51117,256.2582,291.23688,-233.51237,261.16104,291.19775,-233.9182,245.64957,290.94644,-187.17427,245.83727,291.33554,-187.27261,245.91347,291.86002,-187.10059,287.2821,299.54343,-259.0249,268.05563,298.31586,-50.12705,248.74629,322.3263,-218.57681,240.92598,322.20218,-159.31938,315.5978,407.16272,-319.7803,307.4955,390.523,91.93317,253.2022,550.6375,-335.3558,237.24799,523.0992,55.300922,162.4982,649.3911,-344.7786,134.3051,614.0541,-77.24381,144.21472,665.78345,-421.46527,102.2569,618.9197,-98.15418,130.53188,658.7886,-391.67746,102.76883,619.29004,-148.82689,137.36774,657.3033,-337.57904,120.14689,622.8898,-108.10119,421.5302,608.6369,-126.84466,439.05875,595.40015,127.65643,237.9641,570.39954,-63.760235,623.59607,636.96375,248.67923,161.1388,609.7873,162.5316,798.0842,597.8165,396.70197,169.40463,626.235,183.16399,831.2455,589.0627,413.3759,81.116936,571.8336,158.19919,821.3708,600.9203,359.36072
34-0.pngresized.png,567.51794,316.04657,-187.20673,562.7194,301.56036,-183.86772,562.0413,300.39166,-183.77455,561.5357,299.3914,-183.84175,559.1698,305.20834,-206.45624,555.69824,305.96265,-206.80139,552.2488,306.60904,-206.7729,543.7584,303.6121,-106.44455,531.35266,313.43344,-212.32085,556.80225,330.55896,-159.15793,552.3668,333.48953,-189.1421,473.36026,369.92676,22.512968,477.60025,386.50388,-271.64883,516.6,484.5221,-7.4291506,539.696,518.1891,-232.39539,630.3972,505.7234,-58.05571,654.8456,521.8749,-247.68585,674.1736,498.07938,-88.016655,686.6363,525.092,-296.05453,668.67957,496.73676,-89.76626,688.586,511.132,-312.27423,651.4673,500.1063,-72.98656,674.81903,512.2201,-253.65399,276.69034,466.87015,96.39018,275.42288,473.33777,-96.06373,86.170135,478.131,40.812897,80.14494,489.38873,-187.79138,129.04991,287.5805,172.60915,118.78523,288.6076,3.148314,155.96727,264.13385,194.15361,141.97832,268.0705,30.692122,101.03292,220.46559,275.92664,108.45833,230.75496,116.90352
35-0.pngresized.png,474.4001,208.49852,-55.107742,462.06314,209.52559,-40.8573,461.2633,211.66733,-40.91526,460.5783,213.82623,-40.946426,464.20218,209.97435,-71.87803,463.90515,211.94861,-72.12447,463.61053,213.97044,-72.15957,463.07617,229.13948,6.230849,465.47513,229.16046,-125.20488,483.42953,219.24979,-37.36838,485.48383,220.0198,-76.23917,491.14917,295.763,89.51635,497.3391,289.80054,-208.23407,514.94196,401.9754,80.482086,546.0748,395.76212,-209.99391,566.7252,475.21985,85.79246,618.98126,469.6236,-229.95448,588.33453,470.8187,88.410034,645.88354,476.3158,-273.46558,596.05133,476.1759,58.609554,649.9353,466.10986,-244.6142,586.6707,480.37842,69.55547,641.86755,465.44193,-221.58894,429.42465,437.35126,95.08837,437.76355,445.41553,-95.28142,275.74005,462.64743,101.292076,273.7898,486.0304,-137.09096,137.10716,464.2566,164.20238,121.628204,474.91196,-110.14667,114.715294,447.8388,175.06506,97.69268,455.37045,-102.73912,80.65946,495.86127,120.610886,50.654316,489.3945,-166.66801
36-0.pngresized.png,435.60608,228.24239,-60.63712,430.6902,221.67415,-49.658096,429.6406,222.10173,-49.640694,428.64877,222.60284,-49.680798,429.70938,221.34613,-70.92287,427.7392,221.0558,-70.99983,425.7628,220.7883,-70.93245,416.57312,227.6319,0.09053517,412.11005,225.07611,-92.126396,428.67908,238.96135,-42.390106,427.10944,237.63998,-68.731476,380.43655,275.11584,71.516136,387.4599,276.8217,-146.8191,415.04376,348.93002,75.53,424.0561,362.7399,-160.77838,482.78937,374.60388,37.999046,501.18823,379.6767,-193.95541,509.30936,370.0439,29.285643,531.2283,379.88943,-236.66248,510.86316,369.1631,14.800285,530.4753,366.23157,-226.9293,501.4293,372.13397,27.15753,519.276,368.18274,-193.95284,280.0097,342.37357,67.06854,283.8578,345.94135,-66.97008,164.1098,357.64694,68.800545,182.57933,371.38992,-82.53325,64.12246,360.75116,113.78042,65.94601,371.87357,-47.557617,51.95727,350.58966,119.23656,53.669224,360.28754,-43.46531,25.89647,378.48718,78.87085,22.754633,392.72855,-88.630646
37-0.pngresized.png,531.8191,252.86029,-68.375824,524.1201,246.508,-59.297478,522.94226,247.3075,-59.30711,521.8433,248.137,-59.38719,523.95654,245.90881,-84.71904,522.0208,245.94626,-84.89199,520.0931,245.99535,-84.94959,507.67493,254.9793,-17.715042,504.50873,252.0052,-127.8821,524.23584,264.43256,-51.475624,523.4113,263.25226,-83.49181,482.9153,312.90152,34.394447,480.3134,310.3084,-162.01215,484.02277,388.7399,63.59227,505.83075,402.20184,-157.91101,528.8233,421.6851,45.84516,580.0329,432.75314,-153.03233,541.5924,416.9831,43.175636,602.2588,435.7453,-181.8367,551.7231,416.85608,22.423515,604.146,423.08737,-171.80063,545.96564,419.9848,34.121292,596.22473,423.1124,-150.26918,411.61917,424.4885,51.626183,412.15747,421.9163,-51.388435,315.2396,444.26804,97.058235,349.13467,452.898,-29.70827,234.86833,457.4902,155.62517,277.3566,479.3627,43.884716,219.15016,457.57855,162.04456,262.7723,480.90024,50.565727,222.47003,463.2653,124.706276,264.66754,487.36575,10.540545
38-0.pngresized.png,79.0454,233.52274,-51.074932,81.76035,225.40121,-62.220406,83.42189,224.72633,-62.101334,85.04216,223.97816,-62.110573,80.66259,226.03351,-44.586185,81.11496,226.31645,-44.54241,81.670044,226.59486,-44.464993,97.11446,224.20953,-76.790436,92.290985,226.80574,3.5684876,87.86904,238.06451,-53.17079,85.50569,240.24696,-30.279255,120.76965,269.47095,-118.43425,137.84514,236.1214,63.053764,109.71859,317.239,-190.41231,134.51913,277.90652,100.69248,53.03903,322.62427,-233.84993,82.39397,289.89615,148.85617,34.798428,324.7,-261.31616,63.91195,287.37567,160.08963,32.376286,316.46255,-249.8638,63.862587,290.56012,148.05142,42.480488,315.09384,-231.59755,71.803154,293.01892,143.42917,248.30952,308.2696,-62.909367,256.68185,282.89932,63.00319,371.64868,330.93668,-47.625393,367.09702,295.3274,69.45713,484.85815,332.0423,-56.863674,464.8721,295.54193,94.35345,499.169,324.15204,-57.007427,478.4202,287.52036,97.75887,511.62872,357.05923,-82.35128,488.79944,322.61035,87.34125
39-0.pngresized.png,65.03213,113.77892,-64.49111,71.82843,107.20307,-73.33658,73.795746,107.28001,-73.35302,75.75219,107.28151,-73.401505,70.07934,106.91825,-56.87144,70.41906,107.01673,-56.970364,70.78921,107.176506,-56.95547,88.03056,111.78777,-92.6122,81.13783,111.09317,-17.30071,72.6644,122.400314,-70.27279,69.68661,122.6167,-48.69713,109.19865,157.47867,-116.10314,114.83054,149.83063,29.878761,106.62694,209.282,-122.26628,120.51136,203.5515,43.84824,72.93852,229.15292,-111.749596,92.050735,227.78313,15.497823,63.558823,231.974,-132.46298,82.184204,226.24265,15.177693,58.452515,225.6724,-120.02507,79.18557,226.74396,-0.49629307,62.650723,225.42653,-108.051956,84.17287,228.29088,6.361477,193.95404,221.77698,-44.255875,195.88097,216.06776,44.576763,239.92896,226.20506,-5.427371,254.41774,226.82845,100.56382,278.0789,230.72551,95.43383,300.46326,227.69186,169.25706,284.6175,230.74507,104.2202,308.3468,226.0125,176.71289,280.79807,233.72464,90.28681,308.4217,231.06178,159.58836
4-0.pngresized.png,99.02001,244.30577,-99.460655,110.83957,235.99774,-110.14081,114.044136,236.17308,-110.14263,117.19113,236.15688,-110.15442,108.38247,236.37483,-81.90272,109.21493,237.44974,-82.01361,110.113464,238.56973,-82.09376,136.39017,243.54787,-132.0468,125.56988,247.41557,-6.555044,108.59647,256.44565,-108.06061,104.2067,258.5502,-71.913925,161.859,306.63217,-196.21045,165.45851,302.22986,67.12163,134.63527,391.1356,-213.41833,162.76704,378.73825,63.58815,59.850178,406.26572,-253.4418,91.88315,399.4388,26.972467,34.5685,406.60217,-311.20145,62.998016,394.27896,31.23707,27.229362,397.34256,-290.2311,60.400124,394.28485,-2.279985,38.18085,398.54657,-251.47856,73.776855,397.43887,10.196857,291.118,379.40375,-84.63546,291.84406,370.6292,85.08675,424.9192,380.15973,-68.021614,414.6193,379.90787,85.377,538.8503,377.92966,-35.840405,518.42523,370.7463,176.31224,551.2849,367.97363,-30.366549,530.98364,358.7359,187.44676,575.3596,392.75052,-88.11321,556.1099,389.46445,138.47829
40-0.pngresized.png,6.0549064,183.99554,-93.49608,14.363667,175.29471,-97.93468,17.23908,175.06642,-97.970116,20.0478,174.66818,-98.0284,10.940479,176.66524,-77.171776,10.89639,177.71967,-77.27275,10.806774,178.80984,-77.245865,34.36899,179.44604,-101.5418,21.289978,185.01045,-7.8433185,15.10798,193.46982,-94.40618,9.809011,196.01999,-67.739044,68.37676,237.64905,-144.94614,59.5402,225.55957,68.09564,122.95203,304.06143,-122.62435,113.915245,284.28964,83.49635,76.92278,342.85526,-101.35993,77.94331,318.0773,78.28517,58.689373,353.10843,-129.53714,60.930126,319.76788,81.195984,47.433857,342.50903,-117.88284,54.755993,320.96405,62.168625,53.717857,338.50037,-98.70623,62.351395,321.91708,68.16157,176.2561,317.68338,-68.994736,170.7945,304.22192,69.167755,304.1071,324.32474,-65.40003,283.33792,320.44577,73.9891,423.05222,316.03815,-53.98991,387.8405,319.891,125.99822,434.53824,304.17215,-48.90446,401.47153,308.29477,132.87413,463.61285,328.43265,-88.37985,425.9981,337.8177,90.07804
41-0.pngresized.png,122.55316,183.12207,-116.14084,141.02026,179.82301,-134.85707,144.36217,181.82425,-134.8618,147.76125,183.54419,-134.80527,137.48741,179.28761,-96.99974,137.80531,180.93887,-97.24386,138.06487,182.62828,-97.39747,164.25128,202.21535,-183.52063,148.2514,201.02383,-12.089425,125.284065,201.65073,-132.82693,120.09568,201.74753,-84.00705,165.13058,288.1316,-244.67464,147.94025,281.92792,71.55619,159.05873,401.87375,-267.08948,129.06285,386.69046,64.49125,100.38256,490.448,-298.39005,86.004326,470.85294,52.205643,85.20542,504.65698,-360.02026,65.625534,474.51584,55.77674,73.57205,495.85202,-331.39923,69.95911,476.0116,16.933819,78.030174,491.3747,-293.61087,78.769936,477.21994,34.13119,248.30063,443.82434,-100.17601,245.20421,434.81436,100.39773,417.76416,478.1874,-51.609962,399.66956,473.72906,132.49368,573.2321,484.06824,38.72569,551.43054,479.6032,266.62695,595.37756,471.79703,48.33466,579.50085,466.28387,281.3924,616.0393,507.16983,-58.57427,586.2401,509.47183,199.47993
42-0.pngresized.png,15.363206,85.86743,-57.92682,23.897902,83.73422,-62.118176,25.51077,84.76438,-62.167164,27.152107,85.63671,-62.19884,22.66919,83.15143,-45.480274,23.02261,83.97695,-45.56337,23.327946,84.8097,-45.569965,35.71327,94.369675,-82.184494,29.81314,93.336075,-7.201244,17.734758,95.25482,-66.1682,15.364966,94.904465,-45.042946,47.835575,136.69423,-107.840256,39.414783,131.08443,31.927319,78.73255,185.99088,-113.623535,56.27851,177.2621,36.914047,48.753334,224.62451,-127.15075,45.618793,209.60915,33.131893,32.014904,230.27933,-152.48549,34.032547,208.493,41.865883,26.506805,222.4451,-134.43802,31.75074,210.09892,24.084953,31.116495,220.6571,-121.936,36.553047,212.16469,25.85127,98.779305,206.28008,-46.96798,94.88395,194.1908,47.09187,178.73871,217.5393,-36.004013,175.40712,202.58716,56.278347,250.36578,212.63129,-10.472623,240.366,194.06743,114.05628,257.68997,200.35832,-5.5624027,250.27283,182.70073,121.71009,282.77948,221.63268,-53.601036,268.62683,205.98444,76.953285
43-0.pngresized.png,197.34988,100.92966,-137.42784,201.24753,92.34477,-133.16322,204.6701,92.41582,-133.11017,208.1592,92.54976,-133.04396,191.97572,91.86716,-134.97533,188.19745,91.42793,-135.09064,184.45563,91.03164,-135.22542,210.77554,96.08224,-95.719765,178.85353,93.80151,-99.16011,202.79655,109.61169,-122.11268,190.38641,108.57315,-122.64943,209.66818,126.1537,-38.967808,166.9134,123.379395,-100.825714,218.30884,160.37271,-14.690992,154.0391,170.62865,-103.67292,227.14017,183.03574,-28.644775,190.78847,188.93289,-106.669556,234.64635,188.6514,-38.042557,200.10643,195.42433,-119.30274,231.28592,188.34299,-46.909786,204.81693,186.7601,-121.33795,225.74463,187.60085,-35.218212,201.95732,185.69388,-108.49138,131.67195,170.06084,18.822283,120.087,164.20541,-18.728619,79.41594,165.70161,87.085526,65.24094,162.67905,39.001995,41.180313,155.9781,164.85612,22.38959,157.08452,105.84,34.696186,150.6941,172.5301,16.7586,155.1345,114.26789,27.565807,164.55627,164.59587,5.1384463,166.35852,100.5093
44-0.pngresized.png,450.48962,219.47285,-361.85254,444.13208,207.0028,-334.38232,447.65137,207.4238,-334.3924,451.39325,207.87753,-334.37906,432.30908,207.26836,-357.57797,425.95245,207.6401,-357.8468,419.6791,208.04683,-357.91754,445.15518,216.50882,-217.05963,402.34662,217.27858,-314.95825,455.52762,235.02322,-320.69458,438.94296,235.28618,-348.691,452.17136,297.66125,-123.50401,368.91306,282.3752,-322.9958,484.21857,394.69095,-135.72195,378.75348,407.43997,-355.5104,550.5539,447.5616,-209.63129,454.67145,453.00507,-401.21188,579.5868,452.03986,-234.39856,475.55707,462.47076,-448.56796,577.10046,446.463,-266.86383,482.41522,444.28864,-439.13904,562.8163,448.27322,-230.83754,477.5565,443.39655,-400.54187,331.14484,413.2904,56.84693,296.59552,400.28516,-57.13898,196.84265,409.39877,116.552086,151.5983,429.6707,-24.329374,83.61045,390.85757,220.39748,43.587624,379.49915,77.25786,65.54393,379.1698,232.6565,27.239086,367.5231,89.68313,42.635227,406.1568,175.05945,0.0966804,378.2242,41.773434
46-0.pngresized.png,547.4658,269.55032,-125.65814,538.4273,263.4353,-111.25703,537.6217,264.0704,-111.23415,536.9172,264.7528,-111.236725,537.4494,264.18866,-136.32751,535.20044,265.16983,-136.53017,532.9843,266.1508,-136.52611,523.2442,273.0158,-54.570644,517.2395,275.32996,-161.32089,541.9335,281.23273,-104.177414,539.7649,281.81113,-134.87941,490.1549,323.48688,3.1073542,495.01334,339.69418,-181.22395,480.57312,390.96384,52.42152,503.58252,430.0898,-154.52815,525.80786,420.87027,43.69357,573.2798,442.2264,-150.01909,542.2042,413.81006,40.531868,598.16907,441.04868,-182.63878,552.37646,417.64008,14.605994,596.7106,423.582,-171.32278,545.23364,423.3145,30.036913,587.6855,423.88684,-148.3051,400.4441,426.69492,49.319054,407.19977,438.56073,-49.12028,290.2639,425.55988,124.01978,292.57474,440.86612,6.0637608,196.94057,416.5765,232.1661,188.56313,429.1677,95.04917,178.61633,407.77887,244.76024,172.155,420.2656,107.69091,174.09666,422.45837,208.9233,153.92935,427.5244,66.28152
48-0.pngresized.png,445.84314,145.64464,-58.33343,437.17975,141.70955,-45.733845,436.8008,142.71558,-45.762283,436.51218,143.7675,-45.7342,435.43195,142.26898,-68.42046,433.10498,143.34361,-68.5279,430.8042,144.4138,-68.50841,427.8161,156.64705,3.7235792,419.1627,157.13911,-92.81782,445.3561,159.02014,-40.099506,441.80048,159.13771,-68.19033,406.03586,219.18031,54.379475,408.0025,215.40457,-127.48687,382.6667,288.7343,67.51607,380.6004,286.68387,-126.09464,406.93628,337.13385,62.18416,410.6393,344.80017,-131.83876,419.20148,337.76202,61.54707,422.5768,353.96857,-157.96678,427.10736,342.248,40.726967,426.72736,348.22513,-146.77397,421.46094,343.95508,50.575706,422.01178,345.2185,-129.39555,317.3428,315.07477,55.104755,322.27457,318.80435,-54.948074,204.0066,328.44235,78.15124,198.74556,342.92493,-50.936855,108.612305,329.5678,130.64844,86.776695,339.08786,-1.7779137,93.56543,318.81973,136.664,73.80888,328.1798,5.392397,74.29755,344.1769,92.95613,40.46432,347.7869,-40.7051
49. 2905ce6e-a6fc-4c14-a969-57328e155ee5-d78187e4.jpegresized.png,479.3357,278.05576,-80.97557,473.752,274.6835,-68.430016,473.0155,275.66342,-68.47755,472.33337,276.6724,-68.481476,473.85822,274.33932,-92.88904,472.5708,274.82562,-92.998505,471.29288,275.2953,-93.07519,463.2533,282.89276,-14.557382,461.59875,281.35693,-123.90785,475.84457,286.1114,-60.74457,475.00537,285.32794,-92.26895,434.39813,315.57675,50.42488,446.80078,324.1834,-168.95209,434.62952,373.39728,62.32796,453.15442,395.87613,-164.94409,475.4713,392.24338,20.181599,500.05402,404.20547,-160.07309,491.03912,387.72906,17.676373,519.53937,402.91672,-191.79956,495.52017,386.38455,-3.5767438,519.6357,392.52322,-178.33658,489.41528,389.25906,8.440098,512.24884,393.6783,-155.2792,360.05707,381.50195,70.00022,367.76178,395.65585,-70.00863,282.62085,394.85156,105.47316,285.28333,410.6384,-73.75268,222.91962,384.76672,179.12207,207.81198,383.38147,-16.168446,211.77002,375.29254,187.79889,197.41295,370.80307,-7.362541,204.51265,398.92212,160.98547,181.76822,385.5467,-39.34511
5-0.pngresized.png,437.22876,202.60017,-228.82126,435.35568,190.7507,-214.00964,438.41217,191.26695,-213.99066,441.6345,191.88899,-214.00613,424.52332,189.88165,-226.65904,418.82974,189.35042,-226.74292,413.19977,188.85933,-226.72571,434.10233,199.33438,-131.67242,396.01697,194.84595,-181.03534,437.93658,217.92796,-196.9834,423.14166,215.892,-210.88391,417.2283,260.36353,-46.780193,357.4432,255.36504,-169.76846,422.09134,337.89523,-5.459918,316.52774,342.80786,-156.94809,464.66708,385.2754,-32.960846,386.71866,381.98904,-159.4141,484.58078,390.65488,-46.944,405.82306,392.71213,-184.647,484.5942,390.29868,-66.596466,415.2465,376.77832,-185.60797,471.9357,391.13885,-45.667404,408.29285,375.05646,-161.90746,282.61176,355.19473,28.687498,264.07675,346.60825,-28.485931,159.36761,360.87656,116.07123,154.3729,362.17914,42.025978,67.26089,361.55234,210.81761,50.65505,365.48996,151.22305,50.983566,355.91693,219.63298,37.333923,363.2802,163.60832,44.645374,375.69418,175.5242,16.244146,381.85327,125.44309
57-0.pngresized.png,25.684263,90.60893,-67.6424,36.255733,87.38375,-78.42232,38.453358,88.19215,-78.414314,40.705517,88.834274,-78.40893,33.976955,88.05778,-53.755947,34.161037,89.47437,-53.909485,34.292538,90.909004,-53.984707,51.739414,99.8152,-111.3808,42.126083,102.32369,-0.33354402,28.912722,101.72155,-78.941246,25.5014,103.00825,-47.31618,57.8046,155.10349,-146.55817,53.081207,154.37946,51.7787,62.886177,226.97572,-151.7428,57.994164,217.27264,58.33266,46.414047,291.12415,-157.75221,51.072746,274.04373,54.476944,40.63663,300.4669,-190.85452,42.957005,279.10522,55.617542,35.936684,297.89557,-178.22162,46.330948,279.92123,35.814743,37.49605,295.74924,-156.04048,50.002533,279.70212,44.571484,114.44105,255.7428,-63.70572,114.82062,246.89726,63.851414,210.197,277.21304,-32.055443,209.57034,272.54504,76.642784,304.5784,279.53128,12.48536,291.04156,271.4235,150.22119,320.2911,271.42847,16.58698,307.29175,262.61224,158.13684,327.28342,288.10776,-56.021538,310.89566,284.32663,97.58842
6-0.pngresized.png,398.69153,151.93028,-75.43231,387.2168,154.8022,-59.527573,386.63812,157.08441,-59.60197,386.15405,159.38782,-59.483734,388.658,155.59624,-86.07713,388.26193,157.77051,-86.27551,387.86215,159.99657,-86.29736,389.62564,176.33116,-4.3899474,390.82687,177.0766,-114.67167,408.53702,162.9729,-55.005875,409.63077,163.87265,-88.20258,419.65845,239.13736,81.59059,424.76538,234.91643,-180.1573,437.52847,315.43448,74.39648,453.36276,319.37405,-165.2878,476.99323,371.67874,62.415096,502.2609,387.28378,-192.48506,493.30508,365.22333,60.096157,521.53046,394.5308,-234.3315,502.97803,370.55542,34.538765,526.1662,388.4941,-214.07266,495.1181,375.74942,48.208687,521.33405,386.81906,-187.65646,363.3322,363.0892,86.598076,372.27448,369.9106,-86.4373,226.0826,376.56,84.72308,231.41425,393.80716,-124.77112,116.96883,368.66824,154.52882,108.07025,379.38184,-78.519516,101.83565,352.54132,165.18207,89.3542,359.76935,-70.21634,59.00312,391.77182,109.77337,51.242783,393.46582,-132.41792
61-0.pngresized.png,219.46973,81.818954,-101.08367,215.88995,78.91168,-90.96906,217.07794,79.271614,-90.918976,218.36183,79.65067,-90.907,211.54082,79.358955,-98.56512,209.16226,79.97801,-98.65887,206.80363,80.61592,-98.71999,216.58751,86.57467,-46.3467,201.0258,87.75712,-77.62593,222.40446,90.202415,-84.8897,216.28122,90.6959,-94.06761,217.7876,121.20941,-1.0791785,199.43993,125.40466,-96.44971,241.54628,158.95828,2.6100376,204.87436,171.70947,-104.13779,265.70847,190.3629,-18.494804,228.56613,209.68976,-108.58772,275.27518,192.64494,-25.179644,233.76077,215.65298,-127.6378,272.8393,192.40091,-40.594967,237.72655,212.11473,-122.77932,268.13608,194.73445,-27.057133,234.81613,211.04222,-107.95634,165.48177,189.4645,25.660547,158.96494,189.6822,-25.676073,107.93871,193.76752,70.42524,99.900444,208.01927,-7.92889,54.61573,189.47173,101.75172,45.686028,192.86458,33.72543,45.994946,184.95703,104.90101,39.501038,187.84447,38.835823,36.871803,197.77144,88.300095,22.015497,197.02596,20.764498
61-1.pngresized.png,147.44434,30.79903,-147.21089,140.77055,27.614336,-132.92096,141.00647,28.007135,-132.97221,141.37587,28.366909,-133.16075,137.74986,28.347174,-150.31158,135.44316,29.330814,-150.29926,133.12445,30.35622,-150.1838,133.44962,39.53304,-78.39122,121.81985,43.16084,-153.82079,146.89793,43.275875,-128.21071,141.46228,44.18449,-150.14398,141.70284,98.61689,-72.45798,101.494415,105.341354,-161.58163,154.11656,168.30602,-76.44392,110.59661,189.61095,-186.13058,180.03352,232.91934,-103.96291,128.36786,258.83966,-207.67044,185.35059,246.35318,-113.052055,126.81967,276.8694,-236.96155,185.63202,250.0726,-128.98657,133.51495,276.27612,-239.87927,181.7175,245.84172,-111.59901,136.00612,267.66165,-212.02824,138.73105,204.79321,36.91688,116.908806,208.07082,-36.33364,144.84677,247.03496,149.70734,110.576035,251.46869,86.97176,141.45065,280.40775,310.68362,101.97862,285.38492,240.8553,134.97624,288.93515,325.09943,95.50579,294.68097,253.85194,159.4652,285.10464,297.2954,116.82742,290.19296,216.20273
61-2.pngresized.png,140.6899,55.879974,-84.90905,135.37196,55.80709,-75.98548,135.03174,56.18734,-76.0025,134.79025,56.5542,-76.04293,134.63063,56.770187,-87.48273,133.72157,57.73906,-87.516205,132.81453,58.75454,-87.46092,131.1269,64.83463,-44.18641,128.03706,67.95187,-95.59728,141.32973,64.132126,-73.17858,140.10133,64.99327,-88.38143,135.57954,98.299545,-32.561543,124.40862,106.097885,-115.40987,139.4822,137.84094,-27.330643,123.688385,153.52448,-133.14532,150.97464,179.6654,-54.1111,134.3428,194.28133,-154.49626,153.29807,186.23572,-65.18725,132.25201,203.21439,-179.41408,152.50984,188.43336,-76.508354,136.25227,201.9731,-181.11234,151.2824,187.86115,-61.095303,137.63873,198.99225,-158.21507,131.90643,165.86813,33.81403,125.894104,169.04291,-33.458366,129.4365,168.95425,148.48253,116.04984,174.9403,90.4199,124.70917,182.29431,260.06693,108.39754,186.413,210.86653,120.57164,185.8565,271.2488,104.524536,190.45372,223.22572,137.02768,178.9711,266.10358,116.332985,182.16557,213.30281
68-0.pngresized.png,64.94211,198.6482,-132.58348,69.222115,189.80717,-131.79039,71.84441,188.43713,-131.80287,74.44182,187.03261,-131.82265,64.9821,192.51889,-117.30089,64.079704,193.6279,-117.380936,63.212246,194.77707,-117.492516,87.10022,188.39288,-111.756485,72.425255,196.68939,-48.867203,76.33164,202.79594,-124.595276,69.72527,207.77036,-106.2875,112.317024,233.89822,-148.35751,113.07091,218.17937,30.488926,103.219406,296.68686,-161.44548,117.653885,271.85623,36.194138,45.0266,309.5818,-178.30505,69.799866,293.36554,-22.374035,29.839664,312.51443,-212.44035,54.623707,292.28342,-29.699812,23.793697,306.23102,-200.63138,50.64851,293.46497,-50.63119,31.720266,304.1771,-176.14853,58.002724,294.39728,-34.65225,203.35904,282.29858,-54.19225,205.44067,271.7306,54.41813,279.1201,292.63455,1.7906164,283.15854,287.0083,88.16097,348.37335,294.14514,62.48787,349.80923,288.74194,165.22629,361.7575,290.36868,66.72236,359.98276,284.40283,172.38394,358.3733,311.5428,26.761633,363.5126,306.73965,144.0692
7-0.pngresized.png,68.968796,259.2042,-101.93508,79.51368,247.52676,-113.17823,83.01392,247.30981,-113.138306,86.43437,246.9411,-113.02752,76.03223,247.77829,-84.88077,76.43606,248.3923,-84.98634,76.866135,249.0413,-85.10831,107.32166,251.357,-134.1889,93.07989,254.3423,-9.927629,81.878,270.59457,-109.88079,75.95145,272.60675,-74.17307,143.78217,320.97394,-191.27635,140.44989,305.91245,59.778824,140.3099,407.20712,-198.183,150.44351,386.98373,62.332233,62.70734,414.0826,-237.56401,68.55887,400.33804,47.029587,33.52425,414.29663,-290.10428,35.153614,392.5467,51.88926,24.714159,401.65494,-273.81833,29.683422,395.23962,28.36938,36.633003,401.95346,-236.93604,44.444496,398.78644,33.85059,273.41635,398.28592,-87.725784,270.93097,381.03888,88.176186,427.66214,405.7547,-63.04402,414.57407,393.52835,72.69117,562.2994,397.83984,-70.09568,539.9857,384.7026,121.87927,576.58264,383.90533,-67.31498,554.14014,369.3582,130.1477,604.37616,420.83484,-117.82953,585.8296,412.39478,90.70718
8-0.pngresized.png,59.378407,127.87709,-53.900192,65.036064,123.62339,-64.74777,66.22225,123.9196,-64.719185,67.39791,124.10207,-64.73438,64.82287,124.28971,-44.30707,65.45018,125.353516,-44.42266,66.10756,126.40143,-44.464447,75.04582,130.17065,-94.38814,73.40262,132.81805,-0.4443025,62.020058,135.12288,-63.152206,60.86521,136.40091,-36.20837,77.39785,172.51407,-128.2042,93.26018,160.78659,52.637543,76.41331,225.30371,-129.39435,97.89156,208.04,65.02215,47.70085,240.52933,-110.740776,72.789566,225.0171,29.778957,38.103153,242.08633,-133.30083,64.579575,222.13617,30.94088,36.145725,234.89879,-118.607025,60.340157,223.02873,11.066291,40.359344,234.66658,-106.627075,63.58053,225.15996,19.452248,138.67471,230.01537,-58.72612,148.65926,215.73303,58.91161,215.38826,233.17458,-56.1603,222.81294,224.62492,61.105904,283.52383,225.1623,-26.089104,277.39224,221.4682,120.89795,292.25784,219.32999,-22.744152,284.89697,216.07808,127.57135,301.67044,227.86617,-72.95611,294.01334,224.52315,86.591125
82-0.pngresized.png,331.78262,153.08943,-24.203005,327.49075,147.8962,-18.205507,326.58356,147.93387,-18.248573,325.7152,148.01689,-18.281311,327.17416,148.74506,-32.977585,325.83582,149.0493,-33.044865,324.4874,149.34045,-32.995716,316.98456,151.75818,5.909816,314.63324,153.20483,-57.10143,327.3032,160.23602,-15.412331,326.54675,160.60796,-33.39937,288.3109,186.07286,41.902195,292.63998,188.68977,-90.870575,289.94705,235.83617,49.963238,301.49945,254.11798,-81.38114,330.9982,254.97153,47.776497,348.62784,261.5274,-97.341095,350.32178,252.28491,46.42367,369.01736,261.56366,-126.04187,352.50842,254.28615,35.372517,368.76303,251.87967,-124.20674,344.7975,255.9352,40.448315,361.18173,253.35307,-99.16368,206.97849,232.75955,40.91112,208.61841,237.38597,-40.9196,127.32405,237.99573,48.26903,131.08871,247.4104,-39.576336,59.54469,233.81554,77.959785,49.56132,243.52228,-16.529402,51.14774,224.01791,81.97922,41.87043,234.41965,-13.281596,33.851463,244.99542,54.180676,19.46929,254.3006,-42.425976
87-0.pngresized.png,714.39435,355.76053,-38.15689,708.7324,344.782,-16.802132,706.2172,344.89172,-16.84352,703.7954,345.04358,-16.841822,709.6202,345.81647,-55.865833,707.39307,345.8321,-56.108868,705.1029,345.84564,-56.20567,683.21906,350.17062,59.352924,683.7511,350.8452,-107.28369,700.4875,369.58438,-9.458561,701.0822,369.3102,-57.382587,602.83795,405.87665,172.11552,621.93365,424.812,-214.25578,648.3703,507.4558,208.78473,654.18085,568.55676,-224.29355,740.27203,525.0349,195.6361,755.7256,561.7834,-254.61357,782.593,515.52795,197.86705,800.12036,556.6338,-328.01126,780.5957,516.07544,169.99828,796.0845,533.8474,-321.5236,764.4117,521.416,178.24599,777.8307,538.1655,-256.00858,415.79843,506.6408,115.00199,424.51877,523.8134,-115.115036,236.71979,522.08124,148.91068,250.01294,548.9916,-106.90115,90.709724,516.1314,252.06934,71.85754,537.79816,-35.58052,69.822,499.40884,263.70352,49.28132,518.7609,-27.24753,48.592415,536.4708,210.2442,24.370647,556.83984,-90.318214
9-0.pngresized.png,244.26518,100.910995,-560.7067,249.52853,81.74115,-546.0868,256.44116,80.82465,-546.12463,263.45782,79.85205,-545.9427,230.20703,83.13825,-554.6544,222.02556,82.965904,-554.6543,213.9414,82.90218,-554.64264,266.1035,83.36371,-430.5384,198.03148,87.73857,-459.77393,253.66998,115.21303,-512.6866,227.87527,116.57942,-521.19617,281.96548,148.35951,-312.6876,159.08563,156.63022,-412.25558,301.97983,235.32198,-250.5353,154.22171,257.69043,-383.64105,339.00867,309.37814,-296.10858,175.99164,348.39923,-420.64816,357.3878,328.20386,-315.27228,167.00505,377.15952,-460.68,352.83167,335.61966,-355.18478,191.85536,378.0803,-480.66217,339.3662,330.83984,-314.51523,198.80734,365.57477,-430.50424,237.71548,269.14835,31.94315,176.09428,265.74625,-31.579802,273.38422,333.68668,-54.4737,147.93478,291.56647,-11.297835,171.2981,337.28387,127.093636,158.01941,231.21075,269.46054,157.40718,328.2834,150.60355,157.44682,216.61256,304.78775,144.50554,358.2271,150.99973,170.46394,233.73169,351.45496
94-0.pngresized.png,404.897,182.87946,-50.769295,399.54767,176.51472,-44.98529,398.61502,176.4719,-45.000793,397.75507,176.49384,-44.99119,398.91745,177.93889,-59.748905,397.21832,178.5279,-59.808277,395.5112,179.12039,-59.727806,387.68887,182.00304,-17.000715,383.82178,184.95229,-78.9884,399.79718,192.1992,-40.577423,398.70917,193.17418,-58.29927,359.13907,224.0316,26.005142,359.7901,231.50677,-110.666695,381.86612,282.3666,30.948755,380.7403,302.98825,-106.12572,427.822,300.66238,22.669344,435.76657,315.0404,-127.35047,448.4206,294.096,16.01432,457.71036,313.5583,-161.07657,448.52972,295.30334,2.921271,457.80002,302.31796,-158.74823,439.6534,299.7115,14.368157,448.96683,304.55643,-129.46411,263.68286,286.3153,39.130783,264.7823,292.20328,-39.104355,164.99026,294.4984,60.456757,173.63474,312.5939,-32.19197,85.8367,295.4185,94.58225,72.62322,314.43304,-1.910974,73.41525,286.73837,99.4874,60.67799,307.26935,2.1345484,62.07304,306.5796,72.641426,40.801777,324.5281,-26.16077
95-0.pngresized.png,255.13344,109.96088,-49.77897,252.62347,104.46775,-43.86416,252.50961,104.48203,-43.897743,252.42603,104.544754,-43.92045,250.80098,105.19837,-55.300896,249.1449,105.36033,-55.3167,247.47043,105.53528,-55.30337,246.08621,108.63635,-15.469745,239.084,109.45421,-63.59917,252.36305,117.35672,-39.04733,249.68861,117.6254,-52.610413,222.56558,137.55559,25.915571,222.87917,143.54295,-91.856476,232.58435,179.00653,30.364843,223.72005,198.19054,-72.52216,267.15842,195.59018,28.903517,261.0713,205.61243,-48.32377,282.98288,195.65729,28.48201,276.29465,207.85373,-65.52249,282.91498,196.11485,19.848772,277.23758,199.15851,-65.52407,276.33707,196.76793,23.335184,270.7558,199.83083,-49.25844,141.65546,176.12756,34.85657,143.0666,180.48431,-34.775394,76.771866,178.50714,60.840557,77.569305,186.11882,-11.810921,23.354008,176.58786,101.68031,11.597558,181.42828,22.849768,15.533614,170.6554,106.27944,3.6523225,175.9353,27.150822,7.225398,185.01407,91.86102,-8.966877,187.89058,8.322121
96-0.pngresized.png,81.80707,192.83345,-95.88127,90.81553,188.13153,-101.15284,93.13307,188.73857,-101.19805,95.42102,189.18614,-101.21459,88.7323,187.84946,-80.68477,89.05948,188.6004,-80.76916,89.38987,189.37402,-80.83286,108.173836,196.70465,-115.416275,99.48453,196.73976,-24.747984,88.31236,202.76927,-102.29617,84.54497,203.33974,-76.26372,127.29634,245.1851,-158.7949,122.34741,239.22746,33.380726,117.844154,305.3337,-168.67773,122.877815,292.9765,39.542854,61.456707,321.1352,-194.81972,74.79286,308.41794,2.8254495,39.755203,321.19504,-237.13866,53.14812,302.28342,2.651119,32.926292,313.38083,-216.57722,48.848988,303.04633,-24.715351,40.720016,313.89517,-191.68552,58.34852,307.2199,-11.292278,208.6391,310.07413,-62.45069,205.43948,301.80316,62.637394,316.6411,313.60764,-63.733204,303.72916,308.07904,57.467075,404.339,313.95306,-49.08494,379.25464,302.2612,114.44908,412.5895,305.28897,-45.899723,388.10947,292.57584,121.46641,438.61722,324.8885,-102.55048,412.89264,310.28812,71.17635
