1-0.pngresized.png,826.3219,457.08023,-53.780933,841.70276,447.68375,-42.684288,841.44135,446.5815,-42.670406,841.2314,445.6153,-42.70891,841.9358,446.58023,-79.506615,842.1901,443.88565,-79.60171,842.4263,441.20697,-79.76911,830.39606,430.20795,23.911366,831.5506,426.1004,-130.54092,807.5213,453.30038,-23.211157,808.19885,448.6706,-67.539276,722.09015,399.35132,144.27267,737.28687,418.5265,-208.64066,619.90564,390.19186,240.61531,635.686,402.7424,-370.633,619.2276,473.57297,222.15242,650.27374,504.2214,-519.959,629.0679,486.95462,226.29631,658.28046,527.3582,-562.218,638.2525,504.98428,191.9552,668.9784,526.44855,-536.79114,635.0095,500.3283,206.02435,664.6806,514.1587,-512.7394,477.2265,408.707,112.61418,473.47098,423.5369,-112.18728,294.12292,420.4778,145.1803,283.78082,452.41144,-49.143066,140.3281,430.87466,221.39198,104.22677,452.26743,17.575157,112.82804,420.2412,222.97751,72.65347,435.55026,15.390879,116.02487,486.32346,149.71057,82.80248,519.3043,-76.83682
10-0.pngresized.png,62.83955,339.2998,-61.283344,53.475437,332.86163,-82.04377,53.427746,331.1412,-82.12552,53.368782,329.37445,-82.27955,53.198288,333.45578,-56.88648,52.825436,332.53616,-56.91644,52.515762,331.66034,-57.03347,57.692745,316.96762,-127.73304,55.581486,319.62552,-9.82796,73.95218,332.562,-74.4453,73.52017,334.0242,-40.26378,118.183075,302.4967,-162.27846,117.665405,303.0058,64.80382,197.32756,299.92633,-144.18654,200.63876,298.22867,22.01681,157.26917,356.2711,-51.383595,162.32947,340.04315,-112.0538,149.3704,373.32843,-54.04009,149.22292,349.74826,-130.95398,134.7646,368.8306,-54.43219,139.82695,358.48236,-132.68437,137.87259,362.0469,-48.73977,144.99121,354.19077,-121.02022,279.50748,309.32562,-72.477875,275.0205,311.296,72.73027,356.9639,339.93832,-31.330856,361.74997,332.64667,133.39964,450.21313,316.66943,73.663895,450.87753,327.6796,204.3251,462.45767,304.14664,83.95555,464.0365,321.13925,206.74014,475.0776,335.6114,84.97676,475.43015,343.18948,186.40176
11-0.pngresized.png,92.12437,422.68137,-80.74786,84.408226,409.67484,-99.880135,85.20798,407.65164,-100.09676,85.910255,405.59235,-100.18195,85.22996,410.39615,-65.94647,86.48515,409.45425,-66.034386,87.78853,408.56775,-66.20148,100.35666,392.55014,-137.32878,101.89305,397.86563,15.101824,108.765144,420.39377,-88.36398,109.428085,422.95392,-44.263367,187.44359,390.75464,-200.71802,187.2385,383.0535,127.781494,308.07098,372.38364,-210.90929,296.80194,379.02637,197.1415,269.94345,486.20538,-188.4068,280.90207,463.54187,172.00183,257.59232,512.91626,-206.16064,270.19095,474.40973,166.65451,235.51173,504.99533,-190.00874,260.0889,482.76736,132.3865,239.11047,493.55807,-182.17307,264.14474,480.46014,153.7307,406.10535,396.21713,-111.23814,398.00815,385.74933,111.50487,560.3515,408.45795,-16.947233,555.7113,408.59793,143.0202,701.2994,412.00143,62.954475,690.3847,414.38968,220.0847,720.7968,396.36774,68.41873,711.58765,398.41205,222.81615,728.2758,464.63184,4.228248,717.3072,472.5992,165.68304
12-0.pngresized.png,527.5572,303.1366,-29.216488,539.04767,294.46667,-22.714247,539.6383,293.7927,-22.718231,540.28046,293.22495,-22.797436,537.23206,293.29874,-48.047398,536.6243,291.15707,-48.055904,536.01636,289.04135,-48.165085,534.476,280.99695,20.236763,528.7871,276.6541,-86.81872,516.7791,300.49542,-8.6453705,514.6219,297.15353,-39.612488,460.64633,263.314,98.36355,467.12415,276.0715,-129.03711,376.83554,277.5868,128.78784,376.21066,286.50717,-110.0366,386.73148,332.80655,78.64773,398.91742,357.66635,-67.43934,395.90234,342.9828,78.31157,407.29666,378.61243,-89.43297,404.8064,358.16525,54.788277,416.95984,375.38348,-76.48838,400.98962,353.96432,65.729034,412.79773,366.2573,-61.848827,300.60544,280.54117,74.62217,297.28314,291.14365,-74.423485,172.30904,304.7357,80.60948,172.92456,318.6567,-30.661148,60.682762,318.05774,134.5466,45.57366,329.34982,26.937178,42.56836,309.3291,137.64433,24.250237,317.42117,28.50394,45.267956,361.26764,98.748276,30.060314,377.6945,-22.980986
13-0.pngresized.png,78.16116,431.08218,-102.15714,70.01664,414.0364,-129.95294,71.14844,411.48547,-130.1933,72.17617,408.8078,-130.38126,70.106636,415.50537,-84.89002,71.07902,414.42554,-84.93235,72.10354,413.35376,-84.977264,87.6489,393.12778,-181.47514,86.101265,400.24823,21.773817,96.673386,428.70447,-113.86944,96.08007,432.08862,-54.877117,183.7807,400.3792,-259.03635,191.55339,398.97452,187.21678,313.31897,426.44025,-251.56027,314.81467,428.73224,258.72754,306.03183,536.40894,-199.41383,294.38794,512.4981,186.96254,298.32693,558.2186,-240.76936,281.22302,522.6593,189.0972,281.20383,558.4373,-216.90736,269.53796,533.3697,143.74496,284.27658,548.04877,-191.28407,275.1395,529.6852,163.47925,441.31213,424.4288,-147.21017,435.03888,420.03506,147.7852,634.50116,465.55655,-80.24968,628.7879,457.32306,160.1006,828.0981,470.95105,10.452739,817.25415,466.36426,234.6078,861.53864,452.3921,10.869097,852.8216,447.83563,237.67694,848.1568,546.0004,-108.23435,835.69495,547.56915,163.41396
14-0.pngresized.png,70.18573,352.63785,-189.14392,58.78971,336.00604,-210.18016,60.325157,332.00763,-210.15082,61.82359,328.00323,-210.09917,56.434002,340.63223,-181.80727,56.12613,341.10547,-181.76874,55.991726,341.5957,-182.0022,77.090836,307.36777,-234.31137,67.675835,324.43185,-105.65078,90.53078,341.9653,-191.769,87.84509,350.73666,-154.26846,195.57156,298.35144,-231.21548,144.875,298.34427,-31.40055,327.57632,346.9805,-211.17268,228.7489,323.01077,112.46608,278.34668,421.84668,-167.78506,191.10489,377.25507,182.0965,269.795,440.83942,-194.78773,177.69089,385.3676,182.7884,244.23209,435.20728,-188.59349,168.79422,391.53876,162.8776,247.25107,426.1498,-165.41759,178.72412,386.28867,174.27817,402.55914,287.22952,-74.4524,376.42358,284.9105,75.1177,545.5153,297.12833,65.79558,505.46292,299.6197,196.20578,669.1484,295.161,224.29913,607.35187,294.34045,339.3068,690.7564,284.35193,239.79248,626.6334,282.09998,355.5581,690.5582,340.92676,226.33446,623.6952,335.0397,353.95224
15-0.pngresized.png,36.90817,195.71114,-34.87448,32.4666,185.85019,-51.407455,33.163197,184.41167,-51.430374,33.822205,182.85692,-51.51378,32.07996,186.48294,-31.455334,32.404617,185.38896,-31.48246,32.810707,184.35725,-31.38501,43.637775,172.81903,-79.93283,41.08693,175.57053,10.589812,48.33605,194.12871,-42.179554,47.850185,195.06448,-16.060385,96.46878,181.0824,-106.70409,107.711914,185.85844,84.07826,110.701614,244.1846,-137.66385,132.22684,244.45995,108.868065,108.04077,310.30283,-145.3157,130.71422,300.09323,77.41328,96.386375,318.1925,-171.4775,118.244225,305.54855,76.5018,93.64277,317.0213,-155.25233,117.10205,305.58548,56.422176,98.91352,314.03806,-141.30833,122.39508,304.0762,66.87579,228.86987,203.79343,-59.097263,226.94843,209.41011,59.214245,326.2876,250.50473,-38.98847,321.49268,255.16914,45.4576,424.65695,275.2544,-12.069059,416.9635,282.8539,63.162956,443.90292,270.69925,-13.763943,435.7171,279.81995,62.378716,423.05136,309.74234,-69.82207,419.4887,317.7317,19.245708
16-0.pngresized.png,125.884735,400.1319,151.1282,112.139366,402.33206,144.57672,110.56113,399.39856,144.63206,108.891655,396.35202,144.40434,115.13588,408.08673,147.13432,115.822495,410.27585,147.03429,116.499725,412.48367,147.0128,111.58508,388.34912,141.06303,121.917656,410.75552,159.10191,134.93176,387.78302,157.11623,139.13576,396.70163,161.54495,178.3599,371.71167,135.77061,184.4237,389.40167,110.76005,294.7761,382.97342,101.24642,313.7763,397.41647,101.08335,387.9873,387.00528,132.85617,408.16406,411.90244,98.99956,413.04572,386.76138,155.75703,436.4964,420.66586,93.597565,415.3675,383.3926,148.45198,431.03802,424.98938,102.28348,405.96506,383.11423,129.18068,420.3131,424.29608,96.83763,428.61493,382.83038,12.382452,425.51297,390.87244,-11.653167,587.0388,423.7657,-34.107147,604.9807,369.31805,-71.410995,672.7425,517.89307,-176.15936,712.2316,474.73865,-81.615364,670.39545,529.1381,-188.88092,706.24005,486.52203,-80.86051,742.90924,555.897,-219.9473,813.86774,510.45706,-108.79427
18-0.pngresized.png,33.809063,169.51933,-153.91907,29.193607,160.26512,-153.61417,30.342245,156.57275,-153.61662,31.495869,152.86617,-153.62547,26.694838,168.18741,-147.13454,25.694656,171.09114,-147.09918,24.748617,174.0008,-147.18123,39.784718,145.52281,-121.12277,30.626963,172.66254,-90.15233,45.181927,163.71907,-138.5685,41.459072,175.20287,-129.56969,81.56965,164.74805,-116.717995,63.637474,154.56639,-21.115328,128.64252,188.52434,-89.846695,82.173096,165.27579,43.185627,110.015465,217.51137,-72.47153,53.68846,179.97571,61.547512,108.12321,225.15305,-86.6672,45.920826,181.90865,59.918903,98.27921,222.45659,-83.378685,41.857506,185.37187,50.076015,99.281944,217.44057,-71.31749,46.27123,184.34549,55.92048,150.01866,178.64665,-34.12898,142.87135,170.69359,34.23305,187.92299,184.54266,39.21652,184.93542,176.03262,112.053635,220.3057,182.38004,117.821014,217.02045,172.90524,191.81238,228.47084,178.36641,125.55226,224.4199,169.0368,200.634,221.81512,200.40855,117.2971,219.97461,187.69833,197.32771
18-1.pngresized.png,74.98698,112.267426,-130.01695,72.30342,103.4284,-130.41553,73.777985,100.168915,-130.37349,75.25852,96.91022,-130.3602,68.96089,110.4573,-125.44382,67.72288,112.92068,-125.40238,66.53273,115.3902,-125.459564,83.58748,89.93357,-108.21626,71.729614,114.34727,-83.57525,86.008865,107.929085,-119.607506,81.49031,117.420044,-112.46855,121.11655,105.16755,-95.88218,95.259544,102.0903,-43.489086,158.27641,128.3084,-75.65417,98.844864,120.10801,5.5622644,151.8386,155.03198,-66.88986,79.01716,125.83233,3.480012,153.29846,161.92122,-80.074196,73.06813,126.34843,-0.17482197,146.496,160.14114,-79.23591,71.46325,126.239845,-8.527988,145.77304,156.61363,-67.30931,75.465675,125.53012,-1.1888503,164.89851,123.300514,-20.274914,153.46463,118.0901,20.525585,164.14467,138.17738,56.95209,156.46487,120.43232,102.3738,167.36761,133.51411,139.25032,162.32472,117.03682,179.89084,172.89009,131.46083,147.4338,168.45715,114.5768,188.75856,156.27246,145.71066,146.5745,152.288,127.4248,195.23117
19-0.pngresized.png,78.585434,329.71362,-167.3848,69.90851,312.50684,-190.5911,71.42496,308.53073,-190.68153,72.89015,304.5139,-190.79128,67.895096,317.73703,-163.06409,67.81506,318.39713,-163.02843,67.85814,319.12393,-163.14563,86.91276,283.78104,-226.23337,79.002594,303.56573,-101.593025,96.943825,320.09592,-174.47197,94.629456,328.75455,-138.16058,201.6466,266.74615,-222.58293,140.99313,296.8087,-34.246555,332.90228,317.71152,-202.08733,196.7821,355.33087,54.03851,322.327,417.21307,-157.06612,177.47305,430.49634,42.99444,322.98285,442.89484,-184.94447,165.21227,446.61182,29.833916,295.75558,437.77243,-181.84384,156.3832,450.62,6.312863,292.95792,426.5672,-158.81618,166.61278,443.6378,29.876328,390.7414,277.30286,-71.210846,359.14294,291.19858,71.788826,509.73096,309.5249,45.884342,481.4913,322.9725,175.97963,627.4051,320.8697,182.52487,585.57605,334.41962,272.89536,651.3574,312.1778,191.66823,608.3964,323.93732,282.30527,632.2492,373.3273,146.23122,590.5522,389.0903,253.90259
20-0.pngresized.png,64.43576,467.8724,-26.06643,53.16389,451.0644,-52.93482,53.604324,447.91104,-53.02944,53.969803,444.64877,-53.095825,53.960953,453.19083,-14.391159,54.727844,451.70612,-14.441583,55.524902,450.26874,-14.590463,68.97984,423.85434,-120.400604,68.67659,433.0809,57.046974,84.45114,460.73343,-45.043156,84.90479,464.49152,6.4560146,168.82487,428.64148,-187.9792,181.82787,421.97556,159.42314,299.46533,470.028,-165.71924,311.73126,454.2163,228.62,266.88397,554.0697,-61.965233,283.43823,527.26385,187.07169,257.63394,574.4221,-75.99686,271.17578,537.2862,182.59248,237.32489,571.0183,-70.278786,257.93143,544.9523,153.81786,241.72531,562.28107,-58.010475,263.85608,540.957,169.00082,423.97473,462.74765,-117.94182,420.60184,453.4159,118.13214,633.56366,500.0118,-55.73048,620.03375,475.54834,125.83268,834.2394,507.00833,-8.326648,807.8473,486.6894,160.97166,863.43524,488.07758,-7.45365,839.71906,468.8348,159.23517,874.0373,567.0977,-69.94223,843.45605,549.27216,116.12952
22-0.pngresized.png,241.28716,180.26562,-92.07229,247.96811,167.96077,-80.51209,247.4091,166.36758,-80.53724,246.8634,164.92351,-80.72049,247.36662,168.11378,-111.418015,246.45653,165.9118,-111.48841,245.50813,163.68692,-111.594284,234.89285,147.54109,-26.934944,232.79343,145.85074,-159.74174,226.1555,174.38618,-67.1548,225.96405,172.79306,-105.27752,168.63423,119.21889,30.14774,158.8956,132.86273,-178.9169,90.326324,124.38252,146.25703,53.42003,132.0492,-177.06264,88.76377,185.24832,186.66093,84.79292,225.47375,-144.08162,93.16875,193.35716,192.45041,93.754974,253.02426,-161.91129,101.66339,205.40982,167.08842,110.448456,244.7985,-147.68167,97.69853,203.12389,176.84521,106.25268,234.89667,-136.0833,14.024013,132.3927,66.068,6.6682243,141.53056,-65.61181,-53.57529,132.38028,215.2984,-61.180668,144.94502,100.711235,-120.9163,119.84217,386.9917,-132.76591,124.89223,274.90536,-135.40302,109.64794,404.1643,-146.82527,111.82709,293.47644,-122.827675,148.5587,392.48453,-137.66235,150.6188,280.11417
23-0.pngresized.png,48.57278,324.32614,-11.060053,43.34703,312.36502,-30.891958,43.990833,310.97595,-30.986803,44.54837,309.5362,-31.08202,44.96634,312.47858,-1.6842643,46.61479,310.99774,-1.7546623,48.2902,309.538,-1.7804042,57.593056,297.58804,-78.55173,61.410225,299.84564,52.679684,62.236546,323.2435,-23.439734,63.98988,323.51532,14.48128,131.52782,304.57297,-120.48648,140.76065,287.7872,129.95372,228.14046,327.42484,-104.76451,230.96628,297.3004,185.53125,210.35559,405.40814,-67.08521,210.16618,363.74133,156.43834,199.5266,418.523,-90.349945,195.15823,369.8959,155.22789,186.83478,416.27817,-75.857925,189.7088,378.27777,124.04078,190.42575,411.7956,-63.09707,196.44412,377.36185,140.74084,320.02402,296.95398,-84.818054,316.13217,286.40982,85.05285,469.41983,322.52637,-49.36036,465.80005,311.29205,76.01166,623.45447,336.6675,-16.919275,613.86383,324.40115,105.65193,648.4559,327.36703,-20.047302,642.5168,311.73264,104.22921,636.86597,386.57257,-92.5032,622.3064,381.5769,58.516785
24-0.pngresized.png,512.77655,231.15033,-80.99325,516.2557,221.67555,-74.00305,515.8219,221.28122,-73.99965,515.44696,220.97476,-73.98538,514.7969,221.10942,-95.269646,513.3744,219.83743,-95.26275,511.93375,218.57458,-95.28257,503.06796,217.03268,-28.077839,498.9056,213.51857,-117.72424,500.19595,235.27164,-60.359013,498.48837,233.4008,-86.21081,439.9064,225.41724,44.49889,435.45065,236.66084,-149.31142,374.01477,256.44876,84.09539,359.105,265.32346,-144.40085,367.16275,316.81027,58.552967,360.88782,330.27838,-134.97694,373.85788,325.71866,47.642925,364.26572,345.51022,-164.34727,379.80322,334.85684,27.686066,374.0443,343.86215,-160.91092,375.33453,332.36398,46.76144,371.57086,337.1553,-135.69208,295.61798,251.19234,66.8808,290.76318,257.98785,-66.35082,193.68439,259.09204,96.93332,179.22641,270.7381,-23.042984,100.06823,261.7329,163.93579,72.529724,263.67273,40.972374,86.39674,254.29196,167.87674,56.582264,252.25218,44.697956,81.98243,286.213,137.25465,57.69393,305.4088,-4.5382495
25-0.pngresized.png,57.20189,333.61853,-68.731346,47.922417,320.42303,-94.67229,48.355293,317.68423,-94.81176,48.74467,314.8944,-94.90512,48.923134,321.33374,-59.50821,50.00991,320.04443,-59.483006,51.18643,318.73837,-59.596825,63.5864,298.7409,-156.06978,66.08135,305.11072,6.2396207,74.7054,328.8257,-85.90133,75.92677,332.10468,-38.676617,152.2063,307.41357,-213.2287,156.3895,294.49142,114.44035,260.7793,332.43454,-198.24913,255.43227,308.72427,169.10634,246.2093,412.54172,-121.20422,234.5176,372.21536,112.71762,241.67125,431.57352,-136.79333,225.7423,380.37943,117.2136,225.1694,424.70718,-123.123955,213.9003,391.2984,94.73555,225.48645,416.6997,-114.74505,216.60593,390.04944,99.1405,335.4038,323.80548,-101.86302,332.0771,315.23895,102.3103,381.79657,375.37506,-73.08586,399.5713,348.3029,139.89749,483.0154,367.21616,73.09874,489.29517,350.3757,235.38956,498.5173,354.54306,85.98745,506.05872,343.5169,240.5142,497.9282,393.08267,96.61116,500.95648,367.1978,234.1882
26-0.pngresized.png,831.2351,453.4103,7.292711,848.6126,439.6323,15.303036,848.59454,438.30194,15.314268,848.64746,437.1125,15.197252,848.5564,438.75726,-23.397322,848.49164,435.6806,-23.414345,848.4053,432.65125,-23.446981,837.58,420.01013,71.62999,837.3268,416.5213,-91.41428,811.7919,450.90344,36.365982,811.63367,446.68176,-10.236673,722.9158,386.34033,189.49944,743.4053,424.70462,-185.30339,604.4549,395.2036,294.42776,615.96265,427.65356,-272.89905,629.034,487.40356,282.8783,666.4101,525.8356,-332.12042,646.12024,500.41507,291.54526,686.3681,553.0346,-365.3342,660.34534,518.56323,257.02545,702.3778,545.59454,-340.40802,653.45667,514.6445,266.28177,692.1357,532.47784,-322.15808,462.3896,432.23795,123.140236,465.1286,458.6336,-122.66349,255.40112,442.09207,151.09496,254.03671,481.9252,-54.509476,85.8314,459.89386,226.0296,58.163815,472.3216,6.7381687,57.020508,447.041,230.18002,26.309689,450.5452,5.1468534,61.850246,528.02106,171.84955,32.052334,560.489,-81.4254
27-0.pngresized.png,19.456015,122.8957,1.4208903,15.773052,116.87878,-8.709406,16.08551,115.82292,-8.728912,16.385006,114.69198,-8.778239,15.44107,117.32711,3.2842646,15.460265,116.65666,3.2425437,15.528577,116.02651,3.2430322,21.42499,108.32007,-30.76234,19.518795,110.30509,24.028894,26.025751,121.40421,-4.317482,25.390602,122.4098,11.577186,49.73136,116.2504,-53.860737,57.9005,115.460175,64.9378,49.956097,166.24274,-70.61169,63.875526,161.58429,84.59736,42.259933,212.00618,-65.2781,55.187344,202.70435,71.41131,35.451805,219.09149,-76.278786,46.584988,207.51665,74.61362,33.602272,217.82481,-65.9889,44.654663,208.61142,63.670414,36.628204,214.74828,-61.97162,48.519596,208.0383,65.88594,138.66954,143.58876,-35.771637,138.55879,144.21977,35.825195,202.94241,178.60297,-18.850182,201.52783,172.99245,35.82158,267.98334,200.82367,5.16877,264.30652,193.15282,51.29958,280.80338,198.0429,5.7392817,276.55908,191.83728,51.17062,269.04474,221.64575,-22.39994,268.58173,212.4364,27.568182
28-0.pngresized.png,19.044209,108.9364,-28.5544,15.598576,102.936844,-39.261013,16.00329,101.887405,-39.262794,16.397057,100.775215,-39.28743,15.153729,103.420166,-28.108303,15.161051,102.83185,-28.128891,15.226656,102.31152,-28.130054,22.52188,94.69105,-57.797806,20.240345,96.51853,-6.521619,26.777916,107.46793,-32.2911,26.048363,108.61944,-17.54896,54.3928,103.75031,-77.86596,60.18897,101.82744,42.76602,51.03759,154.64717,-94.594124,63.103695,147.68756,55.781963,40.180286,203.90309,-99.34859,49.203945,188.39276,33.9244,33.738277,211.61714,-116.27953,39.99187,192.70442,32.885384,31.598877,210.94957,-105.51926,38.576115,194.16158,19.759926,34.943825,207.83987,-96.474266,43.20871,193.18292,27.029495,148.67911,129.1847,-37.793804,146.58978,129.26761,37.859097,207.42665,166.04025,-6.120712,202.95111,153.65486,62.610065,268.9448,186.28395,31.113983,258.7292,166.32983,101.62026,282.21826,182.9811,33.189167,269.5803,163.80449,104.626595,267.96548,209.5848,3.6257095,264.03168,186.30394,84.66555
29-0.pngresized.png,513.51685,301.3513,-15.043531,523.64465,292.6265,-7.006022,523.7335,291.87265,-6.968884,523.8724,291.20724,-7.018992,523.0983,291.3669,-34.01401,522.8813,289.07336,-34.03754,522.6644,286.80566,-34.08879,517.4785,277.874,41.10495,515.28723,273.5516,-74.087906,502.06418,297.88168,7.1840014,501.4435,294.58276,-26.239468,448.3486,257.15366,111.29599,455.0715,266.54404,-123.33402,373.6411,267.40598,143.59038,372.79257,276.4248,-143.5946,383.2605,320.53027,77.122894,394.52515,332.8939,-144.31435,392.95688,330.0513,72.78734,403.3038,348.69293,-164.20006,400.26053,342.43234,50.889393,412.7691,343.0341,-155.46713,396.37302,338.72687,63.654423,408.72504,335.13223,-140.51491,287.71982,271.27,74.28912,285.0956,278.97964,-73.9758,161.75386,287.14938,77.17542,160.52728,301.4407,-37.713074,51.427444,297.49026,121.35838,39.628006,307.14056,2.7832499,33.977486,288.8076,123.41645,20.164597,295.5329,2.1860437,31.358974,339.75555,80.848885,19.64314,355.69745,-56.38581
3-0.pngresized.png,531.5597,273.56442,-34.091553,537.57556,261.97708,-25.093542,537.30634,261.14728,-25.057838,537.0917,260.4109,-25.11364,536.2232,260.89984,-55.005474,535.0457,258.73596,-54.956295,533.8425,256.59164,-54.984154,525.5651,250.13832,31.06693,521.5936,246.10985,-98.67914,518.88666,274.38242,-8.7292795,517.0817,271.6215,-46.244953,451.63046,246.83455,113.91649,459.41013,260.74838,-145.35135,374.9462,270.13034,151.81076,375.61047,285.39355,-124.59585,373.35394,328.66495,91.133606,386.77078,345.03568,-61.994545,379.21335,338.701,88.67973,393.94052,358.64377,-84.3319,386.86002,350.2646,60.9375,400.653,356.70874,-74.518555,383.43762,347.08047,76.71906,396.6481,349.97998,-57.31721,287.84976,269.84964,85.97336,289.37665,280.40912,-85.61835,164.50357,290.0787,103.903175,166.82155,303.2229,-41.91989,51.38164,300.86758,156.81009,41.79342,308.05255,12.7733755,30.770697,290.55728,159.17616,20.054688,295.81342,12.404333,40.273434,350.33414,119.017395,27.577377,359.61755,-49.086018
30-0.pngresized.png,87.89336,360.13632,-24.819431,76.419945,350.53915,-51.032417,76.20606,348.1894,-51.123306,75.91727,345.7535,-51.228218,76.303665,350.94467,-14.718658,76.0113,349.30725,-14.759877,75.76817,347.69528,-14.803987,82.878265,327.49164,-116.77426,81.60661,331.09454,49.47783,101.51663,351.09433,-43.618916,101.50148,353.57474,4.600961,152.1701,311.52084,-202.66194,157.3588,317.08212,162.62689,247.0302,326.84186,-212.51456,254.46797,334.65344,206.14182,239.65904,415.6113,-130.31578,266.64957,402.1527,106.674736,241.33783,434.5003,-136.1661,271.60693,416.4124,102.52693,224.58372,434.7965,-128.69775,259.52997,423.05188,78.48323,222.5803,423.70898,-124.88349,257.1908,420.90152,90.46097,345.6852,332.66687,-114.469475,340.64972,336.1292,114.71727,488.4746,359.931,-67.79001,477.8877,356.0706,144.29279,626.35864,379.20078,1.1149663,608.5019,361.19498,215.13206,644.8752,367.03366,5.2838917,628.4337,347.46994,216.58405,667.5119,429.93448,-50.00663,648.6603,406.43863,169.26917
30-1.pngresized.png,19.199211,99.80916,-48.753464,18.89463,94.823715,-54.183697,19.70832,94.10422,-54.213917,20.500069,93.3395,-54.24691,18.124321,95.57923,-42.0015,18.19172,95.71915,-42.037834,18.278236,95.86023,-42.057945,26.425606,91.9211,-65.84212,23.313416,94.84007,-9.499147,24.917099,101.18709,-51.670345,23.42707,103.021614,-35.418182,48.66771,107.751526,-98.31473,52.12256,100.73307,41.365814,81.47937,132.14433,-103.25469,86.916016,122.379265,49.68039,76.35574,162.993,-82.28858,85.68306,149.20598,17.057032,75.07323,170.4834,-93.274895,84.292725,153.31265,19.589731,69.428635,168.69606,-86.636375,80.41376,155.63316,5.936031,70.71243,165.03978,-79.2055,81.50686,154.68925,10.224478,115.09005,129.84505,-42.837334,115.40612,123.8383,42.93295,169.72618,135.75647,-15.863347,165.29295,134.0451,62.505882,217.405,141.83365,16.210693,209.4064,136.89398,99.26781,225.35995,138.18358,18.45004,217.07257,133.32355,102.0847,227.21506,157.84607,-2.3639133,218.14374,152.80206,90.35021
30-2.pngresized.png,20.948006,120.984604,-13.384896,18.598717,115.75661,-23.266148,18.867958,114.90766,-23.27459,19.108955,114.005135,-23.290106,18.864883,115.9683,-6.5697036,19.246094,115.48254,-6.6098967,19.645447,114.98865,-6.625681,24.179672,108.79585,-50.117046,24.431671,110.20691,27.293074,26.875793,120.33915,-21.192501,27.047447,121.03596,1.2291442,50.811028,114.256294,-91.19656,56.36263,110.30084,79.471886,89.584435,128.04309,-112.32916,96.35385,122.79697,95.88716,79.991516,162.00807,-98.86863,93.03718,148.58008,64.94214,78.88017,170.47038,-111.84488,92.49277,153.16577,69.12854,71.91561,169.16377,-105.25533,87.13635,155.84616,55.547634,72.6236,165.32794,-95.99879,86.93103,154.88042,57.886204,125.91983,132.18936,-53.9056,124.12802,127.52438,54.018494,175.14433,159.62242,-48.107697,173.63211,145.57724,59.70997,235.01186,152.1973,-15.302389,226.53162,143.49748,101.78801,244.07776,143.56323,-13.455215,236.51305,136.83356,104.552864,246.43097,174.27661,-38.308674,234.38112,165.86578,91.5947
32-0.pngresized.png,567.19714,364.7504,-195.4155,580.65765,349.26025,-199.7871,582.70856,346.81778,-199.8739,584.8212,344.63293,-199.98311,572.56537,350.63718,-222.22145,568.94556,348.57913,-222.32144,565.227,346.58542,-222.27664,572.3011,323.13568,-185.99622,546.0447,325.9969,-280.69083,550.4574,358.6634,-182.10378,542.46136,358.9273,-208.8093,522.97974,285.5264,-133.19023,428.53152,325.06238,-284.335,550.7776,353.9746,-31.316977,397.0393,459.7952,-254.47139,586.838,434.9633,-91.578514,477.20502,496.9002,-235.76657,613.7961,445.91342,-118.94681,500.34616,511.1085,-274.18695,604.6197,450.05927,-141.00076,511.1332,487.22458,-281.76144,586.4522,447.76245,-104.73194,503.97467,480.89178,-242.44427,292.31818,316.0007,71.177864,243.39615,330.79596,-70.8009,168.61314,347.49008,227.91129,134.26082,366.74573,108.27337,83.97048,359.60464,442.33148,57.125378,377.50665,297.64374,65.35059,349.5305,465.8906,39.62518,364.21713,317.0992,67.53003,408.4327,466.62164,50.647514,433.5618,298.1107
33-0.pngresized.png,743.0048,363.1824,-22.694544,746.8103,348.67972,-10.705219,746.17316,348.0168,-10.605144,745.59174,347.48145,-10.6309595,744.48773,347.07254,-48.030365,742.23627,344.58957,-47.962276,739.9561,342.157,-47.918423,726.9006,340.54245,67.69927,720.0996,334.93817,-91.511665,725.2198,369.74695,13.162388,722.3279,366.3845,-32.811592,623.0032,342.18195,177.7098,645.75354,377.22006,-176.81668,528.98553,369.4882,238.38223,556.16925,410.58334,-247.03409,557.3165,453.08688,216.68056,582.53864,478.03632,-317.84448,575.6006,466.21158,226.3063,594.7674,490.32895,-356.1494,585.73706,479.39258,193.6019,601.77386,487.64035,-340.40485,578.6015,476.68365,201.47267,594.5443,479.7164,-313.15186,397.83563,387.19717,114.445915,406.9429,410.73206,-113.73901,229.71194,406.339,135.01135,225.00587,430.13617,-72.07875,72.05528,411.4737,203.7726,54.67938,423.5845,-21.314352,41.20945,396.94055,206.28358,26.830057,405.12985,-22.519104,63.207626,475.80045,163.88853,33.28877,493.8742,-95.9841
35-0.pngresized.png,46.09165,292.0505,-60.6871,35.261654,281.69968,-83.96793,35.23846,279.5527,-84.075035,35.181175,277.3336,-84.17929,35.696236,282.3835,-57.63092,35.85797,281.2073,-57.679337,36.082966,280.09732,-57.78553,42.417667,260.81375,-130.38338,42.111088,265.07993,-9.819748,59.25497,284.40552,-71.67429,59.460693,286.57086,-36.57276,117.771454,245.45377,-160.39792,115.93407,254.75659,74.90519,205.80788,270.20505,-145.83716,197.44637,271.94012,138.47217,181.82312,340.02573,-89.53843,183.27348,326.34265,103.72993,175.3691,356.14664,-106.014626,176.3799,336.02658,101.77072,160.94658,353.53625,-98.62772,165.4251,343.79495,80.36065,162.80574,346.24466,-87.30951,168.78615,342.07748,91.05112,293.17264,267.56198,-75.14109,284.32306,271.18558,75.37569,408.48242,288.18628,-1.1428217,409.03723,289.64102,105.75274,530.5279,304.3145,67.83012,524.5795,304.31253,156.16408,550.18915,295.6567,70.655334,545.63617,296.04837,158.58875,551.299,347.23785,19.094788,542.85406,347.89908,123.19645
36-0.pngresized.png,57.311913,242.33035,-14.67878,53.764885,232.35364,-33.01295,54.511143,230.97054,-33.00283,55.22623,229.49423,-33.073856,53.99816,232.43585,-10.432722,54.910656,231.35478,-10.443368,55.92594,230.31282,-10.50957,66.63218,219.77213,-68.625626,66.450356,221.81674,32.207943,68.749405,241.49908,-24.87607,69.00145,242.2824,4.3624926,115.41153,236.41042,-111.41239,132.6897,226.89769,106.92205,113.55177,314.66736,-96.07318,141.53455,293.37793,112.718834,60.72443,322.55365,-64.58768,83.24747,316.90585,98.27334,42.19996,325.69666,-96.308426,61.833076,321.24127,100.771515,41.42903,318.4147,-99.28024,61.36393,317.51108,93.65073,51.22212,316.62347,-68.17953,69.9173,314.0312,91.73327,261.63928,236.40277,-68.31647,263.62604,232.76968,68.69033,363.06506,261.93512,-44.923462,363.67538,260.53864,52.99915,468.20227,275.5881,-24.231386,460.67523,269.63126,74.58466,486.8927,271.04733,-26.026865,479.40515,264.43997,74.88882,471.9494,309.8628,-69.38344,465.34503,307.86905,45.60227
38-0.pngresized.png,824.41864,440.92902,-73.44824,839.42804,427.79855,-57.98828,839.8415,426.95355,-57.976578,840.3699,426.26395,-58.092472,838.1367,424.9851,-100.995735,837.68164,421.10068,-101.13601,837.2114,417.23483,-101.2956,830.9477,406.02924,25.579538,825.5883,396.0971,-160.38615,805.8754,435.85522,-36.921463,804.2659,430.0514,-90.24407,723.61115,390.48953,153.03758,726.0329,380.25845,-222.36896,617.74756,421.12057,226.13255,597.2618,406.94104,-241.0546,642.35504,499.5198,113.08709,641.19464,513.3834,-192.27783,655.9942,514.25806,100.62029,653.7185,544.2659,-219.16087,670.596,532.1451,63.189224,670.9403,535.3102,-208.93059,664.3089,526.5966,89.93404,665.5274,522.21277,-186.40619,484.7218,430.63855,123.40043,476.6269,426.02072,-123.125114,287.43234,449.3406,119.948105,287.5274,459.19244,-68.137146,111.88533,457.37405,198.65959,100.73941,466.55588,8.459047,85.4639,440.60043,201.80507,72.88201,446.8383,8.573687,72.62221,523.4594,119.04347,62.55166,546.1506,-100.63758
39-0.pngresized.png,27.464088,111.54426,-2.652531,23.86023,107.923996,-10.065208,23.79927,107.21072,-10.062906,23.728012,106.43049,-10.07644,24.261398,108.18451,0.22515061,24.455414,107.63055,0.20990899,24.678001,107.093445,0.17525221,26.659904,100.64554,-29.526062,27.318283,101.92558,18.426737,32.119827,109.155396,-8.540469,32.52236,109.748146,5.407922,52.29766,98.26048,-52.04156,56.87961,102.95587,44.749004,70.53192,130.78513,-56.715347,75.87016,130.0324,57.712597,70.92818,164.14888,-41.495983,77.88306,158.59537,38.53623,67.8814,169.42769,-50.875954,74.45842,162.83635,37.794773,65.29541,168.83336,-44.72199,72.32395,163.05733,27.845543,66.368935,166.19989,-39.636295,73.39728,162.13376,32.70036,115.04528,115.38301,-30.81512,114.62643,118.39982,30.822552,165.0522,134.02719,-11.172282,164.17169,137.0872,33.816,214.87492,145.80295,8.237342,211.66402,149.17601,50.366283,223.23447,142.30638,9.11564,220.23688,146.53616,50.766552,222.15475,162.87273,-13.778353,219.44852,165.78052,30.945219
39-1.pngresized.png,32.848244,127.07253,-5.490531,28.90104,124.01121,-13.230394,28.812943,123.335106,-13.256626,28.70858,122.61867,-13.303991,29.143639,124.18347,-2.5490038,29.187828,123.56263,-2.5682144,29.235687,122.95891,-2.590377,30.738274,116.520706,-33.4456,30.816208,117.4656,15.992515,37.353577,124.24947,-11.138741,37.632057,124.59871,3.2135024,56.09729,110.41634,-57.193005,57.718006,111.5427,49.104557,89.67372,122.51476,-54.500565,91.682556,121.0238,59.83788,84.44345,152.09976,-22.936815,90.219475,144.62134,19.390268,83.432465,158.51512,-27.431913,88.64728,149.60278,15.655706,78.03464,158.44742,-26.030827,84.88309,151.08774,6.5107374,78.30765,155.23163,-22.060396,85.50857,150.00354,13.410757,122.36908,121.56384,-33.73398,120.55191,122.204,33.75268,174.77417,129.33412,-16.409111,173.99205,129.33955,34.655693,226.88748,135.33832,-3.3905535,224.79692,134.43703,47.19863,234.43265,131.23923,-3.470641,233.54263,130.30185,46.648388,237.93176,152.09784,-24.8113,234.23135,152.5008,30.490036
4-0.pngresized.png,31.99872,330.9791,-141.54678,25.04622,316.2428,-148.3825,25.937963,312.13376,-148.5251,26.782852,307.97375,-148.60727,24.998688,323.7222,-127.61993,25.62112,325.5988,-127.61335,26.312796,327.53012,-127.69048,41.662647,293.92047,-138.456,39.38111,318.96658,-43.57085,49.525536,322.50504,-133.66826,48.766224,334.27228,-106.16348,140.48521,294.25476,-171.10065,120.70677,310.20926,45.66635,253.77945,330.09937,-145.10316,215.92267,322.0149,131.69208,211.25412,388.01587,-77.19105,202.31317,366.05347,156.09769,202.76376,403.99698,-91.35627,199.26622,374.33276,166.61119,181.25519,396.9748,-88.15906,187.75735,381.19235,144.90254,182.66731,388.67932,-75.681305,189.5275,378.5811,145.68651,328.7608,308.6434,-75.23151,314.56662,313.6807,75.70096,463.0121,329.79523,-4.004668,462.2363,333.0539,111.806076,585.9021,341.74356,83.47557,583.73047,344.16797,166.99486,605.68256,331.91202,90.08765,603.22894,334.17566,171.03325,609.19,386.23343,65.07232,611.5787,390.46503,152.0303
40-0.pngresized.png,513.6106,259.16788,20.776102,524.77356,250.34561,27.991611,525.17993,248.83311,28.029957,525.63947,247.39084,27.99163,523.26184,251.22928,3.3119562,522.789,249.85086,3.2591095,522.3105,248.49887,3.1287036,520.06274,235.60924,61.05906,516.1321,238.0031,-42.273136,502.78452,255.97623,38.869778,501.26028,255.69849,8.989068,449.27585,210.92921,126.36565,455.92664,249.84975,-93.53111,378.83487,240.84372,199.65538,380.45435,287.6893,-97.18937,391.3003,297.61502,218.6894,395.8741,346.28864,-81.926056,404.43167,302.70148,222.40356,409.2545,360.88098,-104.618286,414.34155,311.14325,202.61977,418.08774,354.9579,-87.45457,409.55902,310.94696,210.0469,411.65207,349.3146,-74.06854,296.53473,236.07468,67.93847,293.3656,258.653,-67.7072,184.84048,270.93475,102.29909,173.62486,295.37936,-28.469576,82.16641,285.0508,172.70299,55.00201,313.02206,24.958107,64.00078,278.94696,177.477,32.969593,305.9378,26.909748,77.153305,318.75848,152.06677,53.563705,353.27435,-11.019247
41-0.pngresized.png,781.9385,411.4829,-59.54965,796.4156,398.30838,-48.733982,795.9893,396.97806,-48.65337,795.6614,395.82004,-48.650463,795.30524,396.76074,-88.80241,794.5146,393.63705,-88.92472,793.713,390.52548,-89.14585,783.2579,377.48288,30.596384,781.2161,371.2904,-142.24182,762.55334,407.2257,-22.341537,761.78467,403.85577,-72.35227,674.8602,354.90433,156.84769,680.4318,363.76212,-191.87962,591.8511,389.62207,216.15427,575.05927,396.36,-206.15851,594.95374,469.02002,126.10895,588.4779,503.2162,-213.59296,614.30176,475.57507,111.2154,606.6222,527.29047,-267.24036,624.5569,491.0617,69.821495,620.92175,520.3198,-247.00354,616.5225,489.64694,102.92957,612.84546,510.54492,-208.45709,449.41476,354.30222,122.323685,442.09488,365.1792,-121.71237,271.9518,395.8191,153.04239,263.74936,422.00357,-74.537384,124.86289,416.67627,241.9962,89.85818,438.46567,1.822998,93.606384,406.96808,246.09819,53.01058,425.39294,-1.8426162,126.83119,486.45612,165.80919,99.33882,519.0886,-115.62339
42-0.pngresized.png,590.94977,332.08902,-34.999752,601.95496,323.27643,-29.223873,602.10297,322.64673,-29.225487,602.30786,322.1533,-29.313257,600.88135,322.17108,-54.62619,600.37225,320.13174,-54.633152,599.8382,318.10266,-54.788513,594.7165,311.2615,16.368584,591.3172,306.90973,-92.11625,578.23706,330.42535,-12.987132,576.97687,327.20038,-44.318317,516.3373,297.30975,96.02737,520.8748,305.5322,-139.34851,427.73862,304.0968,135.44116,413.3176,297.94604,-115.59831,438.0224,360.2755,100.4966,424.88568,370.441,-42.46256,446.27768,370.41162,97.156296,430.59677,391.4955,-59.90537,456.10037,385.1659,72.93661,441.03467,390.1231,-48.9665,452.1361,380.66534,87.54629,437.8609,380.55414,-36.890816,330.90436,307.7263,78.77735,328.69385,315.72058,-78.4919,187.77933,322.4504,81.398796,191.56726,332.3748,-32.357796,60.40609,324.31992,127.45446,51.253887,332.85742,21.51085,40.22348,311.82828,129.04416,29.418758,316.96497,21.926176,39.13732,373.06052,82.3248,27.804502,391.93124,-36.182846
42-1.pngresized.png,581.094,374.69174,-4.1928425,589.97156,366.72382,-0.75420797,589.9151,366.37512,-0.7458113,589.8969,366.1548,-0.7958407,588.77203,365.2817,-21.741737,587.96185,363.29523,-21.87207,587.1301,361.3667,-22.024004,580.2685,358.33847,27.30016,576.7889,353.21536,-61.920475,567.4081,375.48026,11.593508,566.18256,372.1246,-13.948628,509.06613,340.05368,88.457085,507.3743,360.7856,-113.49267,449.37653,330.90735,164.11346,407.97415,357.3704,-119.143524,484.3302,378.8733,216.85263,405.84833,409.06628,-132.78668,496.60822,385.65945,221.3741,406.8548,421.25348,-153.53917,505.83713,395.4104,204.78055,414.92465,421.92218,-146.98628,500.63977,393.78522,209.36223,413.9009,415.75128,-129.89302,324.7194,343.67557,67.65262,324.14145,355.38998,-67.29998,185.5067,361.6649,68.7867,183.93776,370.2667,-39.2939,62.451332,371.8618,112.18801,49.806984,369.49716,2.120773,43.21881,361.09146,113.17039,28.746527,355.93542,2.154596,42.68037,415.20117,64.45376,28.20305,419.5743,-47.886562
47-0.pngresized.png,380.74545,346.24695,79.54842,385.78845,349.60745,73.74017,386.23407,350.72556,73.70585,386.72318,351.9086,73.570915,384.8991,348.28278,86.50086,384.83817,348.1606,86.46873,384.72803,348.056,86.5091,385.09482,356.17914,56.055878,382.8775,351.48508,117.941505,376.74622,349.09225,73.774185,375.91373,346.5897,91.310875,363.86615,360.7695,-0.20656991,357.17105,345.55908,140.51952,330.59015,364.80923,-65.59993,319.44077,351.51685,148.47784,306.21683,362.74545,-101.87306,301.43805,355.91174,112.42514,299.6589,365.0384,-113.4049,293.9572,358.5711,108.17464,300.75974,363.31262,-105.75407,298.87247,355.99957,100.852196,302.75507,363.58002,-99.67521,301.8486,356.2416,106.58593,283.96057,330.79352,-45.30959,283.61792,321.55,45.407917,232.49979,305.3484,-86.07568,229.74454,305.59,10.031039,165.79329,295.77594,-152.33076,166.5842,295.7384,-36.362312,158.04384,300.90094,-157.62012,158.43394,299.054,-42.2525,134.56155,274.13116,-188.51247,137.66043,280.14026,-76.496254
48-0.pngresized.png,820.204,463.69766,-146.59393,834.5911,450.84204,-134.72815,834.41986,450.53662,-134.68199,834.35675,450.47058,-134.9074,833.1421,447.7808,-168.9026,831.9988,444.14474,-169.01096,830.8338,440.49915,-169.19121,820.1143,431.98367,-55.477818,814.9054,418.51044,-201.68512,798.59436,459.37134,-111.2176,797.14923,452.98615,-153.75099,713.67065,412.48355,39.45762,698.8546,394.97928,-228.95274,592.8146,422.71753,110.23701,555.8778,416.08572,-217.67458,579.0967,491.10355,47.81077,581.0253,533.7246,-169.26608,585.61694,502.44513,35.315594,590.27484,565.6048,-204.79538,595.1274,520.04047,-0.8743277,610.4304,560.2607,-199.28804,590.23804,513.8192,26.667347,605.2364,546.3354,-168.15797,458.5188,421.4113,94.260025,440.30118,415.71484,-93.75076,281.13895,453.32928,134.03146,268.67944,458.31348,-4.880778,125.92792,467.7968,234.31546,94.81882,472.7541,79.193115,99.880806,451.30075,241.40134,66.20513,452.84763,83.47822,98.507256,541.0349,181.21677,66.54644,550.101,4.176773
49-0.pngresized.png,42.28452,349.0835,-61.883377,32.145004,335.87543,-88.72181,32.437843,333.64777,-88.96177,32.653896,331.3203,-89.21397,33.079323,336.29324,-51.48882,33.882492,334.9185,-51.52063,34.751225,333.5431,-51.506683,44.074978,314.77628,-143.27473,45.641968,319.5387,26.155113,58.12821,344.1471,-75.30122,58.753883,346.39352,-25.9638,128.36864,304.96887,-211.71175,137.79428,313.4805,153.36525,231.41391,331.13403,-237.82236,233.26424,338.34753,211.15111,213.20265,423.51862,-174.43173,230.70682,403.15967,118.26089,205.86336,446.50906,-198.95193,226.49875,414.69165,112.56478,188.94995,442.1755,-183.41339,214.3273,420.47223,80.90154,191.29037,432.22174,-168.69463,216.01054,418.1603,99.56584,344.75653,311.92493,-116.260376,340.6077,315.09793,116.65748,496.59848,345.31485,-46.660553,498.1712,342.50897,136.64095,647.6305,354.30276,51.18008,638.7668,357.47195,218.38077,672.66864,340.0198,54.92036,664.3204,344.96634,222.1695,668.359,414.62527,-30.511263,659.461,415.6987,163.70647
49. yl-asana-hatha-12-chaturanga-dandasana.jpegresized.png,676.1692,313.23624,-33.44966,683.5094,304.62357,-22.72117,682.8253,304.1241,-22.727917,682.2105,303.70056,-22.79061,682.8578,303.73752,-50.199833,681.7432,302.0038,-50.190083,680.60254,300.30475,-50.285614,668.20874,298.8219,31.03817,667.0021,294.86035,-83.11102,660.36566,317.41107,-8.426835,659.46857,314.40915,-41.057735,578.3865,294.63004,127.738785,591.0375,321.98065,-150.12,505.34714,325.89398,211.16345,510.40475,360.41418,-193.95085,520.70135,398.6869,226.63748,544.7303,445.729,-228.57394,533.30505,406.2672,232.32956,559.5165,464.25992,-265.7155,544.24725,415.2356,204.5455,569.9728,458.70288,-249.28542,539.0079,414.17157,214.03868,562.725,450.90314,-223.14255,394.39243,339.27765,89.61104,399.912,357.17575,-89.247765,252.53487,354.495,120.221405,249.3108,383.65054,-43.5841,125.93328,356.54254,188.61111,110.59596,382.9505,21.431627,103.769005,349.15643,192.04018,85.37928,372.91937,21.608274,116.507744,389.623,147.78815,105.877655,429.10748,-43.51148
5-0.pngresized.png,628.53973,349.04526,-38.20735,638.92065,338.7878,-28.589539,638.7189,337.9941,-28.575605,638.5921,337.3201,-28.645054,638.5562,337.69424,-59.526726,638.1191,335.38013,-59.599567,637.6656,333.06284,-59.68188,628.71234,325.1733,27.744951,627.166,320.76492,-103.38065,613.74725,347.77197,-12.157468,613.1918,344.30145,-49.640278,545.5301,313.31445,126.914215,553.27057,318.47104,-173.7803,469.34702,333.6042,193.74489,457.1941,332.47675,-261.3902,482.7128,395.1008,155.26677,482.89355,406.30554,-335.68295,492.78946,404.4581,151.46149,493.5805,424.50256,-372.73193,502.6006,414.86917,121.3482,505.04245,421.51828,-359.73975,497.92465,411.60168,139.30363,499.05518,412.46442,-332.48083,356.93814,335.4396,99.95382,357.88843,343.38382,-99.624794,205.94745,346.53183,110.77876,208.96613,367.62332,-57.88203,78.737175,358.32764,160.45575,60.988434,365.33405,-15.889177,54.472572,348.6854,160.96626,32.990616,348.8443,-18.715591,68.4547,409.8842,103.188545,51.307735,430.4101,-95.69923
50-0.pngresized.png,273.356,120.14704,-19.109196,276.70035,116.74879,-16.132633,276.40985,116.425606,-16.126856,276.1521,116.12869,-16.146952,276.53314,116.53792,-25.670216,276.24905,115.78965,-25.69978,275.94196,115.05681,-25.738619,270.14484,113.852356,1.1520985,270.15442,112.46589,-38.691154,266.11398,121.383804,-11.0583105,266.0228,120.073784,-22.48159,230.23973,116.23317,39.89186,237.1651,123.646065,-65.648506,200.88554,144.01791,59.432487,212.1012,155.26276,-63.00422,198.38504,178.7303,51.036507,210.20335,194.51765,-55.0244,203.39915,180.84428,51.60355,213.38586,201.76746,-67.9468,206.342,188.17647,39.47663,216.53775,200.60661,-63.125893,203.91013,188.10313,45.424885,214.29851,197.6962,-53.9057,151.51294,134.53911,34.263634,151.65681,138.87935,-33.98425,93.43953,150.40735,47.59719,91.85636,160.28197,-17.358423,42.569286,160.22237,81.706665,34.2831,162.90044,13.759335,33.929295,158.21513,83.5477,24.168728,158.73569,13.953278,35.804787,174.18663,63.400963,31.300697,181.43776,-15.855922
50-1.pngresized.png,548.1363,212.35422,-33.27753,553.2132,201.2825,-30.785961,552.0596,199.46964,-30.695553,551.0128,197.77243,-30.73885,552.9495,202.85963,-52.343426,552.0972,201.68846,-52.392742,551.17773,200.56459,-52.437397,536.3001,190.67186,-2.2996552,537.01874,193.82724,-94.21708,531.3451,214.24133,-18.645802,531.7236,214.72182,-45.13825,455.2729,211.93149,74.02351,464.41745,224.59846,-139.09344,452.39883,303.04623,118.46443,461.10718,327.98975,-141.7096,460.64093,387.03015,91.33655,485.99353,418.29837,-134.64839,477.09576,389.89624,86.68685,504.54575,430.15524,-168.53842,478.63086,399.41605,55.484734,509.4525,423.55045,-155.93567,471.32834,401.4859,77.186035,500.4964,420.7171,-131.78302,277.7109,265.2794,67.47584,274.58215,268.35907,-67.03105,154.73691,319.11667,94.362686,149.96092,330.1596,-28.81065,43.822887,354.4771,177.24419,21.847439,369.1249,34.21133,21.780676,352.3353,181.1965,-5.3238482,366.95532,32.96681,39.07023,386.7881,123.98693,28.748653,406.24017,-38.621185
50-2.pngresized.png,269.8446,157.85759,-26.715155,272.90875,153.66139,-22.53055,272.73965,153.47937,-22.551498,272.59286,153.33025,-22.555326,272.59497,153.21959,-34.111843,272.1992,152.45273,-34.098457,271.79404,151.7042,-34.125946,266.98352,149.56783,0.18131803,266.0701,147.91345,-47.50545,263.3689,158.41904,-16.287931,262.94983,156.99586,-30.014599,232.18373,145.38202,34.362495,235.23259,154.32579,-69.65094,195.17862,154.7553,53.919548,195.23679,161.86508,-73.31313,194.9629,179.86914,37.30713,201.66306,195.09418,-70.578415,197.7554,183.08458,34.75419,204.16536,204.17622,-84.30978,202.06206,188.83826,23.249212,208.93466,201.70476,-79.0853,200.99075,187.88618,31.472559,207.77425,197.53345,-68.80485,157.13577,154.44421,34.382824,155.37146,160.85052,-34.16554,104.52078,163.61346,49.188118,99.76048,172.44005,-7.9234543,57.752377,169.14441,81.62294,48.060013,172.53206,23.690214,50.44247,166.57663,83.18818,39.66326,167.55034,25.622654,49.773106,181.6436,70.18918,41.010445,188.61742,6.364111
51-0.pngresized.png,10.891422,224.66235,-17.397543,12.481838,214.23994,-26.702538,13.978899,213.17007,-26.754173,15.371979,212.06152,-26.755112,12.019902,215.76778,-6.6397433,12.945354,215.90161,-6.695122,13.882354,216.06905,-6.7479906,27.665033,209.5037,-41.273483,25.039345,216.34047,47.892887,20.514606,229.28023,-20.46796,19.329592,231.61581,5.219046,75.07032,233.52567,-86.377014,73.86312,234.10481,112.35113,158.04282,240.66705,-78.77561,150.65874,243.05705,147.00325,137.34619,299.823,-43.655563,132.51645,286.8271,162.19765,131.73367,312.72327,-56.511402,124.40864,291.74243,170.20802,118.979324,311.11264,-47.276722,117.152214,298.884,150.5331,121.31829,306.24973,-40.745384,121.3004,297.2474,152.70207,221.67741,250.04208,-65.42078,216.74126,247.96535,65.76133,339.929,256.85757,-36.8992,332.22595,258.14682,53.11531,452.51935,263.50412,-10.398819,437.51517,257.98636,66.06097,467.4789,255.08208,-8.307961,455.4683,246.65738,66.16458,477.0667,294.3058,-39.51586,457.35248,295.4619,38.622883
53-0.pngresized.png,632.21216,350.75003,-133.24556,639.896,338.58676,-120.654854,639.396,338.01703,-120.59647,638.9265,337.60095,-120.6415,637.72864,336.82068,-153.23734,635.95026,334.1444,-153.19127,634.1123,331.51242,-153.25429,621.88745,326.358,-46.419693,616.5571,318.3793,-183.10936,614.21765,351.6484,-100.13513,611.9533,347.31723,-139.7769,531.29266,310.0156,42.392185,524.82916,329.33163,-214.59511,436.79465,305.29294,133.51025,407.97906,314.88464,-181.77936,453.04285,380.66748,186.0456,417.35883,404.13617,-136.18803,467.62997,392.39188,193.74521,423.2264,427.75067,-167.18294,477.02887,409.7969,165.50084,437.22186,426.55444,-158.22504,470.45386,405.5661,173.80467,433.9563,416.5617,-132.30281,317.7563,304.1572,80.36076,308.38406,320.77563,-79.68785,180.80627,322.17862,181.76012,169.56213,340.17224,73.21927,60.93185,329.79312,314.79678,37.945423,342.57373,214.71051,40.51415,318.1027,325.44727,16.705149,329.43143,227.12141,42.932037,377.77063,294.93558,17.253387,389.69617,189.08253
54-0.pngresized.png,532.49164,260.34412,14.748141,538.0176,251.25392,21.066206,537.7053,250.67924,21.092655,537.4349,250.18799,21.047695,537.38715,250.6527,-0.820152,536.59796,249.1141,-0.8020269,535.8088,247.62123,-0.8054832,527.36414,243.11417,57.98471,525.2385,240.57355,-33.494946,520.623,261.7929,33.32742,519.6304,259.676,6.769822,456.31442,235.94453,113.66693,473.34058,258.10025,-84.0245,393.7316,254.43724,156.18036,409.20447,283.7777,-133.65741,416.27448,306.0907,136.1567,443.53104,335.37106,-183.09207,428.43478,313.6214,134.1344,458.0296,345.82687,-205.62672,437.2213,320.2382,116.57854,464.6799,341.97928,-195.65051,432.68768,318.31824,126.675606,457.5032,336.29163,-180.0611,305.1575,261.91965,64.60118,310.55008,277.5112,-64.20289,192.56218,283.42267,74.717445,180.70927,298.60403,-39.26665,84.82795,286.73642,112.848434,56.613422,298.85007,-25.07928,65.44473,277.29657,114.01062,34.94562,287.98355,-27.454123,77.715546,324.18893,86.893425,47.478577,343.09775,-72.651955
57-0.pngresized.png,38.112026,306.6263,-39.605053,30.685934,296.88568,-56.61986,31.111723,295.13068,-56.703575,31.484425,293.32947,-56.766384,31.414185,298.09842,-35.87458,32.27832,297.69522,-35.91779,33.2226,297.25803,-35.94751,42.926308,282.71375,-94.144394,44.077477,288.13724,2.2215085,51.627857,302.9818,-49.397694,52.303825,306.15332,-21.172121,120.633934,284.16006,-127.66595,119.96385,276.20322,70.17656,213.776,331.563,-113.6002,200.3041,298.1569,125.64484,185.86678,399.26157,-82.07516,184.01114,355.92975,110.25912,176.2148,417.54907,-106.53296,173.72684,366.2458,115.41489,159.58852,411.59143,-96.43745,164.18439,377.3074,93.63142,162.40654,403.8034,-80.281425,169.53156,375.37546,99.41892,299.9039,267.6041,-64.303894,291.03647,263.13785,64.835815,424.68918,298.0666,-1.7693136,419.3629,289.95084,95.84239,550.72534,316.10745,53.90839,539.65985,308.92743,139.59206,573.8173,309.25455,55.68836,563.0029,301.00778,142.14493,559.82184,360.44528,9.822246,551.27014,350.7338,111.24099
59-0.pngresized.png,22.767282,255.54367,-264.40067,22.863245,243.77951,-275.09064,25.135178,241.97742,-275.03333,27.382534,240.16873,-274.98013,19.708874,245.14404,-257.2485,19.36812,245.54216,-257.17035,19.084736,246.0138,-257.2287,42.386585,233.64348,-266.23816,30.59773,240.37018,-186.78008,37.474728,255.59032,-256.3362,33.257328,260.09863,-232.74237,110.190254,269.22366,-258.38986,74.00696,222.655,-80.787735,185.60245,299.6333,-219.64401,129.96013,221.66861,53.908447,170.46448,349.8637,-194.0602,117.33625,246.32774,166.3277,168.9554,360.16364,-221.13193,112.02331,245.00856,181.00638,154.6406,360.50345,-214.02303,106.50946,252.69157,164.60095,153.47672,353.89197,-191.78543,110.567535,254.52602,162.20659,206.98004,273.71588,-62.86038,189.248,252.37505,63.096027,271.78793,275.8281,85.24051,263.01273,273.97992,169.86113,334.38773,280.16064,261.03238,327.38614,275.4965,308.1506,346.28162,275.2058,279.41916,337.74127,268.9644,323.873,344.27072,307.9081,276.90063,342.61313,299.20517,321.97144
6-0.pngresized.png,853.03644,418.50275,2.6308918,863.03955,402.2946,13.527494,862.56915,400.58975,13.62286,862.16614,399.0444,13.622627,861.0084,402.8409,-24.588339,859.2676,400.85446,-24.529472,857.5044,398.93027,-24.581804,844.5976,387.38763,77.54594,839.81854,388.44943,-83.77346,833.0416,420.88696,35.873398,830.81744,419.67325,-11.186667,720.7293,372.77628,186.50696,744.72375,432.12735,-158.19354,603.62024,420.6802,251.49529,628.8573,491.71094,-163.20116,598.74005,513.5605,218.40569,632.544,606.23846,-131.74376,615.15967,517.67426,212.38309,649.9678,630.3898,-169.93388,629.6317,532.9439,172.25195,662.5245,622.7192,-136.05588,624.06793,535.0638,200.15805,653.0521,611.3761,-117.6067,471.57452,415.00696,106.16868,479.14957,454.6513,-105.74295,283.70602,457.88785,181.41103,276.64127,507.79514,-30.076107,109.47822,483.0385,278.65945,81.75069,522.9638,44.39176,79.89002,474.74707,286.1327,49.106995,510.06235,47.28579,96.45361,532.98596,250.03447,69.38647,588.3889,-16.202164
60-0.pngresized.png,27.441896,131.12157,-104.43704,28.45776,121.34157,-112.84348,30.415916,119.99091,-112.81127,32.32226,118.57303,-112.77492,25.031263,123.384445,-99.418236,24.280434,123.625145,-99.45292,23.586672,123.944435,-99.55446,42.765404,113.175705,-119.31837,30.201975,120.49238,-58.808533,37.657444,131.7009,-104.50744,33.31997,135.08414,-86.885826,86.35685,127.72487,-129.94475,58.203495,138.32306,-7.9957232,107.17865,192.57977,-127.10952,58.31025,184.17036,9.976922,104.66589,246.51953,-122.70299,39.646557,225.40657,-17.356894,105.18779,258.78317,-144.59554,30.630772,233.21738,-28.594126,96.06582,256.49698,-141.32393,30.361217,231.56883,-46.027973,96.33778,252.14655,-123.44989,36.99213,228.38246,-26.864923,178.5955,158.33215,-42.713444,163.50758,167.2015,42.916676,243.83301,186.38625,1.9319458,225.06303,186.19403,72.13691,312.72238,203.954,58.768414,283.17734,198.98782,121.63064,326.6234,200.6487,61.28325,296.11362,196.43594,125.75434,315.5764,232.64612,17.331917,283.34225,224.73665,99.64044
62-0.pngresized.png,92.152435,497.681,6.436425,78.70279,485.38223,-15.337067,78.70261,482.92062,-15.505825,78.59383,480.3836,-15.638534,79.58575,486.13278,24.776497,80.17944,484.65204,24.725601,80.88747,483.19653,24.665113,88.15993,461.9213,-67.013,90.61599,467.58817,111.77232,108.25418,490.95987,-5.360119,109.11657,492.96622,45.56624,175.67293,437.71536,-135.38385,182.09714,430.74316,215.97736,303.43665,391.1792,-160.79898,291.67886,396.9265,313.45938,267.5724,497.18762,-191.04187,267.69315,488.4112,334.89038,237.48854,520.0932,-205.65094,244.25476,496.48486,336.65622,224.49373,512.10376,-171.7047,238.7653,507.1013,302.09787,233.7962,507.44293,-178.2717,247.07631,504.16855,318.06638,437.10474,414.7441,-127.3804,430.1378,407.21713,127.57538,640.7081,427.30923,-64.06894,622.7725,421.15558,136.76315,829.8352,421.4234,-6.62098,801.3578,418.7647,198.73079,855.22015,401.12268,-2.5567813,827.0862,398.30997,197.29253,870.1459,476.95456,-83.38011,849.744,479.59573,123.06894
63-0.pngresized.png,566.13965,304.642,-16.699463,579.3979,293.84665,-10.40761,579.8031,292.07196,-10.393596,580.2829,290.4251,-10.572037,577.41364,293.60986,-41.07034,576.88257,290.94086,-41.258553,576.316,288.27246,-41.35347,573.2974,273.03455,37.385643,568.19214,270.58182,-94.23949,551.4159,298.6728,6.734319,549.8442,297.60104,-31.593246,486.54053,255.77884,124.97319,493.6401,262.64874,-143.22644,446.17087,310.3039,193.55954,438.89328,352.81406,-177.6173,463.3261,365.04095,171.17471,480.35556,412.0252,-216.25873,478.16083,372.55078,177.32574,499.70242,425.91357,-261.14355,482.94205,379.3952,149.22144,507.314,414.91574,-251.95256,476.45413,377.3136,157.9827,497.11728,410.2597,-214.7353,296.47397,267.16214,81.724144,293.61066,268.55896,-81.57716,169.21056,312.57822,98.58926,167.06038,321.58228,-34.56877,53.20254,330.10825,177.18106,41.471878,350.70215,42.928314,30.008217,319.9765,183.03905,15.966263,341.14026,45.489517,45.21818,383.0804,133.06479,39.59862,405.09067,-11.912616
64-0.pngresized.png,563.2908,322.02386,-264.04272,573.9646,298.79605,-240.11197,572.40955,296.13992,-240.1891,570.89923,293.79474,-240.47533,572.6507,298.39694,-297.4747,570.5093,294.23355,-297.61414,568.3037,290.10083,-297.78134,543.20264,264.27548,-127.20938,539.20667,258.1101,-370.8569,530.11774,313.57736,-213.66226,529.76294,309.3804,-283.82968,404.30472,236.44658,-4.5638423,378.81198,239.4169,-430.877,276.09677,294.19373,159.77522,185.42744,281.95615,-430.04593,260.23843,420.74258,142.21268,201.81845,476.07693,-401.30527,269.8729,433.75067,135.0791,207.22403,524.0336,-463.5114,284.5967,457.30396,83.74826,238.38174,516.4721,-441.4593,278.43634,454.74124,119.26631,234.21184,498.63226,-392.52493,113.22737,254.34702,123.73644,94.57669,248.13293,-122.32732,-32.017887,294.8694,350.38672,-48.44356,256.6639,189.23077,-188.51923,291.32794,704.59485,-208.08226,254.16537,559.6808,-218.29242,272.8528,734.44006,-243.50655,234.57741,592.0883,-201.13838,351.88312,661.8475,-208.25642,309.88007,503.01974
65-0.pngresized.png,241.43246,312.1984,-12.132133,252.56859,314.939,-19.621153,254.0643,313.65387,-19.575163,255.5057,312.3653,-19.642033,249.34914,317.54523,-36.361187,249.5823,317.56992,-36.300262,249.75447,317.56247,-36.268265,263.42477,299.60727,-31.243046,254.17818,307.9579,-104.08241,240.26947,299.0946,-12.985711,238.62799,301.25458,-33.33849,266.71143,228.42265,-41.014065,212.33699,264.8053,-123.30237,246.03246,163.27603,-22.587812,134.70204,227.79077,-62.939888,243.40968,199.6881,23.85354,146.25175,278.45123,7.6004286,250.09929,206.5387,26.863169,146.08963,296.54083,4.221526,246.12312,219.32687,28.184784,164.30069,295.48917,3.1042118,243.06198,217.96399,22.644062,164.83926,288.30313,6.3396487,167.3652,141.17763,24.87972,139.19826,158.68405,-24.385386,100.86881,76.85158,81.46954,86.37243,96.44732,55.1933,49.288548,22.04217,162.79434,44.869877,39.3455,146.47731,42.589737,10.6575575,170.78046,37.972954,26.555233,154.61165,39.033325,17.877453,175.0212,39.219086,35.659046,168.14241
66-0.pngresized.png,357.53815,185.43329,-29.098183,365.184,181.54025,-22.968739,365.2891,181.21513,-22.953754,365.44492,180.95328,-23.020952,364.90918,180.13704,-40.80974,364.89178,178.41551,-40.857822,364.85892,176.70195,-40.930107,361.8776,173.11162,15.082658,360.85278,167.85612,-62.175007,349.70816,183.18404,-12.10192,349.52844,180.43037,-34.154724,316.35785,163.06137,78.679436,317.99,157.76904,-104.98721,270.6991,179.88312,111.520355,265.29117,176.41891,-169.87117,268.959,220.21034,83.61665,277.04764,230.24927,-216.06284,274.42914,225.68869,86.311195,283.24564,242.27464,-237.11537,279.07608,232.35889,65.524864,289.8715,240.21718,-226.80196,276.2005,230.19986,73.179146,286.59152,235.12306,-212.55873,206.3859,182.85335,60.955257,204.60307,182.16953,-60.82878,120.71104,187.46724,73.83753,119.51052,194.17143,-37.077652,47.68439,187.92259,114.56558,36.639416,191.66109,-4.1814976,32.933598,181.19939,116.46379,20.729403,183.6333,-6.7663126,42.128582,222.03082,80.70913,30.618797,228.30684,-60.327534
68-0.pngresized.png,765.39667,434.68634,-140.20383,777.7205,423.2017,-128.55681,777.43243,422.0075,-128.63184,777.1348,420.91937,-128.74371,777.3488,422.42242,-167.00327,777.04944,419.77454,-166.98517,776.7058,417.14487,-167.09193,766.4969,403.50528,-51.133633,765.5152,398.9165,-215.46017,748.41156,429.3674,-104.76102,748.2295,425.73212,-152.3093,675.63666,376.15887,49.712383,677.09937,392.15356,-250.1852,580.75195,387.131,128.9564,562.47296,385.96783,-246.16052,576.60443,452.116,83.266716,562.9965,468.56088,-207.46095,581.978,461.51132,73.28831,566.19904,491.07333,-237.92825,592.2075,477.5097,48.107277,577.8656,486.36728,-228.70673,589.9494,474.72772,68.94603,576.13916,476.60916,-203.12283,454.57898,380.32657,92.826706,447.30975,392.0948,-91.999374,337.46695,402.84454,215.71585,338.21854,418.50278,61.25157,232.04631,403.26422,376.78433,226.13985,414.93295,246.43225,214.88759,392.40167,389.26428,208.90472,401.89847,262.7008,210.83955,441.32553,348.0153,205.13692,451.11108,213.89633
69-1.pngresized.png,38.845207,465.57776,12.852241,34.621075,457.42175,3.7511451,36.355644,455.8461,3.738155,37.974537,454.25565,3.6079228,32.256245,458.5698,18.669342,31.929533,458.4178,18.5031,31.652029,458.17258,18.31927,51.309414,448.46057,-18.384792,43.132996,453.273,49.929516,56.643265,465.36163,6.163497,53.090115,468.08765,25.438744,141.00058,441.29776,-54.829716,117.02362,447.7988,75.51463,247.42352,421.32202,10.669542,223.60588,417.188,68.12622,217.65851,489.65613,102.39008,206.62639,470.88745,-11.158551,212.45247,504.17566,95.32968,199.95311,477.88892,-21.894892,194.00734,505.78564,97.71195,190.42097,490.43262,-33.46296,190.30403,501.4405,101.79986,191.07965,488.22006,-19.838858,305.66418,404.04642,-31.982943,297.4915,401.4538,32.65645,330.67917,430.9029,-40.498676,305.7337,368.01617,2.8027153,364.93225,444.76944,94.90951,351.231,429.17447,65.634636,368.77087,443.5045,112.75918,353.78754,435.98026,74.392715,371.8288,462.32404,186.4182,369.2811,452.83472,143.8533
70-0.pngresized.png,34.07274,261.69745,-30.141954,29.346914,251.84988,-45.3055,30.033314,250.4988,-45.421593,30.657928,249.09229,-45.518295,29.3587,252.14258,-22.296305,29.906544,251.05547,-22.290743,30.497072,250.00241,-22.271757,40.092842,239.27032,-78.209885,38.864655,241.74889,24.847166,45.780148,260.28604,-38.07656,45.471893,261.03894,-8.31213,97.78369,239.24785,-116.74014,102.105705,236.40796,98.44816,170.21846,244.45763,-109.94216,170.86215,237.23726,145.91522,154.61322,303.5256,-86.6525,158.6486,284.2133,137.69624,147.5451,316.09274,-104.36359,150.53758,289.46207,140.44696,136.27434,313.43872,-94.21492,144.71399,295.27823,116.72708,138.6148,309.16617,-83.28661,148.0634,294.59256,125.873314,245.23828,238.30933,-69.306145,243.05545,236.49348,69.623795,356.37766,259.4474,-27.253443,355.01926,254.01819,75.873474,467.03717,265.53293,15.928813,460.38934,261.13004,111.402245,485.22095,257.34616,16.008131,478.95685,251.50357,111.79401,480.8501,303.1809,-36.510666,474.99057,300.21185,74.69887
73-0.pngresized.png,35.09254,232.99396,1.7898431,32.923294,223.52388,-10.415093,33.655773,222.21463,-10.474071,34.306698,220.8133,-10.557927,33.206997,224.5198,11.955284,34.037094,224.0507,11.926581,34.899776,223.5608,11.976759,44.23792,213.87482,-42.719597,44.427227,218.55002,60.651707,45.03387,233.41432,-7.7094574,45.06091,235.21964,22.01377,92.560875,230.92503,-101.9399,101.18091,224.65009,131.3583,157.6037,247.46147,-109.82549,156.66052,250.8036,141.24243,156.06505,311.37494,-63.076405,159.45955,301.97028,93.30367,148.86275,323.3195,-79.69983,153.25488,306.46292,92.41671,139.45467,320.77014,-62.512695,148.15097,310.94055,71.13186,141.7138,316.22565,-56.424797,149.8399,310.30817,81.183975,226.96762,248.29439,-72.44139,224.68243,241.59294,72.70906,314.20264,310.8139,-80.71077,316.2976,285.2276,71.094315,422.71664,281.74197,-31.493156,411.33548,278.19083,124.19516,433.59314,264.44714,-25.350971,425.41855,265.6658,127.43104,458.6457,306.55698,-35.702835,441.32614,303.66544,107.85825
76-0.pngresized.png,128.23836,99.72,-348.55536,134.82185,87.303,-348.73816,139.62187,86.46688,-348.7823,144.47243,85.5966,-348.7297,121.49444,88.05766,-346.61627,116.72693,87.768074,-346.60483,112.00138,87.539825,-346.5924,152.75447,84.6496,-297.9665,106.69081,86.88912,-284.92166,137.06204,106.70752,-325.46005,121.64639,107.555954,-321.5787,175.39525,113.49719,-221.76398,91.40999,111.67874,-209.80888,188.5959,153.36133,-145.75116,74.12491,147.77078,-147.488,184.51343,197.48145,-158.91429,70.982086,194.96579,-175.79688,189.3547,206.0611,-179.01443,63.20359,204.90298,-193.03711,180.3461,206.88997,-191.98303,73.507774,207.14276,-210.54437,175.41167,203.47906,-165.15678,80.51242,203.47758,-184.83733,147.70909,152.3528,-3.006339,111.93325,150.36966,3.104017,141.23473,162.58757,153.87872,115.62358,159.61827,162.49185,136.06686,160.06,322.79883,121.597755,158.05249,338.39203,133.8108,156.16379,340.3448,125.30059,154.81398,357.49042,132.56877,174.38947,312.79977,117.14715,171.71164,332.21844
77-0.pngresized.png,377.95355,166.69371,-15.076369,382.60825,158.9771,-12.830006,381.89374,157.95241,-12.79331,381.24893,156.98764,-12.808792,382.503,159.12689,-29.07519,381.98315,157.83475,-29.171967,381.44046,156.55746,-29.232384,372.0066,150.26894,14.571754,372.42062,149.32649,-55.439583,366.73975,166.838,-1.6659756,367.00555,166.29294,-22.058784,312.98776,159.93576,72.80543,323.41238,164.6084,-82.61455,292.62186,214.83678,92.578835,307.33765,231.47098,-79.88394,303.25427,262.61633,71.93899,326.89352,281.62512,-80.76791,316.85797,263.80618,70.377914,342.1233,288.27145,-107.67169,320.5346,271.1501,51.243805,344.64993,281.4642,-101.07054,315.0873,271.48642,61.419445,337.88977,279.79358,-80.27511,203.50674,188.93663,48.711567,204.73138,191.59962,-48.47377,113.600044,224.13292,50.277035,119.95148,234.2493,-25.09824,30.677742,239.67104,86.86407,31.373505,258.63974,14.441456,14.685059,235.99544,88.42935,12.281893,257.25394,13.379723,28.300764,265.72644,49.298893,39.46452,287.4179,-35.95751
78-0.pngresized.png,15.94939,222.75172,-6.030202,16.240723,212.96593,-16.468933,17.42812,211.97618,-16.546883,18.52749,210.92717,-16.5755,16.102589,213.72328,7.1749363,17.077948,213.21083,7.11994,18.061218,212.7067,7.0741215,30.175894,205.77127,-43.168148,28.72287,209.59898,61.448006,25.697224,225.6167,-13.062924,25.236092,226.71022,16.876696,77.805145,220.9488,-92.2845,80.130135,217.2696,122.75718,152.8613,228.30078,-72.86251,152.8058,225.67854,161.96104,139.26381,291.6587,-64.94942,137.4622,271.3588,151.3913,131.22696,302.09436,-77.24973,127.86223,273.61713,149.46085,122.59271,298.94165,-68.416,123.19361,277.33136,126.66111,124.17323,295.13873,-61.92589,126.82132,277.1184,140.02731,208.30595,241.56908,-70.854965,206.65128,235.14427,71.0102,319.30075,251.52744,-47.402073,313.09592,249.14954,47.502094,421.08966,255.20735,-27.693321,413.67026,251.73778,72.34884,435.77515,245.02689,-27.143871,431.61288,240.04483,71.13378,438.66183,286.14447,-73.75768,427.9329,289.14984,29.11046
79-0.pngresized.png,89.24375,412.10052,-70.97731,79.39839,395.2494,-101.464455,79.911026,392.29886,-101.525444,80.36302,389.19055,-101.60289,80.77569,397.65823,-63.51529,82.17599,396.71194,-63.628525,83.709206,395.80405,-63.68744,95.69541,370.20096,-162.85516,98.438896,380.92676,11.409802,107.33725,406.21942,-87.22293,108.74486,410.7052,-36.58927,196.62119,370.69882,-212.287,205.28065,382.4987,126.80201,308.46246,434.5264,-248.73227,303.6588,439.88458,172.71361,309.36133,542.5312,-252.46558,314.06696,522.53326,118.0209,300.92715,564.56433,-295.67532,304.97226,534.8346,122.932686,284.61783,562.57776,-267.98273,297.58752,539.8482,83.82027,289.65353,553.52075,-244.68129,303.19202,535.23315,99.057,445.88696,397.6661,-108.48794,434.5447,402.47296,109.04292,619.94165,451.13275,-14.467705,600.63025,449.83063,146.52666,791.32526,478.44012,83.14139,759.24414,472.53934,223.09467,821.9243,466.86575,85.584435,792.3225,459.43558,228.31569,804.6727,542.6467,-5.730319,769.2387,545.25055,171.82805
80-0.pngresized.png,12.932551,288.76096,-112.54065,5.3770075,287.15408,-124.334435,5.553836,285.8809,-124.41272,5.8026195,284.53806,-124.53035,5.8505898,288.02908,-118.26847,6.2813272,288.2406,-118.20321,6.7785206,288.42416,-118.20151,14.304368,278.07117,-136.92421,15.18005,282.08737,-105.14703,24.510437,282.6464,-111.37749,24.86162,286.30862,-101.79668,78.91421,280.39072,-134.33376,75.04281,241.23764,-63.834007,165.78778,285.9774,-134.01186,159.82172,246.46513,-9.436824,148.5482,332.54315,-126.46211,156.96957,293.8576,52.286777,148.56873,350.75632,-140.4455,155.25145,303.23267,62.497196,133.02238,346.57626,-129.73935,149.7493,312.6245,55.16524,134.16116,336.41052,-122.65366,151.19313,310.10684,49.572548,224.62831,278.19244,-23.851242,218.38533,252.71817,24.543945,293.9038,292.24722,95.234825,292.94983,278.2321,158.21321,369.05438,287.48508,226.94753,367.75348,284.2633,275.19916,382.11227,281.85568,238.71916,380.9093,281.8902,286.7842,376.77008,304.93973,234.83533,377.6818,299.2677,280.9525
81-0.pngresized.png,421.24902,249.30656,-11.965243,429.32053,241.89978,-1.8798509,429.42236,241.20894,-1.8775129,429.57642,240.57817,-1.9681913,428.89572,240.97095,-27.01906,428.6761,239.1139,-27.045654,428.43878,237.28821,-27.119675,423.53616,230.60304,44.36779,421.68616,227.20992,-62.70891,411.1926,247.41963,8.665775,410.5198,244.7999,-21.938086,366.7368,218.53308,112.499855,372.3267,226.4038,-126.190506,312.58926,230.80931,186.75616,307.66953,242.82135,-217.54715,327.68237,277.65244,195.5707,335.31964,290.19617,-259.33258,335.15714,286.7441,199.75523,343.92993,302.61047,-277.01413,342.09012,292.6902,180.90057,351.0479,298.1319,-267.57556,339.3521,290.13492,186.01898,347.25055,292.67035,-255.44614,232.89114,243.77014,76.360115,232.10669,250.71394,-76.13908,134.63113,253.83534,93.75111,132.74715,265.71954,-37.22126,48.59161,258.43814,148.34528,37.150467,266.29974,5.805622,32.698494,250.04323,151.14815,20.016962,255.34021,7.329996,35.90551,294.07312,121.15514,23.893032,307.84415,-35.991066
82-0.pngresized.png,95.61803,581.1538,-192.5619,73.9493,562.25275,-245.67082,74.23094,559.1646,-245.9016,74.45596,555.8699,-246.09013,74.38109,560.55383,-182.58562,74.630936,557.6045,-182.57715,75.06704,554.6932,-182.76302,91.676346,527.60724,-350.0389,90.077995,527.2972,-61.90449,123.773445,570.4318,-217.5216,123.43125,572.3458,-133.51224,244.27881,501.82462,-448.9066,245.35356,514.2225,166.6797,405.93317,564.68097,-395.5628,397.8419,559.201,267.49838,381.26373,690.2374,-216.00352,375.23557,665.0896,60.885105,374.22086,724.75525,-251.40216,365.19174,684.93256,32.778656,346.79343,710.7025,-244.29797,340.06848,698.75146,-7.2923784,347.43124,694.88385,-213.00288,342.7186,695.67,30.812176,595.81555,532.56696,-190.36197,582.71063,535.64404,191.26805,818.7313,592.16327,27.490925,814.96747,586.8709,356.1905,1051.4803,613.6599,235.63858,1026.0319,608.4866,565.2891,1091.4966,594.77734,247.79208,1061.2172,592.17487,580.54456,1078.3743,708.69604,127.98802,1061.1343,689.2482,512.2831
83-0.pngresized.png,457.71088,229.94258,-68.27788,463.1893,220.86671,-59.14766,462.92108,220.27242,-59.12077,462.7076,219.7583,-59.145966,462.12936,220.0146,-84.45959,461.17242,218.34839,-84.46511,460.19562,216.71114,-84.544586,452.97333,211.99925,-3.7014506,449.78818,208.73225,-111.987045,446.52347,231.0485,-44.568695,445.11047,228.72165,-75.79687,388.87567,213.38197,76.18967,390.1574,218.61812,-147.6584,326.21783,238.08115,110.83404,319.00015,239.86273,-152.07309,325.27686,292.78452,56.273037,333.2801,303.35895,-141.7405,333.141,301.9195,50.703815,340.75485,318.54343,-168.28247,339.2826,312.36987,25.340584,348.93848,315.74857,-161.44556,335.41824,309.25885,41.879536,345.37457,308.99954,-139.41234,247.19676,234.7079,74.96842,243.55962,240.92659,-74.65347,144.86398,251.04857,98.74795,140.49446,261.5922,-24.433956,50.740917,255.00426,156.29286,38.06361,268.58035,29.444445,34.10814,246.99696,158.88576,20.839005,259.279,30.047478,39.54234,292.5918,121.27565,26.370941,310.61676,-28.301634
85-0.pngresized.png,36.595425,291.3134,-57.302647,27.236067,284.18555,-75.81238,27.138536,282.30728,-75.895325,27.043922,280.38266,-75.98639,27.524378,284.66895,-56.70581,27.594835,283.94717,-56.659195,27.713434,283.22192,-56.631653,33.47587,268.59207,-119.70296,33.76693,271.71494,-30.125603,47.68928,285.06937,-68.515495,47.922935,287.69012,-42.510185,94.273415,266.5059,-141.06735,91.77613,251.56792,19.049139,174.36499,290.47147,-134.34169,163.33754,266.18484,53.781242,180.41942,340.69238,-79.61588,189.02028,308.21298,48.594048,185.1518,355.25845,-85.754166,195.56332,318.66367,52.252827,172.95226,351.22168,-83.38266,188.20216,323.80615,45.52438,170.68784,342.8333,-77.724464,186.15877,322.6375,42.97842,225.85345,273.33575,-47.65275,220.42378,265.0565,48.080902,300.49728,286.8913,10.53648,300.7448,283.6456,115.828545,379.50513,289.12292,102.03627,369.80234,285.24915,187.3473,393.15115,284.43658,108.92898,382.39172,280.08197,193.41039,392.22482,312.90536,94.35328,381.19418,307.60254,185.86526
86-0.pngresized.png,288.5855,166.95464,-22.898724,293.65674,161.8792,-18.275301,293.6121,161.52194,-18.274881,293.59454,161.23167,-18.32413,293.0952,161.09145,-33.982704,292.76837,159.75787,-34.053074,292.4434,158.42982,-34.103207,288.54852,154.71805,9.842648,286.89957,151.36646,-57.430958,281.12946,165.79776,-9.921199,280.5736,163.92044,-29.36948,246.2403,149.17195,54.97839,251.53702,144.87251,-82.65738,205.33707,152.06331,88.004654,204.411,148.30746,-107.1741,213.59189,183.7819,72.54518,215.43922,190.27798,-127.80514,219.11163,189.70847,74.97476,218.72968,201.89777,-142.03575,223.94499,196.87929,62.113857,225.61552,200.69443,-135.7095,221.90775,194.43869,65.81307,223.51784,195.65588,-125.320656,155.85153,144.68475,43.358406,155.5167,142.89595,-43.205753,86.143585,156.65466,44.242104,88.226074,161.03256,-23.814655,25.057077,165.44382,72.65001,18.031092,170.11926,6.0394692,14.523592,159.76794,73.50987,6.5679455,163.2284,6.983571,14.939251,191.05995,42.08134,6.376686,199.2569,-24.602879
87-0.pngresized.png,51.40488,234.09323,-93.391594,45.180283,226.82674,-113.405205,45.84403,225.69215,-113.33024,46.49524,224.51657,-113.32308,44.534176,224.96704,-93.5514,44.403816,223.38441,-93.51073,44.27793,221.80544,-93.49965,55.824318,213.75552,-156.61658,52.497196,209.77185,-64.47589,63.984837,230.52512,-103.67321,62.845787,230.35745,-77.27275,116.45441,223.05945,-176.03185,100.84874,190.13556,-7.3192725,186.56708,265.56308,-126.9946,181.03447,188.15414,15.400422,158.91737,312.59903,-31.478374,213.03578,203.04436,-20.43518,159.57079,326.58932,-38.138527,224.9792,206.34131,-26.228024,146.33548,320.3738,-40.163193,219.64763,204.9427,-32.41637,144.43011,312.0814,-30.428799,214.34416,203.99231,-24.54263,235.00789,236.046,-55.659824,224.34949,222.34329,55.962143,229.16049,293.20416,-64.53816,248.75279,251.6738,92.15029,287.95428,274.87637,56.677784,296.96747,229.45097,136.76051,294.1252,266.70016,72.749825,300.1111,221.4872,144.00928,303.72208,291.54956,132.17873,318.16278,235.78235,193.27501
88-0.pngresized.png,427.46472,216.63545,-29.698769,436.11145,208.19044,-26.460999,436.20508,207.26794,-26.472635,436.37115,206.44287,-26.531227,435.1698,207.59271,-47.007286,434.80447,205.72302,-47.146595,434.4399,203.85771,-47.24937,430.62253,195.5537,6.4533443,427.9587,192.54016,-81.04521,416.8495,214.11525,-13.604136,415.99152,212.46935,-38.917385,367.40186,191.9435,73.11716,372.86172,189.6673,-112.30668,313.5802,224.16376,108.235245,314.8076,232.86125,-114.8149,319.33542,274.18893,77.97164,329.38885,288.35333,-121.15655,330.01553,282.17065,76.42013,339.15912,302.4525,-149.76756,335.81375,292.2468,56.301968,345.5743,296.468,-144.65785,331.143,288.82086,66.59474,340.68677,290.79462,-120.83884,236.47244,208.29648,60.65045,233.23119,206.53539,-60.44578,134.49326,237.08882,59.927303,133.84761,237.75998,-31.131224,45.2869,251.39313,97.74536,32.575787,251.37894,13.829349,28.975252,244.63861,99.44984,13.890704,243.41245,13.027511,36.332157,290.48083,53.387024,27.359314,296.60568,-43.053486
89-0.pngresized.png,44.40977,232.57065,-17.281528,38.77842,225.01318,-30.696634,38.96319,223.59773,-30.763636,39.099094,222.14426,-30.837223,39.570187,225.84972,-10.976366,40.279343,225.23575,-11.037055,41.024647,224.6421,-11.068234,46.089592,213.23166,-60.74298,47.91293,217.61316,28.0197,53.634857,230.13382,-24.48903,54.503967,231.7449,1.2991076,95.8267,213.71245,-92.85729,101.37547,208.06036,87.83745,164.87453,221.84615,-102.45508,167.27242,219.66327,121.6642,150.46693,280.03442,-97.34301,160.1593,270.89328,99.43188,143.12631,292.1361,-112.62681,152.22585,277.6322,101.37252,132.8529,291.0192,-101.27594,147.18178,283.79593,82.54207,135.34149,286.57346,-94.08843,150.79819,282.41864,89.96232,228.89474,212.43127,-59.93088,225.33214,207.59573,60.06525,328.16302,228.2753,-24.599508,326.04706,223.18614,66.32576,426.7323,235.50601,8.678565,419.8891,231.75554,99.38966,442.9325,229.15283,8.151609,437.3589,223.49394,99.668236,437.646,268.21936,-42.522762,430.3163,268.74884,64.24461
9-0.pngresized.png,361.6316,169.18694,-55.86959,364.6691,161.05571,-50.084297,364.30542,160.71306,-50.069607,364.00064,160.44511,-50.07552,363.57098,160.24364,-67.75583,362.40466,158.8927,-67.77551,361.23727,157.54735,-67.788216,353.9602,155.21019,-14.4359255,350.66248,151.24217,-89.00277,351.43277,171.25066,-39.796417,350.10855,169.24107,-61.394787,303.06503,157.53993,34.521446,300.13046,165.46785,-107.59016,250.0048,180.123,65.8158,238.93013,186.29857,-102.63342,250.83102,225.36818,47.86815,246.88406,238.095,-97.96858,257.85626,230.38727,41.754063,252.73656,249.6411,-121.546875,264.4177,238.74738,24.824303,260.41327,246.48361,-116.04289,260.6039,237.57684,38.46084,257.22922,241.19347,-97.13822,192.32257,177.80168,46.352848,189.33495,184.06627,-46.067726,99.45602,194.46196,60.518677,98.63889,204.37648,-15.302621,17.154627,206.69183,102.878975,11.591792,205.64366,25.791708,5.3438993,201.7109,105.25929,-2.4501085,198.19283,28.294178,2.3094268,228.69276,75.54043,0.7901341,232.2438,-6.9281006
92-0.pngresized.png,711.6425,367.86935,-68.68021,720.2569,354.24954,-56.72574,719.6951,353.50018,-56.75392,719.19916,352.95764,-56.90787,718.46313,352.2979,-87.77376,716.98785,349.43063,-87.89296,715.5173,346.56955,-87.97184,703.28564,340.32602,16.91992,699.27423,332.74796,-112.670265,692.28827,368.58795,-35.812565,690.58606,365.07028,-73.6052,596.0604,335.3419,108.40476,606.0569,338.57718,-153.49896,507.38754,353.029,166.87947,505.07358,373.2531,-199.2392,522.71906,427.39056,145.72427,547.4578,462.3434,-262.41125,540.03143,439.46234,146.9707,567.94055,486.76932,-309.54483,550.05133,450.7641,118.80637,581.78314,480.4262,-293.87726,543.3647,445.76175,130.98288,572.0862,472.0989,-261.07974,378.55954,325.06424,86.120415,374.79007,330.18298,-85.682434,218.17505,361.61792,103.324455,206.12263,380.14636,-38.781937,83.42425,386.0985,190.59084,47.439278,398.8836,30.575422,57.277954,378.7334,197.06476,17.934559,387.30945,33.743176,80.55833,440.19095,143.88274,44.17576,462.7327,-26.793154
93-0.pngresized.png,28.705997,165.06699,-21.28991,22.901506,159.56549,-32.79212,22.761421,158.40219,-32.833054,22.593231,157.20929,-32.879097,23.363228,160.0032,-19.389847,23.434715,159.2757,-19.458145,23.524694,158.60014,-19.51598,26.018353,147.18816,-55.059933,26.334858,150.22787,5.9053497,35.31868,160.20694,-26.919107,35.710114,161.31262,-9.241701,64.95845,136.91386,-69.27867,67.158035,143.4091,42.475494,113.76114,144.26353,-62.230064,114.78451,147.11328,67.50383,110.355225,183.19348,-13.085892,113.96104,178.2335,42.68879,109.83885,190.93427,-14.171439,113.04253,183.874,35.19941,102.13713,191.75941,-13.1986885,107.722244,187.42453,25.35651,101.755,188.14735,-12.525269,108.52414,186.52802,35.74533,160.05069,148.4741,-35.783012,156.22218,152.72202,35.902805,225.94702,157.63446,-10.150962,223.67326,158.86116,40.958763,293.77386,159.5473,15.597123,287.48236,161.96753,56.584846,303.8888,153.27081,16.357788,298.29498,155.9094,56.30658,308.39777,181.25198,-9.343712,300.365,185.49353,37.523754
94-0.pngresized.png,587.8799,262.52762,-2.0177112,596.50006,250.70767,2.4837837,595.45245,248.77934,2.5445085,594.51654,246.93927,2.544836,596.578,251.51393,-26.738443,596.0904,249.5648,-26.83291,595.55286,247.68442,-26.91916,581.6304,236.75053,39.236317,583.005,237.0139,-86.64293,571.00586,262.70792,16.28859,571.6007,262.0311,-19.998596,492.71204,251.43237,138.44409,513.53564,262.7354,-148.56229,496.33545,353.91953,163.49377,513.46313,367.43872,-169.12144,514.8825,439.84348,114.72081,536.0951,458.7865,-168.47284,537.80054,440.90976,115.190765,559.1779,466.16266,-202.92259,538.8838,450.1451,80.74327,560.73615,458.5238,-184.95387,531.0398,452.62717,96.858864,550.83563,457.45392,-163.49622,317.41745,302.46448,88.45409,321.64932,308.7073,-88.01015,181.47662,365.76804,105.35681,181.08336,374.14105,-50.877106,58.585083,404.3698,182.60112,40.26263,416.15155,6.0087614,35.08425,402.91415,185.54402,10.703403,418.0298,0.61489457,52.980484,445.03033,113.330345,51.126472,458.88937,-96.188835
95-0.pngresized.png,38.098915,273.20013,-179.24715,40.062653,260.8911,-195.77582,42.54368,260.2429,-195.7615,44.892452,259.59534,-195.71945,38.054226,259.21683,-175.33153,38.57814,257.91443,-175.26677,39.152367,256.7321,-175.35092,62.424816,250.08319,-206.05495,54.212288,247.28278,-113.911705,53.461456,275.2516,-177.51527,50.88727,274.92545,-150.75766,153.19246,265.61255,-190.70824,103.23133,243.93915,-46.006824,248.82436,277.24506,-105.31687,174.16869,254.73056,53.20939,201.59422,335.09097,9.910037,134.6709,300.64734,100.825325,192.26431,344.0888,2.4674256,121.38982,304.8964,96.0437,174.49274,344.19205,1.4415936,114.71153,308.3815,80.61709,174.00696,338.25327,9.55204,122.19151,306.271,93.93273,283.61377,277.44815,-64.71369,257.81717,268.51703,64.74652,387.9909,289.11868,26.53513,354.75647,285.74573,149.81444,487.9036,293.76904,139.2407,438.27737,282.2795,223.51971,505.92236,285.26874,152.68925,457.35397,270.1967,235.19275,491.35785,332.1977,164.16376,440.1792,325.71512,258.5194
96-0.pngresized.png,66.38885,418.63132,-230.73146,62.254982,400.18497,-237.89906,65.142456,396.20575,-238.05211,67.99901,392.1457,-238.1608,57.540474,406.86594,-214.3511,56.63475,408.91693,-214.35356,55.869698,410.98508,-214.42693,85.65292,382.9035,-216.40623,68.43437,405.831,-108.0065,86.19108,416.76614,-218.33693,79.21757,428.72516,-186.76187,176.31932,401.60745,-249.51256,146.60472,411.52112,32.70435,291.37088,422.2137,-212.05383,248.23933,431.0984,136.76987,252.41563,504.70917,-176.93234,227.37022,485.49268,143.282,244.81833,528.7212,-208.88127,219.8112,493.22403,156.50262,220.81491,523.3827,-190.97694,207.09032,503.36383,128.54236,222.56631,512.15784,-170.94081,211.29495,499.54413,130.67458,352.61432,410.6666,-94.11865,336.15356,413.42447,94.64009,454.1626,427.91895,18.939333,441.41257,440.76654,247.87349,550.7201,423.62067,217.7319,533.7829,437.56323,397.42493,566.38165,414.89865,237.55197,548.30566,428.34537,414.4171,572.1833,458.62137,224.51707,560.44006,469.94287,406.41083
96-1.pngresized.png,31.814903,236.24553,-186.39317,29.769272,219.89276,-199.95639,32.518654,217.33203,-200.07588,35.23749,214.7819,-200.20541,25.999397,222.1367,-178.35094,25.65375,222.28738,-178.33981,25.373041,222.52411,-178.33755,53.616436,203.69345,-209.69815,39.984314,212.78436,-111.891205,51.009834,235.26076,-186.45374,45.765354,240.88416,-158.21164,154.70857,214.47484,-211.38066,107.61863,217.22505,-37.88151,266.7921,232.5765,-167.22937,200.56525,239.85426,46.346428,228.70218,313.68732,-108.861084,185.30702,293.2012,26.737556,222.9984,333.55637,-131.20566,178.22552,301.02377,23.663643,197.91635,329.35522,-126.61407,167.08798,309.03107,3.4935765,196.89711,318.95285,-108.31235,172.15944,304.7656,16.9221,305.15186,227.85786,-63.036755,275.92908,227.85785,63.49541,376.0283,221.80104,25.73467,352.38992,236.05916,200.00722,425.3395,243.64798,224.84653,410.41574,243.75557,324.2976,434.99762,241.81369,246.24052,420.21762,238.56839,341.32678,427.4032,278.57693,267.26257,424.5294,276.93408,357.7839
97-0.pngresized.png,452.78055,272.35114,-76.37844,464.07977,267.6513,-73.00527,464.45978,266.98404,-72.99056,464.86722,266.47687,-73.08911,462.52304,266.69006,-92.54618,462.1383,264.6109,-92.68371,461.71262,262.5591,-92.75333,459.14584,253.03012,-48.626904,454.63382,247.71634,-130.66484,439.99054,265.68622,-63.216084,439.15924,263.10422,-86.90001,407.83136,225.37747,-1.5970249,378.59335,214.64503,-145.5228,366.19485,222.32664,109.36548,292.03333,214.10497,-169.5765,380.3534,281.21924,177.94836,296.67035,288.68896,-201.47461,388.44812,292.9706,183.52213,294.19263,309.24136,-219.66156,392.41806,301.27332,167.19127,310.73325,308.56265,-218.80124,385.8543,295.115,170.82996,311.32434,300.83167,-201.46516,244.7347,223.55518,51.649906,226.7439,213.92526,-51.43214,136.20595,236.22357,101.46506,117.884254,243.04045,24.129705,46.60248,243.67847,181.78609,25.246527,251.706,96.678856,31.36364,233.95276,188.1804,11.28441,240.25514,102.43657,23.502695,285.33746,153.09752,0.16266757,297.1141,68.25751
