1-0.pngresized.png,471.67554,346.04785,-105.49638,484.0553,344.76974,-98.68626,484.4881,344.1858,-98.578026,485.07288,343.7922,-98.84105,484.13232,342.55972,-125.40989,485.0201,340.44617,-125.165825,485.7907,338.376,-125.169815,486.32358,331.20795,-38.161873,487.00784,322.98187,-162.17162,464.35873,337.49817,-80.503174,464.8946,334.949,-116.32067,451.3509,304.00128,37.310135,463.15683,295.39542,-196.70169,510.67407,351.66437,103.63271,528.69305,336.32956,-251.17085,573.97296,345.67157,81.02852,576.43414,349.941,-209.4982,590.6302,342.81952,66.0129,592.08575,356.08502,-243.64911,592.93774,346.53964,56.755898,591.6865,346.54962,-252.13155,589.0654,346.50763,69.825356,584.9267,345.2302,-216.47809,309.62772,328.54364,68.98707,272.50787,322.86078,-69.29996,447.73383,348.13828,78.23975,147.50171,387.4517,-77.57035,550.6034,377.1389,118.98852,21.717827,363.2142,-39.174603,560.8287,386.5926,115.188385,3.019105,353.75653,-36.742184,596.2329,363.3424,88.543396,-17.857418,347.97546,-80.95964
11-0.pngresized.png,393.74536,297.75684,-319.42926,403.1345,291.47983,-333.9715,405.03568,289.72122,-333.90573,407.09268,288.19913,-334.01236,397.39725,291.0822,-359.16333,396.04935,289.44473,-359.31064,394.53296,287.9296,-359.3,412.6631,270.72388,-324.985,393.82355,268.87042,-441.725,390.52402,287.4535,-304.4942,387.12332,287.17795,-338.62573,418.61636,239.76373,-249.91524,351.71503,249.1936,-409.45966,489.88568,313.41394,-108.56944,397.86838,337.22812,-468.48398,541.88947,359.90463,-73.7837,511.877,371.33173,-502.1305,562.1138,366.9824,-89.62539,535.93805,380.8436,-546.0898,550.72375,367.6802,-103.36083,545.33044,365.97635,-546.29956,542.2794,364.73343,-87.93001,540.3416,362.39465,-506.85208,306.91837,262.3455,50.52211,250.3813,268.63153,-51.042515,405.50867,272.87967,-123.05684,138.87401,282.06473,-10.941671,459.38358,298.11707,-196.46323,44.249886,273.84375,108.24498,456.06873,302.5293,-207.28929,25.27363,267.78937,116.51987,518.43646,307.93234,-233.88065,31.93359,273.2342,56.02026
12-0.pngresized.png,204.16132,216.11183,-244.03407,192.3826,213.45456,-238.84755,192.07785,213.18459,-238.92393,191.88434,212.85869,-238.8795,191.83499,216.59229,-256.58484,190.62967,218.54987,-256.72208,189.66255,220.56815,-256.7005,186.93047,221.8401,-181.21735,181.56552,235.05786,-265.5838,207.086,226.27681,-221.22736,205.98273,229.88167,-246.01648,225.1738,242.59889,-168.21721,180.69238,304.79492,-225.16092,177.80641,199.1833,-204.9341,131.38492,364.49866,-232.10188,131.42,137.84612,-233.97385,101.09545,406.48026,-245.76517,120.73764,119.23436,-254.08194,90.82047,418.95477,-252.22942,119.098404,119.668495,-258.39166,93.97725,409.954,-271.00638,123.54197,127.90139,-241.32005,96.68053,406.5751,-254.73878,298.61594,366.22217,24.258316,246.40675,393.88184,-24.132914,386.85278,379.96323,-65.178734,146.28963,408.1659,-80.929214,476.19943,402.66354,-70.23181,14.346083,393.07224,-95.25992,490.5141,414.83844,-71.29282,0.6771882,402.7131,-98.93601,502.6337,376.498,-95.118164,-30.879587,341.02997,-134.18884
13-0.pngresized.png,205.15833,57.011963,-51.745018,210.28156,56.923584,-59.193295,210.67786,58.381973,-59.209957,211.16748,59.810303,-59.405304,210.7254,54.81192,-46.736816,211.166,54.57898,-46.744022,211.59404,54.48404,-46.745354,210.83224,70.26541,-77.47248,211.31577,63.5627,-23.031683,200.25699,67.594376,-57.404507,199.74571,64.52992,-41.839737,185.83118,108.33652,-121.76154,187.81625,106.02797,47.27759,122.33019,75.32123,-131.50583,139.18933,80.992035,93.10035,74.63625,38.719635,-93.034584,100.89966,55.166,83.956245,62.24598,31.233994,-107.67067,94.88874,49.89444,96.347,66.39128,27.173782,-97.94909,95.22518,48.149506,79.89173,70.29307,31.58406,-88.59891,94.22392,51.02942,77.23927,156.64827,212.77188,-57.50567,157.16917,206.9596,57.67946,111.80568,144.68,-19.08554,114.21669,149.24094,85.622765,56.330055,91.86117,45.50106,57.786667,94.95173,145.03583,40.0683,89.088974,48.033833,41.53479,89.58654,149.09607,65.19613,47.56041,2.9553626,66.439644,56.378372,118.88434
16-0.pngresized.png,574.16235,422.8782,-135.39984,589.249,417.15286,-129.01068,589.96484,415.03558,-128.94885,590.80725,413.05634,-129.17944,587.6024,416.80402,-167.6666,587.8528,414.56662,-167.51587,587.96387,412.42224,-167.45735,589.0845,394.42615,-76.118095,584.96796,392.32526,-247.9516,563.684,411.13272,-112.11591,562.4671,410.47012,-162.24469,534.0333,358.1039,-8.710004,544.7432,373.06143,-292.75983,594.8202,421.05804,81.94794,605.3921,440.88516,-384.5372,695.9504,419.4661,78.36598,702.9336,439.54584,-367.68048,719.7986,415.9785,76.416435,726.7485,439.2196,-412.92838,722.1037,418.51526,66.80101,725.21295,426.2847,-426.8374,717.17346,419.41873,64.93419,715.728,425.00455,-375.92984,367.69586,391.62576,67.395,336.83212,390.90326,-67.55816,504.5172,388.26505,103.857704,215.86168,431.75256,-48.310253,615.07153,421.9817,140.6318,79.85767,434.54184,-9.099946,626.4539,439.99756,135.3568,57.083153,430.4733,-9.709572,677.7371,391.74268,110.63045,60.80597,426.8014,-56.175262
18-0.pngresized.png,202.01349,207.95818,-272.40128,197.11234,216.11456,-279.75647,194.28845,216.70438,-279.7883,191.40732,217.37807,-279.93994,205.98138,216.22133,-279.46356,209.29594,217.019,-279.41107,212.54247,217.64859,-279.45444,187.76985,223.69296,-260.3148,218.62836,224.41072,-266.26,198.311,207.63722,-259.62592,208.03548,208.14081,-261.1788,165.79495,223.7946,-225.6116,252.69717,228.49825,-218.36366,104.0468,229.45572,-233.48286,323.43784,228.05069,-227.54407,41.343723,213.32925,-263.44073,381.56683,209.38347,-257.6398,21.798458,211.17505,-269.15277,397.06924,205.9688,-261.5024,17.157478,216.12584,-289.7851,397.97662,209.50435,-290.14923,27.458832,215.62993,-272.47342,389.0356,210.17517,-270.65317,196.54274,188.53606,-6.482536,229.36375,189.08728,6.721803,206.11897,199.19658,141.91728,237.03279,191.45998,154.00566,209.55367,213.95839,294.6059,254.67737,211.8624,302.4202,210.79237,216.59032,310.0041,256.95148,215.55685,317.2804,204.72496,213.97795,312.51163,258.69934,215.40536,330.04327
19-0.pngresized.png,123.87821,85.54662,-161.38342,129.60867,78.21987,-156.90388,132.56921,78.19061,-156.89276,135.62737,78.05965,-156.97734,122.51821,78.270134,-150.94925,120.14663,78.14437,-150.96745,117.76522,78.066864,-150.86107,143.20601,81.29252,-116.88805,118.86446,80.58888,-87.14842,131.12738,92.89678,-146.1372,121.48317,92.88166,-137.55872,167.33545,122.90577,-93.63092,106.11631,120.060165,-52.50536,190.58997,174.8687,-96.300224,78.10358,163.03119,-48.699104,216.1431,223.78017,-123.32115,41.612934,192.28415,-86.20538,228.19902,234.50237,-129.65971,27.716417,196.94003,-88.04106,223.06985,235.59955,-148.88193,28.753891,197.31012,-110.85966,216.09502,232.3586,-130.99115,36.32208,198.42607,-97.40448,158.49013,217.42255,-9.872829,125.085304,218.93678,10.054274,203.55893,264.17514,0.86762834,128.43686,250.98466,-0.10702022,272.87958,277.05945,41.779686,150.58302,262.56827,96.92385,279.22458,278.34152,46.168674,155.46638,263.43097,106.4957,299.56064,288.94843,20.986687,151.87155,270.5472,99.0718
2-0.pngresized.png,284.95056,202.60428,-179.39685,289.8746,193.99068,-159.85933,292.98444,194.87808,-159.98251,296.14462,195.58401,-160.25061,278.83163,192.41718,-159.04877,274.80624,191.80139,-158.96463,271.01654,191.38228,-159.08365,298.93442,202.9692,-67.27579,264.92194,197.34521,-71.104324,291.09644,215.61456,-149.48204,277.039,212.81746,-151.77951,337.4108,257.33423,-42.720333,223.9697,247.37383,-29.087656,420.76355,244.9672,-45.7668,150.71866,213.55241,-73.618416,501.99744,220.4073,-110.18425,79.11601,197.47878,-152.00772,529.27515,211.19928,-101.52707,59.060135,197.44675,-143.73224,532.6268,209.93333,-126.74628,63.360886,192.24416,-171.10094,520.2068,218.3573,-121.04349,71.51396,195.57893,-166.75163,324.61047,388.50018,0.2290157,251.92654,394.19257,0.069838285,449.93976,348.24915,28.230246,162.8704,356.24905,28.027039,521.4375,258.92413,28.095583,55.21503,268.76935,1.4369881,549.3845,248.84016,32.084747,33.124943,254.78224,-3.4271672,531.1192,190.46446,89.411255,46.70767,225.65128,26.768894
20-0.pngresized.png,229.57545,164.24577,-242.67712,236.5138,154.26382,-237.77895,240.33301,154.41493,-237.82875,244.16254,154.42972,-237.89595,226.41968,153.79376,-234.20518,222.8816,153.3564,-234.19443,219.36197,152.98912,-234.16896,251.26784,156.99739,-179.54817,217.59201,154.22292,-161.2416,237.14587,172.2849,-218.48773,224.1528,171.43439,-213.6937,279.8076,200.73114,-140.74611,197.54463,190.31644,-109.73455,270.2445,271.35495,-184.52602,183.41417,246.16116,-170.38663,221.11395,267.25558,-281.0918,188.70572,259.1282,-307.67157,205.83653,272.38153,-310.74905,190.18788,267.79074,-329.1495,205.76216,259.91663,-306.50284,193.38321,258.1149,-336.19272,209.38306,258.10883,-281.23532,195.08936,255.73015,-312.43857,266.17255,284.19623,-2.8385613,215.3148,282.84955,2.6561842,348.72528,298.40314,-76.02325,136.08374,303.30414,-68.31481,441.90372,319.5948,-136.31479,45.3944,324.29297,-104.50464,455.18384,332.6156,-142.70558,34.31601,337.52283,-107.93274,464.47754,302.796,-176.34593,12.464521,308.09583,-145.6877
22-0.pngresized.png,184.21603,131.21918,-148.91823,195.2918,122.61706,-150.69159,199.03403,123.0968,-150.7739,202.81264,123.432434,-150.88432,187.70464,121.49033,-133.78783,185.95717,120.94603,-133.88338,184.2101,120.454155,-133.77696,216.47018,127.15809,-125.81279,191.81998,121.85194,-48.542297,193.6665,140.27388,-137.85805,184.12122,138.55826,-116.51414,244.83414,173.5414,-120.67261,181.80672,172.67043,-11.175569,239.38939,238.97028,-125.51378,192.26256,227.83905,-14.435506,221.78658,290.10632,-136.29059,199.77287,289.39923,-63.63434,222.45697,304.70016,-163.33275,199.96454,306.15125,-81.4471,212.87083,305.65866,-164.66731,203.48993,305.49536,-93.24576,211.13394,299.64548,-138.0811,204.54787,299.20505,-71.525734,246.39062,276.33893,-18.210644,198.9057,276.17535,18.220718,332.00244,291.69586,-102.603,123.19725,281.42014,-44.934032,433.2809,311.37256,-191.87825,27.851372,293.26605,-101.782776,449.90976,324.0965,-200.19812,13.325174,308.0008,-107.63492,455.5157,290.3145,-239.23955,-1.7992203,259.8492,-139.5002
23-0.pngresized.png,136.08133,245.8927,-102.277145,126.629684,253.38402,-95.632996,126.38608,252.32549,-95.54274,126.192314,251.04082,-95.45513,128.99648,259.9926,-111.285,129.91692,263.18814,-110.867355,131.09561,266.26816,-110.81286,131.27834,259.1928,-31.519423,137.83763,282.9411,-95.74417,145.362,246.54175,-74.010056,148.00757,254.42204,-91.72986,174.34206,245.00227,-36.985523,178.82837,309.35928,-58.630966,91.48676,269.22995,-51.097675,132.06184,328.98254,-11.146309,32.603836,313.7003,-64.18576,44.908363,337.89194,62.44315,21.642944,327.57343,-85.222725,26.543509,337.06,73.96071,16.37719,328.18396,-80.16241,16.508516,341.37253,56.143944,20.23357,323.903,-64.296265,20.922398,342.35394,57.26346,338.98392,287.21082,16.92356,314.88034,329.55777,-16.819187,455.3394,280.55493,-36.678284,206.48058,326.38773,-24.872734,562.06714,340.87775,-26.206888,49.221737,366.7711,26.94318,576.948,355.8063,-27.873863,32.53937,388.5935,31.764683,593.0524,321.312,-72.266945,-19.544994,329.99036,30.661879
24-0.pngresized.png,402.87833,103.04923,-19.460325,398.11078,86.36135,-5.1397057,396.09586,85.569435,-5.0873613,394.3755,84.76728,-5.363666,396.2195,86.75473,-41.673462,393.04175,85.60339,-41.83643,389.8553,84.56144,-41.899796,372.25067,87.53504,52.946663,366.46948,85.012085,-101.61748,388.45795,118.14529,5.6719184,386.35648,118.04159,-40.132534,311.89096,174.64003,151.72931,308.49698,169.45264,-195.9392,347.94272,292.5807,185.64984,354.83542,303.33392,-198.66885,412.4605,388.16946,145.1825,419.48895,411.9956,-115.73565,429.97342,396.00977,164.82689,432.72394,431.07034,-150.80278,438.13464,403.39032,127.61061,441.36508,427.02502,-134.06183,431.17892,402.75534,130.13223,435.71725,422.67813,-110.49804,147.49594,351.50482,108.10209,126.982895,357.84808,-107.56544,308.05118,391.38788,212.469,294.38058,416.16174,-57.15454,426.41608,464.2241,277.06976,424.38422,466.20117,151.68884,438.90475,478.81146,279.86832,438.1127,478.9611,169.56093,490.99823,444.29614,243.91368,499.287,435.33722,136.3585
25-0.pngresized.png,223.82289,132.14278,-117.47199,234.8905,121.2776,-117.24739,239.08517,121.40214,-117.25546,243.4022,121.33605,-117.33161,225.61697,121.218155,-101.25844,222.7102,120.909,-101.25175,219.85445,120.80022,-101.390816,258.12213,125.85176,-78.75665,226.50385,123.19155,-5.8492637,235.15465,143.56294,-102.88472,223.40234,142.8429,-82.32141,308.78622,167.41606,-94.129875,195.24823,170.7962,7.291645,371.93924,177.47266,-224.83096,120.56851,165.56735,-47.71608,394.78394,161.98204,-390.9057,41.353947,145.14146,-112.9898,405.88846,167.0757,-422.03287,17.79444,143.10652,-117.78981,394.8584,156.90025,-436.73944,23.560415,133.57669,-135.14381,390.0507,158.47667,-399.44135,33.725323,136.5249,-124.38029,275.85422,310.05478,-19.835684,212.0731,310.89957,19.992214,342.9136,226.40337,-81.30159,105.177704,235.195,-23.155142,346.87408,161.89764,-113.21469,36.992794,163.96133,-78.90157,353.60645,162.12813,-115.611534,30.16708,164.3977,-88.69803,346.64432,111.671715,-121.80622,10.135387,108.08361,-106.78372
25-1.pngresized.png,80.30899,78.80781,-72.14132,84.59495,75.6762,-68.57561,86.833275,76.154396,-68.57165,89.135216,76.58993,-68.60818,79.06455,75.14677,-63.878365,77.09249,75.06691,-63.861526,75.14545,75.06311,-63.899494,93.45281,82.7924,-43.01133,74.832,80.34637,-20.926966,84.81724,86.78389,-62.89974,76.900795,85.854034,-56.30594,108.211395,113.16382,-26.475237,61.889122,110.99296,-3.0784554,145.49811,116.06058,-25.339165,43.00609,115.9237,-3.3878417,188.142,107.482925,-29.933681,44.041096,78.37798,-8.359974,202.09674,103.948746,-23.21408,43.875145,69.31032,-6.7581105,202.37119,103.62057,-34.834812,46.293682,66.51107,-5.8634667,196.93088,107.04371,-35.684555,47.735783,70.82882,-9.109203,96.14897,177.15529,-1.8297968,69.65215,176.95482,1.8284458,137.5132,165.98366,22.764317,50.57549,154.13019,-17.50246,148.34407,158.97469,58.00456,67.23546,170.60431,-27.402517,150.4966,160.7115,61.805443,69.66791,172.17705,-28.280022,152.79367,141.48016,58.534447,75.018616,167.77612,-39.091225
27-0.pngresized.png,384.65274,355.66626,-393.1271,387.5319,348.78757,-418.78137,391.15097,345.28647,-418.664,394.6523,341.8837,-418.62262,375.37643,355.6748,-417.11975,370.4644,357.25043,-417.21155,365.53012,358.6874,-417.1872,391.38547,323.88458,-418.74374,349.2989,347.99365,-417.6613,384.74313,344.08655,-381.14838,373.22372,351.97147,-381.0777,422.41437,273.32678,-334.60287,304.02966,334.8041,-327.50684,484.27106,349.72046,-301.749,292.62003,397.1108,-324.5638,498.13535,426.33868,-364.9467,324.35925,467.63773,-408.90582,509.8424,440.72012,-406.7989,326.12766,488.06717,-458.73145,492.91257,443.0534,-426.9963,341.708,482.4577,-469.3646,484.24692,439.22144,-374.37906,344.54922,473.44226,-418.2287,341.44647,219.10713,19.003696,270.1623,246.65762,-19.251469,413.06436,257.8522,179.92593,174.58586,276.62854,81.48421,398.41586,264.2298,447.96478,80.914795,287.79926,285.83087,393.7808,257.8062,475.71625,72.56581,280.566,306.9947,418.32358,304.73227,464.9319,63.11483,329.8224,254.43205
30-0.pngresized.png,258.3946,323.71698,-295.05057,260.7453,316.68915,-298.87332,263.40094,315.51703,-298.81918,266.00003,314.41998,-298.8621,252.82356,317.47345,-298.19424,250.30219,317.06476,-298.1328,247.8262,316.5731,-297.91483,270.6857,304.67947,-261.07318,242.77664,307.4748,-256.19238,264.29083,318.7742,-277.10043,256.42645,319.44473,-275.78976,312.4662,290.28964,-204.50687,210.24684,291.67615,-191.59668,370.61353,276.7284,-182.21623,159.90582,273.7252,-176.78485,413.24014,290.67145,-166.50801,148.78459,272.29102,-176.27567,423.46686,291.20667,-179.26543,139.67679,271.34888,-184.45021,418.99747,294.22693,-183.46062,146.3054,272.52048,-183.05923,413.4007,292.72867,-166.3448,153.12848,272.97992,-173.90417,296.0095,246.61485,-10.334113,250.18347,249.99948,9.801421,301.53174,258.15,84.17208,243.68022,258.34964,107.98482,286.048,253.96617,200.29546,225.94261,253.61084,216.41675,285.7924,245.64607,212.67241,226.66463,249.38036,230.1464,277.40845,285.47238,228.15215,214.55156,275.77426,260.67923
32-0.pngresized.png,121.7472,119.45976,-118.10393,122.27045,117.66211,-120.655914,122.922676,117.277794,-120.526695,123.559685,116.8835,-120.51808,120.734695,118.300385,-119.938225,120.25496,118.47776,-119.9705,119.771774,118.62764,-119.97719,125.69842,114.45837,-107.01297,119.94058,116.66321,-104.45276,123.932526,117.90275,-110.61076,122.141785,118.7646,-109.62013,140.69508,116.29357,-76.29902,111.35513,115.812935,-70.48791,150.36902,130.66782,-52.68896,106.68051,125.99052,-43.312927,152.77988,142.06091,-47.74746,106.400795,133.36005,-53.016075,154.41476,144.1564,-51.267994,105.56084,134.68768,-55.476845,151.92189,143.9789,-53.4594,106.724625,134.3133,-59.794342,150.29669,142.60138,-48.60391,108.50728,133.85092,-54.449734,138.55722,109.64328,-2.5292556,124.33413,108.78124,2.6046038,140.18094,115.048225,44.995533,123.23988,115.66188,52.50182,136.96712,120.92102,103.363106,125.04962,115.62218,111.93646,136.30016,121.67444,110.16714,125.62,115.35656,119.30633,137.75076,126.3512,108.923615,125.12676,119.35042,121.54111
33-0.pngresized.png,266.91772,265.9812,-399.7703,270.95813,251.71152,-392.1005,275.03116,250.80675,-392.19693,279.17072,249.79402,-392.28027,259.0004,252.29836,-391.49683,254.21533,251.88515,-391.51404,249.53339,251.64207,-391.39746,285.16257,248.225,-324.89966,243.5516,250.72842,-330.2733,276.09735,272.27545,-375.2963,260.23087,273.00308,-376.57556,321.57153,282.4265,-272.56412,214.05383,280.20267,-247.55371,401.04678,301.66684,-304.39096,144.08864,301.6354,-304.14798,476.8735,314.62396,-344.07968,64.83807,307.25137,-357.17334,499.2935,313.07874,-336.2316,42.247974,304.93658,-353.89474,507.5028,306.65363,-361.6546,36.26796,297.85065,-383.1608,497.53934,307.86023,-356.40002,46.70889,298.94098,-372.1364,291.75793,323.56522,-3.6343882,245.28836,322.62686,3.7505078,312.15186,313.46454,115.07026,199.88852,337.65695,75.90342,330.9417,305.4633,245.8328,122.96663,304.84305,126.1169,331.34955,307.35126,259.2396,115.43498,305.40897,128.68997,342.73782,298.65094,237.89896,90.26587,283.19858,109.3138
34-0.pngresized.png,370.23312,340.1095,-502.05002,379.8549,319.96375,-504.27298,385.7018,319.8146,-504.4637,391.5791,319.5074,-504.41614,362.71704,317.98148,-502.42886,356.63895,316.2858,-502.33057,350.61203,314.73447,-502.20752,400.4064,314.09955,-423.31335,343.23257,306.5209,-412.13858,379.84442,347.697,-464.5419,359.63028,345.70166,-461.64523,440.8954,360.4663,-323.98947,302.12878,345.48544,-304.59518,429.0645,453.86957,-333.37955,304.2399,451.76544,-346.03467,392.80136,482.47568,-464.84332,345.0687,486.74734,-486.02496,387.5506,493.9925,-511.08243,359.08197,501.2292,-522.5306,381.27765,480.5934,-518.2479,355.86752,485.60464,-533.42456,378.4572,472.02893,-470.5428,357.03574,477.03683,-493.45615,396.46515,427.05267,-4.1747627,320.10968,422.0752,3.8186734,509.56284,453.6558,-11.916537,208.667,449.85767,-78.247574,603.9433,452.95227,23.435751,66.47547,454.47366,-138.06389,613.7592,459.31802,27.747194,48.35637,463.3603,-141.92427,642.1545,431.63962,13.766655,28.341572,436.72238,-186.91632
35-0.pngresized.png,348.67618,370.07385,-177.79527,352.32477,369.31326,-198.17355,354.05075,369.60553,-198.09993,355.86575,369.9511,-198.0899,348.4456,368.1096,-195.47238,347.6157,367.42532,-195.44717,346.7189,366.84158,-195.4884,361.8111,370.69553,-215.84692,348.29922,363.80008,-205.48016,349.9286,371.74323,-175.17923,346.6733,371.51248,-172.09047,367.48187,358.04816,-165.98616,353.61557,366.9884,-159.90346,357.27185,342.54437,-59.84425,339.09772,368.9069,-62.818356,355.90796,351.8022,11.651683,351.1363,371.85876,4.143708,357.535,353.64883,21.17113,352.23132,369.95755,7.5374,357.1996,352.1123,15.228865,354.58682,367.03528,6.267864,356.14685,352.07486,10.204301,354.6186,368.08975,4.919623,344.75525,373.19815,3.8000526,340.6127,374.64853,-3.3761902,335.24652,371.47388,146.81071,333.7594,376.6796,138.45633,328.4562,369.95502,302.20282,330.1739,377.29596,296.88983,326.49966,370.51773,319.87653,327.64984,377.95416,314.84567,331.3359,367.46558,324.13446,333.06747,376.30093,316.37207
36-0.pngresized.png,222.46669,413.66718,-139.51245,199.64369,411.8096,-145.2184,199.05452,407.3216,-144.9038,198.54048,402.5788,-144.87836,200.64803,425.03735,-145.99098,200.15823,429.7297,-145.52812,200.06621,434.39694,-145.49727,197.77296,400.61572,-88.43913,199.459,446.0729,-76.44326,235.39296,407.8611,-111.85888,236.7911,424.13724,-107.902534,272.27164,377.6561,-80.00992,267.66104,481.93457,-20.72867,138.02083,397.34106,-86.186104,229.17827,533.41003,7.883649,81.38088,444.23477,-40.232132,88.80748,546.16705,-9.370087,76.79651,454.03506,-58.139206,57.471554,537.01746,-12.102488,73.97271,450.77637,-61.26693,42.6446,550.0578,-33.147076,73.72642,449.89102,-47.887245,51.655815,552.34045,-22.647823,557.02277,486.57495,-20.35059,502.7247,537.0121,20.273523,721.5257,536.733,-116.6694,329.54776,557.41034,1.9202666,901.45715,630.9469,-168.18697,107.962265,570.225,-54.300205,930.68506,640.20123,-179.15126,88.281555,588.69446,-66.034294,962.3039,633.65094,-251.37914,17.16545,524.5323,-144.81602
37-0.pngresized.png,337.98157,369.5569,-104.648125,340.71204,371.13998,-118.1896,342.1251,371.78482,-118.20931,343.63788,372.5151,-118.22753,336.72653,368.34174,-119.132904,335.75427,367.05194,-119.116936,334.72375,365.8157,-119.05919,346.7576,369.40668,-118.67843,334.70755,358.9611,-129.36348,337.13718,367.13824,-98.16675,334.0781,364.8755,-101.17498,367.12613,336.00418,-97.724976,330.4833,337.48676,-94.254715,374.7351,302.87177,-35.26488,328.78156,312.00494,-34.390793,371.2274,335.75067,13.14693,343.6255,345.20892,-15.094402,377.70602,343.25723,16.969276,344.0387,347.81998,-28.236288,372.74854,344.95554,8.43854,351.46198,350.37357,-32.420246,367.58517,341.7262,9.214864,351.32535,349.62653,-18.446522,305.106,318.35736,14.256935,289.8394,316.56036,-14.077602,301.31717,325.50497,103.92247,288.71,328.60828,75.30928,296.91092,326.96906,223.96461,286.87607,326.3123,186.8952,295.2283,322.83682,237.50311,284.6596,321.054,199.00945,299.4062,338.82474,232.59938,292.62198,341.08102,189.50871
37-1.pngresized.png,364.06265,444.5915,-32.68372,365.58,444.65518,-44.24198,366.5134,444.562,-44.20394,367.397,444.49338,-44.145226,362.85107,444.6012,-44.172916,362.00168,444.48996,-44.14677,361.14548,444.3237,-44.17712,367.1632,443.16058,-65.38757,359.09888,442.85995,-65.54035,364.14923,443.72913,-36.19854,361.496,443.74725,-35.984676,373.3463,435.91714,-50.983227,349.98035,440.16702,-59.178196,381.54865,429.5933,-4.0333753,340.38107,435.99948,-16.695076,384.009,443.8924,26.119583,346.31238,446.85703,18.855211,386.8191,446.58652,23.94753,346.40488,449.51703,18.164612,383.96954,448.69745,20.473415,349.87042,449.5055,18.517818,381.92184,447.9423,24.727797,350.0585,448.59116,19.736761,356.02036,421.25656,5.1055512,345.21808,424.9751,-5.075119,348.85654,417.30167,101.34347,343.23154,415.38156,77.80981,341.34265,410.86896,196.57326,342.90076,406.77045,169.73528,339.74063,409.26254,206.928,342.80817,404.19928,179.82382,341.8552,412.03613,210.31352,342.2346,408.57913,183.64586
38-0.pngresized.png,388.7167,415.65784,-221.84122,396.71436,410.5194,-240.95956,402.28452,410.28802,-240.92976,407.79684,410.0026,-240.94789,382.40143,408.29785,-240.05067,377.27118,406.56522,-240.01013,372.12927,404.74234,-240.03984,417.69342,397.95804,-258.892,367.3837,390.6402,-254.4374,398.17062,409.58066,-218.90985,381.92004,407.65213,-217.47906,464.28323,376.85535,-216.13371,334.64328,364.89117,-205.37663,502.1349,394.50864,-138.89215,305.28842,385.9556,-149.25159,485.81882,462.97345,-107.64526,295.96262,454.0988,-156.99948,492.86078,482.2468,-121.19036,285.82837,471.73907,-181.49274,472.9953,479.58405,-127.49413,300.7055,474.66782,-191.56201,465.18417,470.78842,-109.52081,308.58014,468.93268,-163.4509,442.55527,331.4792,-1.7318981,381.3164,321.08527,1.7698509,436.7051,340.62732,199.65535,382.63794,326.82825,201.31392,427.8513,329.34683,418.4621,393.05484,321.97342,416.05386,429.3336,320.7329,443.17444,398.93933,314.5849,441.23535,417.1891,363.3071,460.74344,382.96225,360.12125,459.81793
39-0.pngresized.png,239.08994,147.25862,-89.98245,242.26788,140.46005,-86.29146,242.68484,139.64058,-86.28991,243.12721,138.93027,-86.33203,239.73384,141.0752,-97.407166,238.36684,140.22505,-97.36138,237.03438,139.39621,-97.25729,235.52689,131.20454,-56.896915,227.60918,131.78958,-106.32517,232.0814,145.64539,-78.017204,229.43207,144.7988,-92.37224,200.01863,122.04354,-28.946175,187.05003,130.08308,-98.65142,139.71376,123.94234,-18.577503,123.69743,135.61148,-95.42709,77.3835,132.09645,10.932789,76.035416,142.66618,-68.76929,63.120018,134.67337,15.858423,63.91389,142.52911,-77.68701,56.84058,131.42265,9.186054,64.812996,143.16602,-77.21703,61.045628,129.62384,9.40171,68.908775,142.38243,-68.44872,108.45655,117.57663,27.753996,99.09349,120.791245,-27.451967,123.09158,151.41002,38.264668,115.6289,176.05934,-50.8107,56.559345,150.63705,67.692566,41.796314,160.48863,12.261918,52.31712,145.91385,70.936104,34.828243,153.99615,19.168476,30.277927,160.38028,83.55512,17.443674,172.56268,36.672714
4-0.pngresized.png,220.94484,167.7612,-292.04904,224.46324,156.58638,-287.74628,227.82863,156.26588,-287.8123,231.22205,155.7848,-287.84375,214.5804,156.50246,-286.10153,210.88257,156.10841,-286.11786,207.23518,155.8613,-285.9423,234.951,155.303,-228.23608,202.66246,155.20772,-223.08783,226.95026,174.64882,-268.5942,214.73729,174.68819,-267.34656,264.2353,192.94656,-182.87196,174.02602,189.19133,-158.48982,326.50162,226.3388,-213.44604,113.367935,225.72096,-198.86147,389.82263,250.08385,-246.04092,42.325886,253.9866,-242.00705,412.66208,253.98192,-245.0751,21.865046,261.44788,-230.4116,414.38116,249.01222,-271.0511,17.390085,254.89682,-259.05542,404.74796,249.44618,-259.84396,25.517082,254.60489,-253.74818,245.02188,270.07422,-0.9016495,192.96602,270.28,0.7512944,328.77286,265.61276,-73.80908,132.86183,291.40234,-92.78966,404.29282,272.20358,-125.070206,31.687572,296.84293,-138.55074,417.10425,286.0726,-130.92091,15.579359,312.80957,-142.59203,426.00748,241.12946,-154.16437,5.40383,264.26392,-176.26875
41-0.pngresized.png,475.2068,550.3869,-446.57675,486.97296,531.39624,-460.1443,494.11868,529.46985,-460.1045,501.33545,527.44006,-460.0845,466.2261,532.77185,-457.0996,458.78717,531.5949,-457.0544,451.47635,530.6083,-457.18326,514.6568,513.7862,-406.22858,440.9465,518.3386,-398.6599,486.91605,552.8065,-415.96066,464.77612,553.9365,-413.5093,548.2012,513.1443,-309.32022,409.97458,520.22797,-304.5463,617.23193,511.75742,-263.6671,355.87057,520.64746,-220.48691,665.72437,510.09424,-298.591,310.38742,535.6855,-182.95734,686.2974,499.48645,-306.57812,289.5797,530.3486,-193.75844,683.1836,498.83926,-322.59103,296.74036,533.10913,-213.66623,671.0016,506.1386,-309.12747,309.9031,536.52344,-195.567,515.92694,605.48,-1.6349533,452.13092,608.95746,1.9568365,516.72144,598.43463,185.27028,440.8084,608.52167,177.91454,493.27475,569.94196,425.53064,431.4041,572.16815,431.9747,487.2136,561.9733,451.7512,433.4057,561.84265,457.63193,491.1727,580.00745,459.5352,427.04697,580.5251,473.54764
42-0.pngresized.png,130.4801,103.484924,-354.42685,135.6906,92.531425,-350.2389,140.04398,91.85798,-350.05188,144.37955,91.10638,-350.06763,125.26141,93.11828,-338.42706,121.64041,93.04132,-338.2251,118.09917,93.12114,-338.0698,154.61702,90.16151,-304.9841,119.701546,93.21541,-255.04982,141.64409,109.81795,-336.7388,128.35416,111.32551,-322.68445,197.67853,115.18789,-284.9606,119.39084,121.11624,-164.50253,242.57375,184.20152,-314.71808,84.452446,152.44034,-108.72819,295.11212,252.35583,-346.24765,30.661306,171.15324,-57.354362,316.53476,263.40588,-368.83435,9.056372,168.8009,-54.936283,307.29312,273.24066,-378.1675,11.169137,171.9005,-67.36577,297.78165,270.42194,-350.47784,22.79648,173.49712,-61.81625,236.69286,153.35057,-30.723137,199.35558,161.60019,31.145287,284.65106,170.64159,-235.61794,162.05171,175.91292,-46.5144,290.57095,237.3969,-104.11026,156.17981,193.75577,31.570118,288.4239,242.73022,-88.441444,159.34807,197.91109,35.975685,290.02908,265.4449,-144.5406,140.85368,205.35686,-7.9392066
43-0.pngresized.png,198.57512,35.877,-32.032253,207.8178,33.842644,-46.27256,209.33266,34.828827,-46.311565,210.94234,35.814186,-46.46757,207.47437,33.216515,-25.233444,208.41484,33.62487,-25.25566,209.31314,34.122017,-25.271929,219.37177,47.964764,-84.65981,216.9988,45.363678,7.766313,198.60645,48.250504,-45.111206,197.57205,47.28945,-18.3137,206.50305,97.16362,-139.96199,191.96887,94.08628,66.86906,151.35129,89.706535,-203.13757,145.1909,81.54334,104.45113,95.390625,61.393307,-213.59703,101.12226,55.616817,96.682365,79.782486,56.219288,-229.15038,92.18897,48.8254,99.65805,82.04326,48.765427,-224.47029,92.373856,45.76239,88.220795,86.29791,52.45225,-209.97644,94.19357,49.186485,90.152626,158.29507,193.74515,-59.486717,150.90779,185.22333,59.584343,112.08683,125.37442,-66.36636,107.82595,130.98062,98.015274,46.788334,70.800316,-34.14419,54.143707,83.81963,132.88237,26.912182,67.04755,-35.301758,39.26656,79.32743,133.96088,61.56993,23.852112,-86.90509,66.74395,48.730072,111.56941
45-0.pngresized.png,302.30295,160.08168,-173.8566,314.1186,144.61122,-156.01514,321.05634,144.45526,-155.9274,328.10257,144.08885,-156.08568,295.78064,146.58165,-146.40843,289.20316,147.48892,-146.37213,282.7579,148.64726,-146.5502,342.66516,157.4936,-56.811977,281.56754,161.50137,-10.172988,319.14008,177.96074,-140.24884,294.09595,179.99017,-127.722496,392.28668,234.41753,-76.53559,247.59665,237.94737,18.976149,443.20337,201.50894,-306.26672,149.81395,219.37073,-30.056118,474.0646,154.60858,-548.2002,53.43154,173.52837,-55.798008,497.13428,149.2595,-600.5151,27.897213,163.3327,-57.84684,481.85342,147.31157,-602.21246,32.584526,154.74626,-81.4989,473.78732,150.2758,-558.14056,42.90363,159.55817,-69.75854,341.53537,428.4146,-31.070131,266.21222,426.7188,31.47428,432.23105,285.1855,-93.56804,156.52231,307.1073,-52.939877,484.19208,171.54799,-178.18034,58.673477,186.343,-74.65305,500.51385,172.14804,-188.44167,51.65236,183.07065,-80.52612,495.09097,91.33632,-187.51016,8.349919,113.01384,-92.29103
46-0.pngresized.png,240.04329,331.1696,-383.12143,248.77959,327.4125,-401.85297,252.86526,327.7589,-401.4941,256.94376,328.01703,-401.40378,238.88644,322.56845,-388.42093,235.56067,319.4826,-388.38992,232.49066,316.41403,-388.57468,272.04166,316.6932,-415.53244,238.40918,302.9032,-357.52936,255.34457,328.42743,-380.56207,245.38261,323.2706,-362.68732,321.931,306.03842,-361.7772,249.79297,264.86053,-279.10287,251.07701,366.71997,-451.9158,170.34235,309.0325,-306.31482,194.9813,399.11462,-542.3927,101.529686,356.4535,-432.52985,177.80379,404.0802,-590.2652,71.25415,357.79175,-483.99698,169.99303,397.7609,-577.23895,79.42759,360.15808,-506.84186,173.59888,397.44983,-541.2463,93.35537,365.42856,-447.0585,406.1889,270.68573,-29.309885,357.22897,265.66544,29.179352,520.677,315.5556,23.438238,282.80362,297.73886,35.034683,610.474,347.08228,145.54193,265.3047,338.71036,79.144844,618.0409,347.36914,160.28416,265.9996,349.95346,78.34283,626.93256,353.87057,142.13142,243.88693,329.2038,38.858585
47-0.pngresized.png,325.94745,351.7419,-445.36633,334.6964,339.44424,-445.26004,340.32645,339.43405,-445.10358,346.04297,339.49265,-444.88635,320.23248,338.43625,-445.774,314.57892,337.29138,-445.7369,308.94583,336.27158,-445.83417,352.30038,342.83575,-374.8102,301.34467,337.78656,-371.1977,334.63162,362.0005,-411.62585,315.83884,360.14285,-410.58194,359.18762,383.26038,-265.03366,293.5994,358.99777,-256.9118,393.09195,405.99622,-175.46133,274.72308,382.75452,-147.72493,425.68365,422.32,-150.57022,255.60199,397.13373,-81.00479,436.75912,423.8443,-154.50223,247.91939,400.1928,-73.52686,439.5267,426.98315,-169.82109,249.39293,399.3866,-95.4912,433.58905,426.49353,-159.47038,255.09468,399.1695,-89.58199,304.2357,417.86435,-6.656542,282.58914,394.4809,7.537604,284.59644,380.55087,-32.621258,278.51828,366.88394,16.3518,266.7299,379.07782,158.95807,259.77423,374.35522,203.63806,267.20908,376.64188,178.63191,257.88474,375.81335,221.87056,248.47371,380.1358,150.7208,248.22075,379.55145,196.15363
48-0.pngresized.png,415.15427,334.5937,-527.9663,418.74365,319.30173,-517.2723,423.55536,319.39325,-517.3684,428.38327,319.19315,-517.4897,402.9271,318.11383,-516.822,396.8075,317.2063,-516.84906,390.8551,316.54782,-516.5596,429.64517,321.75345,-422.6007,378.1405,319.01672,-429.2619,421.9104,348.55322,-492.79913,403.0055,346.9808,-494.83197,481.02176,385.82214,-369.19818,321.59225,382.83795,-308.34833,586.96564,439.97855,-385.72293,213.44913,443.44354,-386.36334,718.0692,483.20056,-447.618,97.89291,491.8692,-452.5944,758.68774,485.22577,-444.2321,61.264713,500.9255,-425.3605,766.5955,480.96597,-500.89908,52.497486,493.3051,-478.1977,747.632,481.5924,-474.68973,69.286194,492.2809,-475.2965,455.16968,473.50244,-7.474552,374.35742,486.43423,7.0860677,596.606,450.95398,36.254917,250.86653,513.36633,-40.771473,728.2455,419.5766,32.54785,98.78616,538.156,-75.51084,742.5841,433.1463,33.542965,86.145905,561.4186,-79.19124,786.3577,381.11356,-4.999665,22.404144,506.56396,-112.02831
49-0.pngresized.png,336.9869,343.44507,-311.00064,338.5025,342.40668,-326.77448,342.29153,340.24435,-326.9481,346.0775,338.3376,-326.9449,328.3588,344.80832,-330.804,325.41214,345.37555,-330.71838,322.31613,345.9401,-330.7201,353.3955,332.91895,-329.09412,322.28522,339.57736,-347.885,343.19098,337.8589,-303.0728,334.03052,341.73038,-308.76382,384.99518,310.08167,-308.01047,306.2174,306.52997,-302.57706,430.8858,342.16476,-320.13882,261.2058,332.82266,-309.32672,453.00467,389.22366,-370.68613,233.81355,389.80228,-314.53632,466.37308,403.04904,-392.09592,218.17546,401.15317,-326.73563,453.66983,403.62082,-408.00458,228.44942,406.21283,-339.70453,443.88956,399.68582,-374.81888,236.84547,403.22195,-317.53168,300.15207,303.71298,15.62186,265.50052,302.20294,-15.761116,316.2919,320.43372,230.52052,235.87616,318.28687,201.43791,319.6164,328.52576,455.71445,208.72032,323.19507,410.50916,318.36728,323.5399,478.05557,206.48181,322.35193,432.48697,333.53397,344.37332,476.4479,202.96191,332.19226,438.99832
5-0.pngresized.png,255.02802,193.48904,-259.53384,260.13675,179.89465,-260.24924,263.85062,179.33905,-260.27744,267.5559,178.64642,-260.3309,249.34404,180.76021,-255.98344,245.64471,180.51869,-256.07864,242.03827,180.37222,-255.98012,274.13193,176.11404,-206.26013,239.41966,177.99089,-186.8958,262.5656,198.86649,-234.2676,250.31642,199.55423,-229.16873,307.72055,213.95905,-137.39505,215.00027,216.21222,-122.24341,320.85492,279.48038,-103.21522,195.72972,266.2454,-40.547752,330.1592,326.0762,-133.67381,201.18784,316.63068,-28.076052,337.97702,335.27686,-146.41687,201.338,330.90018,-29.967047,337.87592,335.35965,-160.0071,207.09872,328.4054,-50.54282,331.20142,332.62982,-141.22714,209.96689,322.68216,-34.916832,290.04935,320.98996,4.94674,233.84933,323.34818,-5.171056,380.82697,337.50925,-58.996437,147.67035,343.0994,-50.65428,479.47635,349.79272,-107.14287,36.35707,348.91946,-95.831276,495.22684,360.3219,-111.19371,18.936783,361.2688,-98.419174,505.9025,325.60184,-148.19539,8.221253,317.82578,-141.99725
50-0.pngresized.png,84.14365,175.96124,-119.01496,76.64093,180.81558,-107.359665,74.78233,179.37338,-107.32567,72.96448,177.78284,-107.316635,81.779434,186.65924,-112.57657,83.52872,189.47711,-112.57629,85.33943,192.23615,-112.56735,73.895485,180.77896,-47.337368,90.73583,201.02872,-67.24564,86.8404,172.08008,-97.18553,92.99129,180.15707,-102.46924,100.99285,165.5337,-32.84636,129.86075,217.5504,-40.04966,35.690723,159.41994,-67.93394,186.90247,229.26273,-41.034935,10.037064,206.53561,-58.734398,227.9867,204.19205,-35.786263,1.2049942,218.07086,-79.59075,243.50835,197.97441,-32.499657,6.2142334,218.55089,-59.827477,237.95529,193.92203,-41.82072,10.549782,213.78922,-54.10866,230.07278,195.22818,-36.01461,215.44522,183.06557,5.3819346,202.25203,212.92763,-5.285142,299.8794,209.56757,-12.28956,160.2891,210.38751,-5.3730364,375.72754,232.13403,11.355946,133.91095,219.14856,55.970226,382.896,238.31868,11.55622,129.20448,227.42358,60.043247,405.51343,229.72528,-49.053463,128.42679,197.32343,20.697184
51-0.pngresized.png,130.45174,73.025085,4.5922823,128.90364,69.306366,-14.040035,127.15586,69.684105,-13.954419,125.55728,70.02675,-14.040383,133.46556,68.818245,-12.957163,135.02576,68.59616,-12.979461,136.56882,68.48983,-13.037205,123.40356,76.71083,-65.29111,139.47415,74.47916,-58.180824,128.21358,79.69103,-11.080963,132.71745,78.7212,-9.16476,104.99824,110.47002,-62.607582,160.90489,107.898994,-60.5827,58.903587,91.77458,-40.544537,206.02568,99.73496,-13.513495,23.37154,75.26543,-40.58268,239.81682,77.4096,39.600883,11.284944,73.70669,-55.93647,252.47528,74.93929,36.45357,19.32243,71.675514,-59.128414,248.27261,71.91342,38.530254,25.446814,71.743065,-45.03728,241.83197,71.78705,41.823612,114.939064,199.702,6.5755143,151.0235,198.28798,-6.9369206,66.02699,148.44453,50.560966,191.8655,144.14397,38.344364,26.266508,94.65116,79.52621,226.46518,90.62577,73.802505,22.656912,88.97526,82.39521,229.52013,84.14831,77.525,11.759888,67.8831,39.554447,240.39882,66.852936,26.642633
53-0.pngresized.png,278.02167,94.6801,-82.99647,292.01544,86.437836,-71.84853,297.2532,87.13157,-71.85859,302.54242,87.655815,-72.27692,280.31644,85.99534,-53.64306,277.0362,86.00474,-53.70138,273.7849,86.22982,-53.786594,317.64505,100.17497,-10.981823,280.48492,95.45592,69.47257,290.16916,110.82537,-64.30692,273.97894,109.397675,-42.56546,345.95145,172.25316,-54.05126,247.9236,164.00528,140.17697,373.10486,163.29248,-302.03845,169.19986,139.66875,164.79832,405.60617,127.01066,-554.92737,114.58931,115.72385,142.69502,426.2183,119.051605,-597.3797,100.732056,109.142136,136.53711,415.55493,121.38151,-594.634,102.75569,106.95299,127.334145,407.66916,125.23203,-560.607,108.24904,110.59516,136.43489,287.4441,326.36166,-52.83789,240.47156,323.27487,53.582268,279.76086,218.91603,-75.75005,162.70422,241.92526,73.33618,275.86118,165.84535,-261.16928,60.89225,161.37372,-127.85062,277.92432,179.4495,-279.6839,49.797173,170.9056,-153.36307,272.54288,102.349655,-288.6283,7.474417,82.44861,-171.2302
56-0.pngresized.png,267.76465,158.02263,-78.45038,263.36987,151.99998,-118.1756,259.43127,153.57314,-118.041565,255.78568,155.10411,-118.1694,274.50092,148.80075,-119.984604,277.9978,147.54282,-120.05201,281.35724,146.46086,-120.32879,252.36642,170.60641,-219.21786,287.61435,158.1599,-224.65385,263.6443,173.00468,-109.96907,273.55588,168.59235,-111.769905,219.88948,246.36066,-195.48398,337.19385,219.2112,-204.94879,121.12767,221.24536,-173.77061,423.73947,193.48041,-114.701935,24.806337,161.22322,-167.61237,492.18607,143.78426,-32.918583,-8.966467,150.39273,-187.69153,515.92,133.46594,-54.89352,13.102821,142.0576,-197.92245,507.44434,126.78572,-49.447544,28.48341,143.40968,-176.09071,493.39307,128.8635,-30.06751,224.85289,404.0751,11.6483555,302.08197,396.75427,-12.577227,129.53052,299.57352,103.46541,408.6646,291.9364,66.74868,36.95964,189.7567,169.25876,511.87042,165.46255,131.79861,27.161465,174.38547,174.49915,526.46814,148.34723,137.85745,0.46203843,146.8592,59.644028,544.08295,114.07359,-4.210802
58-0.pngresized.png,161.57297,165.89452,-71.92077,164.79019,163.91087,-72.843445,166.17113,164.34488,-72.84965,167.56926,164.7716,-72.82802,161.17361,162.36931,-73.56881,159.84361,161.5675,-73.58009,158.519,160.79353,-73.60898,169.41188,164.88011,-61.50036,156.43228,159.18552,-65.315445,162.51434,168.66542,-66.0356,158.32233,166.66263,-67.05846,172.12659,171.40623,-47.030186,146.50403,164.93442,-52.752525,176.18466,186.90521,-35.136333,138.48038,181.7922,-41.45855,179.8153,188.54123,-48.43445,141.8035,193.48843,-53.41699,181.1335,189.14095,-52.84719,141.6245,197.51097,-59.997066,181.27896,187.08598,-57.05857,144.67746,195.72508,-63.850803,179.51735,186.66356,-50.44264,145.80472,194.15494,-55.440067,159.59143,190.34286,2.2766895,147.6405,188.25531,-2.1592507,168.25563,184.72832,31.169088,148.90753,181.74622,29.2508,160.42007,189.28792,63.209023,151.64174,188.04335,72.03703,158.75058,189.27284,66.77871,153.12518,188.49751,76.45728,157.60065,193.42754,67.580345,151.2215,193.43956,81.08385
59-0.pngresized.png,159.41138,72.14198,-57.953754,162.72493,65.96703,-42.420063,165.86261,65.75743,-42.47307,169.04721,65.41525,-42.531887,153.2385,67.660255,-42.980392,149.50104,68.45603,-42.948772,145.84972,69.343216,-43.055916,172.99718,72.219734,16.739502,141.39017,76.655846,17.039589,166.7664,81.24171,-38.87135,153.97311,83.08006,-39.083126,199.9907,109.678276,-2.7605104,120.946175,114.583824,16.854761,242.6993,86.10798,-90.35242,69.1904,103.31586,-18.64771,257.89154,77.2324,-193.71568,21.061522,89.48231,-44.807804,267.2949,78.36804,-221.13683,7.4900866,87.49915,-46.678272,258.8358,78.09522,-225.30122,12.942254,84.05623,-58.54858,255.84816,79.56869,-199.96866,19.624472,86.31129,-51.530685,175.97858,202.1158,-8.959147,134.34633,201.57552,9.282582,217.97437,144.44093,-16.903164,66.24721,144.42023,-11.430204,222.20143,97.97146,-48.255978,46.183044,102.38249,-62.180077,228.33418,98.56937,-51.13246,45.331276,100.64042,-68.28187,217.3549,60.201443,-43.041447,35.713688,69.80797,-72.76888
61-1.pngresized.png,183.89078,217.97017,-371.81393,189.84552,206.48503,-372.67963,194.04256,206.47386,-372.677,198.28317,206.43646,-372.64218,177.91568,204.86319,-371.6957,173.45532,203.55962,-371.6748,169.02708,202.36403,-371.6643,204.1741,204.00876,-323.16217,162.42844,197.85951,-320.28113,190.76628,223.12245,-349.19708,176.5461,221.26584,-348.22034,228.73488,222.70575,-257.9029,142.65134,208.99612,-255.01952,239.4102,282.82263,-276.69684,128.54367,260.30975,-281.46716,224.39452,331.35925,-364.785,127.09148,304.00116,-384.3979,224.93126,344.28854,-393.45905,120.88092,313.4317,-418.85883,216.56458,339.00488,-400.1231,130.85126,311.42212,-424.94632,212.8849,332.9694,-370.00735,137.05853,306.82465,-391.6936,203.74164,232.08862,1.9321434,161.26982,227.09889,-1.9304242,235.22903,259.7235,34.004597,125.02436,261.20776,-31.185131,244.2289,257.33517,178.28305,146.9822,242.13823,142.0416,243.534,254.42445,194.685,154.55992,233.50957,162.09161,251.32722,272.50314,197.76259,146.6831,259.7786,185.86992
67-0.pngresized.png,289.17114,243.0133,-397.6257,299.73132,222.5829,-396.15015,306.93665,222.50139,-396.12964,314.18256,222.43687,-396.10855,280.6865,221.63535,-400.33716,273.2828,220.61775,-400.4323,265.88977,219.65678,-400.67236,323.03043,225.77458,-323.21753,256.6877,221.80444,-333.34033,302.3258,255.6833,-365.32535,276.48718,254.25697,-367.62408,356.91315,288.38132,-253.39777,226.19939,279.57846,-234.94576,329.13293,415.04794,-350.75732,235.81053,409.81625,-362.8586,311.9041,302.36203,-468.34607,262.9022,299.73846,-529.50073,297.12445,273.867,-477.503,274.2286,268.42426,-547.12524,322.30206,260.24115,-458.74734,261.5641,252.59938,-510.8732,321.41815,267.35233,-458.59332,265.6764,262.31314,-518.7048,313.46744,394.1654,6.263933,251.44511,391.08908,-6.0932474,324.98395,447.80402,64.842026,248.21234,452.24423,50.062252,328.90704,518.76086,250.20699,251.56618,525.46234,236.22781,328.33575,528.04645,264.93387,251.37706,532.2771,249.39418,328.2177,559.87366,206.06805,253.65948,569.0546,187.42033
7-0.pngresized.png,285.86774,226.30542,-359.14297,293.3154,210.60567,-360.03442,297.91476,210.61046,-360.11978,302.54532,210.44168,-360.1402,279.57697,209.01443,-359.78656,274.5974,207.59615,-359.86554,269.71487,206.29485,-359.72235,308.60394,206.51929,-285.96957,262.71463,200.21803,-282.49295,292.639,232.69785,-325.01355,276.9667,230.76863,-324.59644,341.85574,244.46667,-210.33366,228.4288,234.29982,-189.4816,342.50854,318.66248,-196.74684,227.64226,306.89413,-148.5259,340.09348,381.9448,-266.1514,224.25029,373.45697,-206.8929,348.4052,399.13727,-298.26718,218.82613,392.0053,-228.25685,339.77264,400.55484,-315.88654,225.82565,391.00327,-254.77806,332.15875,393.06342,-275.71432,232.10619,382.22107,-217.71877,313.74557,329.2299,-2.4464307,249.87599,328.6411,2.2824497,410.4252,343.04803,-36.972,154.6699,343.24332,-46.68578,508.3977,363.79346,-72.16757,40.76969,350.587,-71.541016,520.18964,374.9056,-74.2732,26.615898,361.2004,-72.708305,536.8045,351.5449,-105.58879,6.688039,331.36734,-112.236374
74-0.pngresized.png,369.9338,200.09262,-388.20667,376.70477,182.7354,-369.77353,383.0092,181.70497,-369.90408,389.4449,180.54082,-369.97208,359.4631,185.28433,-361.62097,353.35672,185.98332,-361.47696,347.3596,186.77971,-361.29047,399.5363,187.20384,-263.61972,343.58408,194.66779,-224.47247,384.48984,216.00323,-351.1459,361.66626,219.29428,-339.69562,448.7158,282.38278,-204.59079,313.44998,291.59213,-141.50648,479.89664,392.83774,-176.13849,285.2199,404.27237,-134.7403,537.2102,452.75098,-296.00363,213.7444,449.49652,-276.53998,560.70135,465.41486,-305.1208,188.96812,464.1139,-283.07135,568.1067,462.21805,-341.04913,178.41537,449.45477,-307.53827,554.7345,457.8931,-314.98703,191.09071,443.96243,-291.91617,422.7045,470.81146,-27.78191,339.9691,476.41483,28.786865,487.0061,548.9772,-272.51935,235.08221,539.26227,-203.92596,545.4959,550.09143,9.572116,321.20038,553.8156,15.281053,551.7661,546.44183,41.74591,337.50397,548.2369,38.539417,570.3746,558.03577,10.188913,339.4271,570.8554,13.239124
77-0.pngresized.png,52.935577,94.197296,-15.75035,50.990143,91.205124,-19.639816,51.82109,91.002945,-19.68136,52.65001,90.711365,-19.851202,49.349762,90.15743,-10.989069,48.822372,89.15483,-11.018619,48.396942,88.102554,-10.912633,57.636246,88.88704,-40.06549,52.35533,85.198906,1.9362868,59.895584,95.48441,-22.910206,57.44648,94.91781,-11.1488695,93.18725,89.19912,-69.640465,97.870544,91.740524,34.0445,130.66089,63.69282,-76.213295,139.53271,65.7216,39.84498,174.73479,71.37122,-47.600563,166.06477,61.09935,24.561394,185.50783,73.55205,-57.758198,173.6641,59.52811,27.021044,183.68018,75.32544,-52.325138,169.25359,62.451992,19.969267,179.57423,73.8721,-44.166267,164.3731,63.74342,19.070272,184.9469,113.99433,-35.08926,184.1335,115.00869,35.42178,125.221085,138.1135,-9.075325,134.23088,141.7276,101.91101,81.85363,180.91742,-2.410747,86.844894,178.7947,138.79852,78.64265,194.11772,-5.1947293,80.62787,187.29794,142.35884,43.815536,170.12033,-32.44208,59.120384,178.20837,145.39644
80-0.pngresized.png,244.32593,284.63214,-53.756416,238.95992,290.20984,-78.47538,241.42873,291.7714,-78.36417,243.91354,293.05472,-78.494225,232.6542,284.48123,-68.60965,230.20609,282.01294,-68.674904,227.92545,279.43677,-68.93976,255.58089,284.39005,-164.19064,233.65347,266.8655,-121.50788,261.34558,279.24567,-83.145096,253.63568,274.27652,-71.43989,320.1796,262.1957,-221.57225,271.00418,198.98973,-112.34665,237.98775,329.52374,-256.3066,173.51935,252.94621,-111.41759,148.62904,382.96896,-309.80463,77.46753,316.3593,-166.28079,136.37596,405.6845,-366.0234,50.273712,321.80722,-197.17291,124.048805,394.5953,-366.15488,50.213993,330.07837,-235.47227,127.97336,385.15512,-318.32562,64.28485,332.92953,-187.36981,503.5497,200.81508,-46.586586,469.6147,176.87039,47.155075,542.3618,343.03918,42.312557,486.79623,306.26624,93.33902,591.5387,463.93393,175.93425,507.71396,417.31464,267.244,608.8002,478.82092,183.27449,518.72504,432.7615,277.00726,568.6587,501.47516,83.87768,493.34338,460.3749,182.13138
81-0.pngresized.png,165.349,122.73336,-262.43814,169.71375,116.843666,-255.7207,172.1681,117.38199,-255.78261,174.61078,117.80431,-255.85188,162.57292,115.56555,-252.25452,160.15288,114.82459,-252.18913,157.80688,114.18243,-252.03,178.1831,119.77614,-205.365,155.19666,115.20854,-192.36926,169.56033,130.3576,-243.91458,161.33395,128.33553,-240.44046,206.6827,151.69212,-175.02509,135.07373,151.10269,-145.93744,249.23929,180.29726,-199.63544,85.88921,176.38077,-168.99988,307.42474,209.97324,-243.41953,39.104225,188.80215,-209.06691,325.41287,213.5326,-247.65477,25.802755,189.39438,-209.4259,327.8164,212.64752,-272.65134,23.261766,187.07446,-231.02225,319.01367,213.39522,-255.02371,29.174438,188.45792,-219.41444,215.90282,222.46622,-3.4363496,178.60564,226.13226,3.6309013,268.5807,229.66177,-58.64303,130.09778,229.42374,-36.9205,324.6647,233.39583,-86.25601,74.26391,239.97108,-52.76146,335.99777,242.58939,-88.84921,70.47575,251.60513,-56.244835,342.0967,214.91353,-119.42833,44.542458,221.42064,-84.33415
82-0.pngresized.png,250.83322,302.3908,-261.9667,252.72658,298.5104,-275.6257,254.6307,297.76443,-275.467,256.49588,297.16568,-275.58844,245.86224,298.2519,-274.6074,243.6108,297.65814,-274.52054,241.39748,296.94238,-274.50327,258.37042,287.3396,-270.2194,235.36111,287.19757,-268.08905,252.80832,296.692,-252.384,246.72348,296.75275,-252.81494,300.35297,267.1026,-221.78903,188.93184,273.13797,-220.8917,376.9855,257.11383,-219.90201,106.39751,261.7709,-245.0226,441.7021,259.05276,-208.71727,55.946125,250.3612,-252.5622,458.2326,255.13242,-233.71313,41.624622,247.62215,-273.43976,456.2412,260.1582,-234.34532,43.37736,251.29027,-272.06357,447.15692,261.16306,-206.65497,51.332405,252.10852,-252.73544,280.1685,224.92778,8.64403,224.57506,226.63408,-9.242678,283.21832,259.86185,21.244469,168.54448,243.82457,13.418213,261.2951,284.92078,118.86955,105.25504,259.62155,74.392654,258.09183,280.9281,127.0761,97.512825,257.87244,79.26215,247.7294,325.3021,106.386375,77.81338,287.44452,47.533104
86-0.pngresized.png,347.5845,200.74927,-352.09738,353.31863,180.9995,-346.6294,359.40787,179.84665,-346.71973,365.47095,178.6737,-346.74597,336.70325,182.41832,-349.00754,330.17905,182.21672,-349.0578,323.65936,182.06256,-349.17456,372.32266,175.45053,-250.74779,314.41278,180.20279,-264.36722,358.65616,208.47174,-311.12842,337.63898,209.9461,-314.52335,407.71326,218.50185,-175.26735,284.24323,223.20107,-165.44275,422.55716,332.7308,-275.2139,279.15417,328.53275,-275.8516,370.9126,269.72867,-417.6339,331.54642,272.62173,-430.60718,347.4115,256.42532,-435.7243,352.96573,260.40756,-453.84064,360.57993,232.98868,-414.01532,343.09848,239.4368,-422.78677,362.61014,239.19179,-406.73993,341.72275,245.02837,-417.72745,391.81516,348.90396,-2.2061474,320.81427,354.27377,2.5247664,407.37463,440.37018,-123.08041,323.07248,440.63113,-136.4275,410.3837,531.2827,14.237691,356.0547,535.97925,4.7314773,411.67203,544.02374,24.285015,359.61435,549.1812,12.493965,399.13718,567.5145,-58.371567,367.13513,567.5711,-82.358925
89-0.pngresized.png,266.71893,273.47498,-283.0613,273.7374,259.7643,-286.1119,278.26108,259.3552,-286.0699,282.84482,258.95386,-285.8751,260.91922,258.48367,-288.5896,256.04053,257.2713,-288.646,251.15268,256.1489,-288.83948,288.05524,254.1208,-242.32222,243.03473,249.4462,-255.24,273.21005,277.44803,-260.8314,257.5089,275.68918,-264.78186,300.872,265.6544,-167.27756,222.04771,257.34958,-182.49779,319.78534,277.14572,-97.33198,190.74208,266.03415,-154.93576,326.32565,302.1799,-91.00428,155.57732,289.72513,-143.85843,333.08386,306.09116,-90.37172,141.0891,290.7158,-146.31322,328.74802,310.1306,-101.89695,144.14192,296.51804,-160.70622,322.6889,309.4041,-96.53213,153.04393,298.48795,-149.84204,264.68143,291.8131,6.1214046,231.17987,285.86133,-5.603105,265.7442,299.42868,121.05249,222.50851,290.86084,102.33467,250.72592,295.43326,247.96642,234.49048,291.4372,236.0676,247.72763,289.22937,263.83905,238.72592,285.78186,251.91937,244.7582,303.13828,258.1722,240.27309,305.40692,247.28156
9-0.pngresized.png,236.98672,118.83713,76.97672,234.25217,108.7902,33.896347,229.21017,109.78204,34.02644,224.5069,110.83167,33.86795,247.44911,106.77289,37.2957,252.87726,105.77809,37.356506,258.3284,104.994965,37.210155,223.76262,125.09378,-108.98643,271.32822,116.462654,-90.00152,233.30194,134.30385,29.990717,248.31445,131.0577,35.616848,188.22047,215.83691,-122.52488,330.38864,203.59009,-133.73015,101.88484,185.91339,-87.62161,422.4073,204.47505,-62.097874,39.452087,136.2913,-45.79563,475.60364,161.9652,19.541042,16.348663,128.00407,-87.48574,502.96692,154.87614,-14.363263,34.26175,123.19034,-90.36598,490.5896,149.95767,-15.930436,48.211555,123.55599,-53.85962,475.22665,150.08899,18.17687,215.02116,419.49365,11.076867,304.2541,418.00726,-11.48102,107.41594,270.07254,85.4661,413.1411,277.81476,149.43076,13.82821,157.42204,216.70117,515.63135,131.74057,317.86053,7.805393,143.6599,231.1636,528.29376,110.48392,330.51447,-22.287453,104.91052,110.08706,558.9366,70.33946,176.076
