0-0.pngresized.png,174.5414,134.33879,-140.98505,166.62552,119.84765,-124.84565,166.68872,119.74519,-124.87579,166.96918,119.59708,-125.09906,161.71326,120.79577,-156.94095,157.61833,120.81622,-157.1235,153.57138,120.86336,-157.36545,147.41371,126.30614,-64.14096,130.13344,127.923515,-198.37816,166.38474,150.07564,-116.960785,159.367,150.4204,-156.94492,121.48984,203.91467,-6.856248,87.96823,227.61377,-257.74194,111.44493,320.9396,23.784187,66.45743,364.54736,-266.76096,125.938896,416.74493,5.4787784,77.75605,482.14612,-224.97816,129.62302,437.5195,14.975319,73.88551,514.88806,-252.00334,136.8826,441.73825,-9.660214,86.34161,510.11475,-256.93582,130.20671,436.79547,-6.11026,87.51563,496.68234,-227.35979,102.32299,397.3512,79.59756,76.125305,431.33896,-78.91845,229.50414,407.0786,191.18277,266.92026,483.7614,-108.64888,179.24208,456.60315,220.0137,198.66391,466.55872,181.09212,162.25446,461.37228,225.2532,175.32828,455.16644,215.47299,207.46709,466.2993,285.87494,221.2697,468.29626,313.55475
1-0.pngresized.png,79.05911,50.54883,-61.245785,74.03163,42.238235,-53.001305,73.65018,42.066177,-53.050655,73.3483,41.875336,-53.20201,72.07879,42.80104,-71.46564,70.040436,42.81424,-71.56324,68.015854,42.854507,-71.6001,62.262394,44.320328,-15.107467,55.374256,45.710526,-96.29936,74.28003,58.268555,-46.2022,71.705696,58.720657,-70.14253,52.22881,84.22494,18.044865,37.918015,96.1589,-127.90589,47.49457,152.08444,10.058371,29.712372,169.38461,-148.64507,52.746418,209.18752,-31.652697,39.049793,232.74214,-127.49687,54.732254,222.30208,-33.873047,38.700153,248.84097,-152.4111,56.019497,223.28084,-47.956757,45.389214,247.23723,-147.16272,53.721687,220.33871,-39.131798,45.27641,241.35303,-126.934845,57.885746,193.26842,50.73377,46.49754,210.95776,-50.31572,115.313354,194.85533,117.44264,144.13895,232.31711,-58.880276,56.75421,217.57195,152.50198,72.10072,229.37442,56.48828,47.324265,216.72858,151.49945,60.05873,219.09225,68.03131,51.226063,218.14104,185.29953,59.250145,230.26584,119.71088
1-1.pngresized.png,150.32767,47.68303,-84.966965,146.0309,40.426254,-78.48162,146.07054,40.579773,-78.525505,146.20279,40.720657,-78.648254,143.76727,40.42534,-92.71706,141.7424,40.45346,-92.809105,139.71373,40.51233,-92.86932,136.76918,45.20369,-46.317772,128.1534,45.245453,-108.55972,146.60175,56.90921,-71.83479,142.97395,56.62565,-90.08827,125.000374,86.29532,-23.592865,112.52365,96.09044,-126.9496,122.700356,149.33585,-14.527967,109.02678,168.29012,-142.9705,125.58871,206.04523,-30.62562,118.25188,228.46254,-131.63225,125.24863,218.5125,-36.91794,116.99941,243.90721,-150.7568,125.86969,219.30228,-47.390995,123.20736,241.69687,-151.36035,124.47269,216.69342,-36.244637,123.26619,236.18198,-133.39546,120.62363,193.05241,38.68082,113.00199,201.54001,-38.32611,133.64043,232.19852,83.494255,156.26363,247.64056,-26.680927,110.281334,276.77127,137.82579,111.7443,277.69928,43.921017,104.23304,283.76376,141.6068,99.73842,279.34055,50.627537,117.87323,285.81644,132.56715,113.74158,290.01288,47.514977
1. image00110.pngresized.png,260.63165,273.57013,-81.48137,248.64526,248.51393,-58.6164,247.50195,247.28761,-58.624832,246.6061,245.81097,-58.799957,243.11961,250.63705,-103.77101,237.45863,250.30942,-103.96286,231.88248,249.99654,-103.85596,219.81522,249.60852,27.843733,200.09256,255.8312,-163.36884,249.18938,292.93384,-45.993427,241.1954,295.34283,-103.19524,205.32872,363.47083,111.7677,152.04082,379.17032,-259.40765,163.22432,527.3507,132.8431,129.9372,562.1779,-321.7723,179.18938,673.16656,30.434305,168.1846,701.6309,-231.61053,186.53493,710.96857,22.024086,168.34204,737.69714,-278.22476,190.0558,711.20166,-12.718954,188.1454,736.5143,-257.69315,185.44392,697.48895,10.048817,186.36282,721.7326,-225.42111,235.17291,635.9711,120.940346,197.18918,669.33966,-120.14915,425.90936,640.4678,101.06786,448.4636,658.5227,-106.55655,635.61523,658.6707,152.58598,683.65155,664.43536,-52.544147,672.87427,677.9611,149.3119,719.7522,683.35516,-54.386833,682.659,584.02216,75.77205,742.4824,582.1782,-150.59132
11. hqdefault.jpgresized.png,63.079834,65.01623,-29.018335,58.74812,58.74598,-22.417576,58.14585,58.66185,-22.430038,57.627556,58.487434,-22.48945,57.71594,59.02914,-37.15072,56.18624,58.932297,-37.206795,54.693306,58.84164,-37.174973,49.43852,61.550484,5.0276504,45.470634,62.23082,-58.259075,59.48583,72.08565,-17.862741,57.71532,72.34052,-36.669006,47.875645,98.6804,34.994255,31.015022,100.80991,-89.21439,31.790926,145.73099,45.69936,20.878542,152.76108,-106.125755,33.392418,192.33624,22.523897,20.607403,200.99548,-81.57803,34.868675,204.89867,22.081299,16.54477,213.54733,-97.82792,34.48722,206.02779,9.670185,23.20293,214.59859,-93.41695,33.744766,201.6141,15.904899,24.015701,209.8579,-80.543785,58.067326,183.8199,40.441406,45.148354,194.19907,-40.184334,122.498535,186.41699,28.624645,121.264,196.3313,-39.32835,188.50029,196.90536,45.228573,190.1937,203.76424,-16.072218,198.37857,204.10036,44.37506,199.71454,211.06726,-16.215385,207.74738,174.07599,22.202076,210.45679,177.75694,-46.693783
12. dandasana_yoga_posture.jpgresized.png,556.93176,152.32129,-114.78738,574.00464,138.75961,-136.46432,577.8677,138.40079,-136.63849,581.9412,138.04901,-136.92087,571.4445,139.52414,-89.40141,573.20966,139.92458,-89.65364,574.9674,140.43729,-89.494576,611.053,150.03497,-205.2933,600.2316,152.48453,7.7222505,570.0618,174.51424,-139.61252,567.1557,175.37123,-79.03499,659.42224,278.32147,-318.81354,601.82666,279.43268,135.52954,692.48047,452.1399,-352.633,625.0346,446.34534,135.32515,676.90045,607.0312,-392.05435,606.48346,549.7323,75.447174,684.61176,640.8693,-462.1345,603.3461,572.5715,74.720024,659.8095,641.0886,-464.2446,599.09955,569.9561,41.292686,655.3112,629.61945,-396.23755,604.0096,561.0153,56.669304,618.87103,562.44147,-146.64078,581.50134,527.25653,148.00882,364.11783,540.7271,-148.527,395.66647,504.3938,354.95166,344.2596,580.6603,187.89221,368.8105,576.55237,221.76125,358.4701,594.41174,230.26614,374.8943,595.6548,208.74434,293.9487,546.13904,298.37048,329.57443,561.8871,213.5243
13. dsc_6600.jpgresized.png,370.37686,332.91336,-55.368782,357.02878,309.9712,-34.014896,353.73755,308.57382,-34.065575,350.78088,306.9111,-34.25238,356.7244,312.73416,-84.6364,352.68195,312.53067,-84.846794,348.73492,312.27847,-84.65657,319.49332,310.63455,39.92129,316.88516,318.01645,-178.0801,353.54733,351.05225,-25.448446,351.72885,353.50378,-90.04928,294.01025,419.75644,130.6087,259.88043,438.85825,-289.20374,275.67645,588.3538,162.51688,233.92924,630.6712,-352.52878,304.47882,728.1608,92.04716,285.23767,775.532,-330.6775,315.36514,761.34406,97.18412,289.7732,814.43494,-390.8764,318.2467,763.1842,57.820004,313.775,812.5872,-365.70258,313.34885,750.0907,72.43322,309.61404,797.86865,-321.71112,334.51205,683.5457,129.82982,306.21326,716.754,-129.29987,547.0078,702.29504,100.455246,562.36633,716.4446,-127.23908,787.3855,722.0257,106.97394,808.3717,742.7048,-118.86143,823.0645,744.23987,100.12841,843.7069,769.8184,-124.58314,862.7305,650.7039,35.74818,873.47375,664.1787,-216.47624
14-0.pngresized.png,291.73822,80.034485,-69.273926,305.22397,70.89115,-74.63686,309.6368,71.23993,-74.71684,314.14914,71.55225,-74.81495,297.7413,69.94486,-49.562836,296.26715,69.569954,-49.766598,294.78796,69.26281,-49.814922,333.5525,78.425545,-75.14948,308.1001,74.58799,38.358917,303.97974,93.63097,-68.1054,293.95547,92.05484,-35.60698,360.05502,151.23767,-113.23125,306.54736,142.06715,101.16326,373.49744,244.0246,-132.91907,324.49396,231.92094,95.93568,362.61783,318.6332,-141.83649,317.30106,288.69174,40.033916,364.8358,338.46753,-174.87857,314.58688,303.2346,36.024586,351.53183,337.8745,-173.07693,313.8871,299.97125,17.541426,349.5429,332.43277,-141.04243,316.83698,296.35086,30.35868,317.12854,304.57565,-61.943268,289.82285,283.95746,62.531384,196.83018,300.8194,-105.19306,182.7128,287.76324,-43.192432,73.94442,319.4221,-139.32404,70.9125,304.52866,-165.6933,53.7595,336.4055,-142.03331,51.14476,322.64825,-178.41367,39.7877,279.22098,-189.55714,40.108,264.5577,-212.49252
14. staff.jpgresized.png,329.10144,263.80154,-160.26646,323.47623,252.07161,-137.42154,324.4749,251.80013,-137.3883,325.67197,251.34184,-137.48157,315.67703,253.02316,-164.8492,311.08847,253.0092,-164.96779,306.49872,253.03583,-164.96399,311.65414,255.74704,-30.645678,286.05978,258.3831,-148.99031,326.2982,276.06564,-120.319115,316.0235,277.18948,-155.7458,318.53192,323.9345,66.952896,250.39995,336.27487,-187.45876,311.3542,416.1119,77.7457,231.0924,444.40128,-221.4647,323.74924,495.9024,-19.334906,255.5029,530.6972,-232.17705,330.2233,517.16846,-32.17582,251.0322,552.78925,-274.4647,329.74084,515.64935,-61.556835,273.96902,553.4541,-267.79843,325.27618,508.7625,-37.073746,275.61734,545.813,-229.94127,331.43948,491.52374,82.65205,288.56717,515.237,-82.25488,457.73346,495.0816,-82.58727,441.90546,514.4434,-161.50554,608.5781,510.9139,-206.88222,592.48785,523.10565,-253.96744,634.3739,532.4381,-224.29099,615.609,538.85974,-268.87485,654.84064,448.96317,-266.57547,630.9225,470.18243,-343.40634
16-0.pngresized.png,94.29419,79.782646,-47.38805,87.17097,71.50677,-36.865124,85.56263,71.61007,-36.863235,84.08077,71.58716,-36.916626,87.210045,71.46824,-64.308235,85.295334,71.19145,-64.391945,83.44179,70.92209,-64.31033,69.77947,76.15808,9.557467,69.54974,75.433136,-111.2974,87.20982,90.35151,-28.1818,86.723015,90.024086,-64.04232,62.50697,129.49443,68.25412,50.734077,133.90173,-171.6208,43.273235,204.49495,88.07081,52.614124,214.43456,-200.79292,57.459026,270.385,43.814827,62.271233,290.9898,-169.72528,62.43794,287.7429,42.747066,58.17218,311.40286,-201.47205,63.673035,287.90195,20.48014,69.85574,311.84976,-194.05074,61.984318,281.95993,31.860859,69.25396,304.5874,-167.60023,91.8621,261.30603,73.26515,78.344345,278.7055,-72.77723,194.28278,265.6659,68.93767,195.20123,280.4249,-70.31165,295.55756,278.867,92.63642,293.12656,289.02814,-38.870853,312.21625,291.51224,90.91473,307.5178,299.8742,-39.877518,328.21747,240.1291,59.04721,322.0115,252.86342,-88.88124
16. 2621-how-to-do-the-dandasana-and-what-are-its-benefits-ss.jpgresized.png,260.91266,341.4678,-23.197338,252.47694,323.4744,-11.746944,249.33728,322.77304,-11.547461,246.59285,321.94177,-11.791362,253.01068,324.99966,-49.71632,249.76074,324.41187,-49.701866,246.59605,324.10764,-49.959812,223.90126,324.67633,51.311615,222.54091,327.58328,-115.07561,248.56744,355.07343,5.715609,247.67139,355.64468,-43.330692,184.11333,391.0791,133.4929,179.39705,384.13852,-183.41302,222.50803,254.07413,203.33635,209.66513,258.6465,-293.7375,221.27487,144.98123,60.217525,188.50551,114.95595,-242.23141,206.44373,120.64867,52.608356,177.82387,70.598434,-279.59973,204.61076,113.50355,22.990988,171.79884,73.86924,-249.6499,213.53113,120.367,43.00829,176.91122,90.502396,-229.79337,188.9371,679.2796,122.2671,177.68387,692.1778,-122.05385,393.67148,678.8557,145.72832,401.3523,666.6814,-68.17265,583.08124,704.9286,248.92911,624.958,694.3871,-7.011098,618.683,720.33093,254.81668,663.3863,715.01355,-5.274442,613.21674,624.22217,203.4541,655.9676,606.37726,-72.543434
17-0.pngresized.png,541.6568,139.16219,-182.62987,560.0304,125.817276,-195.30663,565.4892,126.06266,-195.50706,571.13257,126.32414,-195.82516,552.4809,125.3083,-153.83746,552.10754,125.391335,-154.03914,551.70483,125.59724,-153.8472,597.8431,141.58076,-226.25703,572.5619,140.02489,-39.50436,556.32007,164.39662,-193.0367,546.336,163.757,-140.22154,635.0657,272.68335,-321.49997,577.95685,271.64633,88.444565,666.739,446.59827,-349.97125,600.54913,444.1769,92.626854,653.7314,605.86316,-380.61588,579.8831,559.22534,49.169502,661.05096,644.23895,-444.48212,575.32855,588.56067,51.257915,637.2839,643.31024,-447.25024,572.66144,586.2873,20.914,633.11664,631.00885,-384.29114,578.49207,575.39215,33.258015,604.0625,554.59174,-135.47574,567.40356,521.1241,136.82735,372.1364,516.6706,-131.09071,401.4827,484.24512,342.79153,382.22348,569.9159,209.9871,407.0663,569.0163,222.70671,401.10184,582.2659,251.63434,417.11597,586.60846,211.47076,344.2451,550.6962,337.3308,382.19943,565.1305,224.70131
2-0.pngresized.png,313.60583,70.147675,-179.32266,328.2237,56.19267,-171.60645,334.8531,56.64956,-171.72661,341.4789,57.06471,-171.89656,312.57062,54.791336,-156.32822,307.13815,54.057495,-156.25195,301.68735,53.466175,-156.13422,354.88443,65.379425,-84.1791,303.0865,59.60859,-15.1554985,326.7735,86.95491,-145.55302,305.02917,84.43257,-125.88945,385.87946,143.71927,-80.73171,278.64914,139.85478,114.161354,414.8344,233.7971,-86.28317,273.07117,227.05678,120.45524,407.15656,328.7089,-118.84836,251.53725,296.7756,-23.893286,416.5164,349.31848,-134.58401,240.0983,316.5886,-58.967247,401.91852,346.0966,-154.26135,244.94539,312.18573,-77.937836,399.84332,342.9312,-125.92547,252.35204,307.63184,-35.868206,350.11972,319.18198,-60.63557,288.13672,297.1931,61.010574,286.781,347.84888,-369.10608,226.1683,321.4165,-298.3362,157.68965,428.431,-698.3833,126.68541,396.78473,-662.8151,146.5889,462.97357,-729.0203,114.22975,437.23056,-703.3164,98.82714,380.31433,-805.5695,87.45385,350.39804,-773.36383
2. spine-isstraight.jpgresized.png,216.23676,192.62663,-65.426414,208.60268,182.72919,-55.328033,207.75615,182.47546,-55.326824,207.04004,182.12631,-55.41598,206.89421,183.76338,-78.863205,204.57652,184.00664,-78.96484,202.26198,184.24808,-78.975464,194.80249,187.55026,-15.058078,187.90092,190.44635,-116.63888,211.85928,203.58702,-48.90968,209.03154,204.7729,-78.95725,191.74855,247.6691,38.728622,165.60327,255.54419,-170.40236,184.70355,335.34808,50.99397,160.24211,349.8079,-195.73941,207.2163,409.4219,0.029704165,198.45078,421.7616,-162.24216,214.95781,426.56143,-2.8794582,203.39864,442.80878,-190.9075,218.2163,427.44925,-26.371202,215.67845,438.73862,-181.30855,213.77718,421.94296,-12.082562,212.20584,431.45407,-158.61345,206.11401,381.8978,65.37622,187.92503,398.94882,-65.00137,295.64505,386.8526,105.50434,306.31186,397.3004,-29.662857,393.1335,401.6842,191.14589,415.71414,407.9623,51.233795,407.63223,410.97256,195.67441,429.6309,418.2368,55.535942,422.50153,373.26465,158.83423,452.53967,374.5617,2.2782495
20-0.pngresized.png,213.85802,64.74988,-29.777029,219.42616,56.969604,-42.290337,220.97917,56.80081,-42.3787,222.62137,56.624504,-42.43538,218.98561,56.51611,-22.451368,220.0756,56.116814,-22.581446,221.19229,55.74171,-22.500008,235.45848,58.97003,-82.43534,232.89465,57.607655,9.069858,220.28853,73.63781,-42.965313,219.77425,73.06902,-17.00394,251.91057,110.08546,-117.139305,248.37439,108.77921,50.453506,262.01202,184.55974,-135.343,267.04987,181.55118,53.99017,264.99167,251.35208,-138.60924,265.0531,234.2384,51.031563,269.56604,266.73718,-166.24081,266.30923,245.46481,58.18416,262.38177,268.2476,-159.89012,264.337,244.75554,44.945454,260.2999,262.77893,-136.65965,263.94846,240.46313,43.97923,238.44698,231.91573,-54.402275,234.17207,218.41806,54.783916,139.45091,226.69753,-27.127113,144.62054,217.90865,92.63678,45.897903,234.75063,20.795586,56.771626,224.71684,116.8443,28.24676,246.70644,23.313538,40.678818,235.22696,117.4382,23.676811,195.2998,-11.552941,37.931454,193.13924,102.15302
22. 2346428393_36d5ddd356_z.jpgresized.png,274.7364,248.57817,-62.803497,266.36212,239.74489,-47.7137,265.20035,239.40889,-47.757057,264.17035,238.96335,-47.82512,265.23267,241.0449,-76.45608,263.04315,241.35107,-76.512146,260.91257,241.65646,-76.45262,251.15614,242.48886,10.121094,247.07547,245.96619,-114.98059,270.1749,257.47974,-40.760353,268.73645,258.9744,-77.78253,252.38019,292.97153,76.908844,229.84485,302.43622,-189.97266,250.26314,367.11575,83.32602,228.81233,388.3075,-230.59767,266.4572,433.45227,18.45494,244.59196,460.8169,-223.20448,273.26825,448.45523,18.070192,242.02594,478.53394,-261.3026,273.48407,449.65518,-7.314086,255.82124,478.0298,-251.5944,270.28378,444.59467,5.2756286,256.16483,472.12506,-220.63278,270.0481,418.58514,77.49483,250.98068,435.0819,-77.087265,368.01456,420.47296,84.9122,364.63446,433.09207,-80.42901,471.09586,433.81808,88.572426,476.0885,440.6601,-77.87942,488.35068,446.61258,86.16737,492.18478,452.0938,-81.4685,507.1606,397.51715,68.7431,510.69168,405.20367,-132.18744
23-0.pngresized.png,94.01145,91.37848,-51.111156,87.45415,81.56643,-41.19731,87.08192,81.45822,-41.225983,86.84719,81.254425,-41.349213,84.79454,82.20737,-63.222954,82.25521,82.325745,-63.33837,79.72289,82.43589,-63.409245,75.255615,87.17327,0.17792968,65.40502,88.84582,-95.028015,90.18969,102.8679,-34.217655,86.07341,103.59991,-62.34224,71.29827,149.11974,52.783276,44.074856,154.77968,-145.56398,66.65455,235.49213,66.03016,44.454838,247.7796,-164.90828,90.26528,306.3756,22.907204,80.676544,317.5215,-127.09867,97.66969,323.0173,21.225998,84.872215,338.09482,-153.881,100.69153,323.4426,0.37245023,96.44159,334.01038,-145.27104,96.39289,318.00748,12.278874,93.26176,326.98834,-123.824425,82.37656,282.41043,64.70458,64.15081,298.925,-64.3519,169.49174,281.76862,102.094406,183.3281,296.45804,-52.870846,261.59027,299.10678,168.77232,272.86865,303.65427,48.89564,272.00946,311.97617,171.9928,282.537,314.68118,56.522415,302.19876,268.25568,146.80705,308.38538,269.1691,26.225271
24-0.pngresized.png,223.49942,295.4362,-16.994009,214.65755,277.1401,-8.09326,212.1002,276.31482,-7.9188223,209.93883,275.38412,-8.212692,214.82812,279.10135,-41.334682,211.80315,278.79758,-41.32745,208.84201,278.75824,-41.58756,190.46466,279.4851,45.653465,187.79985,284.32712,-98.352165,214.35448,309.927,8.346289,212.90692,311.18582,-34.505615,156.40327,356.23453,121.4586,147.02184,343.36096,-159.22243,188.91359,225.34727,199.22142,181.78488,221.39668,-263.17834,188.27167,126.03834,72.372894,173.0055,95.582344,-218.13658,172.61664,102.271454,66.999435,164.32904,53.694237,-249.52046,173.25294,95.18315,39.382355,158.20763,56.30244,-217.28522,182.1823,102.06118,56.690647,162.96336,71.718994,-206.14673,146.03671,634.5972,110.84747,131.1639,644.9986,-110.77463,348.15335,638.0962,157.76949,351.11346,637.2184,-55.444756,543.31494,659.0155,266.91638,568.64813,660.7577,20.778234,575.7157,675.28827,274.90698,602.3411,677.6716,25.974436,590.16736,589.1056,232.63336,612.30457,590.8853,-29.652744
25-0.pngresized.png,82.96422,63.527725,-34.94556,78.341125,57.830986,-26.639496,77.849976,58.026516,-26.651775,77.45637,58.131584,-26.705893,76.97716,57.70613,-42.69901,75.30183,57.59715,-42.76106,73.65787,57.49742,-42.720238,69.30145,62.782047,5.6497755,64.01739,62.058174,-64.00147,79.9197,71.82772,-22.327446,77.697235,71.6576,-43.10527,70.25772,104.76088,37.952274,47.93276,106.34737,-100.60299,55.751846,159.34514,44.76964,37.483643,166.82,-120.920044,60.148167,211.83017,17.001461,43.65862,221.1923,-105.219604,62.220276,225.8023,17.597307,40.5373,235.1323,-126.568054,62.077568,226.67624,2.6905184,49.71549,236.00113,-120.27433,60.731037,221.67845,9.757485,50.177082,231.03337,-103.7374,77.211555,200.29683,44.90887,61.361446,210.98277,-44.56329,147.454,203.61487,41.754368,147.26257,213.6874,-40.06126,223.29482,211.05913,59.78405,230.46393,215.66481,-23.401726,236.06688,218.83382,58.773914,243.36234,222.88295,-25.181265,244.66231,183.14972,37.43708,253.65363,185.59015,-63.82643
28-0.pngresized.png,230.21364,83.16664,-48.370564,237.64005,73.07439,-62.10329,239.78983,72.58431,-62.180584,242.02509,72.07027,-62.294548,236.48409,72.93094,-40.937717,237.47359,72.54679,-41.10739,238.4348,72.1999,-41.1019,259.3512,73.88109,-106.00424,254.26541,73.75752,-9.99441,240.32072,93.0951,-63.03373,238.66237,93.11619,-35.819725,291.5334,140.78574,-141.16373,262.51224,130.14537,28.75796,291.14417,233.39288,-152.70328,269.77795,208.65442,51.80141,275.63678,293.55563,-143.3197,257.48422,267.7823,55.39783,276.18735,310.07224,-162.38455,254.47946,283.37793,58.277065,269.0116,307.85596,-159.055,254.14075,281.9385,49.120255,268.58655,300.55832,-141.61612,256.82898,276.13354,49.74558,269.4518,275.85934,-54.732094,251.23222,256.03305,55.146923,159.25058,275.87488,-32.5261,157.95387,258.5159,97.01418,64.276085,281.3972,43.50032,66.93583,270.10345,131.31851,50.72413,293.10876,50.469803,53.013,284.10907,132.94113,30.932629,244.66493,22.122818,35.197628,236.49365,117.723724
29-0.pngresized.png,132.39273,106.00966,-151.14581,124.5401,93.2196,-127.8004,125.50473,92.62322,-127.788284,126.65161,91.80209,-127.87845,116.09533,95.37477,-156.41803,110.754036,95.99706,-156.51591,105.44552,96.658455,-156.45306,110.924965,98.151505,-27.00426,82.44165,105.26791,-149.02594,129.66682,120.53459,-112.53631,118.05306,123.37909,-148.96529,125.46942,175.60695,61.511654,42.639393,191.7878,-180.03233,116.01596,282.98373,89.54944,23.044386,312.54028,-196.10622,138.49113,365.81546,17.159128,58.70357,414.59457,-172.07426,147.2394,390.241,9.458939,56.047783,445.85355,-207.87434,148.36108,386.5861,-25.357666,84.33879,442.03574,-202.81906,142.17094,378.74185,-0.2767363,84.49047,431.42532,-169.48184,141.46652,355.75934,73.22304,93.23931,383.6487,-72.66712,273.5408,361.81152,-65.3209,258.99738,388.6579,-157.19681,423.59863,371.10367,-148.56061,416.4193,387.11002,-197.80876,446.9104,392.65195,-164.44043,442.75003,402.56784,-210.03108,471.28467,307.5522,-221.70496,454.59503,327.98688,-303.0545
3. media_60647_widen_1000_100-why-i-love-dandasana.jpgresized.png,589.02625,368.0887,-58.867992,601.4065,354.99884,-78.78997,604.70874,354.71225,-78.95261,608.2015,354.40005,-79.17822,598.97266,354.58432,-40.408752,600.1784,354.28592,-40.72719,601.4499,354.0204,-40.574017,632.76733,363.3566,-143.93028,622.2726,362.1176,30.515825,602.37646,387.1805,-81.857956,598.6681,386.75275,-32.208187,666.4929,463.1241,-227.34636,645.2358,469.99683,113.246254,686.64606,597.0923,-264.5832,672.6999,603.41187,125.3656,678.31256,718.4749,-242.39726,656.6757,690.3609,97.69575,685.9802,750.8197,-285.1968,654.87067,713.45764,103.22055,667.42053,754.676,-272.9241,651.3951,710.37823,73.84456,663.6201,742.8515,-238.31538,652.7538,701.82056,81.59742,639.87305,693.4634,-109.95419,626.10876,668.14417,110.547966,420.4226,685.262,-66.60831,444.0539,662.9886,133.29877,248.20119,702.26025,41.50934,281.1587,683.19775,204.03908,229.07979,722.5664,53.623344,260.30463,705.29004,206.69197,189.1598,644.629,23.539179,223.42923,635.8879,181.52197
33. dandasana-stevebig.pngresized.png,341.94,188.96689,-98.037506,349.7005,178.8936,-115.50863,351.97385,179.15987,-115.65277,354.3792,179.43436,-115.81489,349.13116,177.00314,-82.97159,350.87265,176.07672,-83.08922,352.62723,175.20715,-83.04488,373.64703,183.25822,-183.62085,370.9686,177.66982,-35.32949,351.8196,202.1541,-121.07017,351.18698,200.07576,-78.712425,408.5983,264.67435,-248.96626,391.17697,245.39406,30.439022,414.12225,375.2749,-280.5106,401.04907,347.8114,34.64568,381.4707,455.60632,-287.0225,381.36508,417.1344,2.1011941,374.9783,478.65207,-326.31247,376.3989,432.73328,2.6669524,368.8449,473.8484,-318.83792,373.53214,430.342,-15.782169,371.85748,464.68076,-282.67932,375.68622,424.2627,-9.457442,375.99612,422.36795,-86.293884,364.76337,398.64322,87.054016,252.1115,406.6534,-24.634977,249.86003,393.44168,194.06625,137.7642,414.41116,99.48053,147.04962,398.77628,229.92691,119.80465,428.89725,108.46483,130.21715,411.68585,229.82596,96.8951,364.1446,51.531567,109.807205,358.06815,198.13144
35-0.pngresized.png,444.07275,140.47142,-27.378326,454.76205,127.88775,-45.294495,457.7938,127.49946,-45.426495,461.00803,127.143105,-45.643166,452.9396,127.160255,-7.143419,455.01422,126.559715,-7.360783,457.1361,126.02298,-7.285677,485.72333,130.89763,-113.490486,478.6724,129.10828,60.78322,456.36676,156.3119,-51.917725,455.55292,155.82768,-2.1555312,531.1836,228.55605,-202.68831,498.49686,228.47736,134.59349,567.2606,365.7407,-252.76611,546.238,369.09106,128.8842,570.4682,493.0574,-275.0953,552.6076,473.41498,86.98881,579.73846,520.7445,-331.91583,554.57983,495.6656,82.51798,560.5483,521.6564,-329.29462,554.3779,494.23737,61.35322,557.0109,512.989,-276.57224,555.3708,486.15012,72.266624,500.20782,456.9527,-113.98417,475.40833,433.9239,114.81526,288.66492,439.6283,-110.32202,289.688,438.5128,219.90363,193.33775,497.98135,52.095547,176.07326,481.17056,156.24124,185.36975,518.49866,70.33441,164.44446,500.3831,147.68568,144.40817,463.40045,48.7982,126.537796,452.57272,111.57769
36-0.pngresized.png,414.91968,247.6648,-236.76567,430.93088,233.59059,-227.02992,437.88663,234.38324,-226.94121,444.97708,235.22307,-227.11159,416.0318,232.5001,-209.22827,411.18182,232.09267,-209.2018,406.43506,232.09938,-209.2787,465.4446,249.7021,-155.62296,412.666,245.29677,-76.91972,431.34836,269.57812,-212.1823,410.44495,267.115,-189.33511,497.48065,316.2908,-212.60365,403.9975,315.43225,-36.48945,479.66388,178.74088,-356.65643,391.73303,195.6015,-93.199104,464.8579,70.910866,-343.07736,388.90024,79.51262,-186.88501,465.04184,47.0231,-366.3863,393.84503,55.59174,-201.1052,460.7536,51.162674,-343.89886,399.9488,47.57659,-204.65814,456.51248,63.49787,-335.7198,402.49652,57.1497,-192.07211,490.017,553.953,-63.36801,425.56494,533.31604,63.949886,349.5851,539.7467,-258.68484,295.63623,531.06903,-37.472282,178.39885,549.84686,-300.17072,151.98628,538.8028,-125.85712,149.96887,564.4036,-302.5188,133.06326,557.5407,-138.36563,135.60547,491.69656,-377.21664,106.617256,488.16153,-176.15211
38-0.pngresized.png,546.1015,138.47714,-150.47163,561.56946,117.02001,-182.47661,565.68835,115.179504,-182.56688,570.0633,113.37758,-182.74438,560.7843,119.53805,-132.0041,563.974,120.00088,-132.1926,567.1849,120.562965,-132.11368,606.7247,118.422226,-273.3735,602.9398,126.48095,-44.653187,566.97736,159.1362,-180.28416,566.74133,162.8559,-115.795944,670.4472,260.1436,-358.1253,639.6108,255.55609,64.49893,725.34753,470.90207,-383.6635,696.25195,456.30786,47.152096,702.75214,647.5507,-405.0592,697.0445,595.0837,10.581711,707.0643,685.3489,-478.71234,697.7376,625.0275,10.520762,684.78613,686.1563,-473.39133,692.17175,623.84326,-19.132763,683.77997,673.6988,-407.0454,695.8788,612.6558,-7.115257,649.8244,575.89124,-146.38284,615.2157,542.81903,147.55254,411.35617,619.8365,-136.75723,436.23096,566.3297,414.9056,584.2338,614.7763,175.22476,560.2228,607.9941,319.806,609.9068,599.6802,210.05531,581.35785,606.7477,306.79163,624.79285,607.68677,353.6745,579.562,611.25586,382.57346
38. .jpgresized.png,122.541626,174.35022,-46.972157,115.29438,165.12794,-33.82307,113.54299,164.73459,-33.86873,111.9103,164.23659,-33.889996,115.5563,166.16261,-66.02986,113.69117,166.18787,-66.08716,111.89252,166.22084,-65.984116,98.52107,167.69366,17.98874,98.708916,170.0608,-125.07999,116.27414,183.7184,-25.725998,116.03897,184.86852,-67.9727,91.66942,223.03207,95.16021,82.39113,227.13123,-204.89413,80.52034,302.88617,117.988815,83.90071,309.66205,-244.33934,103.52255,369.0557,55.593674,95.36629,385.86765,-214.4447,110.82107,385.10052,59.02221,91.57449,405.52646,-250.61992,113.20868,384.25427,30.134987,105.24313,404.66202,-238.63756,110.69293,378.6175,41.415405,104.69269,398.06848,-209.76228,119.8765,357.35617,88.81153,108.791824,373.23276,-88.229485,229.07068,358.16995,120.42122,228.38843,370.87836,-68.89962,338.56976,372.88934,162.19781,329.57562,381.1853,-18.811691,357.34512,386.77377,162.02553,344.71545,392.93918,-17.403946,372.8151,330.51282,132.83524,359.8378,344.75815,-68.14276
39-0.pngresized.png,67.549805,65.599106,-16.030285,63.669247,59.03331,-10.384168,63.165718,58.9635,-10.384783,62.74407,58.8042,-10.4402,62.515068,59.15886,-24.823725,60.950977,58.956604,-24.866247,59.425823,58.765747,-24.845705,55.016407,61.80539,13.296848,50.551445,62.013077,-48.238243,64.271416,72.8376,-5.9457064,62.08424,72.871666,-24.243822,52.51485,100.2545,46.709854,37.237335,100.85082,-82.38047,40.23925,147.68983,64.83891,30.694727,152.917,-94.26825,40.339245,193.88924,50.202667,30.90589,199.89136,-58.696346,41.44615,207.32768,52.951584,27.163769,213.05743,-70.08985,40.846863,208.19235,41.830826,33.082817,213.63829,-64.377045,40.12968,203.06131,44.805622,33.74009,208.6033,-56.36753,61.07794,185.9118,41.93572,49.75927,195.1921,-41.69941,127.30417,186.01807,32.5936,128.30284,191.69693,-42.10998,191.26596,197.19704,53.146976,192.48093,201.92429,-8.826579,200.16298,204.63585,52.749294,200.6017,209.3036,-6.9740434,210.91708,176.90228,37.922356,212.94023,180.71194,-21.931982
4. dandasana-1024x756.pngresized.png,643.53094,395.754,-286.53308,638.2961,369.86728,-323.23712,642.9888,366.862,-323.4671,647.8046,363.88934,-323.6173,634.1806,370.70108,-277.10226,634.69135,369.4379,-276.98694,635.3457,368.2022,-276.6747,677.10144,347.5188,-429.87805,661.3263,354.4814,-215.80022,671.7126,400.41693,-320.19843,666.2833,404.7658,-258.28152,775.86646,440.4591,-520.68384,759.6971,379.2801,-80.8389,802.56256,627.75555,-583.6948,809.2849,540.41656,-21.229883,778.3822,786.23694,-524.52185,799.4619,658.40564,-70.96676,783.2005,824.7166,-599.61346,792.3616,682.3635,-59.459194,764.8441,816.99536,-588.7478,784.464,684.6814,-110.58046,763.2385,802.4352,-520.2639,790.33246,679.65826,-92.65614,748.87994,688.4808,-158.95866,731.91974,631.99347,159.61623,501.14664,733.94257,-148.96803,530.7533,636.52014,331.6682,648.53516,707.8388,147.88289,678.31354,688.38196,505.76654,663.35565,676.6886,175.98888,696.3567,677.0067,505.8866,711.1134,712.0292,336.837,723.08215,712.3436,599.6473
4. staffpose-2.jpgresized.png,398.112,259.55472,-50.52759,406.2367,252.23215,-67.57408,408.28903,252.3813,-67.66269,410.45258,252.52002,-67.772514,405.44305,251.31989,-42.133247,406.54944,250.98033,-42.297073,407.68808,250.66032,-42.249702,424.97583,258.57654,-114.727356,420.5214,255.81038,2.0249712,405.10153,270.92392,-66.01968,403.31973,269.95056,-32.629635,437.52634,315.61053,-162.00792,431.16364,314.2483,66.280716,436.4498,391.31128,-183.27289,436.1405,388.0257,80.70031,415.83334,455.46637,-157.52678,420.20508,436.5426,62.348236,416.52966,473.85825,-184.13759,418.76904,449.97928,70.01883,405.42706,474.40244,-172.21887,415.28784,448.70392,49.415787,405.47153,467.012,-152.30615,415.6282,443.6219,52.263287,415.84354,444.50388,-73.6145,412.34473,431.39868,73.92523,304.5761,443.9953,-33.051186,318.0363,435.76266,110.077644,210.5225,448.7345,30.574661,224.47725,442.2299,171.33832,197.15591,459.36267,35.902473,210.95587,453.74814,174.54547,180.30698,417.22644,-4.236878,194.72037,417.63602,148.68893
40-0.pngresized.png,213.15991,51.62031,-35.677402,221.73042,44.392826,-46.560825,223.70003,44.456516,-46.618042,225.75826,44.517223,-46.691048,220.54048,43.834007,-26.864656,221.48323,43.57692,-27.033102,222.40501,43.363125,-27.030014,240.29724,50.228466,-83.37734,235.15108,48.29289,7.180227,219.9086,63.149223,-48.21349,218.15648,62.399853,-22.574566,255.4036,112.71514,-118.94262,237.34676,110.020615,48.344193,255.06978,193.21509,-132.28447,242.17448,183.30263,65.29886,240.4025,256.91516,-125.74909,229.73888,241.64343,64.2384,240.60365,272.10455,-147.46106,227.06187,255.77132,67.67591,233.19302,272.0011,-142.95566,227.78853,254.9767,56.49577,232.71524,266.5649,-124.31435,229.57758,249.83525,57.77463,229.79776,242.28668,-56.7603,218.46602,227.60066,57.08149,116.66363,237.94072,-28.094475,128.79652,232.11024,108.224075,39.21137,248.50171,59.140995,48.10879,241.8728,150.24542,28.189379,259.8378,67.04191,35.649963,252.94711,152.83356,14.891248,215.04909,46.498547,25.20525,215.36415,141.64412
41-0.pngresized.png,375.28403,107.28658,-50.13535,389.0025,95.30473,-69.64594,392.20172,95.36633,-69.77023,395.57687,95.43278,-69.91101,387.08997,94.39028,-33.051945,388.95224,93.9572,-33.270264,390.8682,93.61194,-33.119854,420.4839,103.04139,-138.01967,412.2777,99.993515,30.850506,386.26212,125.79249,-74.26972,384.5264,124.574936,-26.240677,452.34644,203.1164,-214.70296,421.3689,200.97456,104.30711,464.55508,331.20013,-255.23973,448.079,332.66788,112.1474,451.81866,445.40387,-275.86194,435.72012,419.02637,93.83998,455.48102,473.29364,-326.91727,435.9752,438.15646,101.620544,439.37036,474.41724,-319.1136,431.95303,436.35068,76.05431,437.02856,465.91095,-273.27936,432.54025,429.8863,79.36515,400.88937,422.64908,-96.88929,380.1501,397.25998,97.718376,221.73195,408.3888,-77.49297,221.07335,395.32013,178.25056,63.670734,430.6351,43.76684,68.301674,409.2536,226.32758,37.013668,452.99106,52.942028,40.793137,428.2098,228.1637,17.398458,367.18228,-12.126153,36.463917,360.00015,194.04144
43-0.pngresized.png,107.42685,95.147705,-131.5122,103.450516,82.894905,-110.06634,105.09719,82.73929,-110.02049,106.91249,82.38077,-110.120255,94.39061,83.4147,-132.91486,89.366486,83.29247,-133.01659,84.36478,83.21304,-133.02122,94.85239,86.871376,-16.697962,64.71687,88.69755,-113.36859,105.733444,107.83095,-96.01731,93.41523,108.68727,-125.240715,105.465866,152.7636,60.846973,30.058502,166.0968,-139.66437,100.00605,242.28194,79.58303,28.100397,267.75,-159.38866,111.02021,320.00146,4.272711,40.313084,353.13055,-168.81944,117.854355,342.1427,-5.6882253,32.7018,377.5801,-207.23306,117.28052,340.61124,-35.772495,54.43601,378.21957,-207.87352,111.772736,334.06607,-11.924173,57.532223,369.65582,-170.10083,118.7569,313.24194,64.93497,74.80454,338.12375,-64.57226,237.10971,324.99588,-43.365723,222.37976,345.4819,-127.08555,371.205,334.6869,-100.86594,360.23227,344.083,-129.39545,394.57367,351.0133,-112.77966,384.32022,354.3789,-136.14684,407.8726,282.19342,-160.7257,387.70117,297.70737,-211.58276
44-0.pngresized.png,191.74292,160.35146,-117.04747,178.47685,140.683,-93.09034,175.53952,140.11295,-93.1195,172.86636,139.26587,-93.2468,177.88231,141.82906,-142.50488,173.78822,141.40733,-142.73027,169.79228,140.99287,-142.55067,142.79858,144.70287,-0.8883754,139.24771,147.34505,-215.84059,175.92593,179.58904,-80.41718,173.92049,180.36961,-143.99095,126.21447,244.13358,92.78413,79.4009,266.78055,-319.0022,100.26466,396.3152,116.07657,57.97985,443.7612,-385.87143,141.55458,534.7513,20.634398,102.643974,596.1398,-343.67078,155.24272,569.32587,12.413605,101.22854,638.51715,-409.11798,155.46776,571.42993,-33.284515,131.82256,635.12213,-393.6131,149.59685,560.5465,-3.3943012,129.72473,620.4108,-339.44638,173.48703,509.74008,128.19537,135.63489,549.4412,-127.28229,364.33386,517.43787,80.19156,366.14108,550.92694,-130.18483,568.2906,535.5578,70.354294,565.30756,560.0854,-105.988396,601.118,559.0918,61.096516,594.38385,581.5938,-112.72235,631.0716,459.84726,-8.758565,626.00964,482.36728,-221.23152
45-0.pngresized.png,83.6152,56.7308,-25.096115,77.37304,47.253063,-16.624706,76.463036,47.01495,-16.62004,75.69007,46.69528,-16.710875,76.29903,47.762234,-38.979584,74.23745,47.635094,-39.07421,72.20937,47.515118,-39.067165,63.560944,49.889263,14.138921,59.00055,51.36047,-83.06398,78.22377,65.968834,-12.450434,76.238434,66.44298,-41.23971,57.982777,103.56449,46.90373,35.50534,108.942154,-134.60774,51.50365,178.83926,56.93941,33.769627,190.96185,-166.42798,66.221085,247.37698,15.484305,49.71909,262.0062,-150.8662,71.44672,264.2189,14.32296,48.271866,281.00412,-176.93655,71.36104,265.07837,-3.7459607,58.84239,280.14313,-171.0293,67.989,259.06058,6.614557,58.915024,273.15802,-148.99469,76.98679,226.75243,60.78124,60.930214,242.07416,-60.346767,155.85678,227.22118,100.93148,172.64261,245.14113,-50.28101,224.67079,250.3571,187.38374,252.11815,252.86024,43.623756,233.1577,260.61713,194.32887,260.27658,260.8797,51.100315,258.6842,228.4242,184.12866,285.8692,227.49817,29.567413
46-0.pngresized.png,86.816666,68.09964,-11.507393,83.44501,61.97827,-6.06985,82.991165,61.834488,-6.093169,82.618195,61.61714,-6.151431,82.25106,62.291267,-18.826046,80.83993,62.166283,-18.870821,79.4559,62.050842,-18.873701,75.825645,64.1175,13.211461,71.07719,64.8269,-40.698162,83.77782,74.47617,-3.5532846,81.77991,74.752625,-19.633759,71.97981,99.86195,40.374134,58.600475,100.87894,-74.92381,64.887535,145.12152,55.217793,60.66638,150.95049,-84.82283,66.81485,188.11055,41.721207,69.148056,198.08502,-50.240868,68.6056,199.23773,45.089745,67.99895,211.10182,-60.087082,68.72445,200.84192,34.97203,73.64333,211.12347,-55.635452,67.464325,196.49556,36.86676,73.20601,206.35654,-48.213024,74.610054,179.37552,35.158688,65.0913,187.64534,-34.99959,133.52898,175.89081,35.939846,139.62029,177.55125,-28.485023,190.72464,185.48726,50.920452,196.70108,187.64708,8.940515,198.02122,191.8893,50.624622,202.46887,194.0318,11.983408,210.59958,167.66644,41.779743,217.86694,170.06277,7.094432
49-0.pngresized.png,70.01129,147.6339,48.44371,66.14622,141.86998,37.4182,64.516464,141.6509,37.375427,62.92801,141.48663,37.220993,69.60884,142.79875,32.22185,70.449234,143.0571,32.30495,71.31475,143.4481,32.263847,58.322887,146.14224,-1.5479231,69.927,148.46997,-21.984217,67.405556,154.11739,37.872967,70.865036,155.05035,32.608456,43.19462,181.0018,-13.26944,84.59296,179.08405,-45.324528,41.282623,183.26218,54.808838,87.97596,176.92097,15.086852,73.35665,170.2078,157.11816,84.16548,155.72472,106.18663,78.77319,167.1331,164.60555,85.581566,152.70421,116.52174,81.87997,164.80673,157.00557,84.65361,150.26344,117.799416,81.47972,166.2922,155.82146,83.03135,151.2386,108.364914,73.77551,286.0335,7.86777,96.9339,284.75012,-7.667991,65.55103,253.7804,135.7353,110.97469,251.52588,101.59533,75.65618,269.7916,266.33435,87.219505,271.5502,254.81612,77.02276,274.31412,280.3731,81.280075,275.59042,271.1933,80.26524,261.6869,305.56427,87.445145,267.3415,305.89423
49. dandasana.pngresized.png,636.83527,235.52847,-92.787674,651.6437,220.56216,-118.05633,655.42474,220.60332,-118.25894,659.4333,220.61038,-118.36561,650.5522,219.45859,-73.77681,653.35724,218.85371,-74.131256,656.0741,218.32533,-74.19207,689.13513,229.65489,-204.92369,682.97534,226.28291,-2.428669,650.13934,257.33478,-122.03158,648.9082,256.05524,-64.92263,724.4288,356.74786,-304.33655,691.00867,352.1089,100.0815,705.3099,522.56226,-341.3932,687.0271,509.4578,118.643036,661.30237,668.3066,-361.9671,648.5938,639.89624,132.00104,658.7943,704.3841,-423.9706,638.9892,670.26526,148.59198,642.0658,703.79626,-411.58124,640.8943,669.8511,120.11483,642.2441,690.77826,-358.03833,645.7978,657.5813,117.67754,678.2903,618.0058,-132.69545,655.32983,589.95953,133.60962,463.65567,601.4956,-44.595966,470.3324,586.2055,233.13423,288.38812,602.6507,96.06586,286.4916,589.3068,285.56293,256.9594,624.7058,103.06407,251.66028,608.6642,285.9017,241.27322,515.36884,28.014019,242.0754,518.8855,250.11562
5-0.pngresized.png,88.64828,62.86732,-24.248158,83.14663,53.87016,-13.411748,82.92237,53.888042,-13.370043,82.82936,53.785645,-13.460507,80.109436,54.065823,-35.087387,77.52324,53.862087,-35.133553,74.95704,53.68639,-35.10948,72.9924,59.626984,28.973043,61.54902,59.91157,-63.027317,85.65486,74.272125,-7.271188,80.98307,74.43074,-34.724247,75.2038,123.02655,77.97844,37.59796,121.73443,-113.13128,54.8977,195.60115,101.6883,8.091829,204.12308,-146.27516,62.654297,259.64264,43.45102,33.980934,270.16562,-101.97019,65.41969,277.44196,36.357315,34.618896,287.63132,-118.44888,65.44871,276.67175,22.006237,45.987087,285.97098,-109.17161,63.682594,269.6016,34.231865,45.20456,278.93475,-97.491135,87.451744,256.27625,69.0581,61.86513,270.3371,-68.74607,193.35735,252.27737,78.79979,182.8865,271.70297,-74.92828,290.55704,269.3374,135.74577,257.7722,279.58386,1.1870972,301.78308,280.3846,138.79503,264.6538,285.8544,8.536883,331.95523,238.41321,123.98708,289.83163,254.20123,-5.4662848
5. 033-dandasana-jack-cuneo.jpgresized.png,633.8965,261.85977,-88.89255,649.7431,239.4144,-116.64208,654.25146,237.89975,-116.77537,658.97125,236.31296,-116.9983,647.376,240.55096,-62.111473,650.25146,240.15039,-62.59475,653.1452,239.86957,-62.564045,698.03204,239.34445,-221.70908,687.30853,244.62804,29.951174,654.98065,284.37653,-125.92319,653.63586,285.83844,-54.621723,774.8212,391.01984,-343.67438,712.42346,390.93823,137.76796,817.01373,591.2327,-393.12338,776.2364,581.75916,141.42938,807.1053,777.0739,-416.38245,769.041,713.32153,63.434757,818.8691,820.1789,-493.18597,771.05133,741.2293,54.564327,790.5871,826.4542,-490.83798,766.2529,739.63965,19.07383,784.77795,810.19885,-419.41205,768.53784,728.14197,40.108936,751.5484,721.2248,-151.47179,704.49,687.7808,152.17578,500.77808,711.8915,-98.50128,467.8418,711.7986,254.93729,344.62308,761.9708,170.82129,229.2316,738.65686,326.414,332.19034,789.4711,196.27148,196.83426,768.46313,329.09766,269.19684,691.108,149.30348,140.342,665.26166,294.57135
5. dandasana-seated-staff-pose.pngresized.png,393.76938,144.24266,-64.218605,409.47635,125.967316,-90.62536,413.86746,125.65069,-90.8838,418.4092,125.2043,-91.207,405.8344,124.64649,-42.0792,407.37177,123.63163,-42.31072,408.99527,122.67205,-42.174004,449.40112,130.22205,-161.55247,434.6502,126.57952,55.121613,410.84286,164.77386,-88.277275,406.5838,162.70409,-27.286688,505.14307,248.18776,-269.139,453.35608,253.01477,158.36229,562.5334,392.12933,-326.03384,529.54034,396.4751,155.8615,601.9856,536.59906,-388.12564,562.749,531.39276,99.89026,627.0868,570.3943,-465.44098,571.42554,566.5079,99.45139,603.3201,582.7366,-462.3586,572.5346,566.55554,63.57401,592.02484,571.5529,-389.49484,570.42615,551.8151,79.36883,515.79565,522.99536,-131.42293,477.10922,501.3019,132.50284,295.7478,512.42957,-89.921616,280.4774,509.5865,139.04114,90.79191,545.29333,-31.489008,89.322655,531.2016,134.41988,61.85259,572.19806,-29.03107,59.49225,555.29913,128.90315,21.124578,463.22314,-96.529495,18.447731,459.80328,97.88252
53-0.pngresized.png,117.08367,101.37321,-104.1087,109.157074,90.23741,-92.03104,108.187294,90.14432,-91.9991,107.31575,89.98757,-92.042145,107.230095,90.65095,-121.65348,104.23356,90.460945,-121.76785,101.24744,90.313805,-121.78832,88.90885,94.802864,-39.659477,81.56091,95.44896,-171.5235,108.15355,113.58307,-83.60712,104.894165,113.65771,-122.43793,76.70018,154.28375,6.6590905,47.84221,168.12692,-207.33754,55.031548,251.8637,2.6429093,13.299849,273.21255,-239.07986,53.05468,328.23544,-53.22284,39.021767,358.00815,-220.54034,54.430485,348.2862,-60.884663,40.676514,379.53918,-256.52655,55.926815,346.27002,-82.850784,54.00243,375.6092,-244.52605,53.889385,340.47125,-65.18612,53.128143,367.43146,-217.02644,103.295044,296.61807,73.25471,79.991455,319.81232,-72.89556,206.20096,307.03348,149.74208,216.6206,358.66336,-95.828705,133.35867,335.5865,198.9716,119.75374,347.20135,50.99113,121.96565,332.7346,196.5269,106.80293,331.02148,63.692863,121.20683,341.85187,233.2804,88.223434,355.82404,123.58729
57-0.pngresized.png,527.47064,234.42836,-210.27087,523.4354,208.9165,-235.07298,528.9921,206.24219,-235.13756,534.7122,203.60509,-235.23273,515.67993,208.582,-188.38008,514.71967,206.7784,-188.4577,513.9463,205.02191,-188.14885,563.68756,187.65536,-319.44672,536.43665,190.29755,-101.29002,556.24744,239.81096,-237.64565,546.763,242.56497,-174.90462,657.9124,277.00958,-436.18884,633.904,221.70543,30.067726,692.7443,460.9402,-524.7148,688.2869,400.32828,38.303078,688.16266,623.9128,-484.90488,678.6338,531.99054,-88.61651,698.52545,660.43915,-565.9457,671.35913,556.76184,-89.52811,680.9968,654.2337,-553.8727,662.84344,558.9196,-148.75217,677.5237,641.51654,-482.89526,668.03326,554.06616,-117.34162,632.4699,554.51996,-162.60173,605.50195,497.69904,163.20169,356.85345,607.96906,-179.61777,365.31537,515.06085,276.79184,497.98053,615.4724,114.45491,478.45828,573.06586,460.20502,513.90466,590.1709,141.25179,495.7407,568.6398,460.90363,551.35724,628.8855,237.31293,491.1232,588.9758,503.14896
59-0.pngresized.png,273.95547,94.995895,-66.85813,282.51968,84.62449,-81.37114,285.18716,84.381294,-81.53558,287.9756,84.1222,-81.67792,280.44427,84.39472,-53.19425,281.57697,84.10482,-53.308064,282.71466,83.87322,-53.25379,308.90753,88.134186,-134.85228,301.08447,87.55691,-5.4253836,285.55084,107.912735,-85.03801,283.2227,107.72278,-48.336964,346.33063,167.94135,-178.8282,320.87866,158.29158,39.615906,360.7351,281.41028,-207.90721,329.06573,257.97427,51.984005,321.8657,359.44174,-208.34335,307.10602,331.42984,35.861084,314.35504,380.0827,-236.19644,300.93094,348.22928,33.024155,307.12622,374.759,-229.15288,300.57013,346.27823,17.630474,310.06836,366.596,-204.07632,304.072,339.65906,25.818237,314.73834,336.656,-68.2112,299.66815,315.2976,68.91106,197.857,315.95343,-36.019672,183.33061,305.541,149.30902,73.02357,323.2938,33.331528,70.90228,308.90552,146.82,51.83931,337.37637,37.60597,52.373486,322.39783,143.86867,38.543262,272.86975,-7.345411,37.96664,265.60483,123.26502
6-0.pngresized.png,556.69543,132.21175,-84.0681,576.02124,117.18729,-115.59183,580.7206,117.73301,-115.87304,585.6455,118.256,-116.09936,573.638,116.20132,-62.069443,576.46564,116.13343,-62.353935,579.27637,116.1608,-62.34957,621.1083,134.62457,-217.01796,608.6001,130.68114,28.162605,571.59796,160.55594,-118.10916,568.2213,159.32248,-48.39161,666.426,283.4831,-320.28876,609.4012,278.28253,143.74896,705.17816,470.78665,-335.05408,633.3877,464.3974,165.90758,646.2696,627.5788,-309.3071,602.81586,589.52844,126.93891,639.9261,669.77496,-371.37228,596.96936,620.1509,128.3378,618.23773,662.03094,-363.74512,594.97406,614.3126,92.072266,620.81775,648.99945,-305.66266,598.5904,603.0584,105.57104,576.9957,591.7384,-152.57156,544.5627,557.4902,153.70322,337.20404,569.0684,-78.80195,324.17725,555.46234,302.4983,105.26369,584.9539,29.472788,102.91713,553.50134,387.4875,65.29262,613.88245,34.098423,60.684113,577.1714,391.95535,44.135807,490.93692,-65.54084,52.387062,474.59995,338.7705
6. yogapedia-dandasanasupported.jpgresized.png,291.6081,236.35747,-63.083893,284.3139,228.71387,-51.404312,283.0342,229.13292,-51.41269,281.89212,229.42639,-51.449467,283.6821,228.38942,-78.87104,281.7437,228.18532,-78.92448,279.84747,228.01486,-78.85828,270.63525,236.33508,4.823977,267.75217,234.28448,-115.46169,287.48828,248.19571,-40.015404,286.14014,247.62103,-75.71055,273.34076,298.44278,83.294136,249.24173,295.17416,-175.31857,243.78618,371.77252,108.9022,212.96713,377.9779,-214.53165,254.53503,434.46075,37.546906,231.5096,449.95834,-174.30353,258.20093,451.55334,28.4544,228.90231,468.96735,-202.06523,259.73294,450.63757,6.0461025,243.63387,467.96732,-193.09929,258.50635,444.13412,23.891756,243.45557,460.62506,-170.1601,285.7781,440.38507,83.37688,265.34677,453.04333,-82.84068,395.52545,443.59018,107.253654,382.39352,456.827,-75.20048,512.08264,456.24966,163.21,498.03702,465.23352,-45.636127,531.0142,469.11908,164.11499,515.8402,476.51053,-45.995674,546.5509,411.8776,131.82649,530.5479,422.06668,-99.876366
62-0.pngresized.png,466.3742,117.77065,-84.98931,480.9375,104.34044,-104.33731,484.67407,104.19015,-104.486855,488.59543,104.00164,-104.663414,478.23187,104.33807,-63.58215,479.97635,104.33556,-63.97972,481.65378,104.399124,-64.02172,514.1373,114.073875,-172.9979,503.12073,114.64561,12.747491,477.46875,139.03996,-108.54354,474.84534,139.20415,-55.914978,541.4848,235.69315,-277.09268,507.40414,236.70654,115.407684,535.93915,395.59995,-313.09445,513.939,391.44608,132.99017,498.41452,540.5556,-312.08115,476.4734,505.65097,122.18063,497.1971,576.95483,-367.52042,467.56757,532.1655,125.06091,480.0882,575.8821,-361.2569,467.9558,530.47955,97.97703,479.3661,562.5894,-312.1164,472.7357,520.0815,105.967735,504.2552,487.25998,-124.90547,480.51913,462.3231,125.58176,315.73532,462.97192,-70.56512,316.77066,462.39484,205.7816,199.59076,488.9166,144.42224,163.17006,474.3264,284.38916,188.3242,506.59467,165.32701,141.36705,492.6836,288.40997,153.32358,441.96918,139.38676,106.164055,428.59122,258.2131
64-0.pngresized.png,205.18103,165.81804,-143.56851,197.48956,147.28378,-113.41432,198.32243,147.29544,-113.3879,199.40712,147.10849,-113.52513,188.87103,147.31927,-154.53513,182.8319,146.77078,-154.70413,176.89532,146.26709,-154.72632,179.5739,157.56793,-8.979618,150.2523,157.0866,-187.07257,199.52469,188.27733,-104.96514,186.66385,188.38036,-158.1132,176.94939,277.37936,85.25888,101.74683,287.0511,-297.22018,135.62923,427.40295,109.65442,75.91693,455.0771,-370.54196,150.42274,569.8538,5.387399,114.33297,606.3355,-311.33362,157.60855,609.7419,-4.50683,112.57847,648.4821,-360.63425,156.97433,610.1568,-41.411938,138.64351,646.9683,-349.00977,152.10803,595.3124,-14.676997,137.84325,630.6477,-308.23065,201.3888,532.6844,130.46338,153.42879,569.9509,-129.57195,382.14236,524.0813,182.66382,411.37894,574.74817,-136.31447,552.06213,567.01227,314.04758,581.517,577.69135,20.93644,577.2604,589.01385,322.1839,600.9164,588.2399,32.466057,620.446,513.9975,290.6505,648.50696,525.5968,-22.14931
7. dandasana-posizione-del-bastone.jpgresized.png,347.0619,213.22603,-31.417091,352.57495,205.14941,-47.381306,354.40887,204.99965,-47.543488,356.36115,204.8092,-47.652096,352.20227,204.02348,-22.323637,353.47617,203.33807,-22.45679,354.7993,202.6612,-22.385744,370.95694,208.13641,-94.67749,368.00385,204.9406,19.36385,355.50848,223.3105,-48.16377,354.3446,222.39009,-15.482562,392.79355,260.94165,-156.07892,387.47263,259.98547,81.01812,406.03036,331.9105,-186.10513,405.5274,331.29666,100.11812,405.71082,394.98767,-171.14417,402.11084,380.01514,93.164696,413.1758,412.73672,-199.54857,403.65686,394.48297,106.86663,400.88632,416.18945,-187.85646,401.04153,393.41757,86.06018,397.9835,408.22467,-165.90164,400.29126,387.21753,83.97267,394.36633,385.71945,-78.02409,388.20602,373.18405,78.45029,275.6908,388.94537,-72.89989,287.21365,370.66388,95.36763,163.50629,393.7949,-74.01851,188.14943,376.7249,140.19577,145.11653,404.93698,-75.269516,171.74379,389.72076,141.52298,137.63496,358.21942,-112.75298,163.35402,342.38754,119.3962
71-0.pngresized.png,308.34125,113.63408,-41.327976,314.86014,103.5492,-55.242687,316.9925,103.24183,-55.422222,319.26028,102.94836,-55.542168,313.90762,102.869095,-26.777021,315.7132,102.23436,-26.92814,317.5287,101.66528,-26.911585,338.81232,104.37937,-115.99386,335.4473,102.43212,15.408187,318.78836,124.777885,-62.251514,318.73242,124.20471,-25.078972,379.95193,178.26599,-183.2574,357.2161,170.68697,70.22611,390.83414,289.9121,-211.85287,368.6911,274.92612,71.251495,361.68933,377.93478,-223.18568,350.7722,350.911,49.72291,356.30896,400.49652,-258.45374,345.4982,366.6816,46.236652,350.11826,396.0161,-253.75142,344.449,364.83255,29.699621,351.98917,388.16608,-221.10532,347.17697,358.49228,37.978275,348.28644,347.6721,-83.46644,332.17694,326.23932,84.152985,213.68091,324.20636,-50.918068,218.26817,310.5397,193.3902,118.020584,341.4237,92.46623,119.187744,325.9842,201.73897,104.057175,356.54584,105.11826,105.85381,340.67548,200.26527,83.08451,294.75394,80.864555,78.286804,289.186,184.13425
8. dandasana.jpgresized.png,344.64297,181.88873,-45.866756,356.5154,172.11293,-53.97094,360.22278,172.22574,-54.070038,364.07306,172.28337,-54.15981,350.67783,171.4141,-27.64092,349.70306,171.03229,-27.885971,348.7643,170.68272,-28.000431,381.83582,178.52165,-62.679516,360.7074,175.3158,55.569397,355.21753,195.30634,-48.307148,347.28757,194.06593,-14.735508,410.08047,245.27089,-116.19907,359.90933,245.27779,118.155914,422.79745,334.0072,-149.67796,381.497,335.1648,116.16339,413.5732,416.10324,-160.01532,369.93115,397.19177,57.814518,418.712,439.49667,-195.28308,367.26996,414.11786,59.06726,402.55258,441.72668,-193.46405,365.12006,410.86743,33.735603,398.16153,433.92358,-159.06445,367.84845,405.62878,46.325363,378.04578,406.12933,-68.808,349.43872,390.6813,69.438896,245.04451,401.94836,-98.08405,229.36156,392.01465,-16.140236,116.35505,412.40485,-146.59546,110.46599,403.55112,-84.4925,97.51546,427.57065,-150.11816,91.88041,421.30536,-94.20866,81.9353,375.86133,-189.00548,74.949326,366.073,-127.90801
81-0.pngresized.png,279.48843,95.93447,-42.761284,288.10205,82.22392,-64.28021,290.70612,81.36065,-64.228226,293.3763,80.51582,-64.25942,285.38098,83.557205,-34.636497,285.43042,83.56856,-34.680355,285.55035,83.64592,-34.867397,310.52148,83.26103,-108.71686,300.49615,86.96539,28.317783,291.03552,106.33096,-57.702564,286.4303,107.31775,-17.984112,343.35822,151.88647,-148.22842,307.64145,150.42047,103.7204,295.95746,245.76677,-41.121864,284.51617,235.18521,56.005394,283.70328,176.23709,128.43562,284.80014,173.30428,-121.38776,275.47128,162.04425,131.85107,281.5188,158.7455,-134.11407,288.62442,156.79132,124.97152,285.51062,147.52788,-116.8642,293.64368,159.96478,132.8705,292.5291,151.31206,-121.46794,354.292,300.19687,-80.154526,330.70837,285.71124,80.84935,240.34662,342.41217,-129.79105,229.36757,303.72092,174.45216,276.44183,349.25793,45.62092,303.95648,339.97485,165.70706,290.09982,347.77493,67.81166,316.31296,339.9863,165.8042,261.57935,346.16766,122.90303,319.8115,354.84467,196.24786
87-0.pngresized.png,119.590904,96.81289,-57.088108,115.05571,88.36411,-46.721832,114.722336,88.488304,-46.692547,114.522934,88.48242,-46.763496,112.559555,88.02203,-68.04503,110.25408,87.54846,-68.116776,107.95233,87.07322,-68.13905,102.99986,91.825226,2.403577,94.282036,90.29201,-90.56902,114.6218,106.1898,-37.22323,110.946526,105.58127,-64.9346,100.078476,144.7981,54.264492,64.541885,146.52118,-137.22957,89.63848,224.11761,67.49924,40.813904,235.7782,-169.5116,110.3373,292.05182,22.909412,78.496765,318.9676,-145.86304,117.39935,309.5492,17.559284,81.371445,343.8815,-170.77599,119.28812,309.1309,-1.7675953,99.15499,340.77695,-163.69263,115.35012,303.06125,12.176253,96.51373,332.31628,-141.90315,125.33941,279.85614,64.226105,102.6917,297.33112,-63.86339,229.85469,282.50247,57.46243,219.94453,306.7743,-70.07924,334.4976,300.85904,67.988556,319.77048,324.68863,-38.29451,347.09305,314.60394,65.179504,331.54834,336.98187,-38.547897,378.6437,271.02667,27.40364,355.28226,297.07733,-96.16679
93-1.pngresized.png,120.57896,82.18206,-15.69921,120.13306,74.96629,-6.6165814,119.330536,74.42946,-6.618819,118.57684,73.923386,-6.7077155,119.84038,74.69437,-24.76928,118.91904,73.78101,-24.825363,118.01478,72.93624,-24.847872,108.668686,71.6794,26.393032,108.649284,70.684044,-54.039158,112.51259,86.38363,-2.1307533,112.0532,85.902534,-25.60877,74.07047,99.930405,60.841805,79.6276,107.48932,-99.35616,61.817577,157.2073,56.51006,71.60654,168.22267,-115.15628,71.08446,203.82996,18.462177,80.18897,218.90681,-101.8106,76.05964,210.47717,15.02218,83.13979,229.43053,-124.0239,79.13976,211.21872,0.103252865,87.18389,229.52145,-118.36418,77.489784,209.78545,11.095823,85.05671,226.20668,-100.33785,9.363003,179.6827,47.656868,7.4386225,187.8789,-47.395233,69.90228,166.14708,136.26237,78.698074,187.10402,-0.50668603,83.717354,199.76254,248.95438,81.78409,202.97311,155.5554,83.10387,207.85767,259.70197,80.47718,206.68185,169.9345,105.09327,198.43777,257.3098,97.178406,197.5209,175.95366
95-0.pngresized.png,390.26096,137.53043,-43.10197,404.7945,120.46044,-66.237686,408.58926,120.30217,-66.45858,412.55695,120.05428,-66.71432,402.6761,118.742966,-20.797716,404.70273,117.55869,-21.013105,406.82227,116.45317,-20.882673,441.77594,125.63158,-148.31844,432.44437,120.885666,58.154522,405.5239,158.77432,-71.107155,403.0015,156.26752,-13.189818,492.02203,244.84894,-249.1121,457.75174,243.78362,148.96739,544.1405,392.5026,-300.9554,531.0048,387.67856,145.41339,596.9271,540.1777,-331.4452,573.2236,519.02344,100.32858,620.9715,571.6778,-395.81628,584.6175,550.62006,104.62136,603.9394,580.164,-391.56747,585.90076,550.4513,75.14953,594.46625,569.9995,-331.72067,582.514,537.60986,82.730125,495.97827,518.5707,-127.32877,467.7461,492.63553,128.26474,279.42828,514.0149,-71.81787,270.5846,504.1155,175.71278,82.1141,553.2684,45.898167,79.14682,532.3493,180.7161,54.905495,582.3944,53.093376,49.094498,557.4354,176.5893,12.401612,471.32083,-10.063028,15.373047,463.64594,150.64351
98-0.pngresized.png,250.12274,137.9,-55.323154,255.7973,129.38853,-73.84031,257.38855,129.4944,-73.80233,259.07465,129.67992,-73.99824,256.26346,128.8946,-47.97731,257.6593,128.59274,-48.051277,259.09772,128.48724,-48.120335,273.17764,135.11354,-124.56933,272.15186,133.454,-8.843517,257.2432,148.81728,-72.88639,257.15405,148.11824,-39.216843,295.8312,177.35757,-162.87376,277.37613,179.1264,29.978905,272.7859,102.83856,-245.33862,268.7498,109.72865,56.33177,265.10104,36.14605,-238.17859,258.28497,38.925007,-19.169407,264.919,19.657217,-269.7713,262.08725,21.47061,-22.701477,267.01096,21.06548,-255.57681,263.54224,18.13914,-37.11039,265.0071,27.651396,-235.14532,262.76218,23.3045,-29.68299,288.50076,333.68054,-68.87204,272.49033,320.68625,69.18958,161.13705,332.2941,-63.02623,163.32495,317.2298,81.19162,59.27009,333.14337,-40.285233,67.8013,322.05344,125.95973,40.348377,343.9416,-41.2324,50.802666,330.68204,127.33985,36.787598,286.75287,-100.37709,41.624058,287.15015,94.11374
