0-0.pngresized.png,229.28854,85.05158,-107.29522,230.33662,77.69959,-100.09742,231.87906,77.98771,-100.10442,233.52623,78.239006,-100.13031,224.34119,76.76787,-110.25233,221.60284,76.238144,-110.27649,218.925,75.796875,-110.39162,230.35226,82.481865,-43.383846,208.33115,79.55486,-90.26289,228.70683,94.908676,-85.967445,220.27959,93.54505,-99.48709,239.22136,124.240074,-26.761328,171.09744,117.82802,-45.65304,296.3378,115.7902,-31.764845,104.3367,108.17506,-73.76086,366.4358,115.693504,-62.56926,44.002365,104.16201,-139.587,387.644,117.49908,-69.220146,24.845963,102.37898,-144.1274,387.99606,111.845474,-92.06696,27.4066,98.856255,-170.63213,380.3158,113.066795,-75.853035,35.587433,101.47112,-153.52205,220.25761,235.57211,10.94585,173.65056,238.49554,-10.821162,301.52594,267.06342,-46.98368,100.63049,290.81534,-40.69452,301.08496,341.91202,3.255911,41.7062,354.91135,-16.316599,289.9863,352.20117,7.4193177,36.307426,363.31024,-15.956521,340.09888,373.11484,-15.085947,23.77612,386.15182,-71.079796
1-0.pngresized.png,446.08496,87.92905,-275.8388,449.47205,71.53318,-246.4503,454.8296,71.321106,-246.46251,460.4325,71.00411,-246.57806,430.97763,72.35235,-263.3052,423.2385,72.49351,-263.43076,415.59012,72.76631,-263.7663,457.97122,82.356995,-74.22832,395.00897,84.8681,-149.12785,452.09647,109.08957,-212.61427,427.31686,110.10818,-234.01608,485.55856,175.20367,-13.552099,332.20517,179.83751,-43.124905,598.8256,172.95601,-26.274767,194.01283,173.97357,-103.005104,731.1799,160.19252,-165.38113,70.6968,159.63734,-224.69121,773.5414,159.76631,-199.21753,32.011604,150.3111,-242.33643,772.2639,145.71458,-249.75076,32.15624,142.06975,-296.37384,757.16016,148.34866,-199.31746,47.182964,149.83006,-257.28134,459.89972,443.32205,20.501266,356.65686,455.2049,-20.036757,642.0288,530.64856,-227.27892,210.64513,577.5415,-99.56099,645.5818,730.54926,-70.39298,98.4008,726.60913,1.0032501,616.8688,758.28674,-59.3141,90.91781,749.8403,0.99676484,738.47156,803.43024,-180.71663,57.50989,781.027,-170.99542
10-0.pngresized.png,466.88828,141.40213,-18.485409,459.5905,125.60482,-37.28226,456.48395,125.20557,-37.01123,453.6014,124.74418,-36.85324,464.90604,126.37459,-66.591385,464.79434,125.981064,-66.69376,464.66586,125.75168,-66.97774,430.42078,130.96924,-54.376522,446.53534,132.97797,-176.49168,452.00607,155.68753,-17.069582,455.69943,155.55998,-52.1281,341.84363,195.98666,-25.5248,467.846,209.18411,-210.52448,219.1037,223.39023,-4.2205067,596.8635,215.13469,-239.0643,83.04382,232.20088,-19.324163,709.52356,216.62407,-203.43541,43.498917,237.63748,-37.11688,738.6252,223.13203,-233.5856,49.437016,225.01312,-31.608522,737.7618,210.03719,-195.03635,68.27562,224.78491,-17.707205,722.4808,207.77255,-184.40605,340.51758,430.58875,85.62794,424.5314,445.70505,-85.702934,216.27917,527.2775,200.89485,602.9306,493.68097,-67.53644,65.86341,633.9064,306.38327,641.9058,678.0927,11.842086,43.709393,653.8878,323.09567,620.7648,713.46606,19.868576,32.205902,649.9462,313.7338,713.9665,708.4951,-14.17851
11-0.pngresized.png,309.8395,64.50187,-132.66617,306.52026,52.106155,-121.22103,308.1485,51.89835,-121.21739,309.8875,51.61434,-121.14407,298.44888,51.99995,-141.57127,294.01694,51.579212,-141.63736,289.68903,51.229,-141.86586,299.861,54.835827,-44.41316,269.49246,55.41031,-136.57582,306.62842,76.47463,-102.35404,295.51508,76.466324,-129.00641,314.34967,112.50017,-40.706707,211.74907,106.213135,-78.74195,387.1591,108.91752,-73.73723,127.97047,109.97873,-121.60967,470.28336,92.56842,-142.8027,51.658096,121.95492,-189.45686,495.28992,89.73346,-152.27376,27.594023,126.776726,-188.23727,497.26178,81.14304,-181.90208,30.671803,122.32929,-225.72449,487.87244,83.90304,-159.38107,41.493126,122.60403,-206.7611,293.9717,267.92917,13.621078,226.21817,273.36655,-13.3159275,400.3154,322.8222,-65.61017,127.49133,348.1277,-45.428825,423.18317,414.32626,-5.8858542,32.260315,433.22574,-21.121248,415.4957,426.49234,-1.4661533,16.875858,443.88947,-22.00578,471.13654,439.70792,-45.006126,26.583538,466.62985,-106.74752
12-0.pngresized.png,355.7949,154.4288,-224.31717,371.67725,140.68608,-234.57382,376.89908,140.58302,-234.37917,382.38016,140.22821,-234.28415,362.05716,140.77611,-199.69298,360.92493,140.24847,-199.78163,359.73093,139.96442,-200.13553,413.06567,146.00287,-212.78375,377.06897,144.88208,-53.268818,377.26642,173.81628,-216.2856,366.22186,173.17111,-169.98354,507.31857,236.60437,-112.82297,344.75803,230.55104,-5.45033,635.3514,245.91371,-93.86784,222.17842,226.80977,-7.6308823,760.5954,274.18857,-167.26036,111.12548,231.86295,-128.252,798.88416,276.87115,-182.32607,75.99106,228.34369,-158.06572,797.0866,263.3534,-240.05188,85.533485,222.83025,-207.76839,782.7866,267.1809,-199.47775,102.51259,231.44753,-159.97781,494.38882,477.50385,-40.39651,384.5913,476.37228,40.696907,675.0283,584.47534,-98.33823,220.76869,501.50006,-278.7021,831.57733,685.28827,12.548325,205.59152,663.7216,-107.311066,850.96625,709.0749,15.599286,222.05554,697.152,-93.114555,872.36426,687.2987,-129.06863,130.99852,697.309,-200.4961
13-0.pngresized.png,318.8823,99.22471,-189.23764,317.62347,86.4949,-172.93797,320.07086,86.50015,-173.0027,322.6642,86.42632,-173.11351,307.41806,85.83453,-191.74414,302.41684,85.28103,-191.75723,297.4981,84.829254,-191.84286,313.776,91.037964,-72.02446,276.78625,89.870316,-156.5621,316.85275,112.93298,-151.57628,302.9408,112.23524,-175.9388,329.27515,151.231,-50.99566,221.24753,150.26761,-76.93125,410.43246,157.90923,-73.727646,134.02022,172.37477,-100.29993,506.6684,163.04324,-130.05844,53.23063,184.3211,-150.28938,535.5939,165.9953,-131.88701,27.814049,184.93568,-143.86026,537.47766,156.37999,-165.8425,26.458858,179.30637,-183.07407,527.0873,157.7949,-147.88467,38.804554,182.05464,-168.96733,314.1555,312.4905,12.970492,243.36525,319.21246,-12.878786,435.62863,361.7373,-107.27991,145.33623,394.08316,-51.593826,447.28165,478.8301,-3.5525396,69.17152,472.88278,19.43314,430.98895,495.86057,6.347634,63.15,486.47443,22.52214,505.45413,526.29614,-48.04824,41.948612,507.74442,-67.825096
14-0.pngresized.png,304.94772,118.56913,-239.30144,316.4378,107.25845,-243.79308,320.20673,107.110886,-243.53952,324.19504,106.79608,-243.35306,309.42307,107.40947,-219.79999,308.30338,107.076775,-219.8681,307.17386,106.950584,-220.1982,345.84802,112.33481,-219.76212,318.13373,112.17127,-109.84673,320.0423,134.10297,-232.09908,311.06827,133.88905,-199.77548,416.61688,184.33473,-160.60211,286.3422,182.96053,-55.361736,526.60455,184.30777,-184.16418,178.95732,174.17703,-65.95526,640.01025,195.69568,-245.04654,85.67749,163.64206,-175.7951,673.51434,193.70348,-249.57146,58.386345,156.63783,-201.68428,678.59155,183.70952,-298.19107,63.155563,148.76286,-244.57146,665.6976,188.31815,-270.7191,75.56191,155.05531,-204.42395,403.11407,379.4308,-39.047832,317.01215,379.6729,39.31994,513.1144,483.39117,-70.597626,202.87823,439.78513,-157.32094,610.2932,585.92206,55.58673,199.484,573.3915,-16.437452,621.87006,600.82684,61.22869,216.03287,593.64453,-6.1874385,631.8747,619.7957,-63.970222,145.68098,622.6431,-92.58484
15-0.pngresized.png,240.56429,98.76599,-128.06125,251.4367,87.557945,-137.84872,255.0198,87.277145,-137.64656,258.83444,86.845215,-137.60829,245.06952,88.07035,-112.206276,244.28764,87.7822,-112.3165,243.50526,87.70606,-112.54886,280.4991,91.70879,-129.47806,256.50394,91.81733,-14.452015,255.50809,112.70271,-125.99621,247.69115,112.81211,-92.96372,349.03427,168.89943,-82.002106,227.25137,157.34003,16.086723,453.29047,170.58936,-98.33372,136.55885,148.60802,2.001058,563.0332,159.45265,-141.06863,50.722958,142.28964,-106.87109,594.75323,151.23073,-139.31001,27.548126,137.31052,-127.01302,602.11597,142.32782,-184.62268,30.78112,133.32289,-162.57378,589.2587,148.62999,-165.57112,43.068523,138.75227,-131.78188,309.66672,367.5896,-35.643955,228.2568,359.86365,35.778545,437.49994,447.19043,-76.34852,111.46273,390.6081,-104.132645,562.29974,520.29645,5.5227904,95.246506,520.30615,-3.5862422,581.9,533.23706,8.136465,105.342445,543.4173,2.298922,587.86096,530.2046,-100.11675,45.29187,558.23157,-75.42356
16-0.pngresized.png,143.92665,59.03012,-53.49175,141.80136,55.526093,-49.182217,141.81963,55.496063,-49.19371,141.9317,55.449944,-49.20214,140.13275,55.853577,-57.59476,138.9416,56.0141,-57.61854,137.7795,56.214096,-57.63468,138.3035,57.95086,-23.748089,131.45119,59.250412,-61.032784,142.4921,63.993088,-43.965553,140.05034,64.35207,-54.79975,147.69807,83.74075,-20.672825,110.8082,83.65572,-49.686893,179.54182,82.39,-30.254747,79.10962,91.26709,-65.503044,210.54349,78.514694,-64.00049,46.225822,89.555664,-81.048485,220.66959,76.21193,-71.47481,37.254036,88.38762,-81.15941,219.32352,73.65468,-80.95564,36.318405,85.3465,-96.53715,216.35986,75.35178,-71.22886,39.650536,86.46854,-88.24128,139.24307,142.62706,11.152917,113.41439,144.62764,-11.044309,184.19888,156.17691,-17.39907,75.756546,171.83313,-29.294863,180.34894,195.45773,18.129686,47.97361,199.33752,7.5329804,174.67232,200.42671,20.061045,45.918938,200.60378,9.842363,199.34036,209.73221,5.0641336,41.397057,215.66951,-25.067316
17-0.pngresized.png,284.13983,103.78318,-254.66286,296.8058,94.04497,-252.96391,301.19626,94.68077,-252.76968,305.73245,95.15512,-252.56755,287.6229,92.28265,-233.79967,285.33804,91.429375,-233.82526,283.0316,90.73724,-234.03703,323.06378,101.97938,-206.73207,290.04407,95.923805,-121.5627,296.47906,119.36852,-238.92165,284.4328,116.80471,-213.903,370.53723,169.74896,-153.45848,260.88376,154.7864,-58.677315,462.4894,193.08636,-176.73927,174.12933,151.08583,-71.79609,559.8395,210.09187,-236.6543,95.227264,139.74109,-165.03922,589.25977,209.70148,-240.80249,70.70665,129.44891,-175.55049,588.4067,204.21358,-284.0836,71.627975,127.54826,-213.36429,576.1192,207.485,-257.145,85.17778,135.44055,-186.67882,363.07523,334.4851,-25.901346,289.76178,329.15634,26.051424,465.335,426.023,-59.54712,180.87003,369.017,-164.59146,544.1861,512.5282,45.08155,171.25159,486.59055,-43.946304,547.03973,526.4032,49.12432,185.29988,506.8562,-35.312233,573.7981,543.77594,-54.35161,119.185,524.7576,-103.885765
18-0.pngresized.png,921.2928,431.76102,-609.3004,951.9559,403.38623,-598.5623,965.51056,403.53397,-597.9681,979.5787,403.231,-597.7297,920.61523,405.1775,-555.2482,912.9372,405.7586,-555.31573,905.2111,406.98184,-555.95874,1037.7357,435.97855,-444.60458,923.039,439.3576,-248.7151,965.6156,486.8825,-559.22186,927.08,488.68964,-502.4348,1221.0642,680.8654,-272.4656,815.22015,632.30676,-137.93175,1539.6559,624.4594,-347.32385,497.15216,591.5237,-226.21284,1876.1982,637.98895,-556.412,223.22337,537.6111,-606.61536,1982.3466,634.5405,-569.2028,152.61758,517.4163,-673.47797,2002.5107,613.1703,-717.35077,161.9544,505.4412,-804.43427,1960.4502,628.9485,-637.0059,202.88817,523.5776,-684.67554,1132.7565,1299.1012,-42.82404,858.0503,1273.7075,43.279186,1568.6625,1565.0111,-243.16687,439.64105,1381.2051,-414.2173,1856.5526,1824.0829,136.25003,366.84012,1724.9893,97.00281,1870.278,1882.6835,162.34961,408.43808,1790.9454,138.95279,2017.2062,1870.0532,-119.90617,166.46199,1849.4113,-72.850395
19-0.pngresized.png,116.74753,71.36494,-31.245724,119.61535,69.18837,-30.060884,120.756874,69.25444,-30.040024,121.946205,69.28082,-30.05015,117.06339,69.31491,-24.442734,116.42385,69.38305,-24.48244,115.79111,69.487755,-24.540108,126.46789,71.85068,-20.392292,117.879295,71.78123,5.560175,120.41138,75.54907,-28.497732,117.048805,75.593124,-21.00396,141.09683,93.33949,-17.844463,111.26297,92.53175,14.061298,167.56853,91.360565,-32.66261,87.272934,95.57867,10.970719,192.013,90.56404,-50.643566,63.176834,94.47938,-16.564482,198.53506,88.61925,-51.96218,56.104065,92.407524,-17.680231,200.3151,87.25362,-62.361782,54.76779,90.702,-27.832685,198.03981,88.34442,-56.177525,57.926506,92.2887,-22.66969,134.94177,144.7035,-9.338824,114.96018,143.97856,9.383195,163.43423,167.36139,-21.486935,85.26872,158.39893,-22.246065,194.35605,190.53462,-1.3442694,74.93743,187.62166,9.206829,198.68762,195.068,-0.6566414,75.93169,192.82599,11.18262,201.78737,192.76773,-26.692102,63.541084,193.22987,-6.6863456
2-0.pngresized.png,338.58008,102.36819,-182.82336,338.2337,93.28298,-163.63142,340.4244,94.02794,-163.64899,342.79318,94.678085,-163.70236,329.2385,91.71781,-180.52661,324.79828,91.087105,-180.63503,320.4432,90.5865,-180.8742,335.72577,104.23754,-64.77835,301.90637,99.87761,-139.40018,336.9674,119.51755,-148.17863,323.86084,117.48661,-169.61552,353.79092,169.85698,-52.759922,243.83138,170.85187,-80.58839,448.89713,160.22237,-99.52505,146.75189,188.13719,-110.87757,547.30237,144.10023,-169.0147,53.663193,188.11269,-208.60675,576.7068,142.71017,-169.33865,23.93244,187.86922,-205.49591,576.107,132.74626,-206.2547,25.593964,180.32251,-246.26778,565.83435,136.02744,-187.91774,39.27858,184.08682,-228.08711,345.31158,339.95364,16.625696,272.16116,349.63672,-16.564297,466.5127,376.1754,-146.29117,177.64369,425.2717,-29.00617,494.75082,497.87424,-93.75185,105.50505,466.2352,115.09632,485.84296,515.3091,-87.573265,99.03305,471.75995,128.34554,547.48486,536.06903,-135.94025,83.18852,495.5549,77.503105
20-0.pngresized.png,203.83057,44.640717,-49.528133,202.70665,38.57769,-42.017475,203.45299,38.76053,-42.050575,204.30186,38.88282,-42.11641,198.1201,38.423763,-55.071968,195.79155,38.33756,-55.090576,193.51366,38.319794,-55.20065,199.51266,44.482544,4.243968,182.54504,44.009182,-55.020073,202.20746,54.92225,-31.73293,195.8299,54.61301,-49.016155,212.1375,91.772064,7.16245,142.40477,86.884926,-30.053097,264.07294,95.777115,7.8365006,84.23785,92.548904,-60.45465,321.54666,86.18321,-46.963684,31.297987,83.73891,-109.69376,338.8424,84.6418,-56.151897,12.315088,80.06687,-111.54475,339.3259,78.619995,-83.14591,12.518327,75.62708,-134.9772,332.97403,80.64467,-62.204937,19.716932,78.704926,-122.35799,193.56084,204.41492,15.721426,144.96333,206.4792,-15.605606,273.33646,252.61255,-41.818035,79.559105,259.7088,-43.605083,280.88712,317.8214,24.592957,30.476723,322.67896,6.2731667,272.4115,326.72302,29.849228,26.083593,330.65237,7.995288,317.0196,342.13647,1.3572717,14.559767,349.2449,-54.738083
21-0.pngresized.png,383.71835,90.96323,-247.01285,385.74628,79.39739,-217.58702,389.72333,79.47178,-217.53062,393.8833,79.44987,-217.54929,370.97064,80.3363,-236.26389,364.9076,80.80511,-236.34578,358.96127,81.46472,-236.58797,392.5414,90.17047,-57.754845,342.97668,94.07771,-146.90335,389.15472,109.12666,-189.23627,369.566,110.432495,-214.5014,421.86786,162.70613,-3.7466922,298.37732,173.036,-66.90525,519.0602,137.99619,-11.5622015,186.38986,162.02827,-97.912735,627.9732,99.725746,-138.11708,89.30178,160.42456,-178.16534,661.05273,92.89063,-159.96431,57.918747,161.68256,-195.96735,657.4601,80.751595,-203.64601,60.33879,156.03955,-237.36908,645.9579,83.691505,-166.83223,72.690674,158.32909,-201.70946,425.43448,374.49783,28.361841,343.6305,388.85413,-28.11247,577.9466,418.90573,-190.21613,234.81502,499.65543,-91.0964,546.30096,577.1111,1.9703454,156.65672,606.56165,31.273037,514.3199,599.7177,18.235487,156.76578,621.38336,37.912247,622.8799,641.44745,-59.77781,116.37073,664.10657,-90.00092
22-0.pngresized.png,396.50174,98.79932,-105.13423,393.9238,87.38548,-95.90061,394.78094,87.38616,-95.93867,395.7808,87.25851,-96.003975,386.4071,87.69994,-115.750786,382.00235,87.75965,-115.68625,377.7217,87.96947,-115.750595,382.43536,90.89566,-18.720842,353.47116,92.78248,-112.56783,388.4942,110.88257,-74.74589,379.29227,111.30302,-102.07522,399.72037,158.03539,1.9254899,265.4806,150.0552,-58.784164,479.88757,161.37898,6.5009217,175.09103,151.04024,-93.32444,563.0584,162.92761,-76.150375,99.23961,159.58458,-161.20216,588.2552,162.30977,-89.05061,76.52113,156.23433,-174.97862,592.37335,155.5028,-122.33607,77.83455,152.63213,-216.67062,581.84534,156.73523,-96.186455,88.86658,155.96602,-183.7293,371.48044,347.95093,25.668015,287.08914,357.33304,-25.19685,496.03882,419.9461,-63.98383,169.42598,447.7804,-85.19457,514.3568,548.6476,29.735249,61.844624,546.35254,-47.231514,492.6097,567.6018,35.394135,47.113808,561.78577,-49.816395,598.5174,591.09845,-40.37741,55.20156,574.7134,-169.81021
23-0.pngresized.png,212.7862,85.83031,-177.0929,220.99284,78.71383,-172.76723,224.41266,78.92892,-172.62906,227.96213,79.01551,-172.58896,213.00168,78.48581,-159.87654,210.84175,78.279465,-159.9225,208.69545,78.181816,-160.20491,239.93678,84.13129,-129.20996,212.02975,82.47178,-68.635414,222.67877,96.461395,-162.0262,212.9146,95.80736,-144.16614,274.6024,129.78304,-81.96802,191.58188,128.64804,-26.800629,346.37466,121.62779,-110.157425,120.17399,130.96642,-47.210148,424.53055,123.20896,-181.25412,53.74479,115.95282,-134.5523,447.176,120.55337,-187.2965,36.79516,108.63389,-143.71313,450.75082,114.701866,-218.44092,35.526657,104.220726,-177.52698,441.8514,119.17167,-197.65039,44.61822,110.03137,-153.47191,268.99332,265.2287,-23.713392,211.89502,265.0173,23.752213,362.8085,333.26373,-82.512764,125.67206,276.36987,-158.64662,439.93054,387.55988,-4.5716653,124.066345,375.9883,-39.27096,450.50024,394.16998,-2.6304004,132.82123,392.6748,-31.42665,458.89667,401.03964,-94.58087,89.26978,402.25198,-94.08248
24-0.pngresized.png,351.13733,84.001,-195.48712,360.40906,71.535034,-174.01659,365.04684,71.40109,-173.87888,369.9016,71.13994,-173.78436,347.80542,72.25455,-173.29779,343.30975,72.34587,-173.53659,338.84125,72.5585,-174.02643,379.2156,80.40236,-57.81543,337.2662,80.834625,-53.159065,362.8942,99.9123,-153.08035,345.63342,100.49299,-151.34537,416.8479,147.86221,14.639362,308.8033,154.76566,1.4933972,496.84177,155.26689,26.735708,211.97707,150.00215,-45.366676,558.79333,168.10873,-107.339134,119.330795,136.16238,-149.2471,578.0617,170.9151,-144.36876,85.171646,131.1631,-193.42789,566.284,166.15283,-185.14096,98.59966,124.863075,-210.63025,558.41693,166.68512,-131.11185,113.09736,128.20164,-166.98251,433.93817,352.98087,1.6811209,367.82733,361.7023,-0.87543553,516.2946,467.84772,58.000233,307.8541,486.45392,-206.16745,553.49243,521.1503,377.21277,343.85193,597.8552,1.067737,554.0649,532.46204,406.11517,367.49228,611.2221,16.9668,582.91644,542.3489,381.05618,298.03488,650.8744,-60.46049
25-0.pngresized.png,231.8364,92.03131,-85.37079,239.3223,85.72339,-83.905464,242.44368,85.892365,-83.815605,245.71826,85.90086,-83.89801,233.69312,86.0152,-70.96083,232.77971,85.957085,-70.88609,231.88869,86.05825,-70.921104,260.50015,93.21611,-58.81861,240.5584,93.224236,1.1390241,244.55423,105.07483,-78.11188,237.02896,104.74545,-61.220554,317.59537,152.32214,-43.76136,227.7745,155.96169,22.332666,388.69415,174.31796,-39.78156,152.37222,170.16953,11.706996,464.7883,188.33418,-52.415417,84.40381,167.77406,-76.6666,484.93274,192.03204,-50.25413,59.205013,163.0496,-94.26129,483.6276,187.37643,-80.56988,66.787796,161.37715,-115.390366,474.993,189.75366,-67.5309,78.05046,166.6735,-94.402855,315.1852,310.3532,-17.540184,248.0501,300.98883,17.68186,417.60843,386.11417,-35.995815,140.23245,332.10043,-129.35187,499.36664,455.47845,33.80972,140.0793,440.91748,-25.688694,502.20813,465.48834,35.408634,149.74767,457.75385,-17.063395,537.1809,483.9544,-60.215702,113.05906,483.9742,-65.73451
26-0.pngresized.png,309.97498,150.76237,-304.8998,322.15726,137.79486,-315.37903,326.65717,137.5557,-315.4054,331.43564,137.2461,-315.5014,312.62872,138.18092,-294.6183,310.1962,137.9863,-294.72806,307.8161,138.02644,-294.9779,352.0375,142.85876,-281.68713,318.80585,142.8394,-191.32866,325.52716,165.6372,-291.2228,313.39938,165.99445,-264.98624,414.3892,205.18445,-151.6384,286.88342,217.19112,-142.81741,506.98947,207.23355,-109.877396,190.6629,227.30792,-152.61726,609.692,212.49377,-117.80607,91.80187,239.25946,-249.58331,644.35443,210.41896,-103.78135,59.324463,239.54495,-262.97458,649.6406,207.01237,-151.63292,62.349068,228.3818,-297.51117,636.4214,211.42108,-141.5611,73.46036,232.59616,-271.5331,402.9868,384.7029,13.929784,317.46246,394.9709,-13.765922,538.29517,400.4314,-170.2933,189.64352,450.74506,-72.18325,567.65936,516.87415,-54.394783,81.65355,535.9606,-52.24653,556.0124,538.2152,-45.878674,68.61387,553.201,-54.54132,646.69946,540.5775,-116.78176,59.868416,556.35706,-153.02258
27-0.pngresized.png,145.11891,64.52643,-70.30432,149.54045,60.10308,-71.57231,151.18767,60.16331,-71.491714,152.9413,60.123585,-71.50645,146.24757,60.117146,-63.274757,145.75809,59.93,-63.265583,145.24625,59.83031,-63.405193,161.62889,63.113274,-57.954727,149.30904,62.463127,-18.949972,151.66553,71.95131,-66.01446,148.01752,71.605644,-54.90635,194.60313,97.362206,-42.494133,133.84187,96.60996,1.8572017,245.4736,95.0871,-45.88337,81.597946,101.78973,-12.11187,295.74078,100.0294,-65.93016,34.889214,98.41,-57.21465,309.71756,99.24024,-69.38871,22.126413,93.987015,-61.9439,311.5424,93.43781,-90.68703,22.666546,92.20335,-81.63205,305.9846,95.870804,-77.73506,29.56706,96.170815,-69.523605,185.35052,195.78792,-19.386204,144.78818,192.58672,19.468836,249.70613,240.2003,-36.366817,87.843575,205.90945,-54.348885,309.04785,272.42783,11.498547,83.89958,272.25644,3.7198658,316.73154,277.85175,13.377917,91.241745,285.2433,7.1751275,322.75623,278.9731,-44.502495,53.64069,291.20905,-32.475075
28-0.pngresized.png,350.32162,126.8741,-210.16014,362.63544,121.18309,-200.7155,366.69147,122.49263,-200.54607,370.9796,123.69372,-200.40198,352.88956,118.66327,-189.38383,350.33292,117.81007,-189.59258,347.74667,117.11895,-189.97577,384.50073,137.18034,-134.72516,350.41144,127.73277,-84.85184,360.05212,147.71495,-189.87541,347.11594,143.9616,-175.21043,427.42856,222.8325,-78.23616,302.43372,208.90282,-53.18172,523.4971,226.64822,-89.3885,198.3017,221.17358,-90.644554,625.53375,221.33362,-165.0118,102.893936,197.21295,-212.98537,656.23663,217.65872,-173.32434,76.48352,184.94382,-234.01172,660.5871,209.74303,-215.35074,78.038826,181.71082,-277.2931,648.19,213.34715,-189.42076,93.071106,189.75195,-239.4581,390.93515,411.62024,-12.092761,309.34454,404.1236,12.794244,490.2367,508.89343,-26.999046,195.98518,478.10422,-158.71521,578.08246,613.1974,114.67688,165.05206,601.7874,-21.168344,582.3155,635.10876,122.7548,172.43977,621.4902,-9.769433,622.5216,635.85065,27.441488,122.74954,642.66046,-98.09609
29-0.pngresized.png,517.74774,187.67592,-423.927,537.7886,170.26086,-390.5754,546.57605,171.74915,-390.38242,555.62573,173.11476,-390.39474,513.3706,167.08421,-384.39523,505.21533,165.806,-384.56656,497.05334,164.83565,-385.03516,573.2856,189.39159,-189.86458,493.03833,177.19733,-162.57254,534.75275,216.17918,-352.88196,503.60425,211.67169,-344.905,616.8124,292.0526,-26.947638,424.30847,280.6834,-63.51073,760.7563,284.76935,8.815861,262.77246,269.28363,-101.50602,907.21326,304.66248,-69.00568,131.4179,266.65247,-276.0156,952.87494,309.66528,-87.54507,93.19249,253.001,-319.68796,948.7741,299.74524,-152.48494,97.158615,250.76172,-371.6078,932.40106,302.8433,-107.29048,118.95107,263.3494,-311.17828,583.9004,567.97253,22.13907,462.30222,581.1125,-21.834057,819.3364,613.4516,-399.43375,264.9069,712.55096,-140.94957,786.363,811.50037,-95.73391,112.694084,836.3971,-17.453487,741.75995,840.592,-68.91923,105.07905,860.8972,-12.861651,910.45776,893.62897,-194.04326,36.14049,890.02606,-182.62868
3-0.pngresized.png,1043.653,360.52386,-375.2344,1085.4742,324.7846,-384.5696,1100.4242,324.1626,-384.06015,1116.2992,322.98956,-384.0367,1054.118,328.84085,-308.6214,1048.675,329.75418,-308.96988,1043.08,331.40182,-309.84207,1193.6324,353.85513,-283.77673,1079.207,359.47842,66.88739,1098.9312,419.19058,-347.30576,1059.8999,422.1853,-246.02222,1425.9604,654.6222,-162.69432,953.50195,593.6379,130.75983,1826.369,520.1124,-260.76782,558.53864,526.0601,58.28994,2180.4934,499.5079,-474.57028,215.45708,452.97623,-303.635,2285.8655,481.74103,-551.76624,114.77277,416.51215,-379.56915,2290.3513,446.4296,-688.6029,143.47398,399.3799,-519.45953,2250.2,461.22333,-566.53577,192.92471,429.12003,-394.24005,1235.5219,1417.5535,-106.28662,914.93,1369.8022,107.17366,1644.8159,1805.602,-283.73236,440.22708,1500.7302,-550.36176,2123.8982,2086.3848,79.291374,439.92264,1985.7452,21.334238,2169.4265,2136.3213,96.04682,499.71182,2074.6355,63.299446,2267.7202,2165.0493,-285.30505,212.7619,2123.5635,-159.62086
30-0.pngresized.png,331.81824,137.1181,-198.90923,335.6241,125.0911,-189.86337,339.1538,124.70133,-189.86731,342.82352,124.23922,-189.78445,325.16986,125.895546,-196.19499,320.5301,125.83838,-196.38103,315.95413,125.8974,-196.68022,345.14844,129.12973,-105.994644,308.19196,131.16107,-133.18408,337.81906,147.31538,-167.46953,322.42987,148.11827,-175.01317,362.40823,182.15823,-37.87034,274.76007,176.10599,-91.947205,441.33975,182.6126,-58.13984,187.58197,160.2575,-154.62364,527.64795,196.50867,-116.31883,106.639496,183.73672,-224.71518,556.39905,199.2273,-115.946266,79.29937,189.25427,-222.35739,558.7605,198.14543,-149.40352,82.022675,188.6445,-256.82642,547.83276,199.68536,-135.22705,92.66932,189.9714,-240.79494,326.7956,329.283,28.5431,278.77826,331.09744,-28.42419,352.9064,379.00552,-23.324924,239.71347,397.9958,-55.27481,292.51205,452.11877,17.802467,179.25534,452.26077,-10.6056795,273.50537,459.14868,21.487389,166.5748,456.71506,-7.736052,316.07874,483.9159,-29.381737,179.09499,478.8201,-83.68203
31-0.pngresized.png,170.78001,55.550484,-135.65001,173.9865,50.119423,-126.82117,176.40771,50.090786,-126.794495,178.90907,49.968052,-126.79813,167.1393,50.70787,-125.715225,164.70285,50.94617,-125.67679,162.29453,51.241394,-125.706154,182.77332,54.75634,-77.3247,159.57875,56.3446,-68.47965,176.02567,63.63664,-117.96661,167.34727,64.2222,-115.39594,202.18903,93.1616,-56.141796,141.3695,89.47413,-31.87307,254.09662,82.865395,-78.96773,86.564,90.26664,-43.48135,305.6937,89.20354,-140.30553,35.993492,86.30515,-83.5332,320.30954,89.90955,-146.81793,22.00286,82.82574,-78.31284,323.28497,86.2633,-172.07803,19.621593,81.49842,-105.50275,317.91943,87.41009,-153.00417,28.006239,84.78813,-96.140335,192.06688,190.07755,-13.553316,151.08336,190.00964,13.600643,259.8948,241.13234,-58.18238,85.32017,217.80513,-64.10273,322.10294,287.2308,-6.3938627,75.70179,284.4149,14.440327,327.07404,294.4772,-5.138833,82.9695,296.13123,19.971024,339.71326,300.17267,-74.76829,42.60432,302.74323,-18.356028
31-1.pngresized.png,180.63258,54.24326,-12.671458,178.35013,49.083687,-33.332092,176.37686,48.936954,-33.219357,174.46901,48.739292,-33.01848,183.24101,50.077347,-40.311554,184.53772,50.31934,-40.476242,185.75542,50.650925,-40.699432,169.46843,53.508167,-83.51829,184.71924,55.978977,-109.26395,176.41528,60.31105,-27.692558,181.24068,60.946594,-35.110752,139.79381,79.7831,-91.113686,198.15231,86.844536,-131.47676,85.83001,72.23917,-115.308556,250.06158,74.2387,-162.30641,33.12975,70.420334,-160.26736,298.31497,72.01954,-196.13966,17.913624,71.04555,-175.34525,312.39633,73.435196,-216.71268,20.368946,65.61192,-166.84079,312.1907,66.77774,-196.64734,27.647287,65.665665,-156.10881,305.65933,66.14735,-186.92577,144.48186,169.51808,16.4404,184.34128,171.73978,-16.445978,89.216965,214.03221,37.857414,261.99435,204.82425,-6.9139833,29.57977,265.48343,36.688675,261.3547,271.81573,23.890026,25.013714,277.39807,39.717373,249.61678,283.11224,25.883245,6.1811748,262.73953,43.061867,290.86432,286.42,26.315727
32-0.pngresized.png,157.1493,64.69873,-86.91144,163.21709,60.515488,-86.93106,164.99382,60.89825,-86.85091,166.88365,61.203728,-86.86741,159.68115,59.649677,-77.234024,159.10873,59.247173,-77.24813,158.5259,58.944145,-77.33069,175.9413,65.53598,-71.60783,162.94756,62.1348,-27.967485,163.43317,73.21826,-82.787865,158.93158,71.91903,-70.21364,205.87518,103.74443,-51.749817,143.6924,100.298065,-13.613966,256.70242,100.15816,-73.27712,91.297104,99.741196,-39.361317,310.95618,101.363464,-113.09688,44.54771,94.39905,-103.2486,326.8523,99.1598,-117.588844,31.627405,90.181564,-114.96929,329.10333,95.54508,-137.1474,34.20007,88.32418,-134.08685,322.64664,98.52892,-123.921425,40.635277,91.022255,-116.21236,196.35939,202.15877,-12.521341,155.07628,199.35027,12.589271,250.84003,260.33432,-39.530502,96.7664,218.65167,-70.99869,311.48975,287.1711,19.238562,81.31459,285.38083,-9.1344795,319.74124,288.59506,22.0315,83.76898,295.7222,-5.260567,327.51013,297.41452,-30.506516,59.09805,304.18463,-45.65377
33-0.pngresized.png,230.46408,102.20603,182.75333,229.9664,96.03813,158.25146,226.57645,95.92312,158.3037,223.4224,95.78439,158.1647,239.308,96.85905,159.71938,242.66177,97.0553,159.76456,245.94954,97.30471,159.87444,220.24196,104.16925,53.55113,252.60114,104.86565,70.18345,225.98685,112.2978,149.0061,235.65009,112.199234,152.9731,176.16016,169.86617,-38.982346,296.72842,160.76541,41.891388,128.3626,260.59787,-15.663461,389.4064,178.76218,15.047932,82.561775,328.5136,27.532782,485.83325,161.03845,-13.2078285,69.609924,353.48676,10.320219,514.9379,162.55759,-30.855951,70.96105,345.48755,15.821206,510.03613,151.58398,-20.245161,78.194855,334.51935,32.165604,496.6761,149.89645,-9.768686,200.46248,336.1477,-50.941803,270.58768,341.80957,51.170147,106.47194,395.41116,19.426249,375.88602,409.7267,110.891136,69.97997,485.86264,115.04655,495.9273,476.75256,197.03436,76.978516,502.15216,127.31688,512.8358,492.78046,207.60228,33.214664,487.97296,125.81728,517.44586,466.1351,179.4943
35-0.pngresized.png,117.142876,56.655838,-124.91723,123.695595,51.61566,-123.66769,126.16307,51.802853,-123.56265,128.70386,51.916157,-123.46408,118.365906,50.90644,-114.18831,116.9355,50.45312,-114.25592,115.50498,50.08539,-114.4037,137.82129,53.64194,-98.539505,119.51742,50.74709,-55.800117,124.09122,62.77019,-116.09762,117.37538,61.713364,-103.49003,159.72551,80.09436,-56.459496,107.030205,76.64244,-33.201023,197.31322,77.93399,-58.51021,69.59805,73.01706,-35.580925,242.38359,80.83349,-84.87637,34.387733,71.959175,-82.24454,255.48795,80.20517,-81.61189,25.009882,69.81091,-88.77491,258.04013,76.75273,-102.01676,24.797089,68.6402,-107.40821,252.96375,78.10239,-94.63991,30.028688,71.232635,-92.46743,152.98367,156.92654,-6.3054934,118.8205,156.09082,6.265866,207.61546,186.00761,-30.501263,68.86156,168.87682,-82.49329,248.92464,221.6407,21.054562,52.482246,220.10126,-41.17917,251.93118,228.81422,23.105885,55.02887,230.75403,-38.505264,266.47168,226.55913,-26.733484,31.0958,229.05574,-78.41363
36-0.pngresized.png,227.92714,75.38244,-80.12772,226.9704,68.01086,-73.54463,227.74307,68.15186,-73.555534,228.61797,68.246864,-73.58968,222.73412,67.56488,-86.78238,220.43492,67.18547,-86.80156,218.19614,66.8914,-86.88867,224.15411,72.843414,-24.793169,207.42738,71.25645,-84.08108,226.34155,84.71349,-61.429043,220.0598,83.94751,-78.684395,235.23393,116.21795,-18.351484,168.4228,110.358,-48.335518,289.33643,114.609436,-40.311256,104.06791,107.85066,-81.03886,358.11902,105.24353,-90.14689,45.426994,107.865204,-139.24658,379.28027,103.97299,-98.42198,26.577002,108.61769,-136.76007,381.54263,97.49247,-120.816154,28.58401,105.33958,-165.16869,373.38113,99.85292,-103.76321,36.4769,107.27562,-153.00389,213.2586,229.7775,13.907755,166.89767,230.7525,-13.773595,294.0015,276.46222,-62.72733,98.1985,276.76035,-38.5666,313.398,344.55048,-21.89076,40.290977,335.01794,6.040102,309.14343,353.74432,-18.315325,33.698204,340.70813,8.588519,352.08176,364.18182,-48.647545,28.224207,364.22113,-43.54736
37-0.pngresized.png,185.92363,55.586143,-144.31104,193.61761,49.262424,-145.71326,195.88455,49.487495,-145.58041,198.27351,49.602547,-145.4465,189.55511,48.79903,-129.91357,189.12993,48.570766,-130.00076,188.68019,48.46355,-130.33159,210.83827,55.165432,-128.77055,195.11716,53.136555,-56.100597,194.23323,66.24833,-139.81424,188.75914,65.5047,-118.54561,247.09802,107.8851,-124.81686,172.7305,99.59501,-17.108429,319.9131,106.80099,-172.55672,100.70498,99.18179,-34.546314,389.07797,107.62265,-227.69347,39.228542,90.1942,-106.74756,409.168,101.791504,-235.03761,23.306944,80.874374,-109.851875,414.46814,98.32965,-263.2823,20.436968,80.842674,-145.38612,406.65558,101.67191,-243.31378,30.590141,86.35423,-126.24135,236.9854,228.5468,-40.188187,185.59123,229.32451,40.140057,301.72632,306.94754,-86.88417,112.23194,258.9063,-19.881378,389.96973,346.2805,-11.853245,95.78114,347.06616,41.752464,401.36642,346.29327,-6.4857483,104.355484,361.49637,44.10961,403.7709,371.99,-73.36526,52.51171,372.1821,-5.842931
38-0.pngresized.png,334.60837,149.72696,-185.27557,346.37817,138.12753,-193.12978,349.78973,138.25728,-192.938,353.4154,138.16626,-192.88919,341.01065,137.8288,-164.88869,340.7502,137.29616,-164.85446,340.48593,136.98897,-164.98549,375.89566,144.33331,-181.4196,354.6876,142.1678,-49.519028,349.76257,166.1847,-181.80692,343.68262,165.03227,-144.03267,459.0249,222.60527,-154.50964,317.6217,223.1334,6.8183627,578.6272,225.1178,-214.94614,200.5408,224.29384,-31.473175,688.96515,241.89366,-292.9171,88.42549,222.38985,-161.32822,718.80493,239.32515,-295.4938,55.608032,213.46996,-171.77686,726.4223,230.63814,-346.56943,56.351273,206.76332,-224.20697,714.7948,235.52016,-318.48828,71.394714,213.58884,-194.18658,448.76978,441.87885,-55.797523,352.65253,439.46494,55.995617,596.4908,549.307,-113.01108,201.4716,487.18,-126.140625,727.4565,636.99896,5.303868,178.13806,633.82697,4.2974544,744.41254,648.19904,9.482638,194.38766,659.432,12.342822,756.14246,662.0017,-135.51558,101.13055,674.6692,-73.2697
39-0.pngresized.png,572.2723,253.33119,-289.5287,595.57336,229.46806,-303.07642,604.00104,228.44174,-302.70932,612.9625,227.06064,-302.91342,578.79407,232.72282,-251.68617,576.5444,233.25952,-251.6968,574.2007,234.26297,-251.89192,663.29846,242.63254,-254.78748,599.8006,250.11519,-23.344315,607.28894,289.2557,-275.0215,588.19214,292.36093,-208.95703,820.66254,424.07953,-124.36849,546.6953,414.02527,61.488426,1054.4014,438.6867,-79.70184,310.48364,434.66135,31.266775,1302.1941,481.1885,-142.86783,109.59115,418.03275,-173.80093,1374.5491,481.49948,-134.75253,55.404854,398.10312,-197.5423,1390.1869,458.31204,-237.63641,59.0423,395.32816,-279.05176,1361.1348,469.75024,-198.8308,93.075294,414.83606,-225.45546,769.30383,885.7108,-74.905014,582.20105,865.5599,75.22636,1079.6647,1098.6593,-142.01593,302.1727,872.43225,-336.6601,1333.0496,1282.9523,99.69142,316.71567,1199.2672,-16.608358,1352.1569,1320.3583,110.780235,357.16354,1269.1995,2.8465111,1432.769,1314.3502,-147.50497,171.03915,1280.1459,-166.78629
4-0.pngresized.png,238.11612,43.897762,-159.6303,238.64677,34.840195,-136.48732,241.63647,34.6774,-136.47122,244.77078,34.4018,-136.5207,227.3513,36.210983,-149.48488,222.66893,36.85283,-149.3754,218.02525,37.63583,-149.28036,241.42838,41.873535,-26.809835,203.71602,46.69504,-82.571915,240.7562,56.91841,-120.40232,226.56863,58.85538,-136.25832,260.34113,96.26903,-1.1149979,166.72556,99.79516,-20.465,331.0749,81.96507,-19.07386,105.0494,87.79859,74.00734,409.3634,76.55649,-106.08808,37.88754,77.88371,182.24547,432.75,80.13225,-126.59728,18.130074,75.75445,188.06084,428.68585,72.14695,-155.49738,21.021122,74.26756,159.86546,419.29126,72.47969,-124.198425,29.672958,75.14224,169.55978,253.93233,241.20367,4.726083,191.47897,250.2823,-4.8362656,378.3535,314.38046,-118.29504,118.40193,326.72284,59.457844,379.90933,413.9165,-33.1734,78.35228,378.0568,282.17786,360.16077,428.7546,-25.897835,82.73842,383.76974,304.41714,438.47797,462.99744,-70.13607,42.655487,424.2879,254.97258
40-0.pngresized.png,144.85985,56.713737,-95.08597,150.83176,51.837593,-92.20422,153.26892,51.941807,-92.10158,155.81694,51.96388,-92.07816,145.173,51.9933,-83.599556,143.7733,51.968163,-83.6391,142.37288,52.043373,-83.80688,165.68637,56.5998,-64.22042,145.20146,56.23335,-24.192196,152.52785,65.00477,-86.38548,145.4135,64.86988,-74.69384,193.87657,93.40996,-29.297455,129.34688,89.82246,-7.8331013,245.7894,76.26197,-30.38562,76.53923,85.963135,-12.830243,299.48163,73.18559,-62.494194,30.94037,73.128494,-63.651844,313.84003,70.85673,-66.16953,19.989824,67.352486,-71.25576,317.23038,65.088684,-88.83073,20.045172,64.993866,-92.94284,311.31525,67.69539,-75.73329,26.706446,69.203384,-75.96718,178.38565,193.55759,-12.855165,136.18083,190.34131,12.968152,245.28024,237.4239,-34.893654,73.65536,195.53864,-95.847115,308.5167,273.36874,21.727682,72.47119,263.55945,-15.983883,315.24072,281.11902,23.754684,80.64725,276.562,-10.679895,328.3128,278.0863,-40.807827,41.27378,281.9852,-56.436234
41-0.pngresized.png,468.01392,167.21605,-113.61638,478.95322,153.2995,-123.95872,483.03223,152.53459,-123.81882,487.45602,151.49515,-123.878456,471.0465,156.3569,-90.175865,470.0147,157.28438,-90.28379,469.01288,158.46036,-90.44847,511.12537,161.71217,-114.40643,482.7787,169.27872,41.15761,484.64896,189.24109,-110.1357,475.3811,192.47366,-65.17585,609.39166,280.25873,-86.89497,432.53552,283.85165,108.20385,778.8692,272.4177,-147.9017,284.30908,286.40445,103.28827,935.6996,294.77182,-252.44328,146.33109,265.51407,-53.621174,980.0311,295.30734,-261.89154,105.167694,252.9122,-67.78284,987.86646,286.32724,-333.113,102.448044,241.77504,-126.6778,972.89294,288.96408,-290.07428,119.36566,250.7044,-90.192795,573.6897,584.3229,-49.585297,450.4847,583.57153,49.585453,773.7221,747.21136,-147.55862,250.03131,669.3328,-272.53204,935.56464,895.6502,20.457584,210.13882,902.4609,-75.89432,945.0721,921.7599,27.02778,227.01172,945.8277,-64.63281,1004.45056,922.181,-144.86313,122.4096,942.1358,-196.07109
42-0.pngresized.png,663.2266,186.52554,-229.26642,659.3547,162.52386,-206.4461,662.4081,162.39056,-206.52562,665.7948,162.05423,-206.6314,644.5935,162.3578,-245.17995,636.6662,161.59297,-245.2738,628.8588,161.08246,-245.63103,646.7069,172.7272,-45.27512,588.8157,172.78542,-221.21518,654.7309,214.00948,-167.93605,634.0386,213.60349,-218.6586,667.6159,293.19696,-32.603767,475.93082,297.3778,-100.501976,808.5608,316.6345,-72.30925,295.0024,298.7941,-71.86495,997.66754,300.85208,-145.44955,135.18336,289.41052,-14.151527,1052.9713,294.1292,-147.23376,82.09771,281.6345,-9.954972,1063.2886,274.82178,-216.44368,90.52598,269.05807,-68.85659,1040.6187,283.0787,-184.1647,110.82318,275.35422,-44.52599,643.01373,647.0721,24.825447,510.80084,675.65924,-24.632809,877.999,749.43286,-216.2675,297.64807,836.6666,-58.262745,929.91016,987.9559,-107.95808,137.23091,984.3077,118.760574,903.754,1024.411,-96.63354,135.43413,1008.0729,131.071,1045.8546,1080.4652,-198.41455,51.383324,1062.6023,-8.841371
43-0.pngresized.png,148.57787,47.532337,-52.811817,155.63751,40.244522,-60.83285,157.76045,40.027477,-60.723343,160.022,39.718544,-60.739464,152.57373,40.7678,-44.025074,152.50812,40.78672,-44.054867,152.411,40.896416,-43.9979,173.61244,42.641724,-63.35822,162.13116,43.21217,14.517562,157.47905,55.539303,-53.46697,153.35439,55.859634,-30.92357,214.07698,89.202034,-65.60186,147.76561,84.905174,32.535236,267.77322,101.26573,-134.06267,100.059006,82.22794,34.809032,308.63574,114.736206,-232.27481,51.590214,80.91918,-18.063684,321.8421,115.97486,-254.33821,34.57054,77.84467,-34.138992,317.53482,112.44332,-268.90506,38.617382,75.15235,-44.861996,312.17334,112.44842,-242.70903,45.44616,76.87811,-28.205496,190.97383,210.80818,-31.656286,145.03787,207.66396,31.83487,244.78671,283.64777,-47.60367,81.98067,260.16907,-58.851532,306.68655,345.7123,6.333928,64.800125,337.22754,8.924841,317.03665,354.98715,8.892248,71.13587,349.33167,12.251366,310.67654,364.74625,-57.06454,31.299366,359.98236,-38.987583
43-1.pngresized.png,139.14615,57.70941,-66.03625,145.79425,49.200897,-73.484276,148.34377,48.838577,-73.40711,151.03046,48.376274,-73.4418,141.1882,49.96666,-56.93361,140.31566,49.906216,-56.947586,139.46284,49.96473,-56.86822,164.594,49.922745,-70.22112,147.9532,51.14269,4.9693146,149.1952,64.96148,-64.08957,143.10632,65.5016,-42.628284,209.2206,94.99859,-58.2685,132.21907,90.948685,22.513882,266.31735,91.3219,-80.696434,79.4116,83.86728,20.874756,320.71442,89.421036,-122.762665,25.215796,84.59381,-58.070316,334.40555,87.69751,-133.31291,6.2248945,84.00143,-78.63479,334.61267,82.256584,-155.36795,10.020589,80.02748,-96.72508,329.2355,83.16835,-134.85593,18.031292,80.68715,-72.271774,182.97372,223.94846,-24.433796,130.50146,220.11838,24.63556,253.50317,291.44382,-53.501854,59.63177,263.80225,-81.025665,328.14594,347.30316,-10.860735,44.9962,341.3822,-5.5134206,340.78937,355.2166,-8.996952,49.966293,352.15836,-0.16155541,338.79175,363.77176,-77.82483,18.776945,368.15335,-50.89058
45-0.pngresized.png,175.07326,57.214123,-100.23694,174.98616,51.430748,-91.49497,176.18419,51.6591,-91.48564,177.45808,51.846806,-91.502,170.05104,50.710533,-100.84936,167.68694,50.310017,-100.87228,165.36862,49.972282,-100.93528,173.67514,55.23583,-41.51957,155.89932,53.126877,-82.40361,174.2027,65.125984,-81.77309,167.45518,64.181,-93.52924,182.58876,88.14712,-33.52271,125.9422,86.948326,-45.49654,225.89964,85.35643,-53.085632,79.80314,98.58818,-65.83113,278.10904,82.0171,-91.82481,34.695454,94.759926,-115.27107,294.2666,82.764755,-95.10013,20.684364,94.2369,-109.36465,295.32535,77.75056,-115.00144,19.817106,89.76364,-132.8357,289.55444,78.96948,-102.29086,26.478281,91.61339,-126.07294,171.94484,175.56224,6.6794386,133.04012,177.50279,-6.647484,234.68692,207.63002,-51.478374,79.47402,212.79095,-26.492775,252.43608,259.53937,-3.1196647,36.09133,255.19247,17.900316,248.6475,267.58368,1.5113183,32.09724,261.05188,20.924358,281.3326,276.3876,-26.94309,24.66657,275.88416,-25.212675
46-0.pngresized.png,186.41156,63.440266,-180.35226,189.7377,57.533104,-165.38205,192.31917,57.573555,-165.38272,194.99458,57.567932,-165.42087,181.4023,57.592762,-169.19067,178.21986,57.585033,-169.1975,175.07413,57.663864,-169.25394,196.84917,62.138493,-88.54197,169.54387,62.313858,-103.90686,190.9138,71.80199,-153.48149,180.0449,71.89908,-157.90419,208.57106,97.83241,-39.751553,144.78719,97.07481,-59.74907,258.1158,93.5598,-27.513975,86.72479,93.69628,-77.70207,307.00644,92.276535,-65.232216,37.22047,92.42619,-130.4338,321.6898,93.81748,-76.58176,23.515366,90.08765,-136.6643,320.76898,88.22717,-97.97619,21.577309,86.790306,-157.94534,315.99878,88.801315,-78.15531,27.369225,89.73627,-143.5737,191.49283,194.79994,7.0786724,149.85258,196.16875,-7.01552,266.94482,208.11772,-132.22711,86.58989,237.25232,-49.094795,263.80322,276.26508,-30.146034,34.264904,285.7698,-14.833501,252.82907,286.7629,-22.252848,30.965275,296.49915,-14.573117,297.24298,301.01874,-74.35475,10.692737,300.8903,-82.29499
47-0.pngresized.png,205.34996,40.42273,-181.16342,212.17253,32.75326,-164.40399,215.89723,33.117184,-164.50084,219.79692,33.41982,-164.58691,202.09912,32.389164,-162.82663,198.3619,32.373013,-162.79884,194.61266,32.52834,-162.81645,225.65146,41.35805,-74.745705,190.61765,39.09755,-61.57811,211.77423,53.317837,-150.37502,198.02466,52.652065,-145.86151,245.49287,92.249725,-67.51551,165.38506,86.28034,-20.34661,294.29938,88.48756,-212.6531,152.16791,68.978035,52.72936,328.82944,73.950165,-411.91736,160.00963,63.63528,148.20186,344.51846,71.99613,-456.92603,160.75713,61.341503,137.15115,335.8703,69.95881,-462.43927,165.79797,62.650574,130.0825,328.21075,72.68923,-423.97552,166.42589,64.525314,144.16951,225.86089,226.92403,-16.116293,174.40126,225.26271,16.013151,276.98978,310.13242,-207.42944,158.56766,266.02884,226.94905,276.10757,414.4587,-204.2134,139.12283,320.3236,500.17453,264.7496,428.63135,-206.05933,143.40024,333.21692,526.4686,303.32608,453.9563,-303.58737,112.18261,342.19467,479.32797
48-0.pngresized.png,135.7538,57.783043,-44.182274,139.22131,52.758663,-47.609184,140.6852,52.33596,-47.544212,142.24846,51.84714,-47.561268,136.38593,53.796608,-38.27248,135.91754,53.998516,-38.28692,135.44923,54.29116,-38.28048,150.62703,53.430637,-41.820145,140.37508,56.278435,-0.3090762,142.0488,63.48592,-42.106293,138.68468,64.64424,-30.181393,183.26375,87.8674,-23.846172,126.74593,86.19323,15.62906,232.2432,81.05662,-31.956797,81.442665,83.82061,8.908776,281.30292,81.897736,-43.147335,36.01718,81.106964,-38.371513,295.27228,80.4523,-40.565304,23.175812,79.31185,-44.23671,299.1826,77.00182,-60.99364,24.285755,75.97936,-60.884712,294.1654,78.64951,-53.852356,30.114166,77.79433,-48.913322,169.04572,183.47765,-9.164402,131.55486,179.92743,9.237671,223.59409,231.2609,-17.207848,68.9105,206.66652,-62.642235,278.61072,271.61237,20.912394,49.475277,265.24057,-15.516709,283.3485,280.1548,22.05742,53.62801,277.14795,-12.67242,300.2872,277.01813,-25.722034,20.770533,276.6722,-45.839878
5-0.pngresized.png,663.24414,345.15723,-601.37,689.61163,320.73865,-605.7592,698.61835,321.47153,-605.5418,707.88,321.7524,-605.38745,672.5478,318.5089,-551.55505,669.2219,317.03757,-551.4222,665.9832,315.99374,-551.55505,750.20386,335.78946,-541.3438,687.4774,328.30508,-299.53055,693.2941,381.56003,-579.6389,672.2845,377.76965,-508.16284,882.3689,497.23837,-411.68268,624.9386,486.911,-166.20546,1126.9606,510.77686,-469.17178,403.03864,460.03107,-195.25578,1367.7197,493.70834,-660.6499,194.20175,436.18228,-404.56985,1431.1063,479.45987,-697.71936,130.35753,420.75586,-449.92972,1430.7052,454.8808,-813.3529,138.801,400.83044,-542.16626,1406.6982,467.9619,-716.4477,170.16505,412.55206,-462.47787,888.59753,871.2122,-60.42241,714.5589,876.80554,60.184956,1189.3152,1033.9155,-95.61889,424.3709,911.8588,-386.55338,1446.1841,1192.4692,63.04769,407.30402,1187.2815,-128.97371,1466.812,1228.4485,63.784225,438.60306,1240.8988,-114.28412,1535.4918,1217.987,-223.12392,293.51077,1249.4763,-294.41367
50-0.pngresized.png,223.3613,71.81743,-100.1156,222.48262,63.457672,-92.65224,223.55365,63.415924,-92.68858,224.7526,63.323708,-92.675575,217.37709,63.348873,-105.66341,214.62419,63.07631,-105.75332,211.93492,62.897083,-105.8624,219.2813,66.487625,-42.430264,200.2234,66.7015,-101.641914,221.19888,81.43028,-81.383934,213.9776,81.13621,-98.81264,229.46233,112.80377,-30.711576,163.98167,111.65628,-78.2541,277.50305,118.06818,-47.704117,105.20201,122.2747,-73.69983,347.25146,98.985916,-118.16553,45.749966,113.7765,-74.36011,369.34344,91.40227,-129.33807,31.401947,110.99522,-72.898895,372.22388,85.555504,-150.87344,29.217293,106.38008,-106.36841,362.19482,90.01367,-132.6642,36.76664,108.83438,-88.55996,217.5239,232.33856,15.998865,173.1071,237.73169,-15.644575,296.61536,243.82118,54.077682,93.88052,286.84473,-54.17434,280.79175,317.58704,116.954704,44.27077,332.7251,2.8653657,266.16748,328.159,120.34848,47.087276,336.27063,6.5585136,314.4752,354.53174,123.61862,10.717552,364.89667,-39.191597
51-0.pngresized.png,147.03339,72.63788,-31.913355,146.53651,70.087395,-27.333996,146.84105,70.175476,-27.350597,147.19728,70.24558,-27.367893,144.42421,69.89943,-33.658875,143.36855,69.80674,-33.664608,142.3401,69.74834,-33.700176,144.66527,72.23416,-2.465419,137.0458,71.79737,-31.231379,145.95679,76.99612,-22.652628,143.1014,76.73487,-31.045866,149.07649,92.42917,0.3477089,119.23408,90.647385,-17.980345,171.86649,92.468185,3.9927423,90.72616,90.69428,-33.342728,201.78368,86.71235,-13.806029,63.642,83.6398,-57.600574,210.6054,85.01694,-18.12164,54.619843,80.881195,-58.676037,210.84273,82.152016,-29.793642,55.2732,78.07219,-69.63692,207.98404,83.50534,-20.80105,58.3804,79.65122,-63.391346,143.7286,141.84515,5.345157,122.990555,143.37863,-5.2949405,181.99844,155.67628,-21.594772,86.52464,163.21532,-22.153801,183.37753,186.21793,8.814372,58.163475,187.97075,-9.997252,179.29744,190.26741,11.10721,57.15705,191.72601,-9.821966,198.24869,197.54808,1.1462557,43.087776,196.45909,-35.527798
52-0.pngresized.png,195.8359,67.75589,-134.77017,202.18256,60.324314,-140.78113,204.52568,60.235577,-140.74991,207.02388,60.022926,-140.81848,198.30948,60.81223,-124.13602,197.73964,60.896683,-124.19702,197.19865,61.085003,-124.2066,220.23666,65.08533,-132.9484,204.96893,66.112114,-57.222946,204.74074,78.756836,-131.58301,199.56114,79.12681,-109.73213,267.98804,120.05674,-112.19321,185.38284,116.12843,-18.348698,342.40005,122.27004,-143.82816,113.74207,115.10982,-25.648478,412.6001,128.67363,-194.52344,50.360844,111.68809,-94.008514,432.24313,127.40963,-201.5806,29.845116,105.17017,-100.03872,434.05563,121.69057,-233.74379,28.398447,102.43047,-130.05481,427.38498,123.70979,-211.99669,37.34395,107.22108,-111.52861,253.62486,256.82483,-24.46851,196.78175,254.78177,24.611712,342.50638,324.40805,-63.310516,103.89151,285.3312,-94.610245,417.75027,395.31085,10.707074,75.162636,382.42786,-23.63333,422.57443,405.9236,13.378791,81.1013,400.4401,-19.290697,441.8495,415.86246,-71.73444,32.829468,402.22437,-74.08501
53-0.pngresized.png,218.35158,48.110607,-62.983326,217.10312,42.726147,-56.842503,217.71022,42.756554,-56.8697,218.427,42.691406,-56.93564,212.91524,43.74755,-65.41289,210.61436,44.362114,-65.41508,208.37636,45.052757,-65.42988,213.55803,48.678204,-14.880463,197.32173,52.261833,-53.63669,216.20656,57.471863,-47.351315,210.54234,58.61072,-58.690136,229.55826,93.46779,-16.234251,153.90308,96.283585,-25.882929,282.33725,93.48297,-18.726114,87.599464,101.173355,-61.20055,340.60953,94.786804,-61.58173,30.443588,100.85226,-98.24918,357.48758,95.38379,-70.886955,11.725313,96.16127,-99.572334,358.766,89.288185,-94.32233,9.443705,93.37296,-125.53845,353.23694,90.18226,-75.46892,17.160513,96.54802,-113.03022,219.98293,212.58351,7.8600106,169.86827,218.65552,-7.5726967,300.87082,254.1841,-47.892704,96.81239,274.78543,-36.371914,324.97137,333.5684,5.1517034,42.198147,342.51947,-2.2603412,316.6313,345.8403,8.462895,38.901382,352.83585,-1.9749545,369.4977,356.5489,-37.02241,21.774027,362.54156,-65.866455
54-0.pngresized.png,102.869446,56.71914,-71.538994,106.784966,53.972427,-66.95548,108.24167,54.440987,-66.86673,109.747375,54.854362,-66.87885,103.204704,52.87361,-62.35695,102.09419,52.411522,-62.304012,101.01385,51.99495,-62.315674,113.01479,56.799484,-42.795166,101.59046,52.553207,-20.132626,105.67992,61.26394,-63.20197,100.838104,59.764015,-56.70929,124.22204,74.96466,-30.432299,90.35259,74.72698,-3.878625,148.39928,72.11979,-46.9186,67.1844,79.08981,24.263704,177.87703,72.01114,-63.283104,46.024544,81.292564,36.50583,185.9549,70.372696,-60.47619,39.85733,80.36216,35.890633,187.48065,69.20644,-70.014305,40.01809,77.97321,32.424404,184.83478,71.02156,-67.73317,41.720375,79.35525,34.504215,122.815346,123.11172,-14.215066,108.881935,127.80348,14.465039,109.10184,123.68606,-112.4372,135.0781,155.03839,30.920858,102.549095,153.20348,-110.674866,155.49539,174.81572,42.648235,103.606346,158.44165,-111.022896,158.11928,177.97882,41.625694,93.812874,161.50465,-141.30945,164.65604,182.64111,11.908126
55-0.pngresized.png,373.44955,109.4135,-241.72398,376.8587,97.12636,-218.06802,381.40042,97.65862,-218.14964,386.13303,98.116425,-218.28076,360.98682,96.24822,-232.66385,354.38034,95.95016,-232.69194,347.85297,95.83101,-232.93198,383.50525,109.50058,-84.96551,328.87143,107.12071,-151.57524,377.32425,129.67865,-193.86797,355.94858,128.4965,-213.17613,406.85742,192.34195,-27.292349,273.69186,192.824,-63.47376,518.8531,184.92168,-17.83911,168.98064,213.53526,-49.72055,637.7244,174.80792,-68.12998,61.458553,209.059,-48.694416,673.92975,175.27097,-71.96015,29.016396,204.18182,-36.455055,675.74414,165.01842,-119.746826,27.664856,197.6258,-88.67877,662.0749,169.6516,-93.83525,44.782406,202.9886,-73.01591,383.47916,394.84073,16.18961,294.23444,404.70477,-16.228498,564.41095,449.04907,-172.61584,156.28755,502.37473,-88.052765,558.47064,597.0969,-26.820755,59.281925,608.1073,11.115045,532.595,616.98083,-12.461107,55.485588,625.587,16.042412,635.62256,661.94403,-57.8483,8.755552,657.54175,-77.54765
6-0.pngresized.png,444.12582,116.31137,-122.42563,438.93936,103.31128,-104.03115,440.45416,103.22104,-104.07902,442.25275,103.01911,-104.152824,428.8551,103.87374,-131.1897,423.42313,103.87937,-131.3321,418.11002,104.031685,-131.60222,429.59067,110.655655,-4.8030233,392.91367,113.20746,-122.344475,440.43832,134.48773,-85.858154,427.167,134.96977,-120.393005,450.52188,194.78792,15.963968,323.44443,198.6128,-94.09211,541.9329,209.35345,26.546478,211.0953,223.4821,-151.67209,664.597,204.13658,-44.494015,98.55773,227.28754,-216.68887,705.4582,197.3397,-53.642952,63.818478,224.34908,-211.69206,706.3248,193.80275,-95.29938,62.749676,216.05574,-270.96292,689.5503,200.89932,-71.86365,76.630135,222.58743,-243.50133,435.2022,411.362,30.765814,344.98087,426.1238,-30.290173,607.75244,431.43277,-67.70788,189.15826,523.1428,-104.76574,582.71545,597.73413,33.35105,68.87309,619.6437,-49.369717,551.84625,619.808,37.912285,61.909134,626.9799,-50.107513,664.82715,663.76575,6.0063524,23.163712,672.82776,-167.63498
7-0.pngresized.png,378.61328,127.1712,-322.60876,392.27045,116.02567,-301.48254,398.8675,116.85366,-301.3527,405.63092,117.48394,-301.2646,374.2978,114.72324,-295.33005,368.4603,114.127014,-295.19534,362.67798,113.72526,-295.2779,420.1812,128.31134,-172.56827,359.1096,122.79297,-142.85368,392.69656,146.96265,-277.57452,369.90634,144.73352,-269.1178,462.4736,213.32849,-75.40073,313.7046,198.24013,-72.00452,580.7094,206.5903,-78.631325,181.92387,200.6542,-107.520805,722.86945,217.20116,-180.01884,75.4847,188.03094,-236.80879,762.09045,218.84752,-182.24086,47.618065,178.38805,-248.13988,767.95105,205.3997,-239.1079,46.202328,176.36438,-302.27496,752.76245,208.77641,-207.68448,62.90544,183.98991,-265.4816,435.8243,444.71292,-14.574346,337.0612,435.32227,14.848045,585.89795,562.74976,-117.803734,179.02681,496.4061,-252.22963,704.1239,700.1337,-1.8033928,143.46413,656.9303,-91.08751,711.5274,726.6452,-0.094473444,156.60338,686.216,-80.27699,759.38904,722.5273,-164.89534,73.98989,697.7361,-200.00005
8-0.pngresized.png,169.26909,73.534256,-72.250305,174.45671,68.34543,-74.70474,176.24629,68.24281,-74.62378,178.12798,68.04458,-74.63919,171.22786,68.97845,-62.609364,170.96068,69.152565,-62.58547,170.68974,69.43144,-62.63458,189.0096,72.88559,-70.542656,176.01688,74.64271,-13.905894,176.94301,82.597466,-71.98299,172.79347,83.18169,-55.653633,225.79132,118.25929,-64.04183,158.04521,116.95433,4.2064013,290.11035,105.137535,-93.36695,102.55411,113.792175,-1.640012,346.99414,105.84102,-133.59334,53.265945,108.59002,-57.42185,363.18222,102.48661,-137.24559,38.57071,102.518105,-62.8323,364.02228,99.85918,-159.95569,39.725452,100.93327,-86.535446,357.93756,102.80601,-146.09348,47.84029,105.06607,-71.346725,215.15651,229.1323,-19.768476,166.68834,228.7318,19.80926,297.70798,278.67316,-53.699265,91.94306,245.11871,-64.853806,368.1334,323.0392,-4.9972444,91.18562,320.03,10.702598,372.83075,329.76038,-3.6415224,98.883934,333.07614,15.716343,390.61536,334.0929,-67.21219,61.630394,339.0586,-11.116681
9-0.pngresized.png,131.46318,52.656254,-103.654396,134.77853,49.456757,-96.969284,136.64343,49.579933,-96.93739,138.57426,49.643234,-96.93039,129.65,49.502132,-94.3643,128.00333,49.54934,-94.34818,126.370415,49.659557,-94.351845,142.8612,53.929516,-59.882484,125.77234,53.778732,-45.936188,136.13078,59.337364,-91.290665,129.6548,59.320625,-87.267166,161.44875,85.84079,-35.10284,110.87671,83.40769,-23.09364,199.55077,84.27928,-45.034565,69.47581,86.98042,-43.70072,240.80104,87.35047,-86.51657,26.195593,80.929436,-83.78554,252.25006,86.80095,-87.504524,15.369955,76.686485,-78.72162,256.6728,83.18079,-106.66961,12.379647,75.45672,-101.092514,252.2657,84.56168,-96.076004,18.765413,78.544014,-95.13756,155.34412,157.49724,-8.14002,121.75131,157.08527,8.153521,206.5116,195.43375,-33.66835,74.69095,180.91609,-52.215614,255.1899,233.12582,4.562291,61.779926,236.58296,-4.0011168,260.00037,240.40276,5.699756,64.97616,245.83395,-1.1133708,274.76328,238.17847,-43.867207,42.19082,250.56699,-37.06348
