0-0.pngresized.png,204.4774,305.60248,-25.206259,209.34981,309.44864,-62.2493,215.39796,308.84454,-62.08104,221.1816,308.20255,-62.097717,195.13509,309.6189,-61.50469,190.0127,309.58353,-61.430626,184.97627,309.34988,-61.602,230.22052,298.33112,-178.58249,180.41043,299.44006,-170.38011,215.71962,297.02988,-61.973667,198.13918,297.87732,-59.903706,268.03424,255.12152,-167.28761,164.40663,256.42834,-138.21207,278.69193,306.11438,-74.07842,168.29944,298.74292,-56.492733,241.79457,348.56522,-80.05028,189.32027,344.22443,-30.341667,243.1476,361.91467,-117.39427,189.12253,361.87158,-57.622547,223.8781,359.59262,-138.07887,196.8869,357.9288,-61.852005,219.0917,355.45993,-93.77955,201.34666,352.6228,-33.54298,255.26779,114.13231,-6.9641037,184.22452,108.86733,7.0694947,331.23376,226.31512,43.26851,99.70578,218.80148,91.31026,416.15964,301.5022,95.609116,30.282137,324.23474,158.2941,426.21814,311.36606,101.48574,24.372688,335.78708,162.8102,435.41537,341.55325,18.885101,-1.8323874,379.9284,66.23669
1-0.pngresized.png,167.05849,228.97362,6.5379734,171.05537,233.80797,-2.819308,172.62073,232.66934,-2.7524977,174.13718,231.54189,-2.8115444,167.92389,235.9492,-11.651303,167.2485,236.51753,-11.6519165,166.52245,236.98628,-11.61704,179.09029,223.05682,-23.273348,168.08101,231.20265,-62.388363,169.39236,218.32933,3.5450728,166.35516,220.87773,-7.6157465,200.9761,170.97978,-32.6039,148.835,197.2379,-51.213554,243.50688,121.11604,-23.270039,179.81096,154.34038,-31.79271,278.81442,97.54636,-41.21579,224.10577,140.18883,-8.620336,287.12143,88.56093,-62.18856,234.41838,139.76802,-11.797574,286.58395,94.88329,-62.060066,237.74562,140.44061,-22.832903,279.85257,97.40366,-43.695995,235.93962,137.43584,-12.875942,147.70032,73.26688,22.139915,118.217636,86.36979,-21.857328,159.56287,94.443344,181.68321,95.36748,118.81485,60.850986,141.17491,92.05662,310.95312,112.717575,103.94718,208.46603,137.22191,90.42192,322.05515,114.39632,101.616974,225.48859,144.82675,103.51681,365.78964,129.19789,112.842316,279.12924
10-2.pngresized.png,384.11343,449.6421,-100.33916,391.11475,447.27686,-138.15337,397.31198,444.30743,-137.70335,403.2392,441.36075,-137.74994,373.59186,452.4557,-135.00105,367.51367,453.8067,-135.01433,361.3978,454.84854,-134.97885,412.41638,421.9,-219.53363,351.89966,439.59818,-213.30415,394.69574,433.23282,-120.81839,376.06952,440.87384,-119.09244,468.2687,374.45563,-184.90778,300.09647,398.25266,-177.44702,505.2874,488.7717,-154.6606,256.47562,525.97546,-172.75282,493.96826,615.9107,-192.48119,244.78235,644.2951,-234.26125,509.75287,646.1729,-243.35457,235.91231,673.9928,-303.4422,485.47742,646.8768,-267.61725,252.73183,675.4153,-315.78656,474.9263,637.26825,-207.89848,261.94492,666.6994,-247.21104,428.92566,257.33,5.2781615,327.37445,261.74664,-5.4756184,520.10004,368.48608,69.00738,234.89987,374.86313,34.513134,566.42377,468.3904,214.26523,168.81651,494.29944,128.88995,570.6298,473.8263,229.93985,164.09776,505.00406,137.37865,580.1025,543.476,153.77304,148.87567,566.8535,30.19881
11-0.pngresized.png,223.81966,364.94754,-50.823112,227.73117,375.37207,-89.74373,232.52014,375.0179,-89.60762,237.0807,374.65842,-89.731804,215.55695,375.75574,-92.14563,211.34502,375.96243,-92.230415,207.20595,376.01913,-92.55965,242.46559,362.17584,-193.82178,200.40494,364.50488,-209.22246,230.35286,350.51328,-80.43389,217.09421,351.458,-84.3857,287.1704,276.04324,-197.69153,157.65715,285.29105,-222.73003,387.3999,258.37042,-83.79625,72.92514,259.6411,-88.43229,429.62006,339.40234,35.737656,32.532467,339.7036,35.871033,452.0274,358.79105,16.96061,10.378536,358.47424,12.058299,431.31122,368.63174,11.331786,27.158705,369.02606,12.6805105,418.89276,361.71902,30.694508,37.79089,362.2648,37.41879,273.70404,107.59451,9.408842,199.05774,112.416695,-9.773972,350.77853,208.05537,145.5461,164.4953,229.59375,148.42665,410.43982,298.21188,322.97058,127.805504,321.80536,342.7155,419.08475,306.62057,340.41028,123.1485,332.46964,360.08267,424.9543,353.28085,259.1102,106.153206,374.53146,265.801
13-0.pngresized.png,118.92708,159.42413,-91.76705,121.22875,159.71837,-96.55896,122.91042,159.90628,-96.504364,124.51313,160.09088,-96.55423,117.37464,158.33995,-98.93606,116.05748,157.58432,-98.90825,114.7571,156.8027,-98.971115,127.43681,155.08978,-101.17589,113.16712,150.5747,-110.89631,121.29734,155.7547,-92.28929,116.57056,154.23523,-95.17736,141.6485,134.23558,-72.55112,103.87447,130.2846,-83.92852,156.68661,133.30179,-43.97807,96.91611,128.48334,-37.487514,150.05136,146.55913,-30.81118,99.72011,149.91814,-4.0013676,149.96614,153.6696,-37.782757,98.44293,158.29639,-15.537835,143.12093,150.5189,-44.066967,103.15239,158.86511,-18.289427,141.88727,147.69174,-35.894527,105.157135,155.723,-5.908742,137.94128,90.87182,2.817381,114.74311,88.80688,-2.975932,168.82565,123.05746,8.061009,82.49884,123.49275,19.459063,202.91624,149.52756,4.418682,49.41255,153.02232,28.235151,207.04828,151.55222,4.802913,44.310417,154.84094,28.619005,207.05457,163.90367,-22.718115,40.51342,171.75534,-3.8268652
14-0.pngresized.png,130.00294,164.73056,-33.504776,131.2007,166.89879,-46.134315,132.81421,166.6395,-46.091785,134.31502,166.3706,-46.142597,127.158356,167.18744,-43.818386,125.58107,167.32864,-43.840073,124.022804,167.39127,-43.976574,135.56557,161.5305,-78.247894,119.86282,163.29587,-67.79222,131.77031,160.61624,-42.609444,127.02366,161.14877,-39.693855,144.5812,141.432,-52.265575,107.62999,142.82433,-45.019268,159.15189,153.50874,9.21152,102.21894,155.14978,16.090706,165.35152,177.474,29.317448,104.70404,179.12424,43.82369,170.37938,183.51826,17.393486,102.51862,186.71808,33.11398,164.1896,183.98181,7.7260346,106.9355,187.20813,31.398592,160.71852,182.2576,23.4092,108.84509,184.84456,42.8783,135.94063,88.46886,-1.2884465,109.15413,87.44179,1.1644639,171.8576,125.12149,16.129324,76.01161,124.801834,18.947462,205.54376,159.99367,55.44432,46.17617,165.79652,53.45076,208.95694,163.29617,59.707268,44.481133,170.14465,57.15321,214.884,175.76468,14.140455,37.360207,182.5733,10.476274
16-0.pngresized.png,166.68492,249.1157,22.769434,168.92192,255.26015,9.397105,171.1064,254.98587,9.466655,173.11928,254.67314,9.39009,163.35146,256.1254,10.220643,160.95651,256.60037,10.26314,158.48035,257.01932,10.268035,171.85538,249.54341,-54.83477,151.0972,253.00853,-47.988445,166.31035,241.32465,0.7549817,159.77856,242.56102,2.5649674,180.62917,195.31972,-77.56004,117.62329,207.3128,-83.84494,195.36292,128.9835,-81.900635,100.71213,141.29463,-114.35521,203.77115,84.42876,-81.48518,103.77322,90.18127,-169.64899,204.63383,74.45691,-102.82842,103.815056,80.0626,-194.11234,204.51855,72.06783,-106.40653,104.52667,77.560165,-206.01619,201.78555,76.50986,-84.79046,105.91501,81.17258,-176.97556,161.60725,96.82586,16.79838,121.945076,100.360565,-16.612614,192.11652,147.6584,132.92772,74.59559,164.38632,103.03191,209.21217,171.30576,231.8511,39.270767,210.92764,209.37088,209.48828,174.26555,240.73877,33.6098,213.34021,217.5075,217.32922,192.30771,206.96173,27.01285,249.45413,179.6027
18-0.pngresized.png,198.22522,280.77866,-69.99817,189.38063,289.57516,-93.19835,187.80585,288.99652,-93.07323,186.20505,288.34784,-93.07209,187.91008,291.58298,-60.614925,185.30994,292.58353,-60.49808,182.72159,293.32513,-60.599705,172.89285,281.985,-168.00148,166.72585,287.7895,-15.523298,194.05574,267.88382,-93.402,192.71468,270.85104,-49.027145,196.00119,218.16472,-230.5586,150.42201,229.56335,74.23319,308.3693,224.15866,-239.5933,222.21002,216.68027,216.06778,293.344,321.88678,-138.95442,229.06702,266.15887,303.9626,296.60815,351.83533,-153.61232,226.16676,279.52493,320.38168,276.14157,349.02493,-157.68594,220.22052,279.5293,318.6207,272.78433,338.39096,-137.08963,221.02406,275.46387,302.1327,268.4674,56.702015,-90.848366,235.28847,69.11028,91.29443,324.00058,192.83609,-81.31982,251.40346,196.20924,300.7434,304.4282,227.97212,253.63374,255.87415,203.16032,414.9309,301.73706,224.42624,288.16132,256.26843,199.51172,425.4269,300.88434,284.8457,328.82257,257.54538,231.67674,422.74622
2-0.pngresized.png,410.46848,528.97504,-3.9452386,415.55957,550.0823,-60.43221,416.24765,553.8155,-60.067936,416.68613,557.2517,-60.34802,410.23627,541.3643,-59.433464,406.97165,538.1791,-59.36696,403.95505,534.7028,-59.32273,404.64804,553.4816,-214.54883,387.5324,522.65454,-214.27812,401.0426,518.226,-48.14217,394.9285,505.29517,-46.70975,408.44357,474.09796,-203.1854,297.8519,433.8387,-209.69524,540.42993,515.06573,-97.42699,154.64867,481.44727,-215.75682,606.99066,631.2625,-26.333513,69.08804,589.359,-307.52072,634.18585,654.73193,-61.598156,37.77129,606.636,-350.38855,617.3014,664.2395,-53.341652,45.952583,619.6451,-371.16135,604.1777,657.64453,-26.639006,57.75684,615.76654,-322.92175,472.5484,283.17322,-26.86489,416.65372,261.90732,27.329403,492.16504,416.9508,232.13673,392.82028,384.23642,210.18706,451.28668,515.9378,465.00015,392.2558,494.14062,472.07736,443.4185,516.4744,485.14563,394.4172,499.61703,496.62714,444.32727,590.9134,399.6025,384.25684,557.50946,415.3241
20-0.pngresized.png,146.37088,220.65294,-8.458274,148.18196,224.82481,-24.785501,151.17009,224.47647,-24.7527,153.99936,224.10411,-24.802225,141.05716,225.1962,-22.960718,138.3646,225.42386,-22.873413,135.66888,225.5174,-23.003584,157.00534,217.25352,-77.630486,130.64995,219.78484,-67.905045,150.75131,214.95605,-25.197989,141.85127,215.71576,-22.450178,173.60753,184.42514,-61.16229,119.132515,187.09808,-58.893127,190.4544,204.84686,8.729592,109.214806,203.14844,32.6007,183.47003,239.90492,35.48525,114.37268,237.10231,81.40506,187.96265,249.12973,15.759372,110.1249,247.82004,64.534836,177.51398,249.62915,5.5439386,115.74632,247.89886,63.548237,173.80539,245.7825,28.263685,118.870605,243.9765,80.480286,161.1696,92.29878,1.3812724,123.301865,93.28678,-1.3978347,210.49234,150.99606,48.661007,81.15707,163.18588,56.24183,250.99274,207.57173,104.251144,45.854027,225.56444,121.900955,254.27928,214.30904,110.56902,41.39743,232.30515,126.94389,265.5059,230.8915,56.850586,31.082216,251.13356,70.14361
21-0.pngresized.png,136.93745,199.98972,15.728787,138.63132,204.2019,-7.0694747,141.27452,203.77496,-7.002735,143.81818,203.30713,-7.062681,131.64462,204.62842,-6.991443,129.02869,204.73727,-6.9641066,126.43927,204.76056,-7.0609074,144.16971,195.7413,-74.66377,120.37298,198.13742,-75.41925,138.84091,192.02979,-4.700876,131.11342,192.90942,-4.55774,163.74872,152.50354,-82.06417,94.098114,159.1984,-89.48588,205.43997,150.68796,-27.002363,57.37046,152.27936,-39.76856,224.38535,188.57352,31.401648,37.109665,181.1821,3.06648,233.9104,197.04309,21.983961,26.481804,187.46524,-11.686191,225.99356,201.54962,17.767235,32.24328,191.85556,-10.368941,219.62654,198.9408,29.072367,38.37198,190.08838,3.2285051,152.77191,70.78921,3.337195,111.476135,74.84063,-3.5071547,193.3989,125.154854,83.67715,78.33782,138.97833,105.88774,217.9421,159.87006,180.70909,44.334854,182.28253,219.96959,219.28506,161.67241,192.39346,39.01246,185.66104,230.9721,230.99251,187.12988,165.07143,28.877838,213.52512,198.30215
22-0.pngresized.png,262.49847,359.1892,8.655166,267.27054,366.06238,-26.972858,273.38516,365.2804,-26.919037,279.19144,364.4325,-27.07692,252.8168,367.61417,-22.726707,247.16695,368.28168,-22.699715,241.54034,368.7406,-23.015041,284.83817,353.3588,-153.87268,232.72133,359.63507,-130.73679,270.9937,348.01096,-35.207115,252.86302,350.22052,-28.982086,319.22946,284.53882,-143.49599,198.59085,300.5776,-123.33888,344.97684,293.39798,-31.956741,177.92998,318.92938,-29.319683,312.16385,352.91718,7.6860123,186.32191,383.43433,5.5802913,312.4339,373.44946,-22.325645,180.79796,406.9094,-29.459032,289.61655,372.31458,-40.919464,188.7084,405.01416,-35.147713,286.01126,366.2836,-5.2136426,194.42928,397.03983,1.026397,304.88068,125.46005,-7.056664,226.21648,123.69202,7.15246,376.43182,243.18535,103.49025,127.791405,254.54832,121.87343,480.77298,347.23993,118.32801,42.246887,377.33002,192.72768,490.66318,365.4166,121.75105,30.351692,392.81094,198.07948,509.55902,392.78146,10.222624,6.9982305,439.36453,68.856575
23-0.pngresized.png,223.3142,242.39832,50.185036,227.78732,247.82811,33.391903,231.04146,247.42703,33.35205,234.23256,246.90399,33.261974,219.3208,248.36441,31.595327,216.22974,248.387,31.656155,213.12852,248.32358,31.721193,240.04382,238.56862,-25.443787,210.37015,240.96623,-31.29861,228.25021,232.14525,33.18406,219.06108,233.12978,32.086613,278.10977,192.28917,-47.972416,179.726,186.45555,-57.487186,305.61838,143.62115,-11.231041,185.93138,120.24384,-19.67719,285.10526,150.28711,38.9549,200.79562,117.71879,23.693785,284.20193,153.86769,32.382053,200.16536,118.848145,18.17356,278.15848,156.12875,29.86826,204.36176,121.68831,17.6527,274.87012,153.04901,37.44508,207.10748,120.57766,22.544523,259.0456,79.57532,3.3242116,206.03448,74.60033,-2.9099674,272.66644,151.07541,181.16597,174.97078,143.41379,126.34436,247.27917,97.26827,324.20706,203.84691,91.65096,286.32245,241.87378,87.81545,341.4288,208.22964,80.99796,303.9339,239.86964,102.281586,394.60797,201.66779,102.75025,350.53772
25-0.pngresized.png,251.00879,355.28665,-55.656254,254.77449,362.4601,-84.57034,259.30017,362.25302,-84.543755,263.52432,361.99878,-84.67291,244.05748,362.5864,-82.21484,239.83823,362.92706,-82.16317,235.60487,363.10358,-82.43657,268.99707,351.64725,-169.07227,226.51071,354.17053,-156.23601,256.78577,346.00934,-80.58083,243.16377,346.7871,-77.14418,292.4436,303.6583,-127.35479,194.9334,301.33032,-118.485535,329.69348,324.75226,1.9040463,168.45438,314.9989,21.00404,337.28424,367.6187,36.589046,183.88016,368.3384,109.24058,346.9895,375.09137,-0.28835186,181.50632,382.0575,85.01535,333.661,374.56818,-14.270977,191.87999,382.0598,81.79793,325.7411,371.246,24.59512,195.08615,376.72958,107.66473,268.61288,162.57336,7.344665,201.6915,159.15962,-7.3753357,362.74524,252.41533,49.951702,126.59351,255.643,49.599743,445.53906,347.42157,126.11028,54.613297,361.93094,139.78644,454.41766,356.3159,133.7549,45.92401,373.83038,147.10397,468.065,382.83612,10.447377,33.105682,396.8529,24.2069
26-0.pngresized.png,208.63396,301.65762,-17.385408,213.80994,310.30908,-45.47589,218.21605,309.88818,-45.180172,222.44022,309.4447,-45.314487,203.38063,310.49847,-50.188374,199.68373,310.55875,-50.252346,196.02454,310.45566,-50.40024,228.67377,299.46884,-127.59652,190.52174,301.06244,-144.70915,214.27008,290.48596,-41.99146,202.1812,291.2993,-46.741306,263.2113,234.05005,-88.57645,156.17816,240.30067,-139.483,273.62933,238.61967,-2.236476,112.00786,253.88766,-48.979973,250.849,279.91895,53.87158,124.66461,321.10693,24.286118,252.56725,294.25153,40.15076,120.213745,340.6174,3.5562823,238.4651,291.32358,23.548683,133.5254,341.7045,7.0035276,233.53557,287.5615,42.775124,138.71283,335.0398,24.854761,242.83714,79.77391,18.357899,176.23318,79.09695,-18.395102,290.83905,181.98187,126.75358,104.828514,194.07254,96.223946,351.80704,270.7463,148.13474,54.135937,296.8308,179.56406,355.41302,286.06973,149.34189,50.21872,308.58438,182.87851,373.40915,311.30878,59.332394,29.614267,352.17267,82.12927
3-0.pngresized.png,174.5915,262.09326,18.45674,178.16756,270.80142,2.0659509,182.21356,270.4028,2.1939652,186.03935,269.9906,2.1535091,168.1021,272.40475,-0.089029886,164.15034,273.37006,0.03180846,160.08516,274.27634,0.14285524,188.85498,264.2093,-81.574005,152.52716,269.48502,-84.11567,179.0976,252.63597,-11.148605,167.16182,255.08351,-13.034816,209.56052,197.72852,-122.52145,120.866486,209.84741,-114.53051,217.8631,120.26533,-158.56552,110.412384,131.33853,-166.17752,207.9367,71.77803,-220.01541,126.37278,68.27407,-235.41098,202.80046,62.720573,-261.6481,131.28705,56.83862,-272.5383,200.39244,56.878727,-266.67337,127.85145,50.196568,-289.97885,199.52013,60.210567,-227.24435,129.03787,54.882523,-246.18707,188.30324,80.35821,10.173246,131.82498,80.22693,-9.856467,235.3752,190.85612,98.899826,81.54338,189.0562,73.68949,310.65878,267.58664,111.80833,33.639706,288.5774,117.53973,316.56335,281.44882,111.01709,25.080341,303.7768,117.0794,333.08154,306.86264,34.10598,19.167824,338.66977,25.93284
31-0.pngresized.png,380.78622,539.4801,107.13462,384.22064,548.8642,64.97897,390.21747,548.53156,65.15236,395.91864,548.0542,64.8828,369.05978,548.58417,67.140816,363.09448,548.54224,67.07438,357.18173,548.14496,66.82042,399.28513,532.6912,-64.63887,343.6103,533.72833,-61.37625,387.17792,523.6183,66.727295,368.7857,524.2806,68.042046,446.95557,447.57648,-40.63826,305.25974,442.92834,-58.507942,506.667,455.15945,131.2295,267.8535,438.27087,135.15436,502.13422,541.0282,306.3013,271.73416,526.79175,282.9476,508.73923,566.9551,299.50195,258.6808,550.44794,267.48203,489.58456,565.78064,276.94357,271.64938,559.18823,263.2054,482.73563,555.7537,294.78537,280.72992,550.5224,282.21375,436.70673,229.53629,16.215038,347.29727,225.66525,-16.372963,487.7207,347.94418,293.4949,238.89429,356.18207,206.92235,534.74725,430.99387,502.50296,144.73259,451.6223,356.21103,539.9124,437.24048,529.93616,131.93825,455.1255,371.39536,548.93097,489.76138,482.91367,107.938576,526.2499,285.32086
33-0.pngresized.png,276.37723,355.5625,-308.44626,270.048,373.25394,-296.76495,265.1698,373.33865,-296.914,260.29135,373.632,-297.10574,285.30334,373.27423,-297.7718,291.21704,373.7238,-297.87634,297.0059,374.006,-298.01706,257.34177,371.71967,-186.48009,307.05414,372.81787,-197.37671,269.62497,343.3883,-264.8373,287.73566,344.08527,-268.35873,217.64616,327.17017,-108.3367,353.40372,316.0162,-142.32703,150.3811,321.85107,-137.79988,416.7225,273.61072,-152.04741,116.44009,354.62692,-236.49445,404.74393,300.22784,-213.79591,98.73079,368.21057,-259.8292,397.42532,305.07025,-237.85297,104.94339,367.32297,-271.708,393.3352,322.38977,-243.95609,114.56354,359.01453,-248.82526,393.0201,317.52966,-220.10858,241.01355,168.53256,19.60527,322.19617,158.13527,-19.94823,138.38498,295.90308,-2.7449389,422.7365,245.39035,-93.60567,70.104996,414.6657,-76.806335,504.63962,357.64734,-82.08093,56.95152,425.61398,-83.08476,517.078,372.0431,-78.564606,48.36747,478.739,-112.69449,534.004,403.39145,-115.64783
35-0.pngresized.png,261.04312,343.68234,56.48958,256.2199,352.6813,40.376297,257.47745,352.4938,40.40855,258.5641,352.31265,40.371292,253.06421,351.45758,48.856148,251.38153,350.7712,48.896297,249.5726,350.00775,48.8354,254.6856,346.56244,-21.15266,245.30763,344.9433,18.046993,262.15622,333.65784,34.740013,257.36542,332.94168,46.200768,291.20355,281.56808,-43.85698,219.24515,280.34924,-15.418968,290.2855,199.30275,-93.8042,218.28284,184.99408,-14.277974,263.05173,218.7883,-158.15303,230.43658,223.14919,-1.4539517,256.1158,233.48676,-194.08351,226.39865,243.12129,-15.841637,249.49179,241.88834,-172.76695,235.37628,250.64601,-27.947603,249.6778,238.72258,-157.59271,238.0848,240.49344,-10.083666,287.1964,157.0029,14.5905,231.16829,151.29553,-13.921858,381.5319,211.93497,125.26137,166.92741,274.40298,72.146935,441.24023,306.0381,127.776695,121.75543,308.0961,106.316086,443.746,317.59778,125.37395,110.6782,297.83514,105.360405,462.64404,354.9615,96.34214,89.29561,374.00995,67.8137
38-1.pngresized.png,372.7939,157.01111,-148.19156,381.6508,155.74234,-119.823235,380.9221,158.87048,-119.83925,380.27472,162.15225,-119.94343,383.03107,144.37383,-145.30081,383.4838,138.7961,-145.23616,383.77713,133.28708,-145.31686,369.72668,155.92569,2.341257,373.94394,118.32237,-104.32209,354.81708,161.5649,-102.02798,356.275,145.90541,-133.14073,293.05832,144.97658,137.07146,298.55087,127.21111,-193.53055,264.3479,230.67192,128.45377,259.2826,214.3009,-255.24309,305.0167,254.28442,3.6037023,323.44635,238.46191,-135.76952,306.72095,260.48398,-2.9560418,335.04547,244.50609,-138.35843,318.4085,245.22864,-6.490802,338.66867,235.84177,-136.30644,315.00024,242.06837,-0.61173916,331.4598,231.14339,-129.73799,102.97703,137.6024,113.917435,87.18013,122.90593,-113.57921,105.662674,265.71072,196.89441,66.05994,280.30276,-79.83055,59.26075,360.14777,299.41602,46.048607,382.51245,77.279,39.166096,375.61676,309.59827,31.129498,395.38242,93.25659,104.09565,404.54034,344.9828,93.30499,421.97647,109.686714
39-0.pngresized.png,432.55234,608.05835,-312.5693,431.42377,625.6053,-283.74557,426.09808,626.1912,-283.49335,420.48306,627.0108,-283.7374,450.93024,622.5927,-298.19724,459.53433,621.8067,-298.1468,467.8326,620.6671,-298.3472,426.12204,614.40076,-112.69154,487.4384,606.7983,-170.57631,425.13712,587.0867,-247.56345,450.89618,584.3033,-263.40952,383.62082,529.4801,-10.520653,543.60986,520.52515,-125.608086,251.3023,603.1842,-25.629051,681.0867,622.84924,-201.8436,91.87376,669.5722,-93.044426,809.048,706.0551,-333.69583,42.22692,685.71625,-88.84646,853.4334,715.86755,-365.17957,40.370262,689.56104,-149.5913,833.4892,732.1668,-365.92062,56.542297,678.30524,-129.10631,822.6641,722.4823,-345.86447,379.45926,239.77826,32.191685,465.75314,213.90083,-31.796957,322.71637,347.05994,-70.939865,479.4836,322.90527,-175.49593,281.5642,409.4402,36.642506,372.22876,388.87524,-49.366264,265.35303,405.12473,43.1455,356.31845,393.1054,-38.891663,295.2975,459.77872,-45.617317,351.61142,427.43936,-120.332634
40-0.pngresized.png,259.87656,428.80432,-24.419569,261.61432,445.78143,10.182145,256.4021,446.72903,10.133986,251.10457,447.9129,9.92657,279.68863,442.73715,-8.438066,288.13098,441.6246,-8.479266,296.3958,440.356,-8.9372225,256.14706,439.18802,147.97144,316.40417,428.62823,63.24339,251.49219,411.84882,25.501225,275.84204,407.86224,0.23007607,218.30045,369.9358,166.20982,358.4978,365.987,75.68176,147.93132,371.48523,176.2801,423.25296,371.6384,37.06192,136.96141,465.52463,107.28455,471.62958,457.79648,100.0505,130.34589,486.89032,85.63468,486.33636,477.7669,102.29472,143.68051,496.47253,79.72395,481.98596,486.91904,106.71744,148.94475,487.5211,95.23596,473.24423,477.09015,101.098076,221.21577,188.09,35.723595,293.0126,172.5148,-35.038445,140.15959,336.10046,129.68237,304.56183,327.54657,4.4048157,80.754166,451.9675,154.74637,256.9934,428.8283,-21.471266,66.42285,451.99408,154.36967,240.51308,437.1081,-29.982626,70.93766,520.857,142.19106,271.93597,482.45056,-57.38651
41-0.pngresized.png,242.45828,345.87097,-40.49645,246.22867,353.6338,-81.59179,251.11127,353.10654,-81.48647,255.84099,352.5689,-81.636505,233.55713,354.13086,-83.62247,228.89612,354.2432,-83.64567,224.358,354.1799,-83.82572,260.9535,338.23413,-192.67361,217.23784,340.92276,-209.11562,249.8937,333.07138,-70.85121,235.81981,333.9495,-75.203865,304.67966,262.79138,-244.23924,179.7571,281.18814,-253.36752,423.2329,287.29733,-193.64224,85.96183,290.1161,-160.90266,470.2766,372.13644,-185.62457,48.393314,373.4762,-106.18738,495.08078,391.94034,-243.84512,25.310207,394.11108,-149.49048,473.50946,402.964,-248.22884,43.926254,401.40802,-154.25278,461.8242,394.99332,-195.50626,54.963894,391.73892,-109.23612,289.80853,116.61495,2.8519156,221.7492,132.97443,-3.263092,367.93756,219.65002,197.92816,198.63693,255.62079,209.42384,413.68225,274.69354,441.30548,183.8752,319.96002,462.48447,416.53726,280.19022,467.29178,183.41624,327.2433,488.2496,438.402,324.31158,386.75232,170.20488,367.35098,401.35153
42-0.pngresized.png,287.2843,401.01886,-150.54318,291.5095,406.82166,-201.65955,295.92627,405.70667,-201.48737,300.08337,404.6591,-201.5582,278.0065,409.0103,-198.39114,273.82986,409.8053,-198.46819,269.7819,410.44995,-198.7032,304.74432,391.11478,-315.1163,263.15967,398.90982,-300.4915,294.50366,387.94168,-181.29596,282.00464,390.63226,-176.82184,348.80328,324.9112,-293.27225,214.5665,343.98642,-240.7171,444.35266,339.81448,-252.78613,126.33708,352.61517,-184.30818,532.28436,393.9657,-206.61668,47.800354,408.06772,-175.08884,561.0192,399.83102,-231.86684,14.861266,416.1679,-204.31241,542.8057,409.83826,-234.6883,28.42206,426.6026,-203.41734,529.7129,411.22675,-209.914,45.552143,426.2307,-174.94948,327.58426,172.26389,-18.728165,243.3726,180.55798,17.932455,432.8514,268.4147,72.09604,162.69246,292.60727,123.63553,513.6922,362.47058,202.54723,85.035866,405.97952,236.07509,523.6554,371.94492,214.31989,75.594086,420.68793,247.64546,543.55914,421.01767,118.237465,56.9983,465.1645,137.08662
45-0.pngresized.png,183.90192,288.06686,-12.150001,188.5117,294.94635,-44.810043,192.76729,294.62122,-44.693943,196.87035,294.289,-44.834595,177.84264,294.52368,-49.46088,174.3273,294.21112,-49.52858,170.87683,293.7621,-49.66038,203.07866,282.3265,-130.92804,166.55261,281.6003,-154.23259,190.37273,276.98245,-35.27085,178.86356,277.17508,-41.914864,244.50876,220.13374,-148.1213,137.19977,227.49538,-165.69423,328.62723,220.74872,-86.61524,69.573555,228.0087,-93.53128,368.99454,283.54935,-35.407307,32.767487,292.10138,-37.742447,389.4194,298.943,-57.551662,13.798795,306.28488,-60.30595,370.18436,307.3986,-64.24985,28.425646,313.96313,-56.070866,360.17126,301.8577,-42.006405,37.798313,309.37952,-36.509598,223.23663,93.281654,12.0686,160.80971,98.71094,-12.474217,273.25488,165.57187,177.35791,105.539024,178.03186,148.2376,299.9988,211.57089,342.24475,71.475204,247.29886,281.74603,304.62357,216.11975,359.7213,71.39095,254.52434,295.89212,308.95218,246.71233,304.49765,46.485664,293.76657,221.64189
46-0.pngresized.png,334.4367,478.20123,51.83512,333.3209,494.2995,16.82899,337.62628,495.75787,16.820757,341.80634,497.14392,17.025242,322.05154,491.3937,21.151707,316.70337,489.95444,20.886618,311.16315,488.2609,20.792976,341.9703,488.3747,-123.64699,301.58002,475.83618,-104.77371,340.34177,463.9324,4.3158636,326.15298,459.73898,10.35129,404.99823,399.71878,-148.36787,243.44934,362.16394,-146.39098,439.4373,270.04578,-159.61008,243.08647,202.47342,-145.66245,345.1028,255.21095,-242.35512,304.47864,237.21481,-147.34491,320.50528,265.40817,-296.50742,301.15842,259.16586,-168.48338,321.01407,278.64804,-280.97754,309.4327,266.29663,-194.55234,327.24118,276.0814,-240.37941,313.4717,257.93262,-160.00426,450.73654,196.0964,15.139442,342.0962,175.57672,-13.914307,534.4724,355.65912,306.9649,305.2499,334.722,207.81792,623.7514,505.33035,193.75308,300.83545,469.7661,218.73839,631.72156,525.2039,178.67921,300.3621,478.0421,213.81459,625.2023,579.35455,131.1624,269.00644,560.9043,133.07812
48-0.pngresized.png,151.7901,205.7484,-59.952965,154.10439,212.54442,-70.01363,157.0354,212.526,-69.97083,159.76454,212.48305,-69.99794,147.20753,213.03333,-72.0906,144.69257,213.48045,-72.08132,142.0876,213.90465,-72.09502,163.14142,209.14536,-121.70711,138.20334,210.7912,-127.19806,156.34021,199.93488,-78.20421,147.62126,200.92117,-80.28086,176.32848,168.69267,-133.14786,126.59595,167.92302,-133.92934,180.81349,115.27083,-151.61288,126.95241,108.826485,-168.63783,176.61642,68.480515,-222.59766,144.16124,62.16035,-238.3419,172.27043,61.039238,-263.47125,147.76207,55.29734,-273.73834,173.74342,56.903904,-263.27658,146.44794,52.42904,-290.38547,174.20619,60.926746,-228.6317,146.04413,56.070385,-248.81195,170.93031,95.99697,5.9972816,136.78096,92.98194,-5.8273115,223.60165,162.69632,47.903076,102.958115,168.79242,28.442327,279.35062,218.25633,70.179825,63.7854,236.94571,56.75378,282.93146,228.11368,71.959305,54.927677,249.05864,57.469006,290.12213,238.60149,4.0373764,55.39784,262.17834,-16.962547
49-0.pngresized.png,173.79073,214.08131,-52.370327,179.00458,219.68626,-74.36132,181.81981,219.78262,-74.14054,184.43924,219.91609,-74.209175,172.70204,218.24187,-79.24441,170.69536,217.70882,-79.26209,168.63498,217.0388,-79.294,189.02397,212.03142,-127.189644,165.43951,208.30104,-149.35794,176.25018,206.56181,-65.50185,169.42386,205.99161,-72.004524,207.57072,171.11594,-85.75892,140.81183,168.52644,-134.61317,212.40405,208.01544,-2.1528344,108.279816,213.84918,-103.510605,218.26926,250.0619,16.996624,120.26501,259.90555,-71.63396,228.09732,258.97122,-7.882671,118.18096,269.71844,-97.41944,220.4723,258.143,-23.87848,129.43271,266.5504,-97.97281,213.50674,255.42511,6.3805113,132.6735,264.778,-73.84347,170.77339,57.01737,26.47748,126.38079,57.866035,-26.430851,192.89473,145.20186,63.05666,76.54172,149.26521,14.422366,247.1337,211.59364,121.63574,48.220936,238.46585,91.012985,253.09067,223.918,126.06316,46.90788,250.07726,94.46227,268.7785,230.56396,39.886208,38.674603,269.18332,-8.383482
50-0.pngresized.png,273.15582,397.90396,12.134235,275.34354,407.4168,-22.060822,280.54666,406.27533,-21.940035,285.4531,405.05637,-22.118076,262.0258,409.94055,-14.673068,256.5862,410.94147,-14.696577,251.10869,411.74207,-15.041387,287.63864,391.92963,-140.16383,239.61282,401.686,-105.35814,279.3417,382.54117,-28.106213,263.47003,386.06012,-18.150736,330.57452,304.8345,-144.62566,193.10909,322.3463,-86.5858,396.257,304.80313,-22.027964,172.89925,305.0675,50.947636,390.17807,387.0666,83.45981,187.92253,377.66544,122.37101,395.92218,411.2435,57.290226,181.02094,404.48312,98.709274,376.62003,414.93402,45.75933,193.04675,405.5278,87.81367,369.7392,407.4446,73.875046,198.72278,395.3433,117.25463,321.13507,120.0541,-18.341473,236.68463,122.017685,18.366968,421.87457,237.8999,113.19431,173.5273,249.77377,147.65492,521.726,334.35904,169.62016,107.43703,357.12726,274.97238,530.2668,344.40894,176.46161,98.38014,369.40652,284.74716,549.0056,392.7133,86.7797,79.65394,414.64127,183.94865
51-0.pngresized.png,232.43352,273.53226,-10.43072,238.76816,282.12643,-2.2074232,238.22101,282.50546,-2.1380398,237.55731,283.1104,-2.2658074,243.39365,280.55307,-19.739647,246.44467,279.88916,-19.655756,249.37482,279.1334,-19.72134,244.84146,278.28293,45.758186,260.30096,272.70703,-33.412827,231.26613,264.35318,8.304542,237.36282,262.38327,-14.757727,215.41641,234.28876,69.33241,277.13358,229.25159,-57.85446,155.47174,234.24725,97.69089,321.86337,273.86075,-99.545074,95.58225,234.17451,52.609577,355.78284,298.58176,-36.74758,75.51654,235.91234,58.616432,367.97955,304.66846,-40.252083,74.83241,232.12126,36.225906,364.02283,301.09106,-36.037827,83.5759,229.42761,41.4742,359.3473,297.23026,-37.483807,170.29228,115.85298,56.65857,191.46634,97.33057,-56.154392,130.60954,220.96204,88.5968,157.98332,218.34245,-43.903233,87.78675,300.7361,87.89668,108.242096,297.14413,-50.02675,78.99809,309.00684,85.66704,100.56088,303.0593,-53.061275,84.92776,339.4828,55.01142,100.083244,345.5267,-96.16131
52-0.pngresized.png,174.21698,251.91516,66.683655,175.34091,257.7964,46.517006,178.81717,257.70767,46.511696,182.09515,257.56754,46.4161,166.68034,258.35477,48.08533,163.08435,258.90024,48.098248,159.50076,259.3088,47.79843,184.07314,252.99335,-26.960522,152.3789,256.08734,-19.85616,179.01544,245.28748,41.433556,168.05139,246.54918,43.472633,207.02122,212.43048,-36.31751,136.41066,210.58682,-15.421905,238.88628,210.26122,16.961609,132.10635,205.63187,104.36246,219.33076,247.43602,79.580284,136.33336,248.40332,212.12296,220.99007,259.62485,68.53343,130.88417,263.32684,207.44136,207.14412,260.2479,61.291336,136.1355,265.83768,205.8509,204.38803,256.5009,75.20767,139.70314,261.18466,212.77835,203.629,105.1514,-1.6928197,154.28818,99.58347,1.535315,259.28488,178.55724,73.3312,104.59174,183.3171,92.75373,318.38367,237.79991,120.482895,52.122826,251.86578,166.20076,325.11896,242.54022,128.30063,44.36303,256.8427,173.96059,331.01718,273.31836,84.7249,32.118866,290.3264,123.84453
53-0.pngresized.png,156.39291,238.76497,62.311474,159.51958,244.10497,40.739235,163.11201,243.90396,40.870255,166.46729,243.63936,40.75661,151.22722,244.10347,42.747334,148.04422,244.29074,42.78702,144.83371,244.30872,42.63714,171.14983,237.40837,-25.689064,138.47067,238.77087,-13.546003,161.31323,232.85516,43.65403,151.01924,233.59448,46.729218,191.39452,199.52788,-2.6801999,116.33856,200.40707,4.509757,209.02417,211.62064,87.57145,100.78628,211.71924,119.22625,205.89458,253.5434,144.99138,103.34422,254.454,198.74191,212.59448,263.7311,123.15926,100.144165,266.19424,187.93701,201.62743,263.71152,111.900856,107.48272,267.30426,185.3943,195.47797,260.2554,136.84195,110.66185,264.33298,198.55544,180.06435,78.5553,2.9777665,126.67271,80.36712,-3.2058585,236.56071,155.66483,55.183407,70.69715,167.20778,86.26661,302.22186,223.3725,109.61016,20.963957,247.70428,172.86028,310.09125,230.05045,116.56045,15.528559,254.79799,181.63379,323.12534,255.20502,47.295174,5.3251076,282.8766,113.067375
54-0.pngresized.png,194.58711,276.6589,-61.27716,197.96655,280.306,-76.05654,200.81833,280.0529,-75.88798,203.48209,279.75684,-76.01873,191.6653,279.93228,-78.10584,189.5657,279.78738,-78.0272,187.46875,279.51025,-78.171,208.99979,270.98932,-104.977356,184.97351,271.03183,-110.91855,198.84196,269.1817,-68.670204,191.46643,269.40097,-70.6982,232.42955,232.44943,-52.922276,161.37817,233.08804,-80.57331,259.00833,252.71948,27.503527,137.8884,258.78378,6.7900305,266.0933,296.85455,84.9109,127.467926,304.7602,64.32151,275.0639,309.31653,74.46122,123.50405,317.8507,46.386776,260.54865,306.98224,57.408043,130.2882,318.41953,48.878967,253.89336,302.079,74.26991,134.6818,314.54074,64.97305,228.77238,128.54045,9.350351,177.85257,128.94864,-9.498191,291.8973,200.10394,27.460943,110.73978,212.01083,28.183632,368.73456,277.50754,52.062363,49.32139,292.5503,69.466736,379.08417,286.80615,55.192284,41.57612,299.77664,72.42585,390.06662,305.90363,-27.283287,29.137566,326.77933,-13.775801
58-0.pngresized.png,326.50253,389.50436,-408.35184,334.27814,390.74744,-452.91647,341.39697,390.07977,-452.80933,348.19476,389.3402,-452.8081,316.0889,391.43695,-448.00885,309.76743,391.87567,-447.8067,303.52774,392.06085,-448.11636,359.3323,373.02536,-540.3018,294.03906,376.2903,-514.3179,338.91327,378.84583,-428.84253,317.74036,379.91757,-421.7593,388.96786,331.5158,-392.3601,271.70697,343.3484,-357.68295,394.61847,420.53854,-250.14653,257.77576,425.93088,-208.67459,393.27423,504.08548,-317.80847,256.7048,501.7687,-221.81667,406.42166,518.7993,-386.23218,246.15503,519.3255,-288.02536,379.58167,517.2121,-422.50388,263.45038,519.42126,-311.04306,371.66248,515.7817,-341.4764,272.30316,516.9839,-235.55043,384.39972,203.83606,-16.842878,300.06583,207.9948,16.844034,491.76398,310.4183,-24.230719,204.03929,325.80865,42.59356,604.2516,413.6587,77.613205,115.623924,445.0027,138.49081,622.58545,425.3654,87.07392,105.28122,455.6539,144.9183,620.6503,445.47916,-87.24394,87.89263,486.3101,-28.058332
59-0.pngresized.png,214.53252,315.31403,-86.268715,218.31622,317.12805,-114.36746,222.59274,315.95654,-114.16195,226.65192,314.79214,-114.284515,207.08325,318.76514,-110.013695,202.91805,319.19962,-109.933815,198.77121,319.4928,-110.09393,230.7429,302.09598,-179.18729,190.26814,308.74243,-158.62671,220.17908,304.97372,-103.91362,207.71684,307.23257,-98.20576,256.21146,251.84264,-135.21509,158.4123,266.9955,-121.06805,283.02887,305.36417,-86.074905,141.66882,310.49207,-61.038647,275.46548,368.2799,-105.85067,142.49901,365.61383,-80.26596,280.3055,382.14148,-145.0577,134.17747,379.51956,-125.882774,262.64154,379.5765,-163.49016,142.66861,377.81253,-140.00192,258.54004,375.8375,-119.735504,149.69815,373.0281,-89.866234,229.45464,128.8475,-3.6000643,165.05101,134.42326,3.560396,293.70767,222.29501,24.93829,96.775955,233.12885,56.93853,370.53113,303.37015,74.9068,41.3193,333.2277,127.28734,379.25394,312.99106,79.19173,37.52468,344.5467,132.14247,390.17017,348.16983,-15.582325,19.163687,382.5605,32.01989
6-0.pngresized.png,302.07748,404.53085,-55.23006,305.93948,407.5192,-93.588196,310.28403,406.27838,-93.3402,314.34918,405.0739,-93.452896,292.71616,409.6187,-91.6975,288.21085,410.2867,-91.74008,283.74167,410.78818,-91.85667,319.0115,390.978,-180.97318,276.9966,397.89362,-171.07745,309.81,390.6157,-80.053024,296.90256,393.90454,-77.249565,361.52338,322.92056,-157.38943,227.04347,334.1162,-150.76894,459.35822,337.85532,-127.39,143.4238,339.49692,-99.62778,538.56586,398.03833,-69.67644,84.647,397.2141,-44.46719,569.6344,410.46683,-84.21431,62.713505,411.16028,-63.705166,547.5759,417.78717,-90.35671,75.67368,419.21866,-67.248184,533.02,415.7716,-74.59501,88.211136,416.57578,-45.217567,342.18353,194.43454,2.9451613,263.74347,197.60043,-3.7047422,422.49765,305.04086,41.78046,194.1909,307.8673,73.0132,524.375,420.57938,90.68346,120.900475,408.83517,140.88832,539.0273,434.0792,95.40232,109.64991,419.53757,147.55283,548.3487,485.21564,1.7101021,99.877266,465.1952,41.388477
60-0.pngresized.png,233.54399,341.04416,-68.80979,237.11742,348.65656,-92.45879,241.2374,349.04358,-92.36179,245.12793,349.34967,-92.572075,227.51962,347.2598,-92.745255,223.79501,346.9004,-92.76386,220.09761,346.37073,-93.22813,250.5879,338.45993,-157.73625,213.3633,334.83093,-155.48405,238.45416,331.76163,-88.81432,227.03587,330.32483,-88.71967,272.98648,278.5071,-94.10196,187.22038,275.46313,-111.06441,305.63892,294.13882,32.642986,174.23376,300.14114,29.972254,294.94083,353.6239,83.077736,169.31418,360.6059,99.68715,303.24332,370.27966,61.630455,162.41098,377.83804,66.48453,281.49048,369.01938,31.6602,172.13898,379.23096,65.43847,274.7905,363.5627,65.40329,176.656,373.60565,97.8962,269.55148,131.77322,5.317562,208.1609,121.03664,-5.3476343,326.46878,249.22386,51.79961,118.14092,224.76463,46.696777,410.3296,361.93326,95.786705,38.48203,332.04788,113.610466,419.09085,379.07782,99.20817,31.546053,346.2005,117.27261,433.5457,397.96973,-23.810379,12.860143,374.82202,-13.555385
61-0.pngresized.png,194.276,279.37234,-83.56268,196.77817,285.7091,-122.205505,200.93173,284.99933,-122.08077,204.91487,284.3269,-122.060234,185.5046,286.39673,-123.08123,181.74088,286.53748,-123.05074,178.06042,286.5532,-123.21124,208.06705,273.37158,-223.75314,171.53795,276.6958,-229.18549,199.99632,268.04486,-113.52163,187.98738,269.31396,-114.77814,248.8403,217.1229,-209.78807,134.73997,222.34264,-205.49817,315.1245,219.61464,-126.81407,75.58152,214.4228,-120.07591,352.5069,273.80722,-26.459377,48.71602,266.80566,-24.943937,369.13876,286.37,-39.411133,32.154892,280.01236,-41.496838,355.07642,294.03244,-41.458084,44.72562,288.01883,-42.36491,345.45123,291.25903,-27.651897,53.72902,284.20612,-24.434895,224.80182,104.84954,4.127811,157.36966,106.81599,-4.5734715,276.43143,188.94199,79.151726,93.59539,198.05904,84.113335,335.3997,264.5013,174.8885,35.62995,290.27554,169.96413,342.68723,273.60474,184.19507,28.43048,302.65546,178.16586,353.15518,307.2429,122.03923,2.7904973,335.85004,103.31664
62-0.pngresized.png,233.43678,335.3254,-79.35966,236.9706,341.87878,-107.05055,241.63882,342.20468,-107.07198,246.04752,342.44525,-107.24827,226.4467,340.57635,-106.14376,222.33221,340.35703,-106.174355,218.2497,339.9459,-106.60203,252.95663,331.90863,-191.952,210.75085,329.23676,-182.75432,240.5844,326.4724,-106.0301,227.00008,325.25867,-103.70048,280.21973,286.8345,-122.90157,189.10396,274.88574,-128.48312,306.0367,314.13672,31.49435,172.96364,289.87732,60.55585,301.809,358.2224,95.232216,179.41365,348.2984,188.41707,306.04645,370.92346,71.07566,175.95168,367.34396,172.96455,291.76718,367.49857,51.875237,185.11649,368.04422,169.3907,285.7361,363.02942,81.15329,189.79219,361.4914,188.55734,269.20724,151.33392,-3.4118938,206.62592,141.65407,2.9775875,358.48096,236.77328,32.892838,131.38477,244.4599,46.739574,443.08215,320.52658,80.7288,61.137993,347.80002,115.521164,451.9284,330.17938,85.56257,54.34571,358.9356,120.09353,457.56247,347.29657,-41.192726,41.304108,385.9619,-5.412703
65-0.pngresized.png,182.00346,257.8949,-131.25749,183.50388,265.05963,-162.90321,186.72604,265.1984,-162.89565,189.74794,265.37906,-162.99368,175.30487,264.01193,-162.4066,172.5492,263.74506,-162.46158,169.86221,263.33267,-162.87177,193.578,255.24501,-240.23747,164.71642,253.04651,-237.05902,186.91692,248.95735,-154.17856,177.85542,248.19441,-153.66583,226.18048,207.71584,-194.48962,138.84993,203.249,-207.55779,297.15915,221.29988,-104.664764,70.809006,204.34042,-127.96604,348.7253,266.5688,-37.464516,24.772457,262.59677,-57.20608,369.0365,277.2036,-49.9596,5.1686177,276.83066,-74.38423,351.63812,282.17087,-56.015095,18.582767,284.33517,-71.51455,341.92828,278.51096,-43.00475,28.279493,279.32553,-54.773308,215.27274,100.79505,8.883569,162.29013,93.294205,-9.569948,254.29767,176.43422,89.92229,89.51955,177.1347,47.490757,302.1906,259.61124,135.57968,22.421825,260.10074,97.53706,308.4528,273.57672,138.76086,13.652096,272.5759,101.699844,314.51022,286.66382,38.494846,-2.9388533,291.7711,-5.4128914
66-0.pngresized.png,281.7756,426.46072,77.470085,283.2604,440.63492,33.31197,287.47464,440.4373,33.266743,291.50662,440.1278,32.85001,271.78574,441.5191,37.068222,266.63962,442.00638,37.012398,261.49033,442.2907,36.77386,292.49796,425.82623,-104.170654,249.64563,430.85535,-93.97371,284.72363,409.49777,35.78,271.4085,410.93372,39.402466,348.28763,322.71225,-163.22845,176.55695,341.6593,-130.8813,474.25552,263.4468,-54.204563,66.67526,338.3255,1.7175682,518.4196,304.45508,133.52515,24.338137,422.50067,105.4307,544.4109,311.75034,128.30098,-0.5778801,438.44214,81.14001,522.46564,324.52316,127.035515,13.490675,448.70288,90.16524,507.38608,318.27777,135.43738,26.869303,437.45312,108.85273,325.7665,115.09148,-22.572231,235.0989,116.91132,22.805532,417.7574,265.39902,292.20822,206.14383,254.84195,258.33792,408.5817,267.28284,565.44867,207.00024,270.31308,541.21533,400.29483,261.78973,597.20996,204.28209,265.73514,569.548,427.0179,309.52478,578.3849,199.45499,324.4984,545.6212
68-0.pngresized.png,164.36502,240.64554,20.555168,167.37187,248.81209,2.8353453,170.59717,248.53265,2.9239206,173.74207,248.21738,2.8569264,159.79875,249.11075,-5.0681143,157.36172,249.207,-5.0579753,154.90092,249.2494,-4.9532804,179.64589,242.43524,-62.94182,153.72775,244.0788,-98.96775,170.18243,231.09628,-2.1824663,161.28696,231.84396,-12.6836195,219.71783,187.5318,-88.680626,132.5653,184.72264,-127.036606,241.71861,115.76711,-94.12368,114.97256,114.77508,-90.784874,229.58813,92.03325,-40.405087,138.72928,94.93409,-6.1442456,229.5925,88.8338,-44.59592,141.54639,95.47047,-11.889492,225.23758,92.960495,-41.03453,145.68384,96.89951,-15.409503,223.77612,94.113014,-39.580086,145.38385,97.01993,-6.210627,196.31082,89.48934,22.193415,146.81154,85.2382,-22.041414,220.59734,164.45068,164.24512,108.791985,163.41096,100.08626,276.13187,211.59323,190.4752,82.927155,214.86041,153.80923,283.55438,218.73283,192.98958,79.78588,218.8306,155.3983,287.0116,246.13286,163.47546,65.97916,254.65588,123.48203
7-0.pngresized.png,212.14252,307.96472,-123.38065,214.26318,313.77783,-153.32272,217.53357,313.03055,-153.11551,220.59935,312.29486,-153.20201,205.01782,314.5094,-155.97633,202.01678,314.57922,-156.05772,199.07005,314.53497,-156.27338,223.85358,299.65216,-218.66566,193.47124,302.68604,-230.77959,216.87878,295.57098,-140.40013,207.7001,296.73578,-143.93024,261.89124,233.71521,-184.44493,158.12845,247.49141,-198.42642,339.23526,252.36063,-111.14911,88.66357,254.28876,-131.2575,394.99808,315.62582,-16.659662,37.228477,304.63535,-99.46824,416.3189,327.30197,-30.323898,15.859836,314.0296,-125.40266,400.56058,333.88443,-38.21001,28.427462,321.0301,-122.934746,389.06418,332.44867,-22.114275,40.426437,318.82587,-99.019455,244.86305,112.72716,2.2357597,181.99321,118.83617,-2.7651236,326.51556,196.61996,64.64807,111.99446,213.52365,79.95386,390.0827,274.4278,150.38474,49.608,307.0693,185.65623,396.92188,282.69186,157.73415,43.698246,318.71478,194.83812,411.9288,315.73532,73.52995,21.23114,353.00052,95.839554
71-0.pngresized.png,210.99983,239.61346,50.627434,214.70392,244.77545,32.69617,217.71614,244.33757,32.654804,220.67992,243.78038,32.57502,207.0459,245.054,31.81122,204.28606,244.95628,31.988401,201.5406,244.77797,32.09569,226.41957,234.53625,-23.338493,199.51862,236.50575,-27.242626,215.46893,228.96846,34.241592,207.38898,229.75726,33.888893,265.48425,187.18217,-48.337994,170.70135,186.92645,-49.35099,278.69086,117.59196,-25.267824,166.61157,144.20671,3.746246,249.72472,87.341774,24.653677,180.89378,170.87167,88.81702,246.97461,79.67016,24.440346,179.83698,177.84924,85.996994,241.08464,79.17165,16.892855,185.91426,181.31654,89.79192,239.12152,79.533676,22.550018,188.31943,177.68007,89.30906,241.34727,70.35811,10.424135,188.86037,67.89068,-9.868486,242.86452,149.56522,169.50739,150.23688,148.09286,115.66229,221.92068,89.64745,341.02234,172.13847,86.44984,311.1849,219.56595,77.70198,360.71594,176.9443,73.7527,332.8919,212.88998,98.18813,405.43698,167.82281,97.536415,382.91116
72-0.pngresized.png,289.03067,404.62527,-113.484474,292.59198,408.03296,-144.6893,295.47375,406.9415,-144.61905,298.30634,405.80847,-144.7159,282.87497,409.22955,-143.96313,279.69287,409.30292,-144.0715,276.55606,409.1982,-144.18634,300.8193,392.1118,-211.00894,271.26035,397.43646,-204.15575,292.82663,392.40582,-130.82639,284.23477,393.89673,-128.62428,342.31747,340.93365,-232.0934,222.40298,350.05887,-218.28386,446.54272,357.7228,-258.65628,133.03464,357.60526,-224.94067,509.82495,390.9535,-285.20285,59.152935,394.78018,-255.09654,531.06824,399.2035,-313.2434,30.986563,402.8834,-280.83548,518.1703,408.0952,-316.4757,43.96611,411.70648,-282.4401,508.36548,403.922,-289.58844,57.399715,408.67303,-255.32234,300.17877,200.54774,-11.341939,243.87662,212.22177,10.981835,308.20648,179.5888,246.0893,240.65323,209.55989,245.41483,296.58322,160.249,467.4143,244.68452,196.47592,460.8279,288.36295,153.82025,492.1144,246.41489,188.63573,484.82422,311.65405,179.24191,502.6653,253.10384,221.1271,494.2358
76-0.pngresized.png,128.87656,170.43588,-37.973152,128.46779,173.60626,-32.48052,127.49859,173.709,-32.53672,126.50869,173.86703,-32.669342,131.9905,172.46826,-32.64646,133.13794,171.92004,-32.673836,134.21794,171.29865,-32.686287,124.74602,169.58113,-4.8774023,135.53299,166.1489,-5.396584,125.7984,164.48987,-29.305784,129.6218,163.36957,-29.742073,107.59032,142.71976,-1.651706,141.47824,135.99596,2.183796,94.873314,146.67998,-14.115309,138.33119,137.31425,-39.293484,115.16363,171.0596,-40.48759,141.61545,169.85193,-86.843864,119.29682,178.297,-51.98673,141.88501,180.00636,-96.20566,122.203125,178.93048,-47.11985,143.31963,181.77426,-96.30673,120.92431,176.15384,-39.50949,142.27895,178.0976,-89.47579,111.54401,80.83551,-0.26940387,132.87372,76.92527,0.37700906,80.38347,144.59111,27.826925,167.14757,127.486435,19.198666,64.202896,193.6875,50.45772,206.51634,179.75415,28.279623,62.496803,200.72382,52.91713,210.8898,187.24435,28.897243,58.299187,214.88603,52.002403,225.53711,203.15717,26.119555
78-0.pngresized.png,147.13908,100.89614,-211.1323,148.21922,95.29147,-204.78044,150.31714,94.732635,-204.7711,152.41153,94.12947,-204.79631,142.25511,96.70741,-205.4778,139.81804,97.2418,-205.46452,137.3647,97.832756,-205.50246,154.5361,95.827324,-160.78691,134.17819,100.85912,-167.97282,151.83734,104.58211,-194.21411,143.57632,106.68265,-196.15392,175.47034,114.65554,-148.23827,123.17756,119.96487,-125.80584,194.84134,157.34799,-152.53442,108.81812,157.87184,-148.50597,198.1407,202.1984,-168.0081,102.72771,167.32315,-194.83081,204.73459,215.14159,-185.15753,98.70188,169.80379,-211.31148,194.53091,217.92351,-186.45224,102.10369,166.6686,-213.60237,192.59543,213.23863,-169.40346,106.33168,166.20457,-197.92462,177.85046,160.42964,-5.683242,151.75919,163.50928,5.667606,185.32224,174.4839,-31.8476,129.42015,177.78291,-50.867058,185.1777,201.61151,52.57057,144.70459,205.04153,36.11588,186.02983,203.9844,60.715588,149.93799,208.1789,44.973507,179.52556,218.21811,27.529835,138.50362,219.1209,17.28163
79-2.pngresized.png,129.05594,158.8334,20.632027,126.05598,162.05623,31.313963,124.11101,161.83784,31.300797,122.1594,161.69212,31.27535,131.54407,162.09216,30.466244,133.62575,162.04091,30.455408,135.67006,161.90799,30.406597,119.491585,156.95096,72.43411,137.50931,157.53896,70.72532,125.10093,152.76016,33.86529,132.69507,152.76253,33.025166,109.733864,132.72954,80.385956,144.10889,136.88577,74.05682,91.43797,135.59631,68.798645,165.49454,143.48508,50.264633,88.68409,168.69699,57.76033,170.33463,173.72153,30.291588,86.900894,177.1936,52.12723,171.70268,181.96088,23.04363,88.46011,180.75615,53.195934,169.46825,183.73538,26.635422,89.86925,177.59778,55.82998,167.92712,180.47913,29.994743,115.85339,89.8996,4.126959,132.93842,89.57685,-4.016017,113.28798,136.91907,-21.086792,153.30324,133.0535,-41.578587,109.67363,175.27669,-36.73065,172.63126,163.44263,-47.706894,110.19308,176.96495,-39.395855,173.39682,164.96416,-48.871258,105.11646,193.53326,-52.299328,181.7971,179.90332,-64.24647
81-0.pngresized.png,160.25566,248.89844,86.52677,160.17973,255.52498,72.519714,161.40976,255.23251,72.53593,162.45268,254.89592,72.3954,155.19788,257.00784,81.89941,152.72578,257.79538,81.90105,150.15456,258.47165,81.93327,160.41765,251.09386,7.9964843,143.52194,255.86035,54.76398,160.75363,241.37436,63.365425,155.6899,243.43274,76.72577,167.85863,212.21187,-51.334385,114.80754,213.34291,18.271711,125.691185,181.63483,-123.03864,71.314896,180.15065,-69.55483,86.37794,158.55786,-182.33315,56.833004,159.67212,-156.20937,73.21395,151.47102,-217.31447,53.753613,150.38426,-169.81378,79.019295,152.79839,-211.48691,52.71865,150.20518,-183.73601,82.713165,154.51855,-184.82927,55.073425,153.10402,-164.18341,191.56554,95.79387,-41.769207,156.73125,93.40498,42.278442,256.08875,189.78268,9.078693,164.07193,174.12367,86.96066,325.61554,270.8065,30.709196,168.41751,232.10321,152.25784,337.95578,277.36975,31.939466,171.63748,238.68703,156.12039,326.5017,311.99658,-10.009649,159.20668,262.0541,118.73953
82-0.pngresized.png,251.43121,374.32843,-136.7141,255.0558,381.30667,-180.10605,260.65445,380.37747,-179.87903,266.1204,379.46695,-179.94818,239.31287,382.3383,-184.64008,233.94336,382.46405,-184.696,228.63716,382.47623,-184.97205,271.84012,364.93613,-285.38492,219.6163,369.03357,-309.65726,260.49106,359.81174,-164.75302,243.51973,361.2313,-171.49257,334.15646,288.53903,-250.82527,166.28842,303.29764,-296.05475,420.52322,285.6223,-152.99475,87.30327,297.66238,-212.6287,455.23083,366.53647,-40.20033,61.377113,365.34177,-148.74092,477.88373,387.89236,-61.605698,41.65181,385.52917,-194.8793,454.42874,397.36942,-73.401405,63.306873,393.07254,-199.33704,441.59494,391.76562,-46.84986,74.43246,386.12714,-151.6331,302.99707,155.93439,10.43708,210.89227,161.46484,-10.939959,374.39633,259.86475,91.71327,160.69211,272.4993,106.57535,453.46292,346.2205,223.42085,112.63944,365.9218,258.0723,463.04977,354.66382,235.80922,108.97837,375.35553,270.72766,474.5652,409.68085,151.70485,85.244354,428.6535,179.53607
87-0.pngresized.png,307.68427,247.7783,-132.65604,308.52158,249.18857,-148.28511,309.4247,250.36906,-148.22928,310.36996,251.55026,-148.25641,306.4739,245.9776,-146.29898,305.80704,244.67801,-146.34875,305.06473,243.46341,-146.37439,314.4354,251.9426,-155.69777,305.74875,239.68591,-148.15506,310.77936,248.57451,-127.81748,308.01004,244.84877,-125.34629,331.10086,253.47435,-132.41748,309.62695,223.18736,-123.33232,315.3318,274.05466,-180.30927,286.11646,236.18463,-174.66699,293.00192,265.2162,-231.57684,295.1514,251.27672,-244.95409,287.53265,266.2046,-242.30847,295.34836,254.29494,-260.9452,288.603,263.08456,-246.04129,297.83627,254.69492,-260.69626,289.7882,262.2871,-233.59756,297.86142,254.54459,-246.6043,317.7821,253.2094,-3.758976,305.09982,236.58844,3.8395016,321.94247,276.19995,-118.73263,289.51526,233.18224,-114.74167,297.86917,267.2146,-115.16422,292.45505,263.1347,-137.50368,295.9457,265.49564,-111.52108,293.47903,267.52106,-137.98378,291.58618,263.89523,-128.26025,294.0971,267.32385,-161.14536
92-0.pngresized.png,199.33586,289.59277,-105.046425,202.01498,293.32645,-131.8457,205.05533,292.28885,-131.69913,207.91782,291.28323,-131.83618,193.37201,294.8238,-132.743,190.60551,295.09488,-132.87349,187.88255,295.24652,-133.16893,211.24478,277.91876,-192.71666,183.28296,283.3804,-199.45369,203.92798,277.18988,-121.08705,195.65373,279.05878,-123.028305,243.20476,213.79597,-171.9754,150.14082,232.1626,-177.62126,317.4466,227.42645,-99.50603,84.4856,231.04819,-97.1499,371.1436,292.04724,-22.268467,34.579853,283.7326,-40.11411,393.09305,303.77985,-36.409595,13.651039,294.63712,-60.561443,376.86115,311.99503,-44.32725,26.445744,301.30624,-62.456654,366.3747,309.4907,-28.047504,37.353092,297.81116,-40.613743,230.57785,97.17755,0.08979925,175.38376,105.86011,-0.63431597,297.73297,169.69601,85.33215,124.71427,192.50107,83.40222,345.60272,239.00806,183.26096,77.82311,268.71417,192.58057,351.6491,246.52786,192.07545,74.643364,278.92438,202.443,358.4467,276.31845,123.809616,53.781155,307.54764,120.377625
93-0.pngresized.png,398.1115,638.83075,12.908066,409.35654,653.83215,-40.57564,419.10175,652.435,-40.207657,428.33212,650.94727,-40.384155,385.60626,656.89246,-43.35503,376.85806,658.5109,-43.520313,368.12686,659.7505,-44.236614,442.12836,632.54047,-200.60112,354.1379,644.67267,-208.15868,412.3451,619.4691,-34.9573,384.1836,624.235,-37.965607,497.7215,512.56714,-144.65254,293.0115,530.71747,-157.86075,566.52386,539.7525,75.96416,255.7116,553.50586,65.184204,564.80676,657.7941,181.56094,261.99744,668.3072,164.08763,583.3368,690.8654,126.56182,250.66147,705.3199,104.30898,549.32983,692.4657,78.87995,272.87225,708.0145,98.633286,534.92535,681.6689,153.33963,281.34424,697.007,159.10631,455.13217,211.4968,11.548605,320.8675,213.63535,-11.780118,569.52844,408.1686,137.49916,183.79982,437.69214,164.7058,739.9337,582.1862,239.11537,65.866646,647.5186,372.42722,754.0763,609.4572,249.63907,57.477684,673.59515,388.6903,803.2277,657.80176,25.739698,23.970886,741.94214,153.92238
95-0.pngresized.png,191.51552,282.5409,-38.23973,194.99133,287.6364,-71.140594,199.35757,287.1236,-70.89667,203.64128,286.61212,-70.883545,182.9852,287.96704,-71.41559,178.71906,287.96103,-71.48047,174.5127,287.82333,-71.73882,206.03824,277.6071,-154.6465,166.16025,279.30173,-157.25871,196.67447,273.03983,-62.1123,183.30438,273.4707,-62.40377,243.67796,220.61185,-145.24586,124.997406,236.15259,-152.83931,319.72314,237.19276,-93.93085,70.11689,251.62627,-85.657104,356.92148,297.45645,-21.183744,41.92087,296.06754,-16.169292,375.139,313.4576,-33.56669,25.078308,308.7418,-39.95449,358.1441,318.83026,-42.019325,35.788624,311.9405,-37.370888,347.36343,314.61554,-25.984144,45.70942,308.07355,-15.387036,220.031,102.69157,-2.78848,155.66542,111.25295,2.421551,279.63834,191.53821,60.278248,134.291,202.13582,90.995316,329.99954,256.86365,153.80386,112.88606,272.29965,223.72693,334.8722,262.3675,163.05182,111.55873,280.15182,233.70512,347.4565,306.9512,112.14401,99.156624,318.8066,176.6861
96-1.pngresized.png,289.70978,135.68713,30.51913,300.13232,131.31137,38.86258,300.23398,129.79037,38.882095,300.39465,128.45963,38.755554,299.83313,131.64302,14.929935,300.1881,130.29227,14.778738,300.39038,128.85393,14.641695,294.04056,119.1934,64.870255,294.8393,117.209724,-39.826775,278.34732,131.0814,42.133213,278.19275,130.17444,11.892,243.35728,99.418785,127.870895,255.50038,94.81918,-107.68245,291.32513,124.35102,273.4947,309.10608,130.48622,-213.47026,332.79614,107.698456,382.8853,346.5957,111.83098,-180.826,338.0926,99.97911,413.29474,355.5238,102.51813,-189.03024,339.5478,92.51788,408.44666,346.15372,96.46251,-186.28476,336.71072,96.71249,383.16174,339.63403,98.142395,-177.64195,82.721664,64.70274,84.57538,82.747665,58.048164,-84.56384,75.87833,179.67053,105.745605,78.635574,177.02568,-22.544498,65.13475,277.02518,164.83078,65.208405,286.1963,27.31231,55.613716,297.92407,167.57768,55.17896,306.85706,28.302813,113.74782,294.11322,142.44226,117.935715,301.54672,-12.705725
97-0.pngresized.png,207.92206,293.3925,-2.8537602,212.67953,300.98914,-21.570122,216.07431,300.53983,-21.34632,219.30432,300.06357,-21.559853,205.30379,301.42447,-28.017801,202.84804,301.669,-28.007088,200.40103,301.76334,-28.127329,226.37144,290.75092,-72.84738,197.59358,293.72595,-98.90061,212.59576,283.57867,-18.104471,204.48053,284.73193,-25.705545,257.94186,230.63086,-36.587307,165.2635,239.48077,-96.223946,268.81482,242.18207,32.33425,125.49216,256.08408,-15.162665,256.58908,291.41995,94.08672,134.95776,315.3441,60.649635,261.69382,307.3201,86.932106,131.96326,332.63342,45.487705,247.907,303.43515,73.78403,143.42575,331.9488,48.728664,242.0729,298.00165,85.01261,146.8098,325.7239,62.34303,239.48775,82.95343,19.43597,180.89075,84.34317,-19.488127,272.73505,183.69307,104.319244,120.392784,192.38895,61.630276,342.5765,273.22144,85.98784,77.270096,295.18448,124.31225,348.41727,288.49356,82.553375,74.634125,307.00003,126.35575,367.08243,312.8344,-5.8888936,62.658886,344.21936,30.241707
98-0.pngresized.png,337.0599,221.37509,-254.13432,347.35837,219.70589,-245.93506,347.1535,220.92715,-245.97478,347.00934,222.25986,-246.07986,347.7028,213.59494,-265.69775,348.0375,209.68106,-265.80365,348.30417,205.84613,-265.99493,342.8666,208.09143,-182.60509,345.4368,187.54178,-274.1446,326.0705,215.55063,-225.49791,327.63757,207.40977,-252.50578,315.80756,180.73677,-91.48256,274.03607,152.38551,-284.41974,265.62207,201.15167,28.918848,185.417,200.2819,-291.80154,270.43256,237.88495,50.301296,172.77693,299.70688,-281.18906,272.7472,246.7734,50.746346,161.45018,322.50513,-314.03632,277.2289,250.57065,27.577845,180.22112,328.3101,-310.05743,273.39685,245.24857,42.346523,185.38463,318.5551,-279.72043,200.12006,177.80318,53.743595,167.82687,161.90448,-53.580116,211.98856,215.22768,188.79019,127.84205,200.47612,-64.20564,196.79271,208.05003,286.4272,174.8105,214.2464,121.760376,191.94434,202.37383,297.6458,182.8477,208.44493,143.64642,196.42793,225.86378,311.0143,182.54549,241.46846,172.91493
